observed,origin,dest,day,dep_time,price,status
2026-09-26,KTW,AAR,2026-09-26,,,unavailable
2026-09-26,KTW,AAR,2026-09-27,,,unavailable
2026-09-26,KTW,AAR,2026-09-28,,,unavailable
2026-09-26,KTW,AAR,2026-09-29,11:00,65.00,ok
2026-09-26,KTW,AAR,2026-09-30,,,unavailable
2026-09-26,KTW,AAR,2026-10-01,,,unavailable
2026-09-26,KTW,AAR,2026-10-02,,,unavailable
2026-09-26,KTW,AAR,2026-10-03,10:45,65.00,ok
2026-09-26,KTW,AAR,2026-10-04,,,unavailable
2026-09-26,KTW,AAR,2026-10-05,,,unavailable
2026-09-26,KTW,AAR,2026-10-06,11:00,65.00,ok
2026-09-26,KTW,AAR,2026-10-07,,,unavailable
2026-09-26,KTW,AAR,2026-10-08,,,unavailable
2026-09-26,KTW,AAR,2026-10-09,,,unavailable
2026-09-26,KTW,AAR,2026-10-10,10:45,65.00,ok
2026-09-26,KTW,AAR,2026-10-11,,,unavailable
2026-09-26,KTW,AAR,2026-10-12,,,unavailable
2026-09-26,KTW,AAR,2026-10-13,11:00,65.00,ok
2026-09-26,KTW,AAR,2026-10-14,,,unavailable
2026-09-26,KTW,AAR,2026-10-15,,,unavailable
2026-09-26,KTW,AAR,2026-10-16,,,unavailable
2026-09-26,KTW,AAR,2026-10-17,10:45,471.83,ok
2026-09-26,KTW,AAR,2026-10-18,,,unavailable
2026-09-26,KTW,AAR,2026-10-19,,,unavailable
2026-09-26,KTW,AAR,2026-10-20,11:00,103.14,ok
2026-09-26,KTW,AAR,2026-10-21,,,unavailable
2026-09-26,KTW,AAR,2026-10-22,,,unavailable
2026-09-26,KTW,AAR,2026-10-23,,,unavailable
2026-09-26,KTW,AAR,2026-10-24,10:45,65.00,ok
2026-09-26,KTW,AAR,2026-10-25,,,unavailable
2026-09-26,KTW,AAR,2026-10-26,,,unavailable
2026-09-26,KTW,AAR,2026-10-27,,,unavailable
2026-09-26,KTW,AAR,2026-10-28,,,unavailable
2026-09-26,KTW,AAR,2026-10-29,,,unavailable
2026-09-26,KTW,AAR,2026-10-30,,,unavailable
2026-09-26,KTW,AAR,2026-10-31,,,unavailable
2026-09-26,KTW,AAR,2026-11-01,,,unavailable
2026-09-26,KTW,AAR,2026-11-02,,,unavailable
2026-09-26,KTW,AAR,2026-11-03,,,unavailable
2026-09-26,KTW,AAR,2026-11-04,,,unavailable
2026-09-26,KTW,AAR,2026-11-05,,,unavailable
2026-09-26,KTW,AAR,2026-11-06,,,unavailable
2026-09-26,KTW,AAR,2026-11-07,,,unavailable
2026-09-26,KTW,AAR,2026-11-08,,,unavailable
2026-09-26,KTW,AAR,2026-11-09,,,unavailable
2026-09-26,KTW,AAR,2026-11-10,,,unavailable
2026-09-26,KTW,AAR,2026-11-11,,,unavailable
2026-09-26,KTW,AAR,2026-11-12,,,unavailable
2026-09-26,KTW,AAR,2026-11-13,,,unavailable
2026-09-26,KTW,AAR,2026-11-14,,,unavailable
2026-09-26,KTW,AAR,2026-11-15,,,unavailable
2026-09-26,KTW,AAR,2026-11-16,,,unavailable
2026-09-26,KTW,AAR,2026-11-17,,,unavailable
2026-09-26,KTW,AAR,2026-11-18,,,unavailable
2026-09-26,KTW,AAR,2026-11-19,,,unavailable
2026-09-26,KTW,AAR,2026-11-20,,,unavailable
2026-09-26,KTW,AAR,2026-11-21,,,unavailable
2026-09-26,KTW,AAR,2026-11-22,,,unavailable
2026-09-26,KTW,AAR,2026-11-23,,,unavailable
2026-09-26,KTW,AAR,2026-11-24,,,unavailable
2026-09-26,KTW,AAR,2026-11-25,,,unavailable
2026-09-26,KTW,AAR,2026-11-26,,,unavailable
2026-09-26,KTW,AAR,2026-11-27,,,unavailable
2026-09-26,KTW,AAR,2026-11-28,,,unavailable
2026-09-26,KTW,AAR,2026-11-29,,,unavailable
2026-09-26,KTW,AAR,2026-11-30,,,unavailable
2026-09-26,KTW,AAR,2026-12-01,,,unavailable
2026-09-26,KTW,AAR,2026-12-02,,,unavailable
2026-09-26,KTW,AAR,2026-12-03,,,unavailable
2026-09-26,KTW,AAR,2026-12-04,,,unavailable
2026-09-26,KTW,AAR,2026-12-05,,,unavailable
2026-09-26,KTW,AAR,2026-12-06,,,unavailable
2026-09-26,KTW,AAR,2026-12-07,,,unavailable
2026-09-26,KTW,AAR,2026-12-08,,,unavailable
2026-09-26,KTW,AAR,2026-12-09,,,unavailable
2026-09-26,KTW,AAR,2026-12-10,,,unavailable
2026-09-26,KTW,AAR,2026-12-11,,,unavailable
2026-09-26,KTW,AAR,2026-12-12,,,unavailable
2026-09-26,KTW,AAR,2026-12-13,,,unavailable
2026-09-26,KTW,AAR,2026-12-14,,,unavailable
2026-09-26,KTW,AAR,2026-12-15,,,unavailable
2026-09-26,KTW,AAR,2026-12-16,,,unavailable
2026-09-26,KTW,AAR,2026-12-17,,,unavailable
2026-09-26,KTW,AAR,2026-12-18,,,unavailable
2026-09-26,KTW,AAR,2026-12-19,,,unavailable
2026-09-26,KTW,AAR,2026-12-20,,,unavailable
2026-09-26,KTW,AAR,2026-12-21,,,unavailable
2026-09-26,KTW,AAR,2026-12-22,,,unavailable
2026-09-26,KTW,AAR,2026-12-23,,,unavailable
2026-09-26,KTW,AAR,2026-12-24,,,unavailable
2026-09-26,KTW,AAR,2026-12-25,,,unavailable
2026-09-26,KTW,AAR,2026-12-26,,,unavailable
2026-09-26,KTW,AAR,2026-12-27,,,unavailable
2026-09-26,KTW,AAR,2026-12-28,,,unavailable
2026-09-26,KTW,AAR,2026-12-29,,,unavailable
2026-09-26,KTW,AAR,2026-12-30,,,unavailable
2026-09-26,KTW,AAR,2026-12-31,,,unavailable
2026-09-26,KTW,AAR,2027-01-01,,,unavailable
2026-09-26,KTW,AAR,2027-01-02,,,unavailable
2026-09-26,KTW,AAR,2027-01-03,,,unavailable
2026-09-26,KTW,AAR,2027-01-04,,,unavailable
2026-09-26,KTW,AAR,2027-01-05,,,unavailable
2026-09-26,KTW,AAR,2027-01-06,,,unavailable
2026-09-26,KTW,AAR,2027-01-07,,,unavailable
2026-09-26,KTW,AAR,2027-01-08,,,unavailable
2026-09-26,KTW,AAR,2027-01-09,,,unavailable
2026-09-26,KTW,AAR,2027-01-10,,,unavailable
2026-09-26,KTW,AAR,2027-01-11,,,unavailable
2026-09-26,KTW,AAR,2027-01-12,,,unavailable
2026-09-26,KTW,AAR,2027-01-13,,,unavailable
2026-09-26,KTW,AAR,2027-01-14,,,unavailable
2026-09-26,KTW,AAR,2027-01-15,,,unavailable
2026-09-26,KTW,AAR,2027-01-16,,,unavailable
2026-09-26,KTW,AAR,2027-01-17,,,unavailable
2026-09-26,KTW,AAR,2027-01-18,,,unavailable
2026-09-26,KTW,AAR,2027-01-19,,,unavailable
2026-09-26,KTW,AAR,2027-01-20,,,unavailable
2026-09-26,KTW,AAR,2027-01-21,,,unavailable
2026-09-26,KTW,AAR,2027-01-22,,,unavailable
2026-09-26,KTW,AAR,2027-01-23,,,unavailable
2026-09-26,KTW,AAR,2027-01-24,,,unavailable
2026-09-26,KTW,AAR,2027-01-25,,,unavailable
2026-09-26,KTW,AAR,2027-01-26,,,unavailable
2026-09-26,KTW,AAR,2027-01-27,,,unavailable
2026-09-26,KTW,AAR,2027-01-28,,,unavailable
2026-09-26,KTW,AAR,2027-01-29,,,unavailable
2026-09-26,KTW,AAR,2027-01-30,,,unavailable
2026-09-26,KTW,AAR,2027-01-31,,,unavailable
2026-09-26,KTW,AAR,2027-02-01,,,unavailable
2026-09-26,KTW,AAR,2027-02-02,,,unavailable
2026-09-26,KTW,AAR,2027-02-03,,,unavailable
2026-09-26,KTW,AAR,2027-02-04,,,unavailable
2026-09-26,KTW,AAR,2027-02-05,,,unavailable
2026-09-26,KTW,AAR,2027-02-06,,,unavailable
2026-09-26,KTW,AAR,2027-02-07,,,unavailable
2026-09-26,KTW,AAR,2027-02-08,,,unavailable
2026-09-26,KTW,AAR,2027-02-09,,,unavailable
2026-09-26,KTW,AAR,2027-02-10,,,unavailable
2026-09-26,KTW,AAR,2027-02-11,,,unavailable
2026-09-26,KTW,AAR,2027-02-12,,,unavailable
2026-09-26,KTW,AAR,2027-02-13,,,unavailable
2026-09-26,KTW,AAR,2027-02-14,,,unavailable
2026-09-26,KTW,AAR,2027-02-15,,,unavailable
2026-09-26,KTW,AAR,2027-02-16,,,unavailable
2026-09-26,KTW,AAR,2027-02-17,,,unavailable
2026-09-26,KTW,AAR,2027-02-18,,,unavailable
2026-09-26,KTW,AAR,2027-02-19,,,unavailable
2026-09-26,KTW,AAR,2027-02-20,,,unavailable
2026-09-26,KTW,AAR,2027-02-21,,,unavailable
2026-09-26,KTW,AAR,2027-02-22,,,unavailable
2026-09-26,KTW,AAR,2027-02-23,,,unavailable
2026-09-26,KTW,AAR,2027-02-24,,,unavailable
2026-09-26,KTW,AAR,2027-02-25,,,unavailable
2026-09-26,KTW,AAR,2027-02-26,,,unavailable
2026-09-26,KTW,AAR,2027-02-27,,,unavailable
2026-09-26,KTW,AAR,2027-02-28,,,unavailable
2026-09-26,KTW,AAR,2027-03-01,,,unavailable
2026-09-26,KTW,AAR,2027-03-02,,,unavailable
2026-09-26,KTW,AAR,2027-03-03,,,unavailable
2026-09-26,KTW,AAR,2027-03-04,,,unavailable
2026-09-26,KTW,AAR,2027-03-05,,,unavailable
2026-09-26,KTW,AAR,2027-03-06,,,unavailable
2026-09-26,KTW,AAR,2027-03-07,,,unavailable
2026-09-26,KTW,AAR,2027-03-08,,,unavailable
2026-09-26,KTW,AAR,2027-03-09,,,unavailable
2026-09-26,KTW,AAR,2027-03-10,,,unavailable
2026-09-26,KTW,AAR,2027-03-11,,,unavailable
2026-09-26,KTW,AAR,2027-03-12,,,unavailable
2026-09-26,KTW,AAR,2027-03-13,,,unavailable
2026-09-26,KTW,AAR,2027-03-14,,,unavailable
2026-09-26,KTW,AAR,2027-03-15,,,unavailable
2026-09-26,KTW,AAR,2027-03-16,,,unavailable
2026-09-26,KTW,AAR,2027-03-17,,,unavailable
2026-09-26,KTW,AAR,2027-03-18,,,unavailable
2026-09-26,KTW,AAR,2027-03-19,,,unavailable
2026-09-26,KTW,AAR,2027-03-20,,,unavailable
2026-09-26,KTW,AAR,2027-03-21,,,unavailable
2026-09-26,KTW,AAR,2027-03-22,,,unavailable
2026-09-26,KTW,AAR,2027-03-23,,,unavailable
2026-09-26,KTW,AAR,2027-03-24,,,unavailable
2026-09-26,KTW,AAR,2027-03-25,,,unavailable
2026-09-26,KTW,AAR,2027-03-26,,,unavailable
2026-09-26,KTW,AAR,2027-03-27,,,unavailable
2026-09-26,KTW,AAR,2027-03-28,,,unavailable
2026-09-26,KTW,AAR,2027-03-29,,,unavailable
2026-09-26,KTW,AAR,2027-03-30,,,unavailable
2026-09-26,KTW,AAR,2027-03-31,15:40,442.00,ok
2026-09-26,KTW,AAR,2027-04-01,,,unavailable
2026-09-26,KTW,AAR,2027-04-02,,,unavailable
2026-09-26,KTW,AAR,2027-04-03,16:20,905.00,ok
2026-09-26,KTW,AAR,2027-04-04,,,unavailable
2026-09-26,KTW,AAR,2027-04-05,,,unavailable
2026-09-26,KTW,AAR,2027-04-06,,,unavailable
2026-09-26,KTW,AAR,2027-04-07,15:40,272.00,ok
2026-09-26,KTW,AAR,2027-04-08,,,unavailable
2026-09-26,KTW,AAR,2027-04-09,,,unavailable
2026-09-26,KTW,AAR,2027-04-10,16:20,905.00,ok
2026-09-26,KTW,AAR,2027-04-11,,,unavailable
2026-09-26,KTW,AAR,2027-04-12,,,unavailable
2026-09-26,KTW,AAR,2027-04-13,,,unavailable
2026-09-26,KTW,AAR,2027-04-14,15:40,238.00,ok
2026-09-26,KTW,AAR,2027-04-15,,,unavailable
2026-09-26,KTW,AAR,2027-04-16,,,unavailable
2026-09-26,KTW,AAR,2027-04-17,16:20,905.00,ok
2026-09-26,KTW,AAR,2027-04-18,,,unavailable
2026-09-26,KTW,AAR,2027-04-19,,,unavailable
2026-09-26,KTW,AAR,2027-04-20,,,unavailable
2026-09-26,KTW,AAR,2027-04-21,15:40,238.00,ok
2026-09-26,KTW,AAR,2027-04-22,,,unavailable
2026-09-26,KTW,AAR,2027-04-23,,,unavailable
2026-09-26,KTW,AAR,2027-04-24,16:20,905.00,ok
2026-09-26,KTW,AAR,2027-04-25,,,unavailable
2026-09-26,KTW,AAR,2027-04-26,,,unavailable
2026-09-26,KTW,AAR,2027-04-27,,,unavailable
2026-09-26,KTW,AAR,2027-04-28,15:40,238.00,ok
2026-09-26,KTW,AAR,2027-04-29,,,unavailable
2026-09-26,KTW,AAR,2027-04-30,,,unavailable
2026-09-26,KTW,AAR,2027-05-01,16:20,905.00,ok
2026-09-26,KTW,AAR,2027-05-02,,,unavailable
2026-09-26,KTW,AAR,2027-05-03,,,unavailable
2026-09-26,KTW,AAR,2027-05-04,,,unavailable
2026-09-26,KTW,AAR,2027-05-05,15:40,238.00,ok
2026-09-26,KTW,AAR,2027-05-06,,,unavailable
2026-09-26,KTW,AAR,2027-05-07,,,unavailable
2026-09-26,KTW,AAR,2027-05-08,16:20,905.00,ok
2026-09-26,KTW,AAR,2027-05-09,,,unavailable
2026-09-26,KTW,AAR,2027-05-10,,,unavailable
2026-09-26,KTW,AAR,2027-05-11,,,unavailable
2026-09-26,KTW,AAR,2027-05-12,15:40,238.00,ok
2026-09-26,KTW,AAR,2027-05-13,,,unavailable
2026-09-26,KTW,AAR,2027-05-14,,,unavailable
2026-09-26,KTW,AAR,2027-05-15,16:20,905.00,ok
2026-09-26,KTW,AAR,2027-05-16,,,unavailable
2026-09-26,KTW,AAR,2027-05-17,,,unavailable
2026-09-26,KTW,AAR,2027-05-18,,,unavailable
2026-09-26,KTW,AAR,2027-05-19,15:40,238.00,ok
2026-09-26,KTW,AAR,2027-05-20,,,unavailable
2026-09-26,KTW,AAR,2027-05-21,,,unavailable
2026-09-26,KTW,AAR,2027-05-22,16:20,905.00,ok
2026-09-26,KTW,AAR,2027-05-23,,,unavailable
2026-09-26,KTW,AAR,2027-05-24,,,unavailable
2026-09-26,KTW,AAR,2027-05-25,,,unavailable
2026-09-26,KTW,AAR,2027-05-26,15:40,238.00,ok
2026-09-26,KTW,AAR,2027-05-27,,,unavailable
2026-09-26,KTW,AAR,2027-05-28,,,unavailable
2026-09-26,KTW,AAR,2027-05-29,16:20,238.00,ok
2026-09-26,KTW,AAR,2027-05-30,,,unavailable
2026-09-26,KTW,AAR,2027-05-31,,,unavailable
2026-09-26,KTW,AAR,2027-06-01,,,unavailable
2026-09-26,KTW,AAR,2027-06-02,15:40,238.00,ok
2026-09-26,KTW,AAR,2027-06-03,,,unavailable
2026-09-26,KTW,AAR,2027-06-04,,,unavailable
2026-09-26,KTW,AAR,2027-06-05,16:20,238.00,ok
2026-09-26,KTW,AAR,2027-06-06,,,unavailable
2026-09-26,KTW,AAR,2027-06-07,,,unavailable
2026-09-26,KTW,AAR,2027-06-08,,,unavailable
2026-09-26,KTW,AAR,2027-06-09,15:40,238.00,ok
2026-09-26,KTW,AAR,2027-06-10,,,unavailable
2026-09-26,KTW,AAR,2027-06-11,,,unavailable
2026-09-26,KTW,AAR,2027-06-12,16:20,238.00,ok
2026-09-26,KTW,AAR,2027-06-13,,,unavailable
2026-09-26,KTW,AAR,2027-06-14,,,unavailable
2026-09-26,KTW,AAR,2027-06-15,,,unavailable
2026-09-26,KTW,AAR,2027-06-16,15:40,238.00,ok
2026-09-26,KTW,AAR,2027-06-17,,,unavailable
2026-09-26,KTW,AAR,2027-06-18,,,unavailable
2026-09-26,KTW,AAR,2027-06-19,16:20,238.00,ok
2026-09-26,KTW,AAR,2027-06-20,,,unavailable
2026-09-26,KTW,AAR,2027-06-21,,,unavailable
2026-09-26,KTW,AAR,2027-06-22,,,unavailable
2026-09-26,KTW,AAR,2027-06-23,15:40,238.00,ok
2026-09-26,KTW,AAR,2027-06-24,,,unavailable
2026-09-26,KTW,AAR,2027-06-25,,,unavailable
2026-09-26,KTW,AAR,2027-06-26,16:20,238.00,ok
2026-09-26,KTW,AAR,2027-06-27,,,unavailable
2026-09-26,KTW,AAR,2027-06-28,,,unavailable
2026-09-26,KTW,AAR,2027-06-29,,,unavailable
2026-09-26,KTW,AAR,2027-06-30,15:40,238.00,ok
2026-09-26,KTW,AAR,2027-07-01,,,unavailable
2026-09-26,KTW,AAR,2027-07-02,,,unavailable
2026-09-26,KTW,AAR,2027-07-03,16:20,238.00,ok
2026-09-26,KTW,AAR,2027-07-04,,,unavailable
2026-09-26,KTW,AAR,2027-07-05,,,unavailable
2026-09-26,KTW,AAR,2027-07-06,,,unavailable
2026-09-26,KTW,AAR,2027-07-07,15:40,238.00,ok
2026-09-26,KTW,AAR,2027-07-08,,,unavailable
2026-09-26,KTW,AAR,2027-07-09,,,unavailable
2026-09-26,KTW,AAR,2027-07-10,16:20,238.00,ok
2026-09-26,KTW,AAR,2027-07-11,,,unavailable
2026-09-26,KTW,AAR,2027-07-12,,,unavailable
2026-09-26,KTW,AAR,2027-07-13,,,unavailable
2026-09-26,KTW,AAR,2027-07-14,15:40,238.00,ok
2026-09-26,KTW,AAR,2027-07-15,,,unavailable
2026-09-26,KTW,AAR,2027-07-16,,,unavailable
2026-09-26,KTW,AAR,2027-07-17,16:20,238.00,ok
2026-09-26,KTW,AAR,2027-07-18,,,unavailable
2026-09-26,KTW,AAR,2027-07-19,,,unavailable
2026-09-26,KTW,AAR,2027-07-20,,,unavailable
2026-09-26,KTW,AAR,2027-07-21,15:40,272.00,ok
2026-09-26,KTW,AAR,2027-07-22,,,unavailable
2026-09-26,KTW,AAR,2027-07-23,,,unavailable
2026-09-26,KTW,AAR,2027-07-24,16:20,361.00,ok
2026-09-26,KTW,AAR,2027-07-25,,,unavailable
2026-09-26,KTW,AAR,2027-07-26,,,unavailable
2026-09-26,KTW,AAR,2027-07-27,,,unavailable
2026-09-26,KTW,AAR,2027-07-28,15:40,272.00,ok
2026-09-26,KTW,AAR,2027-07-29,,,unavailable
2026-09-26,KTW,AAR,2027-07-30,,,unavailable
2026-09-26,KTW,AAR,2027-07-31,16:20,442.00,ok
2026-09-26,KTW,AAR,2027-08-01,,,unavailable
2026-09-26,KTW,AAR,2027-08-02,,,unavailable
2026-09-26,KTW,AAR,2027-08-03,,,unavailable
2026-09-26,KTW,AAR,2027-08-04,15:40,238.00,ok
2026-09-26,KTW,AAR,2027-08-05,,,unavailable
2026-09-26,KTW,AAR,2027-08-06,,,unavailable
2026-09-26,KTW,AAR,2027-08-07,16:20,272.00,ok
2026-09-26,KTW,AAR,2027-08-08,,,unavailable
2026-09-26,KTW,AAR,2027-08-09,,,unavailable
2026-09-26,KTW,AAR,2027-08-10,,,unavailable
2026-09-26,KTW,AAR,2027-08-11,15:40,238.00,ok
2026-09-26,KTW,AAR,2027-08-12,,,unavailable
2026-09-26,KTW,AAR,2027-08-13,,,unavailable
2026-09-26,KTW,AAR,2027-08-14,16:20,238.00,ok
2026-09-26,KTW,AAR,2027-08-15,,,unavailable
2026-09-26,KTW,AAR,2027-08-16,,,unavailable
2026-09-26,KTW,AAR,2027-08-17,,,unavailable
2026-09-26,KTW,AAR,2027-08-18,15:40,238.00,ok
2026-09-26,KTW,AAR,2027-08-19,,,unavailable
2026-09-26,KTW,AAR,2027-08-20,,,unavailable
2026-09-26,KTW,AAR,2027-08-21,16:20,238.00,ok
2026-09-26,KTW,AAR,2027-08-22,,,unavailable
2026-09-26,KTW,AAR,2027-08-23,,,unavailable
2026-09-26,KTW,AAR,2027-08-24,,,unavailable
2026-09-26,KTW,AAR,2027-08-25,15:40,238.00,ok
2026-09-26,KTW,AAR,2027-08-26,,,unavailable
2026-09-26,KTW,AAR,2027-08-27,,,unavailable
2026-09-26,KTW,AAR,2027-08-28,16:20,238.00,ok
2026-09-26,KTW,AAR,2027-08-29,,,unavailable
2026-09-26,KTW,AAR,2027-08-30,,,unavailable
2026-09-26,KTW,AAR,2027-08-31,,,unavailable
2026-09-26,AAR,KTW,2026-09-26,,,unavailable
2026-09-26,AAR,KTW,2026-09-27,,,unavailable
2026-09-26,AAR,KTW,2026-09-28,,,unavailable
2026-09-26,AAR,KTW,2026-09-29,13:05,65.00,ok
2026-09-26,AAR,KTW,2026-09-30,,,unavailable
2026-09-26,AAR,KTW,2026-10-01,,,unavailable
2026-09-26,AAR,KTW,2026-10-02,,,unavailable
2026-09-26,AAR,KTW,2026-10-03,12:50,65.00,ok
2026-09-26,AAR,KTW,2026-10-04,,,unavailable
2026-09-26,AAR,KTW,2026-10-05,,,unavailable
2026-09-26,AAR,KTW,2026-10-06,13:05,65.00,ok
2026-09-26,AAR,KTW,2026-10-07,,,unavailable
2026-09-26,AAR,KTW,2026-10-08,,,unavailable
2026-09-26,AAR,KTW,2026-10-09,,,unavailable
2026-09-26,AAR,KTW,2026-10-10,12:50,620.07,ok
2026-09-26,AAR,KTW,2026-10-11,,,unavailable
2026-09-26,AAR,KTW,2026-10-12,,,unavailable
2026-09-26,AAR,KTW,2026-10-13,13:05,178.59,ok
2026-09-26,AAR,KTW,2026-10-14,,,unavailable
2026-09-26,AAR,KTW,2026-10-15,,,unavailable
2026-09-26,AAR,KTW,2026-10-16,,,unavailable
2026-09-26,AAR,KTW,2026-10-17,12:50,65.00,ok
2026-09-26,AAR,KTW,2026-10-18,,,unavailable
2026-09-26,AAR,KTW,2026-10-19,,,unavailable
2026-09-26,AAR,KTW,2026-10-20,13:05,65.00,ok
2026-09-26,AAR,KTW,2026-10-21,,,unavailable
2026-09-26,AAR,KTW,2026-10-22,,,unavailable
2026-09-26,AAR,KTW,2026-10-23,,,unavailable
2026-09-26,AAR,KTW,2026-10-24,12:50,65.00,ok
2026-09-26,AAR,KTW,2026-10-25,,,unavailable
2026-09-26,AAR,KTW,2026-10-26,,,unavailable
2026-09-26,AAR,KTW,2026-10-27,,,unavailable
2026-09-26,AAR,KTW,2026-10-28,,,unavailable
2026-09-26,AAR,KTW,2026-10-29,,,unavailable
2026-09-26,AAR,KTW,2026-10-30,,,unavailable
2026-09-26,AAR,KTW,2026-10-31,,,unavailable
2026-09-26,AAR,KTW,2026-11-01,,,unavailable
2026-09-26,AAR,KTW,2026-11-02,,,unavailable
2026-09-26,AAR,KTW,2026-11-03,,,unavailable
2026-09-26,AAR,KTW,2026-11-04,,,unavailable
2026-09-26,AAR,KTW,2026-11-05,,,unavailable
2026-09-26,AAR,KTW,2026-11-06,,,unavailable
2026-09-26,AAR,KTW,2026-11-07,,,unavailable
2026-09-26,AAR,KTW,2026-11-08,,,unavailable
2026-09-26,AAR,KTW,2026-11-09,,,unavailable
2026-09-26,AAR,KTW,2026-11-10,,,unavailable
2026-09-26,AAR,KTW,2026-11-11,,,unavailable
2026-09-26,AAR,KTW,2026-11-12,,,unavailable
2026-09-26,AAR,KTW,2026-11-13,,,unavailable
2026-09-26,AAR,KTW,2026-11-14,,,unavailable
2026-09-26,AAR,KTW,2026-11-15,,,unavailable
2026-09-26,AAR,KTW,2026-11-16,,,unavailable
2026-09-26,AAR,KTW,2026-11-17,,,unavailable
2026-09-26,AAR,KTW,2026-11-18,,,unavailable
2026-09-26,AAR,KTW,2026-11-19,,,unavailable
2026-09-26,AAR,KTW,2026-11-20,,,unavailable
2026-09-26,AAR,KTW,2026-11-21,,,unavailable
2026-09-26,AAR,KTW,2026-11-22,,,unavailable
2026-09-26,AAR,KTW,2026-11-23,,,unavailable
2026-09-26,AAR,KTW,2026-11-24,,,unavailable
2026-09-26,AAR,KTW,2026-11-25,,,unavailable
2026-09-26,AAR,KTW,2026-11-26,,,unavailable
2026-09-26,AAR,KTW,2026-11-27,,,unavailable
2026-09-26,AAR,KTW,2026-11-28,,,unavailable
2026-09-26,AAR,KTW,2026-11-29,,,unavailable
2026-09-26,AAR,KTW,2026-11-30,,,unavailable
2026-09-26,AAR,KTW,2026-12-01,,,unavailable
2026-09-26,AAR,KTW,2026-12-02,,,unavailable
2026-09-26,AAR,KTW,2026-12-03,,,unavailable
2026-09-26,AAR,KTW,2026-12-04,,,unavailable
2026-09-26,AAR,KTW,2026-12-05,,,unavailable
2026-09-26,AAR,KTW,2026-12-06,,,unavailable
2026-09-26,AAR,KTW,2026-12-07,,,unavailable
2026-09-26,AAR,KTW,2026-12-08,,,unavailable
2026-09-26,AAR,KTW,2026-12-09,,,unavailable
2026-09-26,AAR,KTW,2026-12-10,,,unavailable
2026-09-26,AAR,KTW,2026-12-11,,,unavailable
2026-09-26,AAR,KTW,2026-12-12,,,unavailable
2026-09-26,AAR,KTW,2026-12-13,,,unavailable
2026-09-26,AAR,KTW,2026-12-14,,,unavailable
2026-09-26,AAR,KTW,2026-12-15,,,unavailable
2026-09-26,AAR,KTW,2026-12-16,,,unavailable
2026-09-26,AAR,KTW,2026-12-17,,,unavailable
2026-09-26,AAR,KTW,2026-12-18,,,unavailable
2026-09-26,AAR,KTW,2026-12-19,,,unavailable
2026-09-26,AAR,KTW,2026-12-20,,,unavailable
2026-09-26,AAR,KTW,2026-12-21,,,unavailable
2026-09-26,AAR,KTW,2026-12-22,,,unavailable
2026-09-26,AAR,KTW,2026-12-23,,,unavailable
2026-09-26,AAR,KTW,2026-12-24,,,unavailable
2026-09-26,AAR,KTW,2026-12-25,,,unavailable
2026-09-26,AAR,KTW,2026-12-26,,,unavailable
2026-09-26,AAR,KTW,2026-12-27,,,unavailable
2026-09-26,AAR,KTW,2026-12-28,,,unavailable
2026-09-26,AAR,KTW,2026-12-29,,,unavailable
2026-09-26,AAR,KTW,2026-12-30,,,unavailable
2026-09-26,AAR,KTW,2026-12-31,,,unavailable
2026-09-26,AAR,KTW,2027-01-01,,,unavailable
2026-09-26,AAR,KTW,2027-01-02,,,unavailable
2026-09-26,AAR,KTW,2027-01-03,,,unavailable
2026-09-26,AAR,KTW,2027-01-04,,,unavailable
2026-09-26,AAR,KTW,2027-01-05,,,unavailable
2026-09-26,AAR,KTW,2027-01-06,,,unavailable
2026-09-26,AAR,KTW,2027-01-07,,,unavailable
2026-09-26,AAR,KTW,2027-01-08,,,unavailable
2026-09-26,AAR,KTW,2027-01-09,,,unavailable
2026-09-26,AAR,KTW,2027-01-10,,,unavailable
2026-09-26,AAR,KTW,2027-01-11,,,unavailable
2026-09-26,AAR,KTW,2027-01-12,,,unavailable
2026-09-26,AAR,KTW,2027-01-13,,,unavailable
2026-09-26,AAR,KTW,2027-01-14,,,unavailable
2026-09-26,AAR,KTW,2027-01-15,,,unavailable
2026-09-26,AAR,KTW,2027-01-16,,,unavailable
2026-09-26,AAR,KTW,2027-01-17,,,unavailable
2026-09-26,AAR,KTW,2027-01-18,,,unavailable
2026-09-26,AAR,KTW,2027-01-19,,,unavailable
2026-09-26,AAR,KTW,2027-01-20,,,unavailable
2026-09-26,AAR,KTW,2027-01-21,,,unavailable
2026-09-26,AAR,KTW,2027-01-22,,,unavailable
2026-09-26,AAR,KTW,2027-01-23,,,unavailable
2026-09-26,AAR,KTW,2027-01-24,,,unavailable
2026-09-26,AAR,KTW,2027-01-25,,,unavailable
2026-09-26,AAR,KTW,2027-01-26,,,unavailable
2026-09-26,AAR,KTW,2027-01-27,,,unavailable
2026-09-26,AAR,KTW,2027-01-28,,,unavailable
2026-09-26,AAR,KTW,2027-01-29,,,unavailable
2026-09-26,AAR,KTW,2027-01-30,,,unavailable
2026-09-26,AAR,KTW,2027-01-31,,,unavailable
2026-09-26,AAR,KTW,2027-02-01,,,unavailable
2026-09-26,AAR,KTW,2027-02-02,,,unavailable
2026-09-26,AAR,KTW,2027-02-03,,,unavailable
2026-09-26,AAR,KTW,2027-02-04,,,unavailable
2026-09-26,AAR,KTW,2027-02-05,,,unavailable
2026-09-26,AAR,KTW,2027-02-06,,,unavailable
2026-09-26,AAR,KTW,2027-02-07,,,unavailable
2026-09-26,AAR,KTW,2027-02-08,,,unavailable
2026-09-26,AAR,KTW,2027-02-09,,,unavailable
2026-09-26,AAR,KTW,2027-02-10,,,unavailable
2026-09-26,AAR,KTW,2027-02-11,,,unavailable
2026-09-26,AAR,KTW,2027-02-12,,,unavailable
2026-09-26,AAR,KTW,2027-02-13,,,unavailable
2026-09-26,AAR,KTW,2027-02-14,,,unavailable
2026-09-26,AAR,KTW,2027-02-15,,,unavailable
2026-09-26,AAR,KTW,2027-02-16,,,unavailable
2026-09-26,AAR,KTW,2027-02-17,,,unavailable
2026-09-26,AAR,KTW,2027-02-18,,,unavailable
2026-09-26,AAR,KTW,2027-02-19,,,unavailable
2026-09-26,AAR,KTW,2027-02-20,,,unavailable
2026-09-26,AAR,KTW,2027-02-21,,,unavailable
2026-09-26,AAR,KTW,2027-02-22,,,unavailable
2026-09-26,AAR,KTW,2027-02-23,,,unavailable
2026-09-26,AAR,KTW,2027-02-24,,,unavailable
2026-09-26,AAR,KTW,2027-02-25,,,unavailable
2026-09-26,AAR,KTW,2027-02-26,,,unavailable
2026-09-26,AAR,KTW,2027-02-27,,,unavailable
2026-09-26,AAR,KTW,2027-02-28,,,unavailable
2026-09-26,AAR,KTW,2027-03-01,,,unavailable
2026-09-26,AAR,KTW,2027-03-02,,,unavailable
2026-09-26,AAR,KTW,2027-03-03,,,unavailable
2026-09-26,AAR,KTW,2027-03-04,,,unavailable
2026-09-26,AAR,KTW,2027-03-05,,,unavailable
2026-09-26,AAR,KTW,2027-03-06,,,unavailable
2026-09-26,AAR,KTW,2027-03-07,,,unavailable
2026-09-26,AAR,KTW,2027-03-08,,,unavailable
2026-09-26,AAR,KTW,2027-03-09,,,unavailable
2026-09-26,AAR,KTW,2027-03-10,,,unavailable
2026-09-26,AAR,KTW,2027-03-11,,,unavailable
2026-09-26,AAR,KTW,2027-03-12,,,unavailable
2026-09-26,AAR,KTW,2027-03-13,,,unavailable
2026-09-26,AAR,KTW,2027-03-14,,,unavailable
2026-09-26,AAR,KTW,2027-03-15,,,unavailable
2026-09-26,AAR,KTW,2027-03-16,,,unavailable
2026-09-26,AAR,KTW,2027-03-17,,,unavailable
2026-09-26,AAR,KTW,2027-03-18,,,unavailable
2026-09-26,AAR,KTW,2027-03-19,,,unavailable
2026-09-26,AAR,KTW,2027-03-20,,,unavailable
2026-09-26,AAR,KTW,2027-03-21,,,unavailable
2026-09-26,AAR,KTW,2027-03-22,,,unavailable
2026-09-26,AAR,KTW,2027-03-23,,,unavailable
2026-09-26,AAR,KTW,2027-03-24,,,unavailable
2026-09-26,AAR,KTW,2027-03-25,,,unavailable
2026-09-26,AAR,KTW,2027-03-26,,,unavailable
2026-09-26,AAR,KTW,2027-03-27,,,unavailable
2026-09-26,AAR,KTW,2027-03-28,,,unavailable
2026-09-26,AAR,KTW,2027-03-29,,,unavailable
2026-09-26,AAR,KTW,2027-03-30,,,unavailable
2026-09-26,AAR,KTW,2027-03-31,17:45,442.00,ok
2026-09-26,AAR,KTW,2027-04-01,,,unavailable
2026-09-26,AAR,KTW,2027-04-02,,,unavailable
2026-09-26,AAR,KTW,2027-04-03,18:25,905.00,ok
2026-09-26,AAR,KTW,2027-04-04,,,unavailable
2026-09-26,AAR,KTW,2027-04-05,,,unavailable
2026-09-26,AAR,KTW,2027-04-06,,,unavailable
2026-09-26,AAR,KTW,2027-04-07,17:45,238.00,ok
2026-09-26,AAR,KTW,2027-04-08,,,unavailable
2026-09-26,AAR,KTW,2027-04-09,,,unavailable
2026-09-26,AAR,KTW,2027-04-10,18:25,905.00,ok
2026-09-26,AAR,KTW,2027-04-11,,,unavailable
2026-09-26,AAR,KTW,2027-04-12,,,unavailable
2026-09-26,AAR,KTW,2027-04-13,,,unavailable
2026-09-26,AAR,KTW,2027-04-14,17:45,238.00,ok
2026-09-26,AAR,KTW,2027-04-15,,,unavailable
2026-09-26,AAR,KTW,2027-04-16,,,unavailable
2026-09-26,AAR,KTW,2027-04-17,18:25,905.00,ok
2026-09-26,AAR,KTW,2027-04-18,,,unavailable
2026-09-26,AAR,KTW,2027-04-19,,,unavailable
2026-09-26,AAR,KTW,2027-04-20,,,unavailable
2026-09-26,AAR,KTW,2027-04-21,17:45,238.00,ok
2026-09-26,AAR,KTW,2027-04-22,,,unavailable
2026-09-26,AAR,KTW,2027-04-23,,,unavailable
2026-09-26,AAR,KTW,2027-04-24,18:25,905.00,ok
2026-09-26,AAR,KTW,2027-04-25,,,unavailable
2026-09-26,AAR,KTW,2027-04-26,,,unavailable
2026-09-26,AAR,KTW,2027-04-27,,,unavailable
2026-09-26,AAR,KTW,2027-04-28,17:45,238.00,ok
2026-09-26,AAR,KTW,2027-04-29,,,unavailable
2026-09-26,AAR,KTW,2027-04-30,,,unavailable
2026-09-26,AAR,KTW,2027-05-01,18:25,905.00,ok
2026-09-26,AAR,KTW,2027-05-02,,,unavailable
2026-09-26,AAR,KTW,2027-05-03,,,unavailable
2026-09-26,AAR,KTW,2027-05-04,,,unavailable
2026-09-26,AAR,KTW,2027-05-05,17:45,238.00,ok
2026-09-26,AAR,KTW,2027-05-06,,,unavailable
2026-09-26,AAR,KTW,2027-05-07,,,unavailable
2026-09-26,AAR,KTW,2027-05-08,18:25,905.00,ok
2026-09-26,AAR,KTW,2027-05-09,,,unavailable
2026-09-26,AAR,KTW,2027-05-10,,,unavailable
2026-09-26,AAR,KTW,2027-05-11,,,unavailable
2026-09-26,AAR,KTW,2027-05-12,17:45,442.00,ok
2026-09-26,AAR,KTW,2027-05-13,,,unavailable
2026-09-26,AAR,KTW,2027-05-14,,,unavailable
2026-09-26,AAR,KTW,2027-05-15,18:25,905.00,ok
2026-09-26,AAR,KTW,2027-05-16,,,unavailable
2026-09-26,AAR,KTW,2027-05-17,,,unavailable
2026-09-26,AAR,KTW,2027-05-18,,,unavailable
2026-09-26,AAR,KTW,2027-05-19,17:45,238.00,ok
2026-09-26,AAR,KTW,2027-05-20,,,unavailable
2026-09-26,AAR,KTW,2027-05-21,,,unavailable
2026-09-26,AAR,KTW,2027-05-22,18:25,905.00,ok
2026-09-26,AAR,KTW,2027-05-23,,,unavailable
2026-09-26,AAR,KTW,2027-05-24,,,unavailable
2026-09-26,AAR,KTW,2027-05-25,,,unavailable
2026-09-26,AAR,KTW,2027-05-26,17:45,238.00,ok
2026-09-26,AAR,KTW,2027-05-27,,,unavailable
2026-09-26,AAR,KTW,2027-05-28,,,unavailable
2026-09-26,AAR,KTW,2027-05-29,18:25,238.00,ok
2026-09-26,AAR,KTW,2027-05-30,,,unavailable
2026-09-26,AAR,KTW,2027-05-31,,,unavailable
2026-09-26,AAR,KTW,2027-06-01,,,unavailable
2026-09-26,AAR,KTW,2027-06-02,17:45,238.00,ok
2026-09-26,AAR,KTW,2027-06-03,,,unavailable
2026-09-26,AAR,KTW,2027-06-04,,,unavailable
2026-09-26,AAR,KTW,2027-06-05,18:25,238.00,ok
2026-09-26,AAR,KTW,2027-06-06,,,unavailable
2026-09-26,AAR,KTW,2027-06-07,,,unavailable
2026-09-26,AAR,KTW,2027-06-08,,,unavailable
2026-09-26,AAR,KTW,2027-06-09,17:45,238.00,ok
2026-09-26,AAR,KTW,2027-06-10,,,unavailable
2026-09-26,AAR,KTW,2027-06-11,,,unavailable
2026-09-26,AAR,KTW,2027-06-12,18:25,238.00,ok
2026-09-26,AAR,KTW,2027-06-13,,,unavailable
2026-09-26,AAR,KTW,2027-06-14,,,unavailable
2026-09-26,AAR,KTW,2027-06-15,,,unavailable
2026-09-26,AAR,KTW,2027-06-16,17:45,238.00,ok
2026-09-26,AAR,KTW,2027-06-17,,,unavailable
2026-09-26,AAR,KTW,2027-06-18,,,unavailable
2026-09-26,AAR,KTW,2027-06-19,18:25,238.00,ok
2026-09-26,AAR,KTW,2027-06-20,,,unavailable
2026-09-26,AAR,KTW,2027-06-21,,,unavailable
2026-09-26,AAR,KTW,2027-06-22,,,unavailable
2026-09-26,AAR,KTW,2027-06-23,17:45,238.00,ok
2026-09-26,AAR,KTW,2027-06-24,,,unavailable
2026-09-26,AAR,KTW,2027-06-25,,,unavailable
2026-09-26,AAR,KTW,2027-06-26,18:25,238.00,ok
2026-09-26,AAR,KTW,2027-06-27,,,unavailable
2026-09-26,AAR,KTW,2027-06-28,,,unavailable
2026-09-26,AAR,KTW,2027-06-29,,,unavailable
2026-09-26,AAR,KTW,2027-06-30,17:45,238.00,ok
2026-09-26,AAR,KTW,2027-07-01,,,unavailable
2026-09-26,AAR,KTW,2027-07-02,,,unavailable
2026-09-26,AAR,KTW,2027-07-03,18:25,361.00,ok
2026-09-26,AAR,KTW,2027-07-04,,,unavailable
2026-09-26,AAR,KTW,2027-07-05,,,unavailable
2026-09-26,AAR,KTW,2027-07-06,,,unavailable
2026-09-26,AAR,KTW,2027-07-07,17:45,272.00,ok
2026-09-26,AAR,KTW,2027-07-08,,,unavailable
2026-09-26,AAR,KTW,2027-07-09,,,unavailable
2026-09-26,AAR,KTW,2027-07-10,18:25,400.00,ok
2026-09-26,AAR,KTW,2027-07-11,,,unavailable
2026-09-26,AAR,KTW,2027-07-12,,,unavailable
2026-09-26,AAR,KTW,2027-07-13,,,unavailable
2026-09-26,AAR,KTW,2027-07-14,17:45,272.00,ok
2026-09-26,AAR,KTW,2027-07-15,,,unavailable
2026-09-26,AAR,KTW,2027-07-16,,,unavailable
2026-09-26,AAR,KTW,2027-07-17,18:25,315.00,ok
2026-09-26,AAR,KTW,2027-07-18,,,unavailable
2026-09-26,AAR,KTW,2027-07-19,,,unavailable
2026-09-26,AAR,KTW,2027-07-20,,,unavailable
2026-09-26,AAR,KTW,2027-07-21,17:45,238.00,ok
2026-09-26,AAR,KTW,2027-07-22,,,unavailable
2026-09-26,AAR,KTW,2027-07-23,,,unavailable
2026-09-26,AAR,KTW,2027-07-24,18:25,238.00,ok
2026-09-26,AAR,KTW,2027-07-25,,,unavailable
2026-09-26,AAR,KTW,2027-07-26,,,unavailable
2026-09-26,AAR,KTW,2027-07-27,,,unavailable
2026-09-26,AAR,KTW,2027-07-28,17:45,238.00,ok
2026-09-26,AAR,KTW,2027-07-29,,,unavailable
2026-09-26,AAR,KTW,2027-07-30,,,unavailable
2026-09-26,AAR,KTW,2027-07-31,18:25,238.00,ok
2026-09-26,AAR,KTW,2027-08-01,,,unavailable
2026-09-26,AAR,KTW,2027-08-02,,,unavailable
2026-09-26,AAR,KTW,2027-08-03,,,unavailable
2026-09-26,AAR,KTW,2027-08-04,17:45,238.00,ok
2026-09-26,AAR,KTW,2027-08-05,,,unavailable
2026-09-26,AAR,KTW,2027-08-06,,,unavailable
2026-09-26,AAR,KTW,2027-08-07,18:25,238.00,ok
2026-09-26,AAR,KTW,2027-08-08,,,unavailable
2026-09-26,AAR,KTW,2027-08-09,,,unavailable
2026-09-26,AAR,KTW,2027-08-10,,,unavailable
2026-09-26,AAR,KTW,2027-08-11,17:45,238.00,ok
2026-09-26,AAR,KTW,2027-08-12,,,unavailable
2026-09-26,AAR,KTW,2027-08-13,,,unavailable
2026-09-26,AAR,KTW,2027-08-14,18:25,238.00,ok
2026-09-26,AAR,KTW,2027-08-15,,,unavailable
2026-09-26,AAR,KTW,2027-08-16,,,unavailable
2026-09-26,AAR,KTW,2027-08-17,,,unavailable
2026-09-26,AAR,KTW,2027-08-18,17:45,238.00,ok
2026-09-26,AAR,KTW,2027-08-19,,,unavailable
2026-09-26,AAR,KTW,2027-08-20,,,unavailable
2026-09-26,AAR,KTW,2027-08-21,18:25,238.00,ok
2026-09-26,AAR,KTW,2027-08-22,,,unavailable
2026-09-26,AAR,KTW,2027-08-23,,,unavailable
2026-09-26,AAR,KTW,2027-08-24,,,unavailable
2026-09-26,AAR,KTW,2027-08-25,17:45,238.00,ok
2026-09-26,AAR,KTW,2027-08-26,,,unavailable
2026-09-26,AAR,KTW,2027-08-27,,,unavailable
2026-09-26,AAR,KTW,2027-08-28,18:25,238.00,ok
2026-09-26,AAR,KTW,2027-08-29,,,unavailable
2026-09-26,AAR,KTW,2027-08-30,,,unavailable
2026-09-26,AAR,KTW,2027-08-31,,,unavailable
2026-09-26,KTW,AGP,2026-09-26,,,unavailable
2026-09-26,KTW,AGP,2026-09-27,,,unavailable
2026-09-26,KTW,AGP,2026-09-28,10:30,650.09,ok
2026-09-26,KTW,AGP,2026-09-29,,,unavailable
2026-09-26,KTW,AGP,2026-09-30,,,unavailable
2026-09-26,KTW,AGP,2026-10-01,,,unavailable
2026-09-26,KTW,AGP,2026-10-02,12:05,310.32,ok
2026-09-26,KTW,AGP,2026-10-03,,,unavailable
2026-09-26,KTW,AGP,2026-10-04,,,unavailable
2026-09-26,KTW,AGP,2026-10-05,10:30,401.56,ok
2026-09-26,KTW,AGP,2026-10-06,,,unavailable
2026-09-26,KTW,AGP,2026-10-07,,,unavailable
2026-09-26,KTW,AGP,2026-10-08,,,unavailable
2026-09-26,KTW,AGP,2026-10-09,12:05,266.65,ok
2026-09-26,KTW,AGP,2026-10-10,,,unavailable
2026-09-26,KTW,AGP,2026-10-11,,,unavailable
2026-09-26,KTW,AGP,2026-10-12,10:30,399.29,ok
2026-09-26,KTW,AGP,2026-10-13,,,unavailable
2026-09-26,KTW,AGP,2026-10-14,,,unavailable
2026-09-26,KTW,AGP,2026-10-15,,,unavailable
2026-09-26,KTW,AGP,2026-10-16,12:05,303.04,ok
2026-09-26,KTW,AGP,2026-10-17,,,unavailable
2026-09-26,KTW,AGP,2026-10-18,,,unavailable
2026-09-26,KTW,AGP,2026-10-19,10:30,396.30,ok
2026-09-26,KTW,AGP,2026-10-20,,,unavailable
2026-09-26,KTW,AGP,2026-10-21,,,unavailable
2026-09-26,KTW,AGP,2026-10-22,,,unavailable
2026-09-26,KTW,AGP,2026-10-23,12:05,391.00,ok
2026-09-26,KTW,AGP,2026-10-24,,,unavailable
2026-09-26,KTW,AGP,2026-10-25,,,unavailable
2026-09-26,KTW,AGP,2026-10-26,07:15,504.71,ok
2026-09-26,KTW,AGP,2026-10-27,,,unavailable
2026-09-26,KTW,AGP,2026-10-28,,,unavailable
2026-09-26,KTW,AGP,2026-10-29,,,unavailable
2026-09-26,KTW,AGP,2026-10-30,,,unavailable
2026-09-26,KTW,AGP,2026-10-31,14:10,145.62,ok
2026-09-26,KTW,AGP,2026-11-01,,,unavailable
2026-09-26,KTW,AGP,2026-11-02,07:15,179.57,ok
2026-09-26,KTW,AGP,2026-11-03,,,unavailable
2026-09-26,KTW,AGP,2026-11-04,,,unavailable
2026-09-26,KTW,AGP,2026-11-05,,,unavailable
2026-09-26,KTW,AGP,2026-11-06,,,unavailable
2026-09-26,KTW,AGP,2026-11-07,14:10,414.66,ok
2026-09-26,KTW,AGP,2026-11-08,,,unavailable
2026-09-26,KTW,AGP,2026-11-09,07:15,201.48,ok
2026-09-26,KTW,AGP,2026-11-10,,,unavailable
2026-09-26,KTW,AGP,2026-11-11,,,unavailable
2026-09-26,KTW,AGP,2026-11-12,,,unavailable
2026-09-26,KTW,AGP,2026-11-13,,,unavailable
2026-09-26,KTW,AGP,2026-11-14,14:10,192.72,ok
2026-09-26,KTW,AGP,2026-11-15,,,unavailable
2026-09-26,KTW,AGP,2026-11-16,07:15,95.00,ok
2026-09-26,KTW,AGP,2026-11-17,,,unavailable
2026-09-26,KTW,AGP,2026-11-18,,,unavailable
2026-09-26,KTW,AGP,2026-11-19,,,unavailable
2026-09-26,KTW,AGP,2026-11-20,,,unavailable
2026-09-26,KTW,AGP,2026-11-21,14:10,95.00,ok
2026-09-26,KTW,AGP,2026-11-22,,,unavailable
2026-09-26,KTW,AGP,2026-11-23,07:15,95.00,ok
2026-09-26,KTW,AGP,2026-11-24,,,unavailable
2026-09-26,KTW,AGP,2026-11-25,,,unavailable
2026-09-26,KTW,AGP,2026-11-26,,,unavailable
2026-09-26,KTW,AGP,2026-11-27,,,unavailable
2026-09-26,KTW,AGP,2026-11-28,14:10,135.76,ok
2026-09-26,KTW,AGP,2026-11-29,,,unavailable
2026-09-26,KTW,AGP,2026-11-30,07:15,113.86,ok
2026-09-26,KTW,AGP,2026-12-01,,,unavailable
2026-09-26,KTW,AGP,2026-12-02,,,unavailable
2026-09-26,KTW,AGP,2026-12-03,,,unavailable
2026-09-26,KTW,AGP,2026-12-04,,,unavailable
2026-09-26,KTW,AGP,2026-12-05,14:10,144.53,ok
2026-09-26,KTW,AGP,2026-12-06,,,unavailable
2026-09-26,KTW,AGP,2026-12-07,07:15,95.00,ok
2026-09-26,KTW,AGP,2026-12-08,,,unavailable
2026-09-26,KTW,AGP,2026-12-09,,,unavailable
2026-09-26,KTW,AGP,2026-12-10,,,unavailable
2026-09-26,KTW,AGP,2026-12-11,,,unavailable
2026-09-26,KTW,AGP,2026-12-12,14:10,130.87,ok
2026-09-26,KTW,AGP,2026-12-13,,,unavailable
2026-09-26,KTW,AGP,2026-12-14,07:15,95.00,ok
2026-09-26,KTW,AGP,2026-12-15,,,unavailable
2026-09-26,KTW,AGP,2026-12-16,,,unavailable
2026-09-26,KTW,AGP,2026-12-17,,,unavailable
2026-09-26,KTW,AGP,2026-12-18,,,unavailable
2026-09-26,KTW,AGP,2026-12-19,14:10,311.00,ok
2026-09-26,KTW,AGP,2026-12-20,,,unavailable
2026-09-26,KTW,AGP,2026-12-21,07:15,187.59,ok
2026-09-26,KTW,AGP,2026-12-22,,,unavailable
2026-09-26,KTW,AGP,2026-12-23,11:10,215.24,ok
2026-09-26,KTW,AGP,2026-12-24,,,unavailable
2026-09-26,KTW,AGP,2026-12-25,,,unavailable
2026-09-26,KTW,AGP,2026-12-26,14:10,709.66,ok
2026-09-26,KTW,AGP,2026-12-27,,,unavailable
2026-09-26,KTW,AGP,2026-12-28,07:15,387.37,ok
2026-09-26,KTW,AGP,2026-12-29,,,unavailable
2026-09-26,KTW,AGP,2026-12-30,11:10,360.43,ok
2026-09-26,KTW,AGP,2026-12-31,,,unavailable
2026-09-26,KTW,AGP,2027-01-01,,,unavailable
2026-09-26,KTW,AGP,2027-01-02,14:10,136.00,ok
2026-09-26,KTW,AGP,2027-01-03,,,unavailable
2026-09-26,KTW,AGP,2027-01-04,07:15,284.71,ok
2026-09-26,KTW,AGP,2027-01-05,,,unavailable
2026-09-26,KTW,AGP,2027-01-06,,,unavailable
2026-09-26,KTW,AGP,2027-01-07,,,unavailable
2026-09-26,KTW,AGP,2027-01-08,,,unavailable
2026-09-26,KTW,AGP,2027-01-09,14:10,136.00,ok
2026-09-26,KTW,AGP,2027-01-10,,,unavailable
2026-09-26,KTW,AGP,2027-01-11,07:15,136.00,ok
2026-09-26,KTW,AGP,2027-01-12,,,unavailable
2026-09-26,KTW,AGP,2027-01-13,,,unavailable
2026-09-26,KTW,AGP,2027-01-14,,,unavailable
2026-09-26,KTW,AGP,2027-01-15,,,unavailable
2026-09-26,KTW,AGP,2027-01-16,14:10,354.81,ok
2026-09-26,KTW,AGP,2027-01-17,,,unavailable
2026-09-26,KTW,AGP,2027-01-18,07:15,451.19,ok
2026-09-26,KTW,AGP,2027-01-19,,,unavailable
2026-09-26,KTW,AGP,2027-01-20,,,unavailable
2026-09-26,KTW,AGP,2027-01-21,,,unavailable
2026-09-26,KTW,AGP,2027-01-22,,,unavailable
2026-09-26,KTW,AGP,2027-01-23,14:10,162.00,ok
2026-09-26,KTW,AGP,2027-01-24,,,unavailable
2026-09-26,KTW,AGP,2027-01-25,07:15,249.67,ok
2026-09-26,KTW,AGP,2027-01-26,,,unavailable
2026-09-26,KTW,AGP,2027-01-27,,,unavailable
2026-09-26,KTW,AGP,2027-01-28,,,unavailable
2026-09-26,KTW,AGP,2027-01-29,,,unavailable
2026-09-26,KTW,AGP,2027-01-30,14:10,162.00,ok
2026-09-26,KTW,AGP,2027-01-31,,,unavailable
2026-09-26,KTW,AGP,2027-02-01,07:15,192.72,ok
2026-09-26,KTW,AGP,2027-02-02,,,unavailable
2026-09-26,KTW,AGP,2027-02-03,,,unavailable
2026-09-26,KTW,AGP,2027-02-04,,,unavailable
2026-09-26,KTW,AGP,2027-02-05,,,unavailable
2026-09-26,KTW,AGP,2027-02-06,14:10,315.38,ok
2026-09-26,KTW,AGP,2027-02-07,,,unavailable
2026-09-26,KTW,AGP,2027-02-08,07:15,230.00,ok
2026-09-26,KTW,AGP,2027-02-09,,,unavailable
2026-09-26,KTW,AGP,2027-02-10,,,unavailable
2026-09-26,KTW,AGP,2027-02-11,,,unavailable
2026-09-26,KTW,AGP,2027-02-12,,,unavailable
2026-09-26,KTW,AGP,2027-02-13,14:10,346.05,ok
2026-09-26,KTW,AGP,2027-02-14,,,unavailable
2026-09-26,KTW,AGP,2027-02-15,07:15,230.00,ok
2026-09-26,KTW,AGP,2027-02-16,,,unavailable
2026-09-26,KTW,AGP,2027-02-17,,,unavailable
2026-09-26,KTW,AGP,2027-02-18,,,unavailable
2026-09-26,KTW,AGP,2027-02-19,,,unavailable
2026-09-26,KTW,AGP,2027-02-20,14:10,162.00,ok
2026-09-26,KTW,AGP,2027-02-21,,,unavailable
2026-09-26,KTW,AGP,2027-02-22,07:15,346.05,ok
2026-09-26,KTW,AGP,2027-02-23,,,unavailable
2026-09-26,KTW,AGP,2027-02-24,,,unavailable
2026-09-26,KTW,AGP,2027-02-25,,,unavailable
2026-09-26,KTW,AGP,2027-02-26,,,unavailable
2026-09-26,KTW,AGP,2027-02-27,14:10,162.00,ok
2026-09-26,KTW,AGP,2027-02-28,,,unavailable
2026-09-26,KTW,AGP,2027-03-01,07:15,264.00,ok
2026-09-26,KTW,AGP,2027-03-02,,,unavailable
2026-09-26,KTW,AGP,2027-03-03,,,unavailable
2026-09-26,KTW,AGP,2027-03-04,,,unavailable
2026-09-26,KTW,AGP,2027-03-05,,,unavailable
2026-09-26,KTW,AGP,2027-03-06,14:10,210.02,ok
2026-09-26,KTW,AGP,2027-03-07,,,unavailable
2026-09-26,KTW,AGP,2027-03-08,07:15,188.33,ok
2026-09-26,KTW,AGP,2027-03-09,,,unavailable
2026-09-26,KTW,AGP,2027-03-10,,,unavailable
2026-09-26,KTW,AGP,2027-03-11,,,unavailable
2026-09-26,KTW,AGP,2027-03-12,,,unavailable
2026-09-26,KTW,AGP,2027-03-13,14:10,210.02,ok
2026-09-26,KTW,AGP,2027-03-14,,,unavailable
2026-09-26,KTW,AGP,2027-03-15,07:15,262.81,ok
2026-09-26,KTW,AGP,2027-03-16,,,unavailable
2026-09-26,KTW,AGP,2027-03-17,,,unavailable
2026-09-26,KTW,AGP,2027-03-18,,,unavailable
2026-09-26,KTW,AGP,2027-03-19,,,unavailable
2026-09-26,KTW,AGP,2027-03-20,14:10,376.71,ok
2026-09-26,KTW,AGP,2027-03-21,,,unavailable
2026-09-26,KTW,AGP,2027-03-22,07:15,196.00,ok
2026-09-26,KTW,AGP,2027-03-23,,,unavailable
2026-09-26,KTW,AGP,2027-03-24,,,unavailable
2026-09-26,KTW,AGP,2027-03-25,,,unavailable
2026-09-26,KTW,AGP,2027-03-26,,,unavailable
2026-09-26,KTW,AGP,2027-03-27,14:10,264.00,ok
2026-09-26,KTW,AGP,2027-03-28,,,unavailable
2026-09-26,KTW,AGP,2027-03-29,,,unavailable
2026-09-26,KTW,AGP,2027-03-30,06:15,489.38,ok
2026-09-26,KTW,AGP,2027-03-31,,,unavailable
2026-09-26,KTW,AGP,2027-04-01,,,unavailable
2026-09-26,KTW,AGP,2027-04-02,,,unavailable
2026-09-26,KTW,AGP,2027-04-03,10:10,302.00,ok
2026-09-26,KTW,AGP,2027-04-04,,,unavailable
2026-09-26,KTW,AGP,2027-04-05,,,unavailable
2026-09-26,KTW,AGP,2027-04-06,06:15,302.00,ok
2026-09-26,KTW,AGP,2027-04-07,,,unavailable
2026-09-26,KTW,AGP,2027-04-08,,,unavailable
2026-09-26,KTW,AGP,2027-04-09,,,unavailable
2026-09-26,KTW,AGP,2027-04-10,10:10,442.00,ok
2026-09-26,KTW,AGP,2027-04-11,,,unavailable
2026-09-26,KTW,AGP,2027-04-12,,,unavailable
2026-09-26,KTW,AGP,2027-04-13,06:15,391.00,ok
2026-09-26,KTW,AGP,2027-04-14,,,unavailable
2026-09-26,KTW,AGP,2027-04-15,,,unavailable
2026-09-26,KTW,AGP,2027-04-16,,,unavailable
2026-09-26,KTW,AGP,2027-04-17,10:10,391.00,ok
2026-09-26,KTW,AGP,2027-04-18,,,unavailable
2026-09-26,KTW,AGP,2027-04-19,,,unavailable
2026-09-26,KTW,AGP,2027-04-20,06:15,391.00,ok
2026-09-26,KTW,AGP,2027-04-21,,,unavailable
2026-09-26,KTW,AGP,2027-04-22,,,unavailable
2026-09-26,KTW,AGP,2027-04-23,,,unavailable
2026-09-26,KTW,AGP,2027-04-24,10:10,485.00,ok
2026-09-26,KTW,AGP,2027-04-25,,,unavailable
2026-09-26,KTW,AGP,2027-04-26,,,unavailable
2026-09-26,KTW,AGP,2027-04-27,06:15,442.00,ok
2026-09-26,KTW,AGP,2027-04-28,,,unavailable
2026-09-26,KTW,AGP,2027-04-29,,,unavailable
2026-09-26,KTW,AGP,2027-04-30,,,unavailable
2026-09-26,KTW,AGP,2027-05-01,10:10,586.00,ok
2026-09-26,KTW,AGP,2027-05-02,,,unavailable
2026-09-26,KTW,AGP,2027-05-03,,,unavailable
2026-09-26,KTW,AGP,2027-05-04,06:15,442.00,ok
2026-09-26,KTW,AGP,2027-05-05,,,unavailable
2026-09-26,KTW,AGP,2027-05-06,,,unavailable
2026-09-26,KTW,AGP,2027-05-07,,,unavailable
2026-09-26,KTW,AGP,2027-05-08,10:10,442.00,ok
2026-09-26,KTW,AGP,2027-05-09,,,unavailable
2026-09-26,KTW,AGP,2027-05-10,,,unavailable
2026-09-26,KTW,AGP,2027-05-11,06:15,442.00,ok
2026-09-26,KTW,AGP,2027-05-12,,,unavailable
2026-09-26,KTW,AGP,2027-05-13,,,unavailable
2026-09-26,KTW,AGP,2027-05-14,,,unavailable
2026-09-26,KTW,AGP,2027-05-15,10:10,442.00,ok
2026-09-26,KTW,AGP,2027-05-16,,,unavailable
2026-09-26,KTW,AGP,2027-05-17,,,unavailable
2026-09-26,KTW,AGP,2027-05-18,06:15,832.76,ok
2026-09-26,KTW,AGP,2027-05-19,,,unavailable
2026-09-26,KTW,AGP,2027-05-20,,,unavailable
2026-09-26,KTW,AGP,2027-05-21,,,unavailable
2026-09-26,KTW,AGP,2027-05-22,10:10,391.00,ok
2026-09-26,KTW,AGP,2027-05-23,,,unavailable
2026-09-26,KTW,AGP,2027-05-24,,,unavailable
2026-09-26,KTW,AGP,2027-05-25,06:15,442.00,ok
2026-09-26,KTW,AGP,2027-05-26,,,unavailable
2026-09-26,KTW,AGP,2027-05-27,,,unavailable
2026-09-26,KTW,AGP,2027-05-28,,,unavailable
2026-09-26,KTW,AGP,2027-05-29,10:10,391.00,ok
2026-09-26,KTW,AGP,2027-05-30,,,unavailable
2026-09-26,KTW,AGP,2027-05-31,,,unavailable
2026-09-26,KTW,AGP,2027-06-01,06:15,442.00,ok
2026-09-26,KTW,AGP,2027-06-02,,,unavailable
2026-09-26,KTW,AGP,2027-06-03,,,unavailable
2026-09-26,KTW,AGP,2027-06-04,,,unavailable
2026-09-26,KTW,AGP,2027-06-05,10:10,442.00,ok
2026-09-26,KTW,AGP,2027-06-06,,,unavailable
2026-09-26,KTW,AGP,2027-06-07,,,unavailable
2026-09-26,KTW,AGP,2027-06-08,06:15,442.00,ok
2026-09-26,KTW,AGP,2027-06-09,,,unavailable
2026-09-26,KTW,AGP,2027-06-10,,,unavailable
2026-09-26,KTW,AGP,2027-06-11,,,unavailable
2026-09-26,KTW,AGP,2027-06-12,10:10,391.00,ok
2026-09-26,KTW,AGP,2027-06-13,,,unavailable
2026-09-26,KTW,AGP,2027-06-14,,,unavailable
2026-09-26,KTW,AGP,2027-06-15,06:15,442.00,ok
2026-09-26,KTW,AGP,2027-06-16,,,unavailable
2026-09-26,KTW,AGP,2027-06-17,,,unavailable
2026-09-26,KTW,AGP,2027-06-18,,,unavailable
2026-09-26,KTW,AGP,2027-06-19,10:10,391.00,ok
2026-09-26,KTW,AGP,2027-06-20,,,unavailable
2026-09-26,KTW,AGP,2027-06-21,,,unavailable
2026-09-26,KTW,AGP,2027-06-22,06:15,391.00,ok
2026-09-26,KTW,AGP,2027-06-23,,,unavailable
2026-09-26,KTW,AGP,2027-06-24,,,unavailable
2026-09-26,KTW,AGP,2027-06-25,,,unavailable
2026-09-26,KTW,AGP,2027-06-26,10:10,446.38,ok
2026-09-26,KTW,AGP,2027-06-27,,,unavailable
2026-09-26,KTW,AGP,2027-06-28,,,unavailable
2026-09-26,KTW,AGP,2027-06-29,06:15,485.00,ok
2026-09-26,KTW,AGP,2027-06-30,,,unavailable
2026-09-26,KTW,AGP,2027-07-01,,,unavailable
2026-09-26,KTW,AGP,2027-07-02,,,unavailable
2026-09-26,KTW,AGP,2027-07-03,10:10,485.00,ok
2026-09-26,KTW,AGP,2027-07-04,,,unavailable
2026-09-26,KTW,AGP,2027-07-05,,,unavailable
2026-09-26,KTW,AGP,2027-07-06,06:15,485.00,ok
2026-09-26,KTW,AGP,2027-07-07,,,unavailable
2026-09-26,KTW,AGP,2027-07-08,,,unavailable
2026-09-26,KTW,AGP,2027-07-09,,,unavailable
2026-09-26,KTW,AGP,2027-07-10,10:10,442.00,ok
2026-09-26,KTW,AGP,2027-07-11,,,unavailable
2026-09-26,KTW,AGP,2027-07-12,,,unavailable
2026-09-26,KTW,AGP,2027-07-13,06:15,442.00,ok
2026-09-26,KTW,AGP,2027-07-14,,,unavailable
2026-09-26,KTW,AGP,2027-07-15,,,unavailable
2026-09-26,KTW,AGP,2027-07-16,,,unavailable
2026-09-26,KTW,AGP,2027-07-17,10:10,485.00,ok
2026-09-26,KTW,AGP,2027-07-18,,,unavailable
2026-09-26,KTW,AGP,2027-07-19,,,unavailable
2026-09-26,KTW,AGP,2027-07-20,06:15,485.00,ok
2026-09-26,KTW,AGP,2027-07-21,,,unavailable
2026-09-26,KTW,AGP,2027-07-22,,,unavailable
2026-09-26,KTW,AGP,2027-07-23,,,unavailable
2026-09-26,KTW,AGP,2027-07-24,10:10,485.00,ok
2026-09-26,KTW,AGP,2027-07-25,,,unavailable
2026-09-26,KTW,AGP,2027-07-26,,,unavailable
2026-09-26,KTW,AGP,2027-07-27,06:15,442.00,ok
2026-09-26,KTW,AGP,2027-07-28,,,unavailable
2026-09-26,KTW,AGP,2027-07-29,,,unavailable
2026-09-26,KTW,AGP,2027-07-30,,,unavailable
2026-09-26,KTW,AGP,2027-07-31,10:10,446.38,ok
2026-09-26,KTW,AGP,2027-08-01,,,unavailable
2026-09-26,KTW,AGP,2027-08-02,,,unavailable
2026-09-26,KTW,AGP,2027-08-03,06:15,446.38,ok
2026-09-26,KTW,AGP,2027-08-04,,,unavailable
2026-09-26,KTW,AGP,2027-08-05,,,unavailable
2026-09-26,KTW,AGP,2027-08-06,,,unavailable
2026-09-26,KTW,AGP,2027-08-07,10:10,442.00,ok
2026-09-26,KTW,AGP,2027-08-08,,,unavailable
2026-09-26,KTW,AGP,2027-08-09,,,unavailable
2026-09-26,KTW,AGP,2027-08-10,06:15,446.38,ok
2026-09-26,KTW,AGP,2027-08-11,,,unavailable
2026-09-26,KTW,AGP,2027-08-12,,,unavailable
2026-09-26,KTW,AGP,2027-08-13,,,unavailable
2026-09-26,KTW,AGP,2027-08-14,10:10,485.00,ok
2026-09-26,KTW,AGP,2027-08-15,,,unavailable
2026-09-26,KTW,AGP,2027-08-16,,,unavailable
2026-09-26,KTW,AGP,2027-08-17,06:15,485.00,ok
2026-09-26,KTW,AGP,2027-08-18,,,unavailable
2026-09-26,KTW,AGP,2027-08-19,,,unavailable
2026-09-26,KTW,AGP,2027-08-20,,,unavailable
2026-09-26,KTW,AGP,2027-08-21,10:10,442.00,ok
2026-09-26,KTW,AGP,2027-08-22,,,unavailable
2026-09-26,KTW,AGP,2027-08-23,,,unavailable
2026-09-26,KTW,AGP,2027-08-24,06:15,535.00,ok
2026-09-26,KTW,AGP,2027-08-25,,,unavailable
2026-09-26,KTW,AGP,2027-08-26,,,unavailable
2026-09-26,KTW,AGP,2027-08-27,,,unavailable
2026-09-26,KTW,AGP,2027-08-28,10:10,442.00,ok
2026-09-26,KTW,AGP,2027-08-29,,,unavailable
2026-09-26,KTW,AGP,2027-08-30,,,unavailable
2026-09-26,KTW,AGP,2027-08-31,06:15,485.00,ok
2026-09-26,AGP,KTW,2026-09-26,,,unavailable
2026-09-26,AGP,KTW,2026-09-27,,,unavailable
2026-09-26,AGP,KTW,2026-09-28,06:10,1388.09,ok
2026-09-26,AGP,KTW,2026-09-29,,,unavailable
2026-09-26,AGP,KTW,2026-09-30,,,unavailable
2026-09-26,AGP,KTW,2026-10-01,,,unavailable
2026-09-26,AGP,KTW,2026-10-02,07:55,406.77,ok
2026-09-26,AGP,KTW,2026-10-03,,,unavailable
2026-09-26,AGP,KTW,2026-10-04,,,unavailable
2026-09-26,AGP,KTW,2026-10-05,06:10,344.00,ok
2026-09-26,AGP,KTW,2026-10-06,,,unavailable
2026-09-26,AGP,KTW,2026-10-07,,,unavailable
2026-09-26,AGP,KTW,2026-10-08,,,unavailable
2026-09-26,AGP,KTW,2026-10-09,07:55,358.46,ok
2026-09-26,AGP,KTW,2026-10-10,,,unavailable
2026-09-26,AGP,KTW,2026-10-11,,,unavailable
2026-09-26,AGP,KTW,2026-10-12,06:10,442.00,ok
2026-09-26,AGP,KTW,2026-10-13,,,unavailable
2026-09-26,AGP,KTW,2026-10-14,,,unavailable
2026-09-26,AGP,KTW,2026-10-15,,,unavailable
2026-09-26,AGP,KTW,2026-10-16,07:55,202.09,ok
2026-09-26,AGP,KTW,2026-10-17,,,unavailable
2026-09-26,AGP,KTW,2026-10-18,,,unavailable
2026-09-26,AGP,KTW,2026-10-19,06:10,747.10,ok
2026-09-26,AGP,KTW,2026-10-20,,,unavailable
2026-09-26,AGP,KTW,2026-10-21,,,unavailable
2026-09-26,AGP,KTW,2026-10-22,,,unavailable
2026-09-26,AGP,KTW,2026-10-23,07:55,205.38,ok
2026-09-26,AGP,KTW,2026-10-24,,,unavailable
2026-09-26,AGP,KTW,2026-10-25,,,unavailable
2026-09-26,AGP,KTW,2026-10-26,11:40,511.29,ok
2026-09-26,AGP,KTW,2026-10-27,,,unavailable
2026-09-26,AGP,KTW,2026-10-28,,,unavailable
2026-09-26,AGP,KTW,2026-10-29,,,unavailable
2026-09-26,AGP,KTW,2026-10-30,,,unavailable
2026-09-26,AGP,KTW,2026-10-31,18:35,1319.21,ok
2026-09-26,AGP,KTW,2026-11-01,,,unavailable
2026-09-26,AGP,KTW,2026-11-02,11:40,479.06,ok
2026-09-26,AGP,KTW,2026-11-03,,,unavailable
2026-09-26,AGP,KTW,2026-11-04,,,unavailable
2026-09-26,AGP,KTW,2026-11-05,,,unavailable
2026-09-26,AGP,KTW,2026-11-06,,,unavailable
2026-09-26,AGP,KTW,2026-11-07,18:35,201.48,ok
2026-09-26,AGP,KTW,2026-11-08,,,unavailable
2026-09-26,AGP,KTW,2026-11-09,11:40,149.47,ok
2026-09-26,AGP,KTW,2026-11-10,,,unavailable
2026-09-26,AGP,KTW,2026-11-11,,,unavailable
2026-09-26,AGP,KTW,2026-11-12,,,unavailable
2026-09-26,AGP,KTW,2026-11-13,,,unavailable
2026-09-26,AGP,KTW,2026-11-14,18:35,521.28,ok
2026-09-26,AGP,KTW,2026-11-15,,,unavailable
2026-09-26,AGP,KTW,2026-11-16,11:40,429.28,ok
2026-09-26,AGP,KTW,2026-11-17,,,unavailable
2026-09-26,AGP,KTW,2026-11-18,,,unavailable
2026-09-26,AGP,KTW,2026-11-19,,,unavailable
2026-09-26,AGP,KTW,2026-11-20,,,unavailable
2026-09-26,AGP,KTW,2026-11-21,18:35,274.51,ok
2026-09-26,AGP,KTW,2026-11-22,,,unavailable
2026-09-26,AGP,KTW,2026-11-23,11:40,239.86,ok
2026-09-26,AGP,KTW,2026-11-24,,,unavailable
2026-09-26,AGP,KTW,2026-11-25,,,unavailable
2026-09-26,AGP,KTW,2026-11-26,,,unavailable
2026-09-26,AGP,KTW,2026-11-27,,,unavailable
2026-09-26,AGP,KTW,2026-11-28,18:35,227.76,ok
2026-09-26,AGP,KTW,2026-11-29,,,unavailable
2026-09-26,AGP,KTW,2026-11-30,11:40,227.76,ok
2026-09-26,AGP,KTW,2026-12-01,,,unavailable
2026-09-26,AGP,KTW,2026-12-02,,,unavailable
2026-09-26,AGP,KTW,2026-12-03,,,unavailable
2026-09-26,AGP,KTW,2026-12-04,,,unavailable
2026-09-26,AGP,KTW,2026-12-05,18:35,232.14,ok
2026-09-26,AGP,KTW,2026-12-06,,,unavailable
2026-09-26,AGP,KTW,2026-12-07,11:40,150.43,ok
2026-09-26,AGP,KTW,2026-12-08,,,unavailable
2026-09-26,AGP,KTW,2026-12-09,,,unavailable
2026-09-26,AGP,KTW,2026-12-10,,,unavailable
2026-09-26,AGP,KTW,2026-12-11,,,unavailable
2026-09-26,AGP,KTW,2026-12-12,18:35,130.87,ok
2026-09-26,AGP,KTW,2026-12-13,,,unavailable
2026-09-26,AGP,KTW,2026-12-14,11:40,122.62,ok
2026-09-26,AGP,KTW,2026-12-15,,,unavailable
2026-09-26,AGP,KTW,2026-12-16,,,unavailable
2026-09-26,AGP,KTW,2026-12-17,,,unavailable
2026-09-26,AGP,KTW,2026-12-18,,,unavailable
2026-09-26,AGP,KTW,2026-12-19,18:35,129.17,ok
2026-09-26,AGP,KTW,2026-12-20,,,unavailable
2026-09-26,AGP,KTW,2026-12-21,11:40,130.87,ok
2026-09-26,AGP,KTW,2026-12-22,,,unavailable
2026-09-26,AGP,KTW,2026-12-23,07:00,157.67,ok
2026-09-26,AGP,KTW,2026-12-24,,,unavailable
2026-09-26,AGP,KTW,2026-12-25,,,unavailable
2026-09-26,AGP,KTW,2026-12-26,18:35,192.72,ok
2026-09-26,AGP,KTW,2026-12-27,,,unavailable
2026-09-26,AGP,KTW,2026-12-28,11:40,236.52,ok
2026-09-26,AGP,KTW,2026-12-29,,,unavailable
2026-09-26,AGP,KTW,2026-12-30,07:00,247.35,ok
2026-09-26,AGP,KTW,2026-12-31,,,unavailable
2026-09-26,AGP,KTW,2027-01-01,,,unavailable
2026-09-26,AGP,KTW,2027-01-02,18:35,535.00,ok
2026-09-26,AGP,KTW,2027-01-03,,,unavailable
2026-09-26,AGP,KTW,2027-01-04,11:40,368.09,ok
2026-09-26,AGP,KTW,2027-01-05,,,unavailable
2026-09-26,AGP,KTW,2027-01-06,,,unavailable
2026-09-26,AGP,KTW,2027-01-07,,,unavailable
2026-09-26,AGP,KTW,2027-01-08,,,unavailable
2026-09-26,AGP,KTW,2027-01-09,18:35,141.70,ok
2026-09-26,AGP,KTW,2027-01-10,,,unavailable
2026-09-26,AGP,KTW,2027-01-11,11:40,162.00,ok
2026-09-26,AGP,KTW,2027-01-12,,,unavailable
2026-09-26,AGP,KTW,2027-01-13,,,unavailable
2026-09-26,AGP,KTW,2027-01-14,,,unavailable
2026-09-26,AGP,KTW,2027-01-15,,,unavailable
2026-09-26,AGP,KTW,2027-01-16,18:35,196.00,ok
2026-09-26,AGP,KTW,2027-01-17,,,unavailable
2026-09-26,AGP,KTW,2027-01-18,11:40,219.00,ok
2026-09-26,AGP,KTW,2027-01-19,,,unavailable
2026-09-26,AGP,KTW,2027-01-20,,,unavailable
2026-09-26,AGP,KTW,2027-01-21,,,unavailable
2026-09-26,AGP,KTW,2027-01-22,,,unavailable
2026-09-26,AGP,KTW,2027-01-23,18:35,281.52,ok
2026-09-26,AGP,KTW,2027-01-24,,,unavailable
2026-09-26,AGP,KTW,2027-01-25,11:40,281.52,ok
2026-09-26,AGP,KTW,2027-01-26,,,unavailable
2026-09-26,AGP,KTW,2027-01-27,,,unavailable
2026-09-26,AGP,KTW,2027-01-28,,,unavailable
2026-09-26,AGP,KTW,2027-01-29,,,unavailable
2026-09-26,AGP,KTW,2027-01-30,18:35,671.42,ok
2026-09-26,AGP,KTW,2027-01-31,,,unavailable
2026-09-26,AGP,KTW,2027-02-01,11:40,262.81,ok
2026-09-26,AGP,KTW,2027-02-02,,,unavailable
2026-09-26,AGP,KTW,2027-02-03,,,unavailable
2026-09-26,AGP,KTW,2027-02-04,,,unavailable
2026-09-26,AGP,KTW,2027-02-05,,,unavailable
2026-09-26,AGP,KTW,2027-02-06,18:35,258.43,ok
2026-09-26,AGP,KTW,2027-02-07,,,unavailable
2026-09-26,AGP,KTW,2027-02-08,11:40,363.57,ok
2026-09-26,AGP,KTW,2027-02-09,,,unavailable
2026-09-26,AGP,KTW,2027-02-10,,,unavailable
2026-09-26,AGP,KTW,2027-02-11,,,unavailable
2026-09-26,AGP,KTW,2027-02-12,,,unavailable
2026-09-26,AGP,KTW,2027-02-13,18:35,275.95,ok
2026-09-26,AGP,KTW,2027-02-14,,,unavailable
2026-09-26,AGP,KTW,2027-02-15,11:40,230.00,ok
2026-09-26,AGP,KTW,2027-02-16,,,unavailable
2026-09-26,AGP,KTW,2027-02-17,,,unavailable
2026-09-26,AGP,KTW,2027-02-18,,,unavailable
2026-09-26,AGP,KTW,2027-02-19,,,unavailable
2026-09-26,AGP,KTW,2027-02-20,18:35,264.00,ok
2026-09-26,AGP,KTW,2027-02-21,,,unavailable
2026-09-26,AGP,KTW,2027-02-22,11:40,264.00,ok
2026-09-26,AGP,KTW,2027-02-23,,,unavailable
2026-09-26,AGP,KTW,2027-02-24,,,unavailable
2026-09-26,AGP,KTW,2027-02-25,,,unavailable
2026-09-26,AGP,KTW,2027-02-26,,,unavailable
2026-09-26,AGP,KTW,2027-02-27,18:35,455.57,ok
2026-09-26,AGP,KTW,2027-02-28,,,unavailable
2026-09-26,AGP,KTW,2027-03-01,11:40,389.86,ok
2026-09-26,AGP,KTW,2027-03-02,,,unavailable
2026-09-26,AGP,KTW,2027-03-03,,,unavailable
2026-09-26,AGP,KTW,2027-03-04,,,unavailable
2026-09-26,AGP,KTW,2027-03-05,,,unavailable
2026-09-26,AGP,KTW,2027-03-06,18:35,341.67,ok
2026-09-26,AGP,KTW,2027-03-07,,,unavailable
2026-09-26,AGP,KTW,2027-03-08,11:40,341.67,ok
2026-09-26,AGP,KTW,2027-03-09,,,unavailable
2026-09-26,AGP,KTW,2027-03-10,,,unavailable
2026-09-26,AGP,KTW,2027-03-11,,,unavailable
2026-09-26,AGP,KTW,2027-03-12,,,unavailable
2026-09-26,AGP,KTW,2027-03-13,18:35,264.00,ok
2026-09-26,AGP,KTW,2027-03-14,,,unavailable
2026-09-26,AGP,KTW,2027-03-15,11:40,258.43,ok
2026-09-26,AGP,KTW,2027-03-16,,,unavailable
2026-09-26,AGP,KTW,2027-03-17,,,unavailable
2026-09-26,AGP,KTW,2027-03-18,,,unavailable
2026-09-26,AGP,KTW,2027-03-19,,,unavailable
2026-09-26,AGP,KTW,2027-03-20,18:35,196.00,ok
2026-09-26,AGP,KTW,2027-03-21,,,unavailable
2026-09-26,AGP,KTW,2027-03-22,11:40,210.02,ok
2026-09-26,AGP,KTW,2027-03-23,,,unavailable
2026-09-26,AGP,KTW,2027-03-24,,,unavailable
2026-09-26,AGP,KTW,2027-03-25,,,unavailable
2026-09-26,AGP,KTW,2027-03-26,,,unavailable
2026-09-26,AGP,KTW,2027-03-27,18:35,368.09,ok
2026-09-26,AGP,KTW,2027-03-28,,,unavailable
2026-09-26,AGP,KTW,2027-03-29,,,unavailable
2026-09-26,AGP,KTW,2027-03-30,10:35,539.38,ok
2026-09-26,AGP,KTW,2027-03-31,,,unavailable
2026-09-26,AGP,KTW,2027-04-01,,,unavailable
2026-09-26,AGP,KTW,2027-04-02,,,unavailable
2026-09-26,AGP,KTW,2027-04-03,06:05,302.00,ok
2026-09-26,AGP,KTW,2027-04-04,,,unavailable
2026-09-26,AGP,KTW,2027-04-05,,,unavailable
2026-09-26,AGP,KTW,2027-04-06,10:35,302.00,ok
2026-09-26,AGP,KTW,2027-04-07,,,unavailable
2026-09-26,AGP,KTW,2027-04-08,,,unavailable
2026-09-26,AGP,KTW,2027-04-09,,,unavailable
2026-09-26,AGP,KTW,2027-04-10,06:05,344.00,ok
2026-09-26,AGP,KTW,2027-04-11,,,unavailable
2026-09-26,AGP,KTW,2027-04-12,,,unavailable
2026-09-26,AGP,KTW,2027-04-13,10:35,344.00,ok
2026-09-26,AGP,KTW,2027-04-14,,,unavailable
2026-09-26,AGP,KTW,2027-04-15,,,unavailable
2026-09-26,AGP,KTW,2027-04-16,,,unavailable
2026-09-26,AGP,KTW,2027-04-17,06:05,442.00,ok
2026-09-26,AGP,KTW,2027-04-18,,,unavailable
2026-09-26,AGP,KTW,2027-04-19,,,unavailable
2026-09-26,AGP,KTW,2027-04-20,10:35,391.00,ok
2026-09-26,AGP,KTW,2027-04-21,,,unavailable
2026-09-26,AGP,KTW,2027-04-22,,,unavailable
2026-09-26,AGP,KTW,2027-04-23,,,unavailable
2026-09-26,AGP,KTW,2027-04-24,06:05,344.00,ok
2026-09-26,AGP,KTW,2027-04-25,,,unavailable
2026-09-26,AGP,KTW,2027-04-26,,,unavailable
2026-09-26,AGP,KTW,2027-04-27,10:35,442.00,ok
2026-09-26,AGP,KTW,2027-04-28,,,unavailable
2026-09-26,AGP,KTW,2027-04-29,,,unavailable
2026-09-26,AGP,KTW,2027-04-30,,,unavailable
2026-09-26,AGP,KTW,2027-05-01,06:05,391.00,ok
2026-09-26,AGP,KTW,2027-05-02,,,unavailable
2026-09-26,AGP,KTW,2027-05-03,,,unavailable
2026-09-26,AGP,KTW,2027-05-04,10:35,535.00,ok
2026-09-26,AGP,KTW,2027-05-05,,,unavailable
2026-09-26,AGP,KTW,2027-05-06,,,unavailable
2026-09-26,AGP,KTW,2027-05-07,,,unavailable
2026-09-26,AGP,KTW,2027-05-08,06:05,391.00,ok
2026-09-26,AGP,KTW,2027-05-09,,,unavailable
2026-09-26,AGP,KTW,2027-05-10,,,unavailable
2026-09-26,AGP,KTW,2027-05-11,10:35,442.00,ok
2026-09-26,AGP,KTW,2027-05-12,,,unavailable
2026-09-26,AGP,KTW,2027-05-13,,,unavailable
2026-09-26,AGP,KTW,2027-05-14,,,unavailable
2026-09-26,AGP,KTW,2027-05-15,06:05,442.00,ok
2026-09-26,AGP,KTW,2027-05-16,,,unavailable
2026-09-26,AGP,KTW,2027-05-17,,,unavailable
2026-09-26,AGP,KTW,2027-05-18,10:35,391.00,ok
2026-09-26,AGP,KTW,2027-05-19,,,unavailable
2026-09-26,AGP,KTW,2027-05-20,,,unavailable
2026-09-26,AGP,KTW,2027-05-21,,,unavailable
2026-09-26,AGP,KTW,2027-05-22,06:05,344.00,ok
2026-09-26,AGP,KTW,2027-05-23,,,unavailable
2026-09-26,AGP,KTW,2027-05-24,,,unavailable
2026-09-26,AGP,KTW,2027-05-25,10:35,391.00,ok
2026-09-26,AGP,KTW,2027-05-26,,,unavailable
2026-09-26,AGP,KTW,2027-05-27,,,unavailable
2026-09-26,AGP,KTW,2027-05-28,,,unavailable
2026-09-26,AGP,KTW,2027-05-29,06:05,391.00,ok
2026-09-26,AGP,KTW,2027-05-30,,,unavailable
2026-09-26,AGP,KTW,2027-05-31,,,unavailable
2026-09-26,AGP,KTW,2027-06-01,10:35,302.00,ok
2026-09-26,AGP,KTW,2027-06-02,,,unavailable
2026-09-26,AGP,KTW,2027-06-03,,,unavailable
2026-09-26,AGP,KTW,2027-06-04,,,unavailable
2026-09-26,AGP,KTW,2027-06-05,06:05,442.00,ok
2026-09-26,AGP,KTW,2027-06-06,,,unavailable
2026-09-26,AGP,KTW,2027-06-07,,,unavailable
2026-09-26,AGP,KTW,2027-06-08,10:35,485.00,ok
2026-09-26,AGP,KTW,2027-06-09,,,unavailable
2026-09-26,AGP,KTW,2027-06-10,,,unavailable
2026-09-26,AGP,KTW,2027-06-11,,,unavailable
2026-09-26,AGP,KTW,2027-06-12,06:05,344.00,ok
2026-09-26,AGP,KTW,2027-06-13,,,unavailable
2026-09-26,AGP,KTW,2027-06-14,,,unavailable
2026-09-26,AGP,KTW,2027-06-15,10:35,344.00,ok
2026-09-26,AGP,KTW,2027-06-16,,,unavailable
2026-09-26,AGP,KTW,2027-06-17,,,unavailable
2026-09-26,AGP,KTW,2027-06-18,,,unavailable
2026-09-26,AGP,KTW,2027-06-19,06:05,344.00,ok
2026-09-26,AGP,KTW,2027-06-20,,,unavailable
2026-09-26,AGP,KTW,2027-06-21,,,unavailable
2026-09-26,AGP,KTW,2027-06-22,10:35,344.00,ok
2026-09-26,AGP,KTW,2027-06-23,,,unavailable
2026-09-26,AGP,KTW,2027-06-24,,,unavailable
2026-09-26,AGP,KTW,2027-06-25,,,unavailable
2026-09-26,AGP,KTW,2027-06-26,06:05,395.38,ok
2026-09-26,AGP,KTW,2027-06-27,,,unavailable
2026-09-26,AGP,KTW,2027-06-28,,,unavailable
2026-09-26,AGP,KTW,2027-06-29,10:35,344.00,ok
2026-09-26,AGP,KTW,2027-06-30,,,unavailable
2026-09-26,AGP,KTW,2027-07-01,,,unavailable
2026-09-26,AGP,KTW,2027-07-02,,,unavailable
2026-09-26,AGP,KTW,2027-07-03,06:05,391.00,ok
2026-09-26,AGP,KTW,2027-07-04,,,unavailable
2026-09-26,AGP,KTW,2027-07-05,,,unavailable
2026-09-26,AGP,KTW,2027-07-06,10:35,391.00,ok
2026-09-26,AGP,KTW,2027-07-07,,,unavailable
2026-09-26,AGP,KTW,2027-07-08,,,unavailable
2026-09-26,AGP,KTW,2027-07-09,,,unavailable
2026-09-26,AGP,KTW,2027-07-10,06:05,485.00,ok
2026-09-26,AGP,KTW,2027-07-11,,,unavailable
2026-09-26,AGP,KTW,2027-07-12,,,unavailable
2026-09-26,AGP,KTW,2027-07-13,10:35,485.00,ok
2026-09-26,AGP,KTW,2027-07-14,,,unavailable
2026-09-26,AGP,KTW,2027-07-15,,,unavailable
2026-09-26,AGP,KTW,2027-07-16,,,unavailable
2026-09-26,AGP,KTW,2027-07-17,06:05,535.00,ok
2026-09-26,AGP,KTW,2027-07-18,,,unavailable
2026-09-26,AGP,KTW,2027-07-19,,,unavailable
2026-09-26,AGP,KTW,2027-07-20,10:35,485.00,ok
2026-09-26,AGP,KTW,2027-07-21,,,unavailable
2026-09-26,AGP,KTW,2027-07-22,,,unavailable
2026-09-26,AGP,KTW,2027-07-23,,,unavailable
2026-09-26,AGP,KTW,2027-07-24,06:05,535.00,ok
2026-09-26,AGP,KTW,2027-07-25,,,unavailable
2026-09-26,AGP,KTW,2027-07-26,,,unavailable
2026-09-26,AGP,KTW,2027-07-27,10:35,535.00,ok
2026-09-26,AGP,KTW,2027-07-28,,,unavailable
2026-09-26,AGP,KTW,2027-07-29,,,unavailable
2026-09-26,AGP,KTW,2027-07-30,,,unavailable
2026-09-26,AGP,KTW,2027-07-31,06:05,539.38,ok
2026-09-26,AGP,KTW,2027-08-01,,,unavailable
2026-09-26,AGP,KTW,2027-08-02,,,unavailable
2026-09-26,AGP,KTW,2027-08-03,10:35,489.38,ok
2026-09-26,AGP,KTW,2027-08-04,,,unavailable
2026-09-26,AGP,KTW,2027-08-05,,,unavailable
2026-09-26,AGP,KTW,2027-08-06,,,unavailable
2026-09-26,AGP,KTW,2027-08-07,06:05,485.00,ok
2026-09-26,AGP,KTW,2027-08-08,,,unavailable
2026-09-26,AGP,KTW,2027-08-09,,,unavailable
2026-09-26,AGP,KTW,2027-08-10,10:35,489.38,ok
2026-09-26,AGP,KTW,2027-08-11,,,unavailable
2026-09-26,AGP,KTW,2027-08-12,,,unavailable
2026-09-26,AGP,KTW,2027-08-13,,,unavailable
2026-09-26,AGP,KTW,2027-08-14,06:05,535.00,ok
2026-09-26,AGP,KTW,2027-08-15,,,unavailable
2026-09-26,AGP,KTW,2027-08-16,,,unavailable
2026-09-26,AGP,KTW,2027-08-17,10:35,535.00,ok
2026-09-26,AGP,KTW,2027-08-18,,,unavailable
2026-09-26,AGP,KTW,2027-08-19,,,unavailable
2026-09-26,AGP,KTW,2027-08-20,,,unavailable
2026-09-26,AGP,KTW,2027-08-21,06:05,535.00,ok
2026-09-26,AGP,KTW,2027-08-22,,,unavailable
2026-09-26,AGP,KTW,2027-08-23,,,unavailable
2026-09-26,AGP,KTW,2027-08-24,10:35,485.00,ok
2026-09-26,AGP,KTW,2027-08-25,,,unavailable
2026-09-26,AGP,KTW,2027-08-26,,,unavailable
2026-09-26,AGP,KTW,2027-08-27,,,unavailable
2026-09-26,AGP,KTW,2027-08-28,06:05,535.00,ok
2026-09-26,AGP,KTW,2027-08-29,,,unavailable
2026-09-26,AGP,KTW,2027-08-30,,,unavailable
2026-09-26,AGP,KTW,2027-08-31,10:35,485.00,ok
2026-09-26,KTW,AHO,2026-09-26,,,unavailable
2026-09-26,KTW,AHO,2026-09-27,06:40,278.46,ok
2026-09-26,KTW,AHO,2026-09-28,12:20,114.13,ok
2026-09-26,KTW,AHO,2026-09-29,,,unavailable
2026-09-26,KTW,AHO,2026-09-30,12:00,108.00,ok
2026-09-26,KTW,AHO,2026-10-01,15:45,108.00,ok
2026-09-26,KTW,AHO,2026-10-02,10:05,111.47,ok
2026-09-26,KTW,AHO,2026-10-03,,,unavailable
2026-09-26,KTW,AHO,2026-10-04,06:40,108.00,ok
2026-09-26,KTW,AHO,2026-10-05,12:20,108.00,ok
2026-09-26,KTW,AHO,2026-10-06,,,unavailable
2026-09-26,KTW,AHO,2026-10-07,12:00,136.00,ok
2026-09-26,KTW,AHO,2026-10-08,15:45,168.40,ok
2026-09-26,KTW,AHO,2026-10-09,10:05,133.96,ok
2026-09-26,KTW,AHO,2026-10-10,,,unavailable
2026-09-26,KTW,AHO,2026-10-11,06:40,159.20,ok
2026-09-26,KTW,AHO,2026-10-12,12:20,138.17,ok
2026-09-26,KTW,AHO,2026-10-13,,,unavailable
2026-09-26,KTW,AHO,2026-10-14,12:30,115.15,ok
2026-09-26,KTW,AHO,2026-10-15,15:45,133.96,ok
2026-09-26,KTW,AHO,2026-10-16,10:05,266.43,ok
2026-09-26,KTW,AHO,2026-10-17,,,unavailable
2026-09-26,KTW,AHO,2026-10-18,06:40,159.20,ok
2026-09-26,KTW,AHO,2026-10-19,12:20,133.96,ok
2026-09-26,KTW,AHO,2026-10-20,,,unavailable
2026-09-26,KTW,AHO,2026-10-21,12:30,108.00,ok
2026-09-26,KTW,AHO,2026-10-22,15:45,108.00,ok
2026-09-26,KTW,AHO,2026-10-23,10:05,108.48,ok
2026-09-26,KTW,AHO,2026-10-24,,,unavailable
2026-09-26,KTW,AHO,2026-10-25,,,unavailable
2026-09-26,KTW,AHO,2026-10-26,,,unavailable
2026-09-26,KTW,AHO,2026-10-27,,,unavailable
2026-09-26,KTW,AHO,2026-10-28,,,unavailable
2026-09-26,KTW,AHO,2026-10-29,,,unavailable
2026-09-26,KTW,AHO,2026-10-30,,,unavailable
2026-09-26,KTW,AHO,2026-10-31,,,unavailable
2026-09-26,KTW,AHO,2026-11-01,,,unavailable
2026-09-26,KTW,AHO,2026-11-02,,,unavailable
2026-09-26,KTW,AHO,2026-11-03,,,unavailable
2026-09-26,KTW,AHO,2026-11-04,,,unavailable
2026-09-26,KTW,AHO,2026-11-05,,,unavailable
2026-09-26,KTW,AHO,2026-11-06,,,unavailable
2026-09-26,KTW,AHO,2026-11-07,,,unavailable
2026-09-26,KTW,AHO,2026-11-08,,,unavailable
2026-09-26,KTW,AHO,2026-11-09,,,unavailable
2026-09-26,KTW,AHO,2026-11-10,,,unavailable
2026-09-26,KTW,AHO,2026-11-11,,,unavailable
2026-09-26,KTW,AHO,2026-11-12,,,unavailable
2026-09-26,KTW,AHO,2026-11-13,,,unavailable
2026-09-26,KTW,AHO,2026-11-14,,,unavailable
2026-09-26,KTW,AHO,2026-11-15,,,unavailable
2026-09-26,KTW,AHO,2026-11-16,,,unavailable
2026-09-26,KTW,AHO,2026-11-17,,,unavailable
2026-09-26,KTW,AHO,2026-11-18,,,unavailable
2026-09-26,KTW,AHO,2026-11-19,,,unavailable
2026-09-26,KTW,AHO,2026-11-20,,,unavailable
2026-09-26,KTW,AHO,2026-11-21,,,unavailable
2026-09-26,KTW,AHO,2026-11-22,,,unavailable
2026-09-26,KTW,AHO,2026-11-23,,,unavailable
2026-09-26,KTW,AHO,2026-11-24,,,unavailable
2026-09-26,KTW,AHO,2026-11-25,,,unavailable
2026-09-26,KTW,AHO,2026-11-26,,,unavailable
2026-09-26,KTW,AHO,2026-11-27,,,unavailable
2026-09-26,KTW,AHO,2026-11-28,,,unavailable
2026-09-26,KTW,AHO,2026-11-29,,,unavailable
2026-09-26,KTW,AHO,2026-11-30,,,unavailable
2026-09-26,KTW,AHO,2026-12-01,,,unavailable
2026-09-26,KTW,AHO,2026-12-02,,,unavailable
2026-09-26,KTW,AHO,2026-12-03,,,unavailable
2026-09-26,KTW,AHO,2026-12-04,,,unavailable
2026-09-26,KTW,AHO,2026-12-05,,,unavailable
2026-09-26,KTW,AHO,2026-12-06,,,unavailable
2026-09-26,KTW,AHO,2026-12-07,,,unavailable
2026-09-26,KTW,AHO,2026-12-08,,,unavailable
2026-09-26,KTW,AHO,2026-12-09,,,unavailable
2026-09-26,KTW,AHO,2026-12-10,,,unavailable
2026-09-26,KTW,AHO,2026-12-11,,,unavailable
2026-09-26,KTW,AHO,2026-12-12,,,unavailable
2026-09-26,KTW,AHO,2026-12-13,,,unavailable
2026-09-26,KTW,AHO,2026-12-14,,,unavailable
2026-09-26,KTW,AHO,2026-12-15,,,unavailable
2026-09-26,KTW,AHO,2026-12-16,,,unavailable
2026-09-26,KTW,AHO,2026-12-17,,,unavailable
2026-09-26,KTW,AHO,2026-12-18,,,unavailable
2026-09-26,KTW,AHO,2026-12-19,,,unavailable
2026-09-26,KTW,AHO,2026-12-20,,,unavailable
2026-09-26,KTW,AHO,2026-12-21,,,unavailable
2026-09-26,KTW,AHO,2026-12-22,,,unavailable
2026-09-26,KTW,AHO,2026-12-23,,,unavailable
2026-09-26,KTW,AHO,2026-12-24,,,unavailable
2026-09-26,KTW,AHO,2026-12-25,,,unavailable
2026-09-26,KTW,AHO,2026-12-26,,,unavailable
2026-09-26,KTW,AHO,2026-12-27,,,unavailable
2026-09-26,KTW,AHO,2026-12-28,,,unavailable
2026-09-26,KTW,AHO,2026-12-29,,,unavailable
2026-09-26,KTW,AHO,2026-12-30,,,unavailable
2026-09-26,KTW,AHO,2026-12-31,,,unavailable
2026-09-26,KTW,AHO,2027-01-01,,,unavailable
2026-09-26,KTW,AHO,2027-01-02,,,unavailable
2026-09-26,KTW,AHO,2027-01-03,,,unavailable
2026-09-26,KTW,AHO,2027-01-04,,,unavailable
2026-09-26,KTW,AHO,2027-01-05,,,unavailable
2026-09-26,KTW,AHO,2027-01-06,,,unavailable
2026-09-26,KTW,AHO,2027-01-07,,,unavailable
2026-09-26,KTW,AHO,2027-01-08,,,unavailable
2026-09-26,KTW,AHO,2027-01-09,,,unavailable
2026-09-26,KTW,AHO,2027-01-10,,,unavailable
2026-09-26,KTW,AHO,2027-01-11,,,unavailable
2026-09-26,KTW,AHO,2027-01-12,,,unavailable
2026-09-26,KTW,AHO,2027-01-13,,,unavailable
2026-09-26,KTW,AHO,2027-01-14,,,unavailable
2026-09-26,KTW,AHO,2027-01-15,,,unavailable
2026-09-26,KTW,AHO,2027-01-16,,,unavailable
2026-09-26,KTW,AHO,2027-01-17,,,unavailable
2026-09-26,KTW,AHO,2027-01-18,,,unavailable
2026-09-26,KTW,AHO,2027-01-19,,,unavailable
2026-09-26,KTW,AHO,2027-01-20,,,unavailable
2026-09-26,KTW,AHO,2027-01-21,,,unavailable
2026-09-26,KTW,AHO,2027-01-22,,,unavailable
2026-09-26,KTW,AHO,2027-01-23,,,unavailable
2026-09-26,KTW,AHO,2027-01-24,,,unavailable
2026-09-26,KTW,AHO,2027-01-25,,,unavailable
2026-09-26,KTW,AHO,2027-01-26,,,unavailable
2026-09-26,KTW,AHO,2027-01-27,,,unavailable
2026-09-26,KTW,AHO,2027-01-28,,,unavailable
2026-09-26,KTW,AHO,2027-01-29,,,unavailable
2026-09-26,KTW,AHO,2027-01-30,,,unavailable
2026-09-26,KTW,AHO,2027-01-31,,,unavailable
2026-09-26,KTW,AHO,2027-02-01,,,unavailable
2026-09-26,KTW,AHO,2027-02-02,,,unavailable
2026-09-26,KTW,AHO,2027-02-03,,,unavailable
2026-09-26,KTW,AHO,2027-02-04,,,unavailable
2026-09-26,KTW,AHO,2027-02-05,,,unavailable
2026-09-26,KTW,AHO,2027-02-06,,,unavailable
2026-09-26,KTW,AHO,2027-02-07,,,unavailable
2026-09-26,KTW,AHO,2027-02-08,,,unavailable
2026-09-26,KTW,AHO,2027-02-09,,,unavailable
2026-09-26,KTW,AHO,2027-02-10,,,unavailable
2026-09-26,KTW,AHO,2027-02-11,,,unavailable
2026-09-26,KTW,AHO,2027-02-12,,,unavailable
2026-09-26,KTW,AHO,2027-02-13,,,unavailable
2026-09-26,KTW,AHO,2027-02-14,,,unavailable
2026-09-26,KTW,AHO,2027-02-15,,,unavailable
2026-09-26,KTW,AHO,2027-02-16,,,unavailable
2026-09-26,KTW,AHO,2027-02-17,,,unavailable
2026-09-26,KTW,AHO,2027-02-18,,,unavailable
2026-09-26,KTW,AHO,2027-02-19,,,unavailable
2026-09-26,KTW,AHO,2027-02-20,,,unavailable
2026-09-26,KTW,AHO,2027-02-21,,,unavailable
2026-09-26,KTW,AHO,2027-02-22,,,unavailable
2026-09-26,KTW,AHO,2027-02-23,,,unavailable
2026-09-26,KTW,AHO,2027-02-24,,,unavailable
2026-09-26,KTW,AHO,2027-02-25,,,unavailable
2026-09-26,KTW,AHO,2027-02-26,,,unavailable
2026-09-26,KTW,AHO,2027-02-27,,,unavailable
2026-09-26,KTW,AHO,2027-02-28,,,unavailable
2026-09-26,KTW,AHO,2027-03-01,,,unavailable
2026-09-26,KTW,AHO,2027-03-02,,,unavailable
2026-09-26,KTW,AHO,2027-03-03,,,unavailable
2026-09-26,KTW,AHO,2027-03-04,,,unavailable
2026-09-26,KTW,AHO,2027-03-05,,,unavailable
2026-09-26,KTW,AHO,2027-03-06,,,unavailable
2026-09-26,KTW,AHO,2027-03-07,,,unavailable
2026-09-26,KTW,AHO,2027-03-08,,,unavailable
2026-09-26,KTW,AHO,2027-03-09,,,unavailable
2026-09-26,KTW,AHO,2027-03-10,,,unavailable
2026-09-26,KTW,AHO,2027-03-11,,,unavailable
2026-09-26,KTW,AHO,2027-03-12,,,unavailable
2026-09-26,KTW,AHO,2027-03-13,,,unavailable
2026-09-26,KTW,AHO,2027-03-14,,,unavailable
2026-09-26,KTW,AHO,2027-03-15,,,unavailable
2026-09-26,KTW,AHO,2027-03-16,,,unavailable
2026-09-26,KTW,AHO,2027-03-17,,,unavailable
2026-09-26,KTW,AHO,2027-03-18,,,unavailable
2026-09-26,KTW,AHO,2027-03-19,,,unavailable
2026-09-26,KTW,AHO,2027-03-20,,,unavailable
2026-09-26,KTW,AHO,2027-03-21,,,unavailable
2026-09-26,KTW,AHO,2027-03-22,,,unavailable
2026-09-26,KTW,AHO,2027-03-23,,,unavailable
2026-09-26,KTW,AHO,2027-03-24,,,unavailable
2026-09-26,KTW,AHO,2027-03-25,,,unavailable
2026-09-26,KTW,AHO,2027-03-26,,,unavailable
2026-09-26,KTW,AHO,2027-03-27,,,unavailable
2026-09-26,KTW,AHO,2027-03-28,06:15,302.00,ok
2026-09-26,KTW,AHO,2027-03-29,17:50,302.00,ok
2026-09-26,KTW,AHO,2027-03-30,17:55,302.00,ok
2026-09-26,KTW,AHO,2027-03-31,06:15,485.00,ok
2026-09-26,KTW,AHO,2027-04-01,,,unavailable
2026-09-26,KTW,AHO,2027-04-02,20:10,586.00,ok
2026-09-26,KTW,AHO,2027-04-03,,,unavailable
2026-09-26,KTW,AHO,2027-04-04,06:15,586.00,ok
2026-09-26,KTW,AHO,2027-04-05,17:50,586.00,ok
2026-09-26,KTW,AHO,2027-04-06,17:55,586.00,ok
2026-09-26,KTW,AHO,2027-04-07,06:15,302.00,ok
2026-09-26,KTW,AHO,2027-04-08,,,unavailable
2026-09-26,KTW,AHO,2027-04-09,20:10,344.00,ok
2026-09-26,KTW,AHO,2027-04-10,,,unavailable
2026-09-26,KTW,AHO,2027-04-11,06:15,302.00,ok
2026-09-26,KTW,AHO,2027-04-12,17:50,302.00,ok
2026-09-26,KTW,AHO,2027-04-13,17:55,302.00,ok
2026-09-26,KTW,AHO,2027-04-14,06:15,302.00,ok
2026-09-26,KTW,AHO,2027-04-15,,,unavailable
2026-09-26,KTW,AHO,2027-04-16,20:10,391.00,ok
2026-09-26,KTW,AHO,2027-04-17,,,unavailable
2026-09-26,KTW,AHO,2027-04-18,06:15,302.00,ok
2026-09-26,KTW,AHO,2027-04-19,17:50,302.00,ok
2026-09-26,KTW,AHO,2027-04-20,17:55,302.00,ok
2026-09-26,KTW,AHO,2027-04-21,06:15,302.00,ok
2026-09-26,KTW,AHO,2027-04-22,,,unavailable
2026-09-26,KTW,AHO,2027-04-23,20:10,391.00,ok
2026-09-26,KTW,AHO,2027-04-24,,,unavailable
2026-09-26,KTW,AHO,2027-04-25,06:15,344.00,ok
2026-09-26,KTW,AHO,2027-04-26,17:50,302.00,ok
2026-09-26,KTW,AHO,2027-04-27,17:55,344.00,ok
2026-09-26,KTW,AHO,2027-04-28,06:15,442.00,ok
2026-09-26,KTW,AHO,2027-04-29,,,unavailable
2026-09-26,KTW,AHO,2027-04-30,20:10,590.38,ok
2026-09-26,KTW,AHO,2027-05-01,,,unavailable
2026-09-26,KTW,AHO,2027-05-02,06:15,391.00,ok
2026-09-26,KTW,AHO,2027-05-03,17:50,395.38,ok
2026-09-26,KTW,AHO,2027-05-04,17:55,302.00,ok
2026-09-26,KTW,AHO,2027-05-05,06:15,302.00,ok
2026-09-26,KTW,AHO,2027-05-06,,,unavailable
2026-09-26,KTW,AHO,2027-05-07,20:10,485.00,ok
2026-09-26,KTW,AHO,2027-05-08,,,unavailable
2026-09-26,KTW,AHO,2027-05-09,06:15,442.00,ok
2026-09-26,KTW,AHO,2027-05-10,17:50,391.00,ok
2026-09-26,KTW,AHO,2027-05-11,17:55,302.00,ok
2026-09-26,KTW,AHO,2027-05-12,06:15,306.38,ok
2026-09-26,KTW,AHO,2027-05-13,,,unavailable
2026-09-26,KTW,AHO,2027-05-14,20:10,442.00,ok
2026-09-26,KTW,AHO,2027-05-15,,,unavailable
2026-09-26,KTW,AHO,2027-05-16,06:15,344.00,ok
2026-09-26,KTW,AHO,2027-05-17,17:50,391.00,ok
2026-09-26,KTW,AHO,2027-05-18,17:55,344.00,ok
2026-09-26,KTW,AHO,2027-05-19,06:15,391.00,ok
2026-09-26,KTW,AHO,2027-05-20,,,unavailable
2026-09-26,KTW,AHO,2027-05-21,20:10,442.00,ok
2026-09-26,KTW,AHO,2027-05-22,,,unavailable
2026-09-26,KTW,AHO,2027-05-23,06:15,442.00,ok
2026-09-26,KTW,AHO,2027-05-24,17:50,477.05,ok
2026-09-26,KTW,AHO,2027-05-25,17:55,344.00,ok
2026-09-26,KTW,AHO,2027-05-26,06:15,391.00,ok
2026-09-26,KTW,AHO,2027-05-27,,,unavailable
2026-09-26,KTW,AHO,2027-05-28,20:10,391.00,ok
2026-09-26,KTW,AHO,2027-05-29,,,unavailable
2026-09-26,KTW,AHO,2027-05-30,06:15,446.38,ok
2026-09-26,KTW,AHO,2027-05-31,17:50,391.00,ok
2026-09-26,KTW,AHO,2027-06-01,17:55,391.00,ok
2026-09-26,KTW,AHO,2027-06-02,06:15,485.00,ok
2026-09-26,KTW,AHO,2027-06-03,,,unavailable
2026-09-26,KTW,AHO,2027-06-04,20:10,485.00,ok
2026-09-26,KTW,AHO,2027-06-05,,,unavailable
2026-09-26,KTW,AHO,2027-06-06,06:15,485.00,ok
2026-09-26,KTW,AHO,2027-06-07,17:50,535.00,ok
2026-09-26,KTW,AHO,2027-06-08,17:55,535.00,ok
2026-09-26,KTW,AHO,2027-06-09,06:15,485.00,ok
2026-09-26,KTW,AHO,2027-06-10,,,unavailable
2026-09-26,KTW,AHO,2027-06-11,20:10,485.00,ok
2026-09-26,KTW,AHO,2027-06-12,,,unavailable
2026-09-26,KTW,AHO,2027-06-13,06:15,485.00,ok
2026-09-26,KTW,AHO,2027-06-14,17:50,485.00,ok
2026-09-26,KTW,AHO,2027-06-15,17:55,485.00,ok
2026-09-26,KTW,AHO,2027-06-16,06:15,485.00,ok
2026-09-26,KTW,AHO,2027-06-17,,,unavailable
2026-09-26,KTW,AHO,2027-06-18,20:10,485.00,ok
2026-09-26,KTW,AHO,2027-06-19,,,unavailable
2026-09-26,KTW,AHO,2027-06-20,06:15,535.00,ok
2026-09-26,KTW,AHO,2027-06-21,17:50,535.00,ok
2026-09-26,KTW,AHO,2027-06-22,17:55,535.00,ok
2026-09-26,KTW,AHO,2027-06-23,06:15,489.38,ok
2026-09-26,KTW,AHO,2027-06-24,,,unavailable
2026-09-26,KTW,AHO,2027-06-25,20:10,485.00,ok
2026-09-26,KTW,AHO,2027-06-26,,,unavailable
2026-09-26,KTW,AHO,2027-06-27,06:15,642.00,ok
2026-09-26,KTW,AHO,2027-06-28,17:50,485.00,ok
2026-09-26,KTW,AHO,2027-06-29,17:55,485.00,ok
2026-09-26,KTW,AHO,2027-06-30,06:15,535.00,ok
2026-09-26,KTW,AHO,2027-07-01,,,unavailable
2026-09-26,KTW,AHO,2027-07-02,20:10,485.00,ok
2026-09-26,KTW,AHO,2027-07-03,,,unavailable
2026-09-26,KTW,AHO,2027-07-04,06:15,485.00,ok
2026-09-26,KTW,AHO,2027-07-05,17:50,485.00,ok
2026-09-26,KTW,AHO,2027-07-06,17:55,485.00,ok
2026-09-26,KTW,AHO,2027-07-07,06:15,442.00,ok
2026-09-26,KTW,AHO,2027-07-08,,,unavailable
2026-09-26,KTW,AHO,2027-07-09,20:10,485.00,ok
2026-09-26,KTW,AHO,2027-07-10,,,unavailable
2026-09-26,KTW,AHO,2027-07-11,06:15,535.00,ok
2026-09-26,KTW,AHO,2027-07-12,17:50,485.00,ok
2026-09-26,KTW,AHO,2027-07-13,17:55,489.38,ok
2026-09-26,KTW,AHO,2027-07-14,06:15,442.00,ok
2026-09-26,KTW,AHO,2027-07-15,,,unavailable
2026-09-26,KTW,AHO,2027-07-16,20:10,485.00,ok
2026-09-26,KTW,AHO,2027-07-17,,,unavailable
2026-09-26,KTW,AHO,2027-07-18,06:15,485.00,ok
2026-09-26,KTW,AHO,2027-07-19,17:50,485.00,ok
2026-09-26,KTW,AHO,2027-07-20,17:55,485.00,ok
2026-09-26,KTW,AHO,2027-07-21,06:15,442.00,ok
2026-09-26,KTW,AHO,2027-07-22,,,unavailable
2026-09-26,KTW,AHO,2027-07-23,20:10,442.00,ok
2026-09-26,KTW,AHO,2027-07-24,,,unavailable
2026-09-26,KTW,AHO,2027-07-25,06:15,442.00,ok
2026-09-26,KTW,AHO,2027-07-26,17:50,485.00,ok
2026-09-26,KTW,AHO,2027-07-27,17:55,485.00,ok
2026-09-26,KTW,AHO,2027-07-28,06:15,391.00,ok
2026-09-26,KTW,AHO,2027-07-29,,,unavailable
2026-09-26,KTW,AHO,2027-07-30,20:10,442.00,ok
2026-09-26,KTW,AHO,2027-07-31,,,unavailable
2026-09-26,KTW,AHO,2027-08-01,06:15,442.00,ok
2026-09-26,KTW,AHO,2027-08-02,17:50,442.00,ok
2026-09-26,KTW,AHO,2027-08-03,17:55,442.00,ok
2026-09-26,KTW,AHO,2027-08-04,06:15,391.00,ok
2026-09-26,KTW,AHO,2027-08-05,,,unavailable
2026-09-26,KTW,AHO,2027-08-06,20:10,391.00,ok
2026-09-26,KTW,AHO,2027-08-07,,,unavailable
2026-09-26,KTW,AHO,2027-08-08,06:15,391.00,ok
2026-09-26,KTW,AHO,2027-08-09,17:50,442.00,ok
2026-09-26,KTW,AHO,2027-08-10,17:55,442.00,ok
2026-09-26,KTW,AHO,2027-08-11,06:15,391.00,ok
2026-09-26,KTW,AHO,2027-08-12,,,unavailable
2026-09-26,KTW,AHO,2027-08-13,20:10,391.00,ok
2026-09-26,KTW,AHO,2027-08-14,,,unavailable
2026-09-26,KTW,AHO,2027-08-15,06:15,442.00,ok
2026-09-26,KTW,AHO,2027-08-16,17:50,485.00,ok
2026-09-26,KTW,AHO,2027-08-17,17:55,485.00,ok
2026-09-26,KTW,AHO,2027-08-18,06:15,442.00,ok
2026-09-26,KTW,AHO,2027-08-19,,,unavailable
2026-09-26,KTW,AHO,2027-08-20,20:10,485.00,ok
2026-09-26,KTW,AHO,2027-08-21,,,unavailable
2026-09-26,KTW,AHO,2027-08-22,06:15,442.00,ok
2026-09-26,KTW,AHO,2027-08-23,17:50,442.00,ok
2026-09-26,KTW,AHO,2027-08-24,17:55,442.00,ok
2026-09-26,KTW,AHO,2027-08-25,06:15,391.00,ok
2026-09-26,KTW,AHO,2027-08-26,,,unavailable
2026-09-26,KTW,AHO,2027-08-27,20:10,442.00,ok
2026-09-26,KTW,AHO,2027-08-28,,,unavailable
2026-09-26,KTW,AHO,2027-08-29,06:15,485.00,ok
2026-09-26,KTW,AHO,2027-08-30,17:50,485.00,ok
2026-09-26,KTW,AHO,2027-08-31,17:55,485.00,ok
2026-09-26,AHO,KTW,2026-09-26,,,unavailable
2026-09-26,AHO,KTW,2026-09-27,09:25,1460.94,ok
2026-09-26,AHO,KTW,2026-09-28,15:05,1730.12,ok
2026-09-26,AHO,KTW,2026-09-29,,,unavailable
2026-09-26,AHO,KTW,2026-09-30,14:45,917.08,ok
2026-09-26,AHO,KTW,2026-10-01,18:30,735.67,ok
2026-09-26,AHO,KTW,2026-10-02,12:50,1063.54,ok
2026-09-26,AHO,KTW,2026-10-03,,,unavailable
2026-09-26,AHO,KTW,2026-10-04,,,unavailable
2026-09-26,AHO,KTW,2026-10-05,15:05,1586.42,ok
2026-09-26,AHO,KTW,2026-10-06,,,unavailable
2026-09-26,AHO,KTW,2026-10-07,14:45,1079.31,ok
2026-09-26,AHO,KTW,2026-10-08,18:30,456.02,ok
2026-09-26,AHO,KTW,2026-10-09,12:50,449.01,ok
2026-09-26,AHO,KTW,2026-10-10,,,unavailable
2026-09-26,AHO,KTW,2026-10-11,09:25,705.00,ok
2026-09-26,AHO,KTW,2026-10-12,15:05,1185.26,ok
2026-09-26,AHO,KTW,2026-10-13,,,unavailable
2026-09-26,AHO,KTW,2026-10-14,15:15,304.13,ok
2026-09-26,AHO,KTW,2026-10-15,18:30,362.40,ok
2026-09-26,AHO,KTW,2026-10-16,12:50,396.44,ok
2026-09-26,AHO,KTW,2026-10-17,,,unavailable
2026-09-26,AHO,KTW,2026-10-18,09:25,1134.00,ok
2026-09-26,AHO,KTW,2026-10-19,15:05,562.27,ok
2026-09-26,AHO,KTW,2026-10-20,,,unavailable
2026-09-26,AHO,KTW,2026-10-21,15:15,232.68,ok
2026-09-26,AHO,KTW,2026-10-22,18:30,318.43,ok
2026-09-26,AHO,KTW,2026-10-23,12:50,350.13,ok
2026-09-26,AHO,KTW,2026-10-24,,,unavailable
2026-09-26,AHO,KTW,2026-10-25,,,unavailable
2026-09-26,AHO,KTW,2026-10-26,,,unavailable
2026-09-26,AHO,KTW,2026-10-27,,,unavailable
2026-09-26,AHO,KTW,2026-10-28,,,unavailable
2026-09-26,AHO,KTW,2026-10-29,,,unavailable
2026-09-26,AHO,KTW,2026-10-30,,,unavailable
2026-09-26,AHO,KTW,2026-10-31,,,unavailable
2026-09-26,AHO,KTW,2026-11-01,,,unavailable
2026-09-26,AHO,KTW,2026-11-02,,,unavailable
2026-09-26,AHO,KTW,2026-11-03,,,unavailable
2026-09-26,AHO,KTW,2026-11-04,,,unavailable
2026-09-26,AHO,KTW,2026-11-05,,,unavailable
2026-09-26,AHO,KTW,2026-11-06,,,unavailable
2026-09-26,AHO,KTW,2026-11-07,,,unavailable
2026-09-26,AHO,KTW,2026-11-08,,,unavailable
2026-09-26,AHO,KTW,2026-11-09,,,unavailable
2026-09-26,AHO,KTW,2026-11-10,,,unavailable
2026-09-26,AHO,KTW,2026-11-11,,,unavailable
2026-09-26,AHO,KTW,2026-11-12,,,unavailable
2026-09-26,AHO,KTW,2026-11-13,,,unavailable
2026-09-26,AHO,KTW,2026-11-14,,,unavailable
2026-09-26,AHO,KTW,2026-11-15,,,unavailable
2026-09-26,AHO,KTW,2026-11-16,,,unavailable
2026-09-26,AHO,KTW,2026-11-17,,,unavailable
2026-09-26,AHO,KTW,2026-11-18,,,unavailable
2026-09-26,AHO,KTW,2026-11-19,,,unavailable
2026-09-26,AHO,KTW,2026-11-20,,,unavailable
2026-09-26,AHO,KTW,2026-11-21,,,unavailable
2026-09-26,AHO,KTW,2026-11-22,,,unavailable
2026-09-26,AHO,KTW,2026-11-23,,,unavailable
2026-09-26,AHO,KTW,2026-11-24,,,unavailable
2026-09-26,AHO,KTW,2026-11-25,,,unavailable
2026-09-26,AHO,KTW,2026-11-26,,,unavailable
2026-09-26,AHO,KTW,2026-11-27,,,unavailable
2026-09-26,AHO,KTW,2026-11-28,,,unavailable
2026-09-26,AHO,KTW,2026-11-29,,,unavailable
2026-09-26,AHO,KTW,2026-11-30,,,unavailable
2026-09-26,AHO,KTW,2026-12-01,,,unavailable
2026-09-26,AHO,KTW,2026-12-02,,,unavailable
2026-09-26,AHO,KTW,2026-12-03,,,unavailable
2026-09-26,AHO,KTW,2026-12-04,,,unavailable
2026-09-26,AHO,KTW,2026-12-05,,,unavailable
2026-09-26,AHO,KTW,2026-12-06,,,unavailable
2026-09-26,AHO,KTW,2026-12-07,,,unavailable
2026-09-26,AHO,KTW,2026-12-08,,,unavailable
2026-09-26,AHO,KTW,2026-12-09,,,unavailable
2026-09-26,AHO,KTW,2026-12-10,,,unavailable
2026-09-26,AHO,KTW,2026-12-11,,,unavailable
2026-09-26,AHO,KTW,2026-12-12,,,unavailable
2026-09-26,AHO,KTW,2026-12-13,,,unavailable
2026-09-26,AHO,KTW,2026-12-14,,,unavailable
2026-09-26,AHO,KTW,2026-12-15,,,unavailable
2026-09-26,AHO,KTW,2026-12-16,,,unavailable
2026-09-26,AHO,KTW,2026-12-17,,,unavailable
2026-09-26,AHO,KTW,2026-12-18,,,unavailable
2026-09-26,AHO,KTW,2026-12-19,,,unavailable
2026-09-26,AHO,KTW,2026-12-20,,,unavailable
2026-09-26,AHO,KTW,2026-12-21,,,unavailable
2026-09-26,AHO,KTW,2026-12-22,,,unavailable
2026-09-26,AHO,KTW,2026-12-23,,,unavailable
2026-09-26,AHO,KTW,2026-12-24,,,unavailable
2026-09-26,AHO,KTW,2026-12-25,,,unavailable
2026-09-26,AHO,KTW,2026-12-26,,,unavailable
2026-09-26,AHO,KTW,2026-12-27,,,unavailable
2026-09-26,AHO,KTW,2026-12-28,,,unavailable
2026-09-26,AHO,KTW,2026-12-29,,,unavailable
2026-09-26,AHO,KTW,2026-12-30,,,unavailable
2026-09-26,AHO,KTW,2026-12-31,,,unavailable
2026-09-26,AHO,KTW,2027-01-01,,,unavailable
2026-09-26,AHO,KTW,2027-01-02,,,unavailable
2026-09-26,AHO,KTW,2027-01-03,,,unavailable
2026-09-26,AHO,KTW,2027-01-04,,,unavailable
2026-09-26,AHO,KTW,2027-01-05,,,unavailable
2026-09-26,AHO,KTW,2027-01-06,,,unavailable
2026-09-26,AHO,KTW,2027-01-07,,,unavailable
2026-09-26,AHO,KTW,2027-01-08,,,unavailable
2026-09-26,AHO,KTW,2027-01-09,,,unavailable
2026-09-26,AHO,KTW,2027-01-10,,,unavailable
2026-09-26,AHO,KTW,2027-01-11,,,unavailable
2026-09-26,AHO,KTW,2027-01-12,,,unavailable
2026-09-26,AHO,KTW,2027-01-13,,,unavailable
2026-09-26,AHO,KTW,2027-01-14,,,unavailable
2026-09-26,AHO,KTW,2027-01-15,,,unavailable
2026-09-26,AHO,KTW,2027-01-16,,,unavailable
2026-09-26,AHO,KTW,2027-01-17,,,unavailable
2026-09-26,AHO,KTW,2027-01-18,,,unavailable
2026-09-26,AHO,KTW,2027-01-19,,,unavailable
2026-09-26,AHO,KTW,2027-01-20,,,unavailable
2026-09-26,AHO,KTW,2027-01-21,,,unavailable
2026-09-26,AHO,KTW,2027-01-22,,,unavailable
2026-09-26,AHO,KTW,2027-01-23,,,unavailable
2026-09-26,AHO,KTW,2027-01-24,,,unavailable
2026-09-26,AHO,KTW,2027-01-25,,,unavailable
2026-09-26,AHO,KTW,2027-01-26,,,unavailable
2026-09-26,AHO,KTW,2027-01-27,,,unavailable
2026-09-26,AHO,KTW,2027-01-28,,,unavailable
2026-09-26,AHO,KTW,2027-01-29,,,unavailable
2026-09-26,AHO,KTW,2027-01-30,,,unavailable
2026-09-26,AHO,KTW,2027-01-31,,,unavailable
2026-09-26,AHO,KTW,2027-02-01,,,unavailable
2026-09-26,AHO,KTW,2027-02-02,,,unavailable
2026-09-26,AHO,KTW,2027-02-03,,,unavailable
2026-09-26,AHO,KTW,2027-02-04,,,unavailable
2026-09-26,AHO,KTW,2027-02-05,,,unavailable
2026-09-26,AHO,KTW,2027-02-06,,,unavailable
2026-09-26,AHO,KTW,2027-02-07,,,unavailable
2026-09-26,AHO,KTW,2027-02-08,,,unavailable
2026-09-26,AHO,KTW,2027-02-09,,,unavailable
2026-09-26,AHO,KTW,2027-02-10,,,unavailable
2026-09-26,AHO,KTW,2027-02-11,,,unavailable
2026-09-26,AHO,KTW,2027-02-12,,,unavailable
2026-09-26,AHO,KTW,2027-02-13,,,unavailable
2026-09-26,AHO,KTW,2027-02-14,,,unavailable
2026-09-26,AHO,KTW,2027-02-15,,,unavailable
2026-09-26,AHO,KTW,2027-02-16,,,unavailable
2026-09-26,AHO,KTW,2027-02-17,,,unavailable
2026-09-26,AHO,KTW,2027-02-18,,,unavailable
2026-09-26,AHO,KTW,2027-02-19,,,unavailable
2026-09-26,AHO,KTW,2027-02-20,,,unavailable
2026-09-26,AHO,KTW,2027-02-21,,,unavailable
2026-09-26,AHO,KTW,2027-02-22,,,unavailable
2026-09-26,AHO,KTW,2027-02-23,,,unavailable
2026-09-26,AHO,KTW,2027-02-24,,,unavailable
2026-09-26,AHO,KTW,2027-02-25,,,unavailable
2026-09-26,AHO,KTW,2027-02-26,,,unavailable
2026-09-26,AHO,KTW,2027-02-27,,,unavailable
2026-09-26,AHO,KTW,2027-02-28,,,unavailable
2026-09-26,AHO,KTW,2027-03-01,,,unavailable
2026-09-26,AHO,KTW,2027-03-02,,,unavailable
2026-09-26,AHO,KTW,2027-03-03,,,unavailable
2026-09-26,AHO,KTW,2027-03-04,,,unavailable
2026-09-26,AHO,KTW,2027-03-05,,,unavailable
2026-09-26,AHO,KTW,2027-03-06,,,unavailable
2026-09-26,AHO,KTW,2027-03-07,,,unavailable
2026-09-26,AHO,KTW,2027-03-08,,,unavailable
2026-09-26,AHO,KTW,2027-03-09,,,unavailable
2026-09-26,AHO,KTW,2027-03-10,,,unavailable
2026-09-26,AHO,KTW,2027-03-11,,,unavailable
2026-09-26,AHO,KTW,2027-03-12,,,unavailable
2026-09-26,AHO,KTW,2027-03-13,,,unavailable
2026-09-26,AHO,KTW,2027-03-14,,,unavailable
2026-09-26,AHO,KTW,2027-03-15,,,unavailable
2026-09-26,AHO,KTW,2027-03-16,,,unavailable
2026-09-26,AHO,KTW,2027-03-17,,,unavailable
2026-09-26,AHO,KTW,2027-03-18,,,unavailable
2026-09-26,AHO,KTW,2027-03-19,,,unavailable
2026-09-26,AHO,KTW,2027-03-20,,,unavailable
2026-09-26,AHO,KTW,2027-03-21,,,unavailable
2026-09-26,AHO,KTW,2027-03-22,,,unavailable
2026-09-26,AHO,KTW,2027-03-23,,,unavailable
2026-09-26,AHO,KTW,2027-03-24,,,unavailable
2026-09-26,AHO,KTW,2027-03-25,,,unavailable
2026-09-26,AHO,KTW,2027-03-26,,,unavailable
2026-09-26,AHO,KTW,2027-03-27,,,unavailable
2026-09-26,AHO,KTW,2027-03-28,09:00,344.00,ok
2026-09-26,AHO,KTW,2027-03-29,20:35,535.00,ok
2026-09-26,AHO,KTW,2027-03-30,20:40,485.00,ok
2026-09-26,AHO,KTW,2027-03-31,09:00,535.00,ok
2026-09-26,AHO,KTW,2027-04-01,,,unavailable
2026-09-26,AHO,KTW,2027-04-02,22:55,391.00,ok
2026-09-26,AHO,KTW,2027-04-03,,,unavailable
2026-09-26,AHO,KTW,2027-04-04,09:00,391.00,ok
2026-09-26,AHO,KTW,2027-04-05,20:35,344.00,ok
2026-09-26,AHO,KTW,2027-04-06,20:40,344.00,ok
2026-09-26,AHO,KTW,2027-04-07,09:00,442.00,ok
2026-09-26,AHO,KTW,2027-04-08,,,unavailable
2026-09-26,AHO,KTW,2027-04-09,22:55,302.00,ok
2026-09-26,AHO,KTW,2027-04-10,,,unavailable
2026-09-26,AHO,KTW,2027-04-11,09:00,391.00,ok
2026-09-26,AHO,KTW,2027-04-12,20:35,391.00,ok
2026-09-26,AHO,KTW,2027-04-13,20:40,302.00,ok
2026-09-26,AHO,KTW,2027-04-14,09:00,302.00,ok
2026-09-26,AHO,KTW,2027-04-15,,,unavailable
2026-09-26,AHO,KTW,2027-04-16,22:55,302.00,ok
2026-09-26,AHO,KTW,2027-04-17,,,unavailable
2026-09-26,AHO,KTW,2027-04-18,09:00,344.00,ok
2026-09-26,AHO,KTW,2027-04-19,20:35,344.00,ok
2026-09-26,AHO,KTW,2027-04-20,20:40,302.00,ok
2026-09-26,AHO,KTW,2027-04-21,09:00,302.00,ok
2026-09-26,AHO,KTW,2027-04-22,,,unavailable
2026-09-26,AHO,KTW,2027-04-23,22:55,302.00,ok
2026-09-26,AHO,KTW,2027-04-24,,,unavailable
2026-09-26,AHO,KTW,2027-04-25,09:00,391.00,ok
2026-09-26,AHO,KTW,2027-04-26,20:35,344.00,ok
2026-09-26,AHO,KTW,2027-04-27,20:40,302.00,ok
2026-09-26,AHO,KTW,2027-04-28,09:00,302.00,ok
2026-09-26,AHO,KTW,2027-04-29,,,unavailable
2026-09-26,AHO,KTW,2027-04-30,22:55,395.38,ok
2026-09-26,AHO,KTW,2027-05-01,,,unavailable
2026-09-26,AHO,KTW,2027-05-02,09:00,535.00,ok
2026-09-26,AHO,KTW,2027-05-03,20:35,539.38,ok
2026-09-26,AHO,KTW,2027-05-04,20:40,442.00,ok
2026-09-26,AHO,KTW,2027-05-05,09:00,344.00,ok
2026-09-26,AHO,KTW,2027-05-06,,,unavailable
2026-09-26,AHO,KTW,2027-05-07,22:55,391.00,ok
2026-09-26,AHO,KTW,2027-05-08,,,unavailable
2026-09-26,AHO,KTW,2027-05-09,09:00,485.00,ok
2026-09-26,AHO,KTW,2027-05-10,20:35,391.00,ok
2026-09-26,AHO,KTW,2027-05-11,20:40,344.00,ok
2026-09-26,AHO,KTW,2027-05-12,09:00,446.38,ok
2026-09-26,AHO,KTW,2027-05-13,,,unavailable
2026-09-26,AHO,KTW,2027-05-14,22:55,391.00,ok
2026-09-26,AHO,KTW,2027-05-15,,,unavailable
2026-09-26,AHO,KTW,2027-05-16,09:00,485.00,ok
2026-09-26,AHO,KTW,2027-05-17,20:35,485.00,ok
2026-09-26,AHO,KTW,2027-05-18,20:40,344.00,ok
2026-09-26,AHO,KTW,2027-05-19,09:00,344.00,ok
2026-09-26,AHO,KTW,2027-05-20,,,unavailable
2026-09-26,AHO,KTW,2027-05-21,22:55,391.00,ok
2026-09-26,AHO,KTW,2027-05-22,,,unavailable
2026-09-26,AHO,KTW,2027-05-23,09:00,442.00,ok
2026-09-26,AHO,KTW,2027-05-24,20:35,442.00,ok
2026-09-26,AHO,KTW,2027-05-25,20:40,302.00,ok
2026-09-26,AHO,KTW,2027-05-26,09:00,302.00,ok
2026-09-26,AHO,KTW,2027-05-27,,,unavailable
2026-09-26,AHO,KTW,2027-05-28,22:55,423.86,ok
2026-09-26,AHO,KTW,2027-05-29,,,unavailable
2026-09-26,AHO,KTW,2027-05-30,09:00,446.38,ok
2026-09-26,AHO,KTW,2027-05-31,20:35,485.00,ok
2026-09-26,AHO,KTW,2027-06-01,20:40,485.00,ok
2026-09-26,AHO,KTW,2027-06-02,09:00,442.00,ok
2026-09-26,AHO,KTW,2027-06-03,,,unavailable
2026-09-26,AHO,KTW,2027-06-04,22:55,535.00,ok
2026-09-26,AHO,KTW,2027-06-05,,,unavailable
2026-09-26,AHO,KTW,2027-06-06,09:00,939.00,ok
2026-09-26,AHO,KTW,2027-06-07,20:35,642.00,ok
2026-09-26,AHO,KTW,2027-06-08,20:40,642.00,ok
2026-09-26,AHO,KTW,2027-06-09,09:00,485.00,ok
2026-09-26,AHO,KTW,2027-06-10,,,unavailable
2026-09-26,AHO,KTW,2027-06-11,22:55,485.00,ok
2026-09-26,AHO,KTW,2027-06-12,,,unavailable
2026-09-26,AHO,KTW,2027-06-13,09:00,586.00,ok
2026-09-26,AHO,KTW,2027-06-14,20:35,442.00,ok
2026-09-26,AHO,KTW,2027-06-15,20:40,442.00,ok
2026-09-26,AHO,KTW,2027-06-16,09:00,391.00,ok
2026-09-26,AHO,KTW,2027-06-17,,,unavailable
2026-09-26,AHO,KTW,2027-06-18,22:55,485.00,ok
2026-09-26,AHO,KTW,2027-06-19,,,unavailable
2026-09-26,AHO,KTW,2027-06-20,09:00,535.00,ok
2026-09-26,AHO,KTW,2027-06-21,20:35,485.00,ok
2026-09-26,AHO,KTW,2027-06-22,20:40,485.00,ok
2026-09-26,AHO,KTW,2027-06-23,09:00,446.38,ok
2026-09-26,AHO,KTW,2027-06-24,,,unavailable
2026-09-26,AHO,KTW,2027-06-25,22:55,485.00,ok
2026-09-26,AHO,KTW,2027-06-26,,,unavailable
2026-09-26,AHO,KTW,2027-06-27,09:00,535.00,ok
2026-09-26,AHO,KTW,2027-06-28,20:35,535.00,ok
2026-09-26,AHO,KTW,2027-06-29,20:40,535.00,ok
2026-09-26,AHO,KTW,2027-06-30,09:00,485.00,ok
2026-09-26,AHO,KTW,2027-07-01,,,unavailable
2026-09-26,AHO,KTW,2027-07-02,22:55,485.00,ok
2026-09-26,AHO,KTW,2027-07-03,,,unavailable
2026-09-26,AHO,KTW,2027-07-04,09:00,535.00,ok
2026-09-26,AHO,KTW,2027-07-05,20:35,535.00,ok
2026-09-26,AHO,KTW,2027-07-06,20:40,535.00,ok
2026-09-26,AHO,KTW,2027-07-07,09:00,535.00,ok
2026-09-26,AHO,KTW,2027-07-08,,,unavailable
2026-09-26,AHO,KTW,2027-07-09,22:55,586.00,ok
2026-09-26,AHO,KTW,2027-07-10,,,unavailable
2026-09-26,AHO,KTW,2027-07-11,09:00,642.00,ok
2026-09-26,AHO,KTW,2027-07-12,20:35,642.00,ok
2026-09-26,AHO,KTW,2027-07-13,20:40,646.38,ok
2026-09-26,AHO,KTW,2027-07-14,09:00,586.00,ok
2026-09-26,AHO,KTW,2027-07-15,,,unavailable
2026-09-26,AHO,KTW,2027-07-16,22:55,642.00,ok
2026-09-26,AHO,KTW,2027-07-17,,,unavailable
2026-09-26,AHO,KTW,2027-07-18,09:00,705.00,ok
2026-09-26,AHO,KTW,2027-07-19,20:35,642.00,ok
2026-09-26,AHO,KTW,2027-07-20,20:40,642.00,ok
2026-09-26,AHO,KTW,2027-07-21,09:00,586.00,ok
2026-09-26,AHO,KTW,2027-07-22,,,unavailable
2026-09-26,AHO,KTW,2027-07-23,22:55,586.00,ok
2026-09-26,AHO,KTW,2027-07-24,,,unavailable
2026-09-26,AHO,KTW,2027-07-25,09:00,642.00,ok
2026-09-26,AHO,KTW,2027-07-26,20:35,586.00,ok
2026-09-26,AHO,KTW,2027-07-27,20:40,586.00,ok
2026-09-26,AHO,KTW,2027-07-28,09:00,535.00,ok
2026-09-26,AHO,KTW,2027-07-29,,,unavailable
2026-09-26,AHO,KTW,2027-07-30,22:55,642.00,ok
2026-09-26,AHO,KTW,2027-07-31,,,unavailable
2026-09-26,AHO,KTW,2027-08-01,09:00,705.00,ok
2026-09-26,AHO,KTW,2027-08-02,20:35,586.00,ok
2026-09-26,AHO,KTW,2027-08-03,20:40,586.00,ok
2026-09-26,AHO,KTW,2027-08-04,09:00,586.00,ok
2026-09-26,AHO,KTW,2027-08-05,,,unavailable
2026-09-26,AHO,KTW,2027-08-06,22:55,586.00,ok
2026-09-26,AHO,KTW,2027-08-07,,,unavailable
2026-09-26,AHO,KTW,2027-08-08,09:00,642.00,ok
2026-09-26,AHO,KTW,2027-08-09,20:35,642.00,ok
2026-09-26,AHO,KTW,2027-08-10,20:40,642.00,ok
2026-09-26,AHO,KTW,2027-08-11,09:00,535.00,ok
2026-09-26,AHO,KTW,2027-08-12,,,unavailable
2026-09-26,AHO,KTW,2027-08-13,22:55,586.00,ok
2026-09-26,AHO,KTW,2027-08-14,,,unavailable
2026-09-26,AHO,KTW,2027-08-15,09:00,586.00,ok
2026-09-26,AHO,KTW,2027-08-16,20:35,535.00,ok
2026-09-26,AHO,KTW,2027-08-17,20:40,535.00,ok
2026-09-26,AHO,KTW,2027-08-18,09:00,535.00,ok
2026-09-26,AHO,KTW,2027-08-19,,,unavailable
2026-09-26,AHO,KTW,2027-08-20,22:55,535.00,ok
2026-09-26,AHO,KTW,2027-08-21,,,unavailable
2026-09-26,AHO,KTW,2027-08-22,09:00,586.00,ok
2026-09-26,AHO,KTW,2027-08-23,20:35,535.00,ok
2026-09-26,AHO,KTW,2027-08-24,20:40,535.00,ok
2026-09-26,AHO,KTW,2027-08-25,09:00,535.00,ok
2026-09-26,AHO,KTW,2027-08-26,,,unavailable
2026-09-26,AHO,KTW,2027-08-27,22:55,535.00,ok
2026-09-26,AHO,KTW,2027-08-28,,,unavailable
2026-09-26,AHO,KTW,2027-08-29,09:00,642.00,ok
2026-09-26,AHO,KTW,2027-08-30,20:35,586.00,ok
2026-09-26,AHO,KTW,2027-08-31,20:40,586.00,ok
2026-09-26,KTW,ALC,2026-09-26,,,unavailable
2026-09-26,KTW,ALC,2026-09-27,,,unavailable
2026-09-26,KTW,ALC,2026-09-28,18:15,508.66,ok
2026-09-26,KTW,ALC,2026-09-29,20:15,453.43,ok
2026-09-26,KTW,ALC,2026-09-30,07:10,253.13,ok
2026-09-26,KTW,ALC,2026-10-01,09:20,395.38,ok
2026-09-26,KTW,ALC,2026-10-02,18:05,350.13,ok
2026-09-26,KTW,ALC,2026-10-03,,,unavailable
2026-09-26,KTW,ALC,2026-10-04,,,unavailable
2026-09-26,KTW,ALC,2026-10-05,18:15,172.08,ok
2026-09-26,KTW,ALC,2026-10-06,20:15,122.38,ok
2026-09-26,KTW,ALC,2026-10-07,07:10,140.97,ok
2026-09-26,KTW,ALC,2026-10-08,09:20,202.97,ok
2026-09-26,KTW,ALC,2026-10-09,18:05,304.13,ok
2026-09-26,KTW,ALC,2026-10-10,,,unavailable
2026-09-26,KTW,ALC,2026-10-11,,,unavailable
2026-09-26,KTW,ALC,2026-10-12,18:15,433.74,ok
2026-09-26,KTW,ALC,2026-10-13,20:15,194.65,ok
2026-09-26,KTW,ALC,2026-10-14,06:05,194.65,ok
2026-09-26,KTW,ALC,2026-10-15,09:20,266.43,ok
2026-09-26,KTW,ALC,2026-10-16,18:05,562.60,ok
2026-09-26,KTW,ALC,2026-10-17,,,unavailable
2026-09-26,KTW,ALC,2026-10-18,,,unavailable
2026-09-26,KTW,ALC,2026-10-19,18:15,159.20,ok
2026-09-26,KTW,ALC,2026-10-20,20:15,140.97,ok
2026-09-26,KTW,ALC,2026-10-21,06:05,188.38,ok
2026-09-26,KTW,ALC,2026-10-22,09:20,404.14,ok
2026-09-26,KTW,ALC,2026-10-23,18:05,325.29,ok
2026-09-26,KTW,ALC,2026-10-24,,,unavailable
2026-09-26,KTW,ALC,2026-10-25,17:45,230.00,ok
2026-09-26,KTW,ALC,2026-10-26,20:45,111.47,ok
2026-09-26,KTW,ALC,2026-10-27,,,unavailable
2026-09-26,KTW,ALC,2026-10-28,,,unavailable
2026-09-26,KTW,ALC,2026-10-29,14:45,188.38,ok
2026-09-26,KTW,ALC,2026-10-30,21:10,116.90,ok
2026-09-26,KTW,ALC,2026-10-31,,,unavailable
2026-09-26,KTW,ALC,2026-11-01,17:45,131.38,ok
2026-09-26,KTW,ALC,2026-11-02,20:45,96.34,ok
2026-09-26,KTW,ALC,2026-11-03,,,unavailable
2026-09-26,KTW,ALC,2026-11-04,,,unavailable
2026-09-26,KTW,ALC,2026-11-05,14:45,385.48,ok
2026-09-26,KTW,ALC,2026-11-06,21:10,406.95,ok
2026-09-26,KTW,ALC,2026-11-07,,,unavailable
2026-09-26,KTW,ALC,2026-11-08,17:45,284.71,ok
2026-09-26,KTW,ALC,2026-11-09,20:45,197.10,ok
2026-09-26,KTW,ALC,2026-11-10,,,unavailable
2026-09-26,KTW,ALC,2026-11-11,,,unavailable
2026-09-26,KTW,ALC,2026-11-12,14:45,249.67,ok
2026-09-26,KTW,ALC,2026-11-13,21:10,120.79,ok
2026-09-26,KTW,ALC,2026-11-14,,,unavailable
2026-09-26,KTW,ALC,2026-11-15,17:45,162.05,ok
2026-09-26,KTW,ALC,2026-11-16,20:45,78.81,ok
2026-09-26,KTW,ALC,2026-11-17,,,unavailable
2026-09-26,KTW,ALC,2026-11-18,,,unavailable
2026-09-26,KTW,ALC,2026-11-19,14:45,153.59,ok
2026-09-26,KTW,ALC,2026-11-20,21:10,157.67,ok
2026-09-26,KTW,ALC,2026-11-21,,,unavailable
2026-09-26,KTW,ALC,2026-11-22,17:45,143.36,ok
2026-09-26,KTW,ALC,2026-11-23,20:45,108.00,ok
2026-09-26,KTW,ALC,2026-11-24,,,unavailable
2026-09-26,KTW,ALC,2026-11-25,,,unavailable
2026-09-26,KTW,ALC,2026-11-26,14:45,113.86,ok
2026-09-26,KTW,ALC,2026-11-27,21:10,108.00,ok
2026-09-26,KTW,ALC,2026-11-28,,,unavailable
2026-09-26,KTW,ALC,2026-11-29,17:45,181.28,ok
2026-09-26,KTW,ALC,2026-11-30,20:45,78.81,ok
2026-09-26,KTW,ALC,2026-12-01,,,unavailable
2026-09-26,KTW,ALC,2026-12-02,,,unavailable
2026-09-26,KTW,ALC,2026-12-03,,,unavailable
2026-09-26,KTW,ALC,2026-12-04,21:10,120.27,ok
2026-09-26,KTW,ALC,2026-12-05,,,unavailable
2026-09-26,KTW,ALC,2026-12-06,17:45,108.00,ok
2026-09-26,KTW,ALC,2026-12-07,20:45,389.86,ok
2026-09-26,KTW,ALC,2026-12-08,,,unavailable
2026-09-26,KTW,ALC,2026-12-09,,,unavailable
2026-09-26,KTW,ALC,2026-12-10,,,unavailable
2026-09-26,KTW,ALC,2026-12-11,21:10,188.33,ok
2026-09-26,KTW,ALC,2026-12-12,,,unavailable
2026-09-26,KTW,ALC,2026-12-13,17:45,110.80,ok
2026-09-26,KTW,ALC,2026-12-14,20:45,74.43,ok
2026-09-26,KTW,ALC,2026-12-15,,,unavailable
2026-09-26,KTW,ALC,2026-12-16,,,unavailable
2026-09-26,KTW,ALC,2026-12-17,14:45,122.62,ok
2026-09-26,KTW,ALC,2026-12-18,21:10,166.43,ok
2026-09-26,KTW,ALC,2026-12-19,,,unavailable
2026-09-26,KTW,ALC,2026-12-20,17:45,197.10,ok
2026-09-26,KTW,ALC,2026-12-21,20:45,159.20,ok
2026-09-26,KTW,ALC,2026-12-22,,,unavailable
2026-09-26,KTW,ALC,2026-12-23,09:50,468.71,ok
2026-09-26,KTW,ALC,2026-12-24,,,unavailable
2026-09-26,KTW,ALC,2026-12-25,,,unavailable
2026-09-26,KTW,ALC,2026-12-26,,,unavailable
2026-09-26,KTW,ALC,2026-12-27,17:45,432.36,ok
2026-09-26,KTW,ALC,2026-12-28,20:45,315.71,ok
2026-09-26,KTW,ALC,2026-12-29,,,unavailable
2026-09-26,KTW,ALC,2026-12-30,09:50,775.38,ok
2026-09-26,KTW,ALC,2026-12-31,14:45,455.57,ok
2026-09-26,KTW,ALC,2027-01-01,21:10,227.76,ok
2026-09-26,KTW,ALC,2027-01-02,,,unavailable
2026-09-26,KTW,ALC,2027-01-03,17:45,438.05,ok
2026-09-26,KTW,ALC,2027-01-04,20:45,254.05,ok
2026-09-26,KTW,ALC,2027-01-05,,,unavailable
2026-09-26,KTW,ALC,2027-01-06,,,unavailable
2026-09-26,KTW,ALC,2027-01-07,,,unavailable
2026-09-26,KTW,ALC,2027-01-08,21:10,100.72,ok
2026-09-26,KTW,ALC,2027-01-09,,,unavailable
2026-09-26,KTW,ALC,2027-01-10,,,unavailable
2026-09-26,KTW,ALC,2027-01-11,20:45,136.00,ok
2026-09-26,KTW,ALC,2027-01-12,,,unavailable
2026-09-26,KTW,ALC,2027-01-13,,,unavailable
2026-09-26,KTW,ALC,2027-01-14,,,unavailable
2026-09-26,KTW,ALC,2027-01-15,21:10,232.14,ok
2026-09-26,KTW,ALC,2027-01-16,,,unavailable
2026-09-26,KTW,ALC,2027-01-17,,,unavailable
2026-09-26,KTW,ALC,2027-01-18,20:45,236.52,ok
2026-09-26,KTW,ALC,2027-01-19,,,unavailable
2026-09-26,KTW,ALC,2027-01-20,,,unavailable
2026-09-26,KTW,ALC,2027-01-21,,,unavailable
2026-09-26,KTW,ALC,2027-01-22,21:10,192.72,ok
2026-09-26,KTW,ALC,2027-01-23,,,unavailable
2026-09-26,KTW,ALC,2027-01-24,,,unavailable
2026-09-26,KTW,ALC,2027-01-25,20:45,136.00,ok
2026-09-26,KTW,ALC,2027-01-26,,,unavailable
2026-09-26,KTW,ALC,2027-01-27,,,unavailable
2026-09-26,KTW,ALC,2027-01-28,,,unavailable
2026-09-26,KTW,ALC,2027-01-29,21:10,170.81,ok
2026-09-26,KTW,ALC,2027-01-30,,,unavailable
2026-09-26,KTW,ALC,2027-01-31,,,unavailable
2026-09-26,KTW,ALC,2027-02-01,20:45,136.00,ok
2026-09-26,KTW,ALC,2027-02-02,,,unavailable
2026-09-26,KTW,ALC,2027-02-03,,,unavailable
2026-09-26,KTW,ALC,2027-02-04,14:45,315.38,ok
2026-09-26,KTW,ALC,2027-02-05,21:10,148.91,ok
2026-09-26,KTW,ALC,2027-02-06,08:55,176.02,ok
2026-09-26,KTW,ALC,2027-02-07,17:45,136.00,ok
2026-09-26,KTW,ALC,2027-02-08,20:45,271.57,ok
2026-09-26,KTW,ALC,2027-02-09,,,unavailable
2026-09-26,KTW,ALC,2027-02-10,,,unavailable
2026-09-26,KTW,ALC,2027-02-11,14:45,236.52,ok
2026-09-26,KTW,ALC,2027-02-12,21:10,433.67,ok
2026-09-26,KTW,ALC,2027-02-13,08:55,381.09,ok
2026-09-26,KTW,ALC,2027-02-14,17:45,350.43,ok
2026-09-26,KTW,ALC,2027-02-15,20:45,136.00,ok
2026-09-26,KTW,ALC,2027-02-16,,,unavailable
2026-09-26,KTW,ALC,2027-02-17,,,unavailable
2026-09-26,KTW,ALC,2027-02-18,14:45,162.00,ok
2026-09-26,KTW,ALC,2027-02-19,21:10,280.33,ok
2026-09-26,KTW,ALC,2027-02-20,08:55,398.62,ok
2026-09-26,KTW,ALC,2027-02-21,17:45,162.00,ok
2026-09-26,KTW,ALC,2027-02-22,20:45,306.62,ok
2026-09-26,KTW,ALC,2027-02-23,,,unavailable
2026-09-26,KTW,ALC,2027-02-24,,,unavailable
2026-09-26,KTW,ALC,2027-02-25,14:45,240.91,ok
2026-09-26,KTW,ALC,2027-02-26,21:10,136.00,ok
2026-09-26,KTW,ALC,2027-02-27,08:55,232.14,ok
2026-09-26,KTW,ALC,2027-02-28,17:45,249.67,ok
2026-09-26,KTW,ALC,2027-03-01,20:45,136.00,ok
2026-09-26,KTW,ALC,2027-03-02,,,unavailable
2026-09-26,KTW,ALC,2027-03-03,,,unavailable
2026-09-26,KTW,ALC,2027-03-04,14:45,223.38,ok
2026-09-26,KTW,ALC,2027-03-05,21:10,136.00,ok
2026-09-26,KTW,ALC,2027-03-06,08:55,162.00,ok
2026-09-26,KTW,ALC,2027-03-07,17:45,214.62,ok
2026-09-26,KTW,ALC,2027-03-08,20:45,162.00,ok
2026-09-26,KTW,ALC,2027-03-09,,,unavailable
2026-09-26,KTW,ALC,2027-03-10,,,unavailable
2026-09-26,KTW,ALC,2027-03-11,14:45,196.00,ok
2026-09-26,KTW,ALC,2027-03-12,21:10,250.81,ok
2026-09-26,KTW,ALC,2027-03-13,08:55,289.10,ok
2026-09-26,KTW,ALC,2027-03-14,17:45,176.02,ok
2026-09-26,KTW,ALC,2027-03-15,20:45,302.24,ok
2026-09-26,KTW,ALC,2027-03-16,,,unavailable
2026-09-26,KTW,ALC,2027-03-17,,,unavailable
2026-09-26,KTW,ALC,2027-03-18,14:45,271.57,ok
2026-09-26,KTW,ALC,2027-03-19,21:10,196.00,ok
2026-09-26,KTW,ALC,2027-03-20,08:55,236.52,ok
2026-09-26,KTW,ALC,2027-03-21,17:45,230.00,ok
2026-09-26,KTW,ALC,2027-03-22,20:45,280.33,ok
2026-09-26,KTW,ALC,2027-03-23,14:20,324.14,ok
2026-09-26,KTW,ALC,2027-03-24,,,unavailable
2026-09-26,KTW,ALC,2027-03-25,14:45,302.00,ok
2026-09-26,KTW,ALC,2027-03-26,21:10,196.00,ok
2026-09-26,KTW,ALC,2027-03-27,08:55,341.67,ok
2026-09-26,KTW,ALC,2027-03-28,16:30,344.00,ok
2026-09-26,KTW,ALC,2027-03-29,,,unavailable
2026-09-26,KTW,ALC,2027-03-30,16:10,306.38,ok
2026-09-26,KTW,ALC,2027-03-31,16:25,586.00,ok
2026-09-26,KTW,ALC,2027-04-01,,,unavailable
2026-09-26,KTW,ALC,2027-04-02,06:20,642.00,ok
2026-09-26,KTW,ALC,2027-04-03,06:15,642.00,ok
2026-09-26,KTW,ALC,2027-04-04,16:30,535.00,ok
2026-09-26,KTW,ALC,2027-04-05,,,unavailable
2026-09-26,KTW,ALC,2027-04-06,16:10,705.00,ok
2026-09-26,KTW,ALC,2027-04-07,16:25,391.00,ok
2026-09-26,KTW,ALC,2027-04-08,,,unavailable
2026-09-26,KTW,ALC,2027-04-09,06:20,391.00,ok
2026-09-26,KTW,ALC,2027-04-10,06:15,391.00,ok
2026-09-26,KTW,ALC,2027-04-11,16:30,302.00,ok
2026-09-26,KTW,ALC,2027-04-12,,,unavailable
2026-09-26,KTW,ALC,2027-04-13,16:10,302.00,ok
2026-09-26,KTW,ALC,2027-04-14,16:25,391.00,ok
2026-09-26,KTW,ALC,2027-04-15,,,unavailable
2026-09-26,KTW,ALC,2027-04-16,06:20,442.00,ok
2026-09-26,KTW,ALC,2027-04-17,06:15,442.00,ok
2026-09-26,KTW,ALC,2027-04-18,16:30,302.00,ok
2026-09-26,KTW,ALC,2027-04-19,,,unavailable
2026-09-26,KTW,ALC,2027-04-20,16:10,302.00,ok
2026-09-26,KTW,ALC,2027-04-21,16:25,344.00,ok
2026-09-26,KTW,ALC,2027-04-22,,,unavailable
2026-09-26,KTW,ALC,2027-04-23,06:20,442.00,ok
2026-09-26,KTW,ALC,2027-04-24,06:15,442.00,ok
2026-09-26,KTW,ALC,2027-04-25,16:30,344.00,ok
2026-09-26,KTW,ALC,2027-04-26,,,unavailable
2026-09-26,KTW,ALC,2027-04-27,16:10,344.00,ok
2026-09-26,KTW,ALC,2027-04-28,16:25,485.00,ok
2026-09-26,KTW,ALC,2027-04-29,,,unavailable
2026-09-26,KTW,ALC,2027-04-30,06:20,535.00,ok
2026-09-26,KTW,ALC,2027-05-01,06:15,535.00,ok
2026-09-26,KTW,ALC,2027-05-02,16:30,344.00,ok
2026-09-26,KTW,ALC,2027-05-03,,,unavailable
2026-09-26,KTW,ALC,2027-05-04,16:10,302.00,ok
2026-09-26,KTW,ALC,2027-05-05,16:25,302.00,ok
2026-09-26,KTW,ALC,2027-05-06,,,unavailable
2026-09-26,KTW,ALC,2027-05-07,06:20,485.00,ok
2026-09-26,KTW,ALC,2027-05-08,06:15,485.00,ok
2026-09-26,KTW,ALC,2027-05-09,16:30,302.00,ok
2026-09-26,KTW,ALC,2027-05-10,,,unavailable
2026-09-26,KTW,ALC,2027-05-11,16:10,302.00,ok
2026-09-26,KTW,ALC,2027-05-12,16:25,302.00,ok
2026-09-26,KTW,ALC,2027-05-13,,,unavailable
2026-09-26,KTW,ALC,2027-05-14,06:20,391.00,ok
2026-09-26,KTW,ALC,2027-05-15,06:15,391.00,ok
2026-09-26,KTW,ALC,2027-05-16,16:30,302.00,ok
2026-09-26,KTW,ALC,2027-05-17,,,unavailable
2026-09-26,KTW,ALC,2027-05-18,16:10,302.00,ok
2026-09-26,KTW,ALC,2027-05-19,16:25,344.00,ok
2026-09-26,KTW,ALC,2027-05-20,,,unavailable
2026-09-26,KTW,ALC,2027-05-21,06:20,391.00,ok
2026-09-26,KTW,ALC,2027-05-22,06:15,391.00,ok
2026-09-26,KTW,ALC,2027-05-23,16:30,344.00,ok
2026-09-26,KTW,ALC,2027-05-24,,,unavailable
2026-09-26,KTW,ALC,2027-05-25,16:10,302.00,ok
2026-09-26,KTW,ALC,2027-05-26,16:25,344.00,ok
2026-09-26,KTW,ALC,2027-05-27,,,unavailable
2026-09-26,KTW,ALC,2027-05-28,06:20,489.38,ok
2026-09-26,KTW,ALC,2027-05-29,06:15,485.00,ok
2026-09-26,KTW,ALC,2027-05-30,16:30,395.38,ok
2026-09-26,KTW,ALC,2027-05-31,,,unavailable
2026-09-26,KTW,ALC,2027-06-01,16:10,344.00,ok
2026-09-26,KTW,ALC,2027-06-02,16:25,489.38,ok
2026-09-26,KTW,ALC,2027-06-03,,,unavailable
2026-09-26,KTW,ALC,2027-06-04,06:20,344.00,ok
2026-09-26,KTW,ALC,2027-06-05,06:15,344.00,ok
2026-09-26,KTW,ALC,2027-06-06,16:30,348.38,ok
2026-09-26,KTW,ALC,2027-06-07,,,unavailable
2026-09-26,KTW,ALC,2027-06-08,16:10,302.00,ok
2026-09-26,KTW,ALC,2027-06-09,16:25,344.00,ok
2026-09-26,KTW,ALC,2027-06-10,,,unavailable
2026-09-26,KTW,ALC,2027-06-11,06:20,391.00,ok
2026-09-26,KTW,ALC,2027-06-12,06:15,391.00,ok
2026-09-26,KTW,ALC,2027-06-13,16:30,391.00,ok
2026-09-26,KTW,ALC,2027-06-14,,,unavailable
2026-09-26,KTW,ALC,2027-06-15,16:10,344.00,ok
2026-09-26,KTW,ALC,2027-06-16,16:25,391.00,ok
2026-09-26,KTW,ALC,2027-06-17,,,unavailable
2026-09-26,KTW,ALC,2027-06-18,06:20,446.38,ok
2026-09-26,KTW,ALC,2027-06-19,06:15,442.00,ok
2026-09-26,KTW,ALC,2027-06-20,16:30,391.00,ok
2026-09-26,KTW,ALC,2027-06-21,,,unavailable
2026-09-26,KTW,ALC,2027-06-22,16:10,391.00,ok
2026-09-26,KTW,ALC,2027-06-23,16:25,442.00,ok
2026-09-26,KTW,ALC,2027-06-24,,,unavailable
2026-09-26,KTW,ALC,2027-06-25,06:20,586.00,ok
2026-09-26,KTW,ALC,2027-06-26,06:15,590.38,ok
2026-09-26,KTW,ALC,2027-06-27,16:30,535.00,ok
2026-09-26,KTW,ALC,2027-06-28,,,unavailable
2026-09-26,KTW,ALC,2027-06-29,16:10,485.00,ok
2026-09-26,KTW,ALC,2027-06-30,16:25,586.00,ok
2026-09-26,KTW,ALC,2027-07-01,,,unavailable
2026-09-26,KTW,ALC,2027-07-02,06:20,535.00,ok
2026-09-26,KTW,ALC,2027-07-03,06:15,535.00,ok
2026-09-26,KTW,ALC,2027-07-04,16:30,485.00,ok
2026-09-26,KTW,ALC,2027-07-05,,,unavailable
2026-09-26,KTW,ALC,2027-07-06,16:10,442.00,ok
2026-09-26,KTW,ALC,2027-07-07,16:25,485.00,ok
2026-09-26,KTW,ALC,2027-07-08,,,unavailable
2026-09-26,KTW,ALC,2027-07-09,06:20,442.00,ok
2026-09-26,KTW,ALC,2027-07-10,06:15,442.00,ok
2026-09-26,KTW,ALC,2027-07-11,16:30,442.00,ok
2026-09-26,KTW,ALC,2027-07-12,,,unavailable
2026-09-26,KTW,ALC,2027-07-13,16:10,391.00,ok
2026-09-26,KTW,ALC,2027-07-14,16:25,539.38,ok
2026-09-26,KTW,ALC,2027-07-15,,,unavailable
2026-09-26,KTW,ALC,2027-07-16,06:20,442.00,ok
2026-09-26,KTW,ALC,2027-07-17,06:15,442.00,ok
2026-09-26,KTW,ALC,2027-07-18,16:30,446.38,ok
2026-09-26,KTW,ALC,2027-07-19,,,unavailable
2026-09-26,KTW,ALC,2027-07-20,16:10,391.00,ok
2026-09-26,KTW,ALC,2027-07-21,16:25,391.00,ok
2026-09-26,KTW,ALC,2027-07-22,,,unavailable
2026-09-26,KTW,ALC,2027-07-23,06:20,442.00,ok
2026-09-26,KTW,ALC,2027-07-24,06:15,442.00,ok
2026-09-26,KTW,ALC,2027-07-25,16:30,442.00,ok
2026-09-26,KTW,ALC,2027-07-26,,,unavailable
2026-09-26,KTW,ALC,2027-07-27,16:10,344.00,ok
2026-09-26,KTW,ALC,2027-07-28,16:25,395.38,ok
2026-09-26,KTW,ALC,2027-07-29,,,unavailable
2026-09-26,KTW,ALC,2027-07-30,06:20,446.38,ok
2026-09-26,KTW,ALC,2027-07-31,06:15,446.38,ok
2026-09-26,KTW,ALC,2027-08-01,16:30,485.00,ok
2026-09-26,KTW,ALC,2027-08-02,,,unavailable
2026-09-26,KTW,ALC,2027-08-03,16:10,395.38,ok
2026-09-26,KTW,ALC,2027-08-04,16:25,395.38,ok
2026-09-26,KTW,ALC,2027-08-05,,,unavailable
2026-09-26,KTW,ALC,2027-08-06,06:20,446.38,ok
2026-09-26,KTW,ALC,2027-08-07,06:15,442.00,ok
2026-09-26,KTW,ALC,2027-08-08,16:30,442.00,ok
2026-09-26,KTW,ALC,2027-08-09,,,unavailable
2026-09-26,KTW,ALC,2027-08-10,16:10,446.38,ok
2026-09-26,KTW,ALC,2027-08-11,16:25,442.00,ok
2026-09-26,KTW,ALC,2027-08-12,,,unavailable
2026-09-26,KTW,ALC,2027-08-13,06:20,442.00,ok
2026-09-26,KTW,ALC,2027-08-14,06:15,442.00,ok
2026-09-26,KTW,ALC,2027-08-15,16:30,446.38,ok
2026-09-26,KTW,ALC,2027-08-16,,,unavailable
2026-09-26,KTW,ALC,2027-08-17,16:10,391.00,ok
2026-09-26,KTW,ALC,2027-08-18,16:25,442.00,ok
2026-09-26,KTW,ALC,2027-08-19,,,unavailable
2026-09-26,KTW,ALC,2027-08-20,06:20,442.00,ok
2026-09-26,KTW,ALC,2027-08-21,06:15,442.00,ok
2026-09-26,KTW,ALC,2027-08-22,16:30,442.00,ok
2026-09-26,KTW,ALC,2027-08-23,,,unavailable
2026-09-26,KTW,ALC,2027-08-24,16:10,391.00,ok
2026-09-26,KTW,ALC,2027-08-25,16:25,391.00,ok
2026-09-26,KTW,ALC,2027-08-26,,,unavailable
2026-09-26,KTW,ALC,2027-08-27,06:20,391.00,ok
2026-09-26,KTW,ALC,2027-08-28,06:15,391.00,ok
2026-09-26,KTW,ALC,2027-08-29,16:30,442.00,ok
2026-09-26,KTW,ALC,2027-08-30,,,unavailable
2026-09-26,KTW,ALC,2027-08-31,16:10,391.00,ok
2026-09-26,ALC,KTW,2026-09-26,,,unavailable
2026-09-26,ALC,KTW,2026-09-27,,,unavailable
2026-09-26,ALC,KTW,2026-09-28,22:10,783.86,ok
2026-09-26,ALC,KTW,2026-09-29,16:45,744.43,ok
2026-09-26,ALC,KTW,2026-09-30,11:05,566.98,ok
2026-09-26,ALC,KTW,2026-10-01,05:50,408.52,ok
2026-09-26,ALC,KTW,2026-10-02,22:00,691.07,ok
2026-09-26,ALC,KTW,2026-10-03,,,unavailable
2026-09-26,ALC,KTW,2026-10-04,,,unavailable
2026-09-26,ALC,KTW,2026-10-05,22:10,616.89,ok
2026-09-26,ALC,KTW,2026-10-06,16:45,606.59,ok
2026-09-26,ALC,KTW,2026-10-07,11:05,691.07,ok
2026-09-26,ALC,KTW,2026-10-08,05:50,356.27,ok
2026-09-26,ALC,KTW,2026-10-09,22:00,516.54,ok
2026-09-26,ALC,KTW,2026-10-10,,,unavailable
2026-09-26,ALC,KTW,2026-10-11,,,unavailable
2026-09-26,ALC,KTW,2026-10-12,22:10,485.00,ok
2026-09-26,ALC,KTW,2026-10-13,16:45,571.80,ok
2026-09-26,ALC,KTW,2026-10-14,10:30,391.00,ok
2026-09-26,ALC,KTW,2026-10-15,05:50,302.00,ok
2026-09-26,ALC,KTW,2026-10-16,22:00,344.00,ok
2026-09-26,ALC,KTW,2026-10-17,,,unavailable
2026-09-26,ALC,KTW,2026-10-18,,,unavailable
2026-09-26,ALC,KTW,2026-10-19,22:10,456.02,ok
2026-09-26,ALC,KTW,2026-10-20,16:45,456.02,ok
2026-09-26,ALC,KTW,2026-10-21,10:30,356.27,ok
2026-09-26,ALC,KTW,2026-10-22,05:50,159.20,ok
2026-09-26,ALC,KTW,2026-10-23,22:00,291.87,ok
2026-09-26,ALC,KTW,2026-10-24,,,unavailable
2026-09-26,ALC,KTW,2026-10-25,21:40,616.89,ok
2026-09-26,ALC,KTW,2026-10-26,17:10,627.18,ok
2026-09-26,ALC,KTW,2026-10-27,,,unavailable
2026-09-26,ALC,KTW,2026-10-28,,,unavailable
2026-09-26,ALC,KTW,2026-10-29,18:40,463.03,ok
2026-09-26,ALC,KTW,2026-10-30,17:35,576.18,ok
2026-09-26,ALC,KTW,2026-10-31,,,unavailable
2026-09-26,ALC,KTW,2026-11-01,21:40,438.05,ok
2026-09-26,ALC,KTW,2026-11-02,17:10,528.37,ok
2026-09-26,ALC,KTW,2026-11-03,,,unavailable
2026-09-26,ALC,KTW,2026-11-04,,,unavailable
2026-09-26,ALC,KTW,2026-11-05,18:40,293.48,ok
2026-09-26,ALC,KTW,2026-11-06,17:35,236.52,ok
2026-09-26,ALC,KTW,2026-11-07,,,unavailable
2026-09-26,ALC,KTW,2026-11-08,21:40,207.35,ok
2026-09-26,ALC,KTW,2026-11-09,17:10,217.51,ok
2026-09-26,ALC,KTW,2026-11-10,,,unavailable
2026-09-26,ALC,KTW,2026-11-11,,,unavailable
2026-09-26,ALC,KTW,2026-11-12,18:40,285.57,ok
2026-09-26,ALC,KTW,2026-11-13,17:35,381.09,ok
2026-09-26,ALC,KTW,2026-11-14,,,unavailable
2026-09-26,ALC,KTW,2026-11-15,21:40,427.14,ok
2026-09-26,ALC,KTW,2026-11-16,17:10,639.57,ok
2026-09-26,ALC,KTW,2026-11-17,,,unavailable
2026-09-26,ALC,KTW,2026-11-18,,,unavailable
2026-09-26,ALC,KTW,2026-11-19,18:40,227.76,ok
2026-09-26,ALC,KTW,2026-11-20,17:35,179.57,ok
2026-09-26,ALC,KTW,2026-11-21,,,unavailable
2026-09-26,ALC,KTW,2026-11-22,21:40,271.23,ok
2026-09-26,ALC,KTW,2026-11-23,17:10,311.00,ok
2026-09-26,ALC,KTW,2026-11-24,,,unavailable
2026-09-26,ALC,KTW,2026-11-25,,,unavailable
2026-09-26,ALC,KTW,2026-11-26,18:40,207.04,ok
2026-09-26,ALC,KTW,2026-11-27,17:35,170.41,ok
2026-09-26,ALC,KTW,2026-11-28,,,unavailable
2026-09-26,ALC,KTW,2026-11-29,21:40,464.33,ok
2026-09-26,ALC,KTW,2026-11-30,17:10,381.09,ok
2026-09-26,ALC,KTW,2026-12-01,,,unavailable
2026-09-26,ALC,KTW,2026-12-02,,,unavailable
2026-09-26,ALC,KTW,2026-12-03,,,unavailable
2026-09-26,ALC,KTW,2026-12-04,17:35,390.00,ok
2026-09-26,ALC,KTW,2026-12-05,,,unavailable
2026-09-26,ALC,KTW,2026-12-06,21:40,218.08,ok
2026-09-26,ALC,KTW,2026-12-07,17:10,192.32,ok
2026-09-26,ALC,KTW,2026-12-08,,,unavailable
2026-09-26,ALC,KTW,2026-12-09,,,unavailable
2026-09-26,ALC,KTW,2026-12-10,,,unavailable
2026-09-26,ALC,KTW,2026-12-11,17:35,183.95,ok
2026-09-26,ALC,KTW,2026-12-12,,,unavailable
2026-09-26,ALC,KTW,2026-12-13,21:40,219.00,ok
2026-09-26,ALC,KTW,2026-12-14,17:10,108.00,ok
2026-09-26,ALC,KTW,2026-12-15,,,unavailable
2026-09-26,ALC,KTW,2026-12-16,,,unavailable
2026-09-26,ALC,KTW,2026-12-17,18:40,113.86,ok
2026-09-26,ALC,KTW,2026-12-18,17:35,113.86,ok
2026-09-26,ALC,KTW,2026-12-19,,,unavailable
2026-09-26,ALC,KTW,2026-12-20,21:40,118.24,ok
2026-09-26,ALC,KTW,2026-12-21,17:10,157.67,ok
2026-09-26,ALC,KTW,2026-12-22,,,unavailable
2026-09-26,ALC,KTW,2026-12-23,06:10,131.38,ok
2026-09-26,ALC,KTW,2026-12-24,,,unavailable
2026-09-26,ALC,KTW,2026-12-25,,,unavailable
2026-09-26,ALC,KTW,2026-12-26,,,unavailable
2026-09-26,ALC,KTW,2026-12-27,21:40,331.04,ok
2026-09-26,ALC,KTW,2026-12-28,17:10,240.91,ok
2026-09-26,ALC,KTW,2026-12-29,,,unavailable
2026-09-26,ALC,KTW,2026-12-30,06:10,189.34,ok
2026-09-26,ALC,KTW,2026-12-31,18:40,184.96,ok
2026-09-26,ALC,KTW,2027-01-01,17:35,329.38,ok
2026-09-26,ALC,KTW,2027-01-02,,,unavailable
2026-09-26,ALC,KTW,2027-01-03,21:40,703.33,ok
2026-09-26,ALC,KTW,2027-01-04,17:10,587.00,ok
2026-09-26,ALC,KTW,2027-01-05,,,unavailable
2026-09-26,ALC,KTW,2027-01-06,,,unavailable
2026-09-26,ALC,KTW,2027-01-07,,,unavailable
2026-09-26,ALC,KTW,2027-01-08,17:35,438.05,ok
2026-09-26,ALC,KTW,2027-01-09,,,unavailable
2026-09-26,ALC,KTW,2027-01-10,,,unavailable
2026-09-26,ALC,KTW,2027-01-11,17:10,176.02,ok
2026-09-26,ALC,KTW,2027-01-12,,,unavailable
2026-09-26,ALC,KTW,2027-01-13,,,unavailable
2026-09-26,ALC,KTW,2027-01-14,,,unavailable
2026-09-26,ALC,KTW,2027-01-15,17:35,162.05,ok
2026-09-26,ALC,KTW,2027-01-16,,,unavailable
2026-09-26,ALC,KTW,2027-01-17,,,unavailable
2026-09-26,ALC,KTW,2027-01-18,17:10,205.86,ok
2026-09-26,ALC,KTW,2027-01-19,,,unavailable
2026-09-26,ALC,KTW,2027-01-20,,,unavailable
2026-09-26,ALC,KTW,2027-01-21,,,unavailable
2026-09-26,ALC,KTW,2027-01-22,17:35,280.33,ok
2026-09-26,ALC,KTW,2027-01-23,,,unavailable
2026-09-26,ALC,KTW,2027-01-24,,,unavailable
2026-09-26,ALC,KTW,2027-01-25,17:10,306.62,ok
2026-09-26,ALC,KTW,2027-01-26,,,unavailable
2026-09-26,ALC,KTW,2027-01-27,,,unavailable
2026-09-26,ALC,KTW,2027-01-28,,,unavailable
2026-09-26,ALC,KTW,2027-01-29,17:35,311.00,ok
2026-09-26,ALC,KTW,2027-01-30,,,unavailable
2026-09-26,ALC,KTW,2027-01-31,,,unavailable
2026-09-26,ALC,KTW,2027-02-01,17:10,210.24,ok
2026-09-26,ALC,KTW,2027-02-02,,,unavailable
2026-09-26,ALC,KTW,2027-02-03,,,unavailable
2026-09-26,ALC,KTW,2027-02-04,18:40,136.00,ok
2026-09-26,ALC,KTW,2027-02-05,17:35,135.76,ok
2026-09-26,ALC,KTW,2027-02-06,12:50,271.57,ok
2026-09-26,ALC,KTW,2027-02-07,21:40,183.95,ok
2026-09-26,ALC,KTW,2027-02-08,17:10,176.02,ok
2026-09-26,ALC,KTW,2027-02-09,,,unavailable
2026-09-26,ALC,KTW,2027-02-10,,,unavailable
2026-09-26,ALC,KTW,2027-02-11,18:40,175.19,ok
2026-09-26,ALC,KTW,2027-02-12,17:35,148.27,ok
2026-09-26,ALC,KTW,2027-02-13,12:50,162.00,ok
2026-09-26,ALC,KTW,2027-02-14,21:40,214.40,ok
2026-09-26,ALC,KTW,2027-02-15,17:10,136.00,ok
2026-09-26,ALC,KTW,2027-02-16,,,unavailable
2026-09-26,ALC,KTW,2027-02-17,,,unavailable
2026-09-26,ALC,KTW,2027-02-18,18:40,196.00,ok
2026-09-26,ALC,KTW,2027-02-19,17:35,324.14,ok
2026-09-26,ALC,KTW,2027-02-20,12:50,196.00,ok
2026-09-26,ALC,KTW,2027-02-21,21:40,311.00,ok
2026-09-26,ALC,KTW,2027-02-22,17:10,398.62,ok
2026-09-26,ALC,KTW,2027-02-23,,,unavailable
2026-09-26,ALC,KTW,2027-02-24,,,unavailable
2026-09-26,ALC,KTW,2027-02-25,18:40,264.00,ok
2026-09-26,ALC,KTW,2027-02-26,17:35,459.95,ok
2026-09-26,ALC,KTW,2027-02-27,12:50,302.00,ok
2026-09-26,ALC,KTW,2027-02-28,21:40,302.00,ok
2026-09-26,ALC,KTW,2027-03-01,17:10,486.24,ok
2026-09-26,ALC,KTW,2027-03-02,,,unavailable
2026-09-26,ALC,KTW,2027-03-03,,,unavailable
2026-09-26,ALC,KTW,2027-03-04,18:40,420.52,ok
2026-09-26,ALC,KTW,2027-03-05,17:35,176.02,ok
2026-09-26,ALC,KTW,2027-03-06,12:50,416.14,ok
2026-09-26,ALC,KTW,2027-03-07,21:40,363.57,ok
2026-09-26,ALC,KTW,2027-03-08,17:10,250.81,ok
2026-09-26,ALC,KTW,2027-03-09,,,unavailable
2026-09-26,ALC,KTW,2027-03-10,,,unavailable
2026-09-26,ALC,KTW,2027-03-11,18:40,214.40,ok
2026-09-26,ALC,KTW,2027-03-12,17:35,162.00,ok
2026-09-26,ALC,KTW,2027-03-13,12:50,196.00,ok
2026-09-26,ALC,KTW,2027-03-14,21:40,359.19,ok
2026-09-26,ALC,KTW,2027-03-15,17:10,411.76,ok
2026-09-26,ALC,KTW,2027-03-16,,,unavailable
2026-09-26,ALC,KTW,2027-03-17,,,unavailable
2026-09-26,ALC,KTW,2027-03-18,18:40,196.00,ok
2026-09-26,ALC,KTW,2027-03-19,17:35,196.00,ok
2026-09-26,ALC,KTW,2027-03-20,12:50,288.09,ok
2026-09-26,ALC,KTW,2027-03-21,21:40,196.00,ok
2026-09-26,ALC,KTW,2027-03-22,17:10,403.00,ok
2026-09-26,ALC,KTW,2027-03-23,18:15,381.09,ok
2026-09-26,ALC,KTW,2027-03-24,,,unavailable
2026-09-26,ALC,KTW,2027-03-25,18:40,250.81,ok
2026-09-26,ALC,KTW,2027-03-26,17:35,230.00,ok
2026-09-26,ALC,KTW,2027-03-27,12:50,196.00,ok
2026-09-26,ALC,KTW,2027-03-28,20:20,586.00,ok
2026-09-26,ALC,KTW,2027-03-29,,,unavailable
2026-09-26,ALC,KTW,2027-03-30,20:00,646.38,ok
2026-09-26,ALC,KTW,2027-03-31,20:15,535.00,ok
2026-09-26,ALC,KTW,2027-04-01,,,unavailable
2026-09-26,ALC,KTW,2027-04-02,10:10,485.00,ok
2026-09-26,ALC,KTW,2027-04-03,10:05,485.00,ok
2026-09-26,ALC,KTW,2027-04-04,20:20,485.00,ok
2026-09-26,ALC,KTW,2027-04-05,,,unavailable
2026-09-26,ALC,KTW,2027-04-06,20:00,442.00,ok
2026-09-26,ALC,KTW,2027-04-07,20:15,535.00,ok
2026-09-26,ALC,KTW,2027-04-08,,,unavailable
2026-09-26,ALC,KTW,2027-04-09,10:10,391.00,ok
2026-09-26,ALC,KTW,2027-04-10,10:05,391.00,ok
2026-09-26,ALC,KTW,2027-04-11,20:20,344.00,ok
2026-09-26,ALC,KTW,2027-04-12,,,unavailable
2026-09-26,ALC,KTW,2027-04-13,20:00,344.00,ok
2026-09-26,ALC,KTW,2027-04-14,20:15,302.00,ok
2026-09-26,ALC,KTW,2027-04-15,,,unavailable
2026-09-26,ALC,KTW,2027-04-16,10:10,344.00,ok
2026-09-26,ALC,KTW,2027-04-17,10:05,344.00,ok
2026-09-26,ALC,KTW,2027-04-18,20:20,391.00,ok
2026-09-26,ALC,KTW,2027-04-19,,,unavailable
2026-09-26,ALC,KTW,2027-04-20,20:00,344.00,ok
2026-09-26,ALC,KTW,2027-04-21,20:15,302.00,ok
2026-09-26,ALC,KTW,2027-04-22,,,unavailable
2026-09-26,ALC,KTW,2027-04-23,10:10,344.00,ok
2026-09-26,ALC,KTW,2027-04-24,10:05,344.00,ok
2026-09-26,ALC,KTW,2027-04-25,20:20,344.00,ok
2026-09-26,ALC,KTW,2027-04-26,,,unavailable
2026-09-26,ALC,KTW,2027-04-27,20:00,302.00,ok
2026-09-26,ALC,KTW,2027-04-28,20:15,302.00,ok
2026-09-26,ALC,KTW,2027-04-29,,,unavailable
2026-09-26,ALC,KTW,2027-04-30,10:10,391.00,ok
2026-09-26,ALC,KTW,2027-05-01,10:05,391.00,ok
2026-09-26,ALC,KTW,2027-05-02,20:20,485.00,ok
2026-09-26,ALC,KTW,2027-05-03,,,unavailable
2026-09-26,ALC,KTW,2027-05-04,20:00,442.00,ok
2026-09-26,ALC,KTW,2027-05-05,20:15,391.00,ok
2026-09-26,ALC,KTW,2027-05-06,,,unavailable
2026-09-26,ALC,KTW,2027-05-07,10:10,391.00,ok
2026-09-26,ALC,KTW,2027-05-08,10:05,391.00,ok
2026-09-26,ALC,KTW,2027-05-09,20:20,391.00,ok
2026-09-26,ALC,KTW,2027-05-10,,,unavailable
2026-09-26,ALC,KTW,2027-05-11,20:00,442.00,ok
2026-09-26,ALC,KTW,2027-05-12,20:15,442.00,ok
2026-09-26,ALC,KTW,2027-05-13,,,unavailable
2026-09-26,ALC,KTW,2027-05-14,10:10,485.00,ok
2026-09-26,ALC,KTW,2027-05-15,10:05,485.00,ok
2026-09-26,ALC,KTW,2027-05-16,20:20,442.00,ok
2026-09-26,ALC,KTW,2027-05-17,,,unavailable
2026-09-26,ALC,KTW,2027-05-18,20:00,391.00,ok
2026-09-26,ALC,KTW,2027-05-19,20:15,344.00,ok
2026-09-26,ALC,KTW,2027-05-20,,,unavailable
2026-09-26,ALC,KTW,2027-05-21,10:10,391.00,ok
2026-09-26,ALC,KTW,2027-05-22,10:05,391.00,ok
2026-09-26,ALC,KTW,2027-05-23,20:20,442.00,ok
2026-09-26,ALC,KTW,2027-05-24,,,unavailable
2026-09-26,ALC,KTW,2027-05-25,20:00,344.00,ok
2026-09-26,ALC,KTW,2027-05-26,20:15,344.00,ok
2026-09-26,ALC,KTW,2027-05-27,,,unavailable
2026-09-26,ALC,KTW,2027-05-28,10:10,348.38,ok
2026-09-26,ALC,KTW,2027-05-29,10:05,344.00,ok
2026-09-26,ALC,KTW,2027-05-30,20:20,348.38,ok
2026-09-26,ALC,KTW,2027-05-31,,,unavailable
2026-09-26,ALC,KTW,2027-06-01,20:00,344.00,ok
2026-09-26,ALC,KTW,2027-06-02,20:15,348.38,ok
2026-09-26,ALC,KTW,2027-06-03,,,unavailable
2026-09-26,ALC,KTW,2027-06-04,10:10,442.00,ok
2026-09-26,ALC,KTW,2027-06-05,10:05,442.00,ok
2026-09-26,ALC,KTW,2027-06-06,20:20,590.38,ok
2026-09-26,ALC,KTW,2027-06-07,,,unavailable
2026-09-26,ALC,KTW,2027-06-08,20:00,485.00,ok
2026-09-26,ALC,KTW,2027-06-09,20:15,391.00,ok
2026-09-26,ALC,KTW,2027-06-10,,,unavailable
2026-09-26,ALC,KTW,2027-06-11,10:10,442.00,ok
2026-09-26,ALC,KTW,2027-06-12,10:05,442.00,ok
2026-09-26,ALC,KTW,2027-06-13,20:20,442.00,ok
2026-09-26,ALC,KTW,2027-06-14,,,unavailable
2026-09-26,ALC,KTW,2027-06-15,20:00,442.00,ok
2026-09-26,ALC,KTW,2027-06-16,20:15,391.00,ok
2026-09-26,ALC,KTW,2027-06-17,,,unavailable
2026-09-26,ALC,KTW,2027-06-18,10:10,446.38,ok
2026-09-26,ALC,KTW,2027-06-19,10:05,442.00,ok
2026-09-26,ALC,KTW,2027-06-20,20:20,442.00,ok
2026-09-26,ALC,KTW,2027-06-21,,,unavailable
2026-09-26,ALC,KTW,2027-06-22,20:00,442.00,ok
2026-09-26,ALC,KTW,2027-06-23,20:15,442.00,ok
2026-09-26,ALC,KTW,2027-06-24,,,unavailable
2026-09-26,ALC,KTW,2027-06-25,10:10,485.00,ok
2026-09-26,ALC,KTW,2027-06-26,10:05,489.38,ok
2026-09-26,ALC,KTW,2027-06-27,20:20,485.00,ok
2026-09-26,ALC,KTW,2027-06-28,,,unavailable
2026-09-26,ALC,KTW,2027-06-29,20:00,485.00,ok
2026-09-26,ALC,KTW,2027-06-30,20:15,485.00,ok
2026-09-26,ALC,KTW,2027-07-01,,,unavailable
2026-09-26,ALC,KTW,2027-07-02,10:10,485.00,ok
2026-09-26,ALC,KTW,2027-07-03,10:05,485.00,ok
2026-09-26,ALC,KTW,2027-07-04,20:20,485.00,ok
2026-09-26,ALC,KTW,2027-07-05,,,unavailable
2026-09-26,ALC,KTW,2027-07-06,20:00,485.00,ok
2026-09-26,ALC,KTW,2027-07-07,20:15,535.00,ok
2026-09-26,ALC,KTW,2027-07-08,,,unavailable
2026-09-26,ALC,KTW,2027-07-09,10:10,535.00,ok
2026-09-26,ALC,KTW,2027-07-10,10:05,535.00,ok
2026-09-26,ALC,KTW,2027-07-11,20:20,535.00,ok
2026-09-26,ALC,KTW,2027-07-12,,,unavailable
2026-09-26,ALC,KTW,2027-07-13,20:00,535.00,ok
2026-09-26,ALC,KTW,2027-07-14,20:15,539.38,ok
2026-09-26,ALC,KTW,2027-07-15,,,unavailable
2026-09-26,ALC,KTW,2027-07-16,10:10,586.00,ok
2026-09-26,ALC,KTW,2027-07-17,10:05,586.00,ok
2026-09-26,ALC,KTW,2027-07-18,20:20,590.38,ok
2026-09-26,ALC,KTW,2027-07-19,,,unavailable
2026-09-26,ALC,KTW,2027-07-20,20:00,586.00,ok
2026-09-26,ALC,KTW,2027-07-21,20:15,586.00,ok
2026-09-26,ALC,KTW,2027-07-22,,,unavailable
2026-09-26,ALC,KTW,2027-07-23,10:10,642.00,ok
2026-09-26,ALC,KTW,2027-07-24,10:05,642.00,ok
2026-09-26,ALC,KTW,2027-07-25,20:20,586.00,ok
2026-09-26,ALC,KTW,2027-07-26,,,unavailable
2026-09-26,ALC,KTW,2027-07-27,20:00,586.00,ok
2026-09-26,ALC,KTW,2027-07-28,20:15,646.38,ok
2026-09-26,ALC,KTW,2027-07-29,,,unavailable
2026-09-26,ALC,KTW,2027-07-30,10:10,709.38,ok
2026-09-26,ALC,KTW,2027-07-31,10:05,709.38,ok
2026-09-26,ALC,KTW,2027-08-01,20:20,586.00,ok
2026-09-26,ALC,KTW,2027-08-02,,,unavailable
2026-09-26,ALC,KTW,2027-08-03,20:00,539.38,ok
2026-09-26,ALC,KTW,2027-08-04,20:15,590.38,ok
2026-09-26,ALC,KTW,2027-08-05,,,unavailable
2026-09-26,ALC,KTW,2027-08-06,10:10,646.38,ok
2026-09-26,ALC,KTW,2027-08-07,10:05,642.00,ok
2026-09-26,ALC,KTW,2027-08-08,20:20,586.00,ok
2026-09-26,ALC,KTW,2027-08-09,,,unavailable
2026-09-26,ALC,KTW,2027-08-10,20:00,590.38,ok
2026-09-26,ALC,KTW,2027-08-11,20:15,586.00,ok
2026-09-26,ALC,KTW,2027-08-12,,,unavailable
2026-09-26,ALC,KTW,2027-08-13,10:10,705.00,ok
2026-09-26,ALC,KTW,2027-08-14,10:05,705.00,ok
2026-09-26,ALC,KTW,2027-08-15,20:20,590.38,ok
2026-09-26,ALC,KTW,2027-08-16,,,unavailable
2026-09-26,ALC,KTW,2027-08-17,20:00,586.00,ok
2026-09-26,ALC,KTW,2027-08-18,20:15,586.00,ok
2026-09-26,ALC,KTW,2027-08-19,,,unavailable
2026-09-26,ALC,KTW,2027-08-20,10:10,642.00,ok
2026-09-26,ALC,KTW,2027-08-21,10:05,642.00,ok
2026-09-26,ALC,KTW,2027-08-22,20:20,586.00,ok
2026-09-26,ALC,KTW,2027-08-23,,,unavailable
2026-09-26,ALC,KTW,2027-08-24,20:00,535.00,ok
2026-09-26,ALC,KTW,2027-08-25,20:15,535.00,ok
2026-09-26,ALC,KTW,2027-08-26,,,unavailable
2026-09-26,ALC,KTW,2027-08-27,10:10,586.00,ok
2026-09-26,ALC,KTW,2027-08-28,10:05,586.00,ok
2026-09-26,ALC,KTW,2027-08-29,20:20,535.00,ok
2026-09-26,ALC,KTW,2027-08-30,,,unavailable
2026-09-26,ALC,KTW,2027-08-31,20:00,485.00,ok
2026-09-26,KTW,ATH,2026-09-26,,,unavailable
2026-09-26,KTW,ATH,2026-09-27,,,unavailable
2026-09-26,KTW,ATH,2026-09-28,14:45,683.38,ok
2026-09-26,KTW,ATH,2026-09-29,13:40,111.79,ok
2026-09-26,KTW,ATH,2026-09-30,,,unavailable
2026-09-26,KTW,ATH,2026-10-01,13:50,108.90,ok
2026-09-26,KTW,ATH,2026-10-02,07:35,204.12,ok
2026-09-26,KTW,ATH,2026-10-03,12:15,232.14,ok
2026-09-26,KTW,ATH,2026-10-04,,,unavailable
2026-09-26,KTW,ATH,2026-10-05,14:45,125.84,ok
2026-09-26,KTW,ATH,2026-10-06,13:40,87.00,ok
2026-09-26,KTW,ATH,2026-10-07,,,unavailable
2026-09-26,KTW,ATH,2026-10-08,13:50,109.16,ok
2026-09-26,KTW,ATH,2026-10-09,07:35,302.24,ok
2026-09-26,KTW,ATH,2026-10-10,12:15,595.40,ok
2026-09-26,KTW,ATH,2026-10-11,,,unavailable
2026-09-26,KTW,ATH,2026-10-12,14:45,91.96,ok
2026-09-26,KTW,ATH,2026-10-13,13:40,87.00,ok
2026-09-26,KTW,ATH,2026-10-14,,,unavailable
2026-09-26,KTW,ATH,2026-10-15,13:50,151.50,ok
2026-09-26,KTW,ATH,2026-10-16,07:35,319.76,ok
2026-09-26,KTW,ATH,2026-10-17,12:15,151.50,ok
2026-09-26,KTW,ATH,2026-10-18,,,unavailable
2026-09-26,KTW,ATH,2026-10-19,14:45,131.38,ok
2026-09-26,KTW,ATH,2026-10-20,13:40,104.78,ok
2026-09-26,KTW,ATH,2026-10-21,,,unavailable
2026-09-26,KTW,ATH,2026-10-22,13:50,129.91,ok
2026-09-26,KTW,ATH,2026-10-23,07:35,205.86,ok
2026-09-26,KTW,ATH,2026-10-24,12:15,239.93,ok
2026-09-26,KTW,ATH,2026-10-25,,,unavailable
2026-09-26,KTW,ATH,2026-10-26,18:30,87.00,ok
2026-09-26,KTW,ATH,2026-10-27,14:05,129.91,ok
2026-09-26,KTW,ATH,2026-10-28,14:40,172.26,ok
2026-09-26,KTW,ATH,2026-10-29,,,unavailable
2026-09-26,KTW,ATH,2026-10-30,07:20,212.87,ok
2026-09-26,KTW,ATH,2026-10-31,12:35,125.84,ok
2026-09-26,KTW,ATH,2026-11-01,,,unavailable
2026-09-26,KTW,ATH,2026-11-02,18:30,192.72,ok
2026-09-26,KTW,ATH,2026-11-03,14:05,113.86,ok
2026-09-26,KTW,ATH,2026-11-04,14:40,284.71,ok
2026-09-26,KTW,ATH,2026-11-05,,,unavailable
2026-09-26,KTW,ATH,2026-11-06,07:20,538.81,ok
2026-09-26,KTW,ATH,2026-11-07,12:35,360.03,ok
2026-09-26,KTW,ATH,2026-11-08,,,unavailable
2026-09-26,KTW,ATH,2026-11-09,18:30,83.19,ok
2026-09-26,KTW,ATH,2026-11-10,14:05,179.57,ok
2026-09-26,KTW,ATH,2026-11-11,,,unavailable
2026-09-26,KTW,ATH,2026-11-12,,,unavailable
2026-09-26,KTW,ATH,2026-11-13,07:20,275.95,ok
2026-09-26,KTW,ATH,2026-11-14,12:35,170.81,ok
2026-09-26,KTW,ATH,2026-11-15,,,unavailable
2026-09-26,KTW,ATH,2026-11-16,18:30,135.65,ok
2026-09-26,KTW,ATH,2026-11-17,14:05,83.19,ok
2026-09-26,KTW,ATH,2026-11-18,,,unavailable
2026-09-26,KTW,ATH,2026-11-19,,,unavailable
2026-09-26,KTW,ATH,2026-11-20,07:20,140.14,ok
2026-09-26,KTW,ATH,2026-11-21,12:35,202.76,ok
2026-09-26,KTW,ATH,2026-11-22,,,unavailable
2026-09-26,KTW,ATH,2026-11-23,18:30,159.65,ok
2026-09-26,KTW,ATH,2026-11-24,14:05,140.14,ok
2026-09-26,KTW,ATH,2026-11-25,,,unavailable
2026-09-26,KTW,ATH,2026-11-26,,,unavailable
2026-09-26,KTW,ATH,2026-11-27,07:20,193.78,ok
2026-09-26,KTW,ATH,2026-11-28,12:35,118.71,ok
2026-09-26,KTW,ATH,2026-11-29,,,unavailable
2026-09-26,KTW,ATH,2026-11-30,18:30,166.43,ok
2026-09-26,KTW,ATH,2026-12-01,,,unavailable
2026-09-26,KTW,ATH,2026-12-02,,,unavailable
2026-09-26,KTW,ATH,2026-12-03,,,unavailable
2026-09-26,KTW,ATH,2026-12-04,07:20,293.19,ok
2026-09-26,KTW,ATH,2026-12-05,12:35,148.91,ok
2026-09-26,KTW,ATH,2026-12-06,,,unavailable
2026-09-26,KTW,ATH,2026-12-07,18:30,183.95,ok
2026-09-26,KTW,ATH,2026-12-08,,,unavailable
2026-09-26,KTW,ATH,2026-12-09,,,unavailable
2026-09-26,KTW,ATH,2026-12-10,,,unavailable
2026-09-26,KTW,ATH,2026-12-11,07:20,165.22,ok
2026-09-26,KTW,ATH,2026-12-12,12:35,113.86,ok
2026-09-26,KTW,ATH,2026-12-13,,,unavailable
2026-09-26,KTW,ATH,2026-12-14,18:30,272.12,ok
2026-09-26,KTW,ATH,2026-12-15,,,unavailable
2026-09-26,KTW,ATH,2026-12-16,,,unavailable
2026-09-26,KTW,ATH,2026-12-17,,,unavailable
2026-09-26,KTW,ATH,2026-12-18,07:20,157.67,ok
2026-09-26,KTW,ATH,2026-12-19,12:35,262.74,ok
2026-09-26,KTW,ATH,2026-12-20,,,unavailable
2026-09-26,KTW,ATH,2026-12-21,18:30,144.85,ok
2026-09-26,KTW,ATH,2026-12-22,14:05,166.83,ok
2026-09-26,KTW,ATH,2026-12-23,19:30,219.00,ok
2026-09-26,KTW,ATH,2026-12-24,,,unavailable
2026-09-26,KTW,ATH,2026-12-25,,,unavailable
2026-09-26,KTW,ATH,2026-12-26,12:35,411.24,ok
2026-09-26,KTW,ATH,2026-12-27,,,unavailable
2026-09-26,KTW,ATH,2026-12-28,18:30,466.27,ok
2026-09-26,KTW,ATH,2026-12-29,14:05,381.02,ok
2026-09-26,KTW,ATH,2026-12-30,19:30,554.88,ok
2026-09-26,KTW,ATH,2026-12-31,,,unavailable
2026-09-26,KTW,ATH,2027-01-01,07:20,311.00,ok
2026-09-26,KTW,ATH,2027-01-02,12:35,406.20,ok
2026-09-26,KTW,ATH,2027-01-03,,,unavailable
2026-09-26,KTW,ATH,2027-01-04,18:30,289.00,ok
2026-09-26,KTW,ATH,2027-01-05,14:05,289.10,ok
2026-09-26,KTW,ATH,2027-01-06,,,unavailable
2026-09-26,KTW,ATH,2027-01-07,,,unavailable
2026-09-26,KTW,ATH,2027-01-08,,,unavailable
2026-09-26,KTW,ATH,2027-01-09,12:35,233.41,ok
2026-09-26,KTW,ATH,2027-01-10,,,unavailable
2026-09-26,KTW,ATH,2027-01-11,18:30,233.41,ok
2026-09-26,KTW,ATH,2027-01-12,,,unavailable
2026-09-26,KTW,ATH,2027-01-13,,,unavailable
2026-09-26,KTW,ATH,2027-01-14,,,unavailable
2026-09-26,KTW,ATH,2027-01-15,,,unavailable
2026-09-26,KTW,ATH,2027-01-16,12:35,274.44,ok
2026-09-26,KTW,ATH,2027-01-17,,,unavailable
2026-09-26,KTW,ATH,2027-01-18,18:30,315.72,ok
2026-09-26,KTW,ATH,2027-01-19,,,unavailable
2026-09-26,KTW,ATH,2027-01-20,,,unavailable
2026-09-26,KTW,ATH,2027-01-21,,,unavailable
2026-09-26,KTW,ATH,2027-01-22,,,unavailable
2026-09-26,KTW,ATH,2027-01-23,12:35,249.67,ok
2026-09-26,KTW,ATH,2027-01-24,,,unavailable
2026-09-26,KTW,ATH,2027-01-25,18:30,157.67,ok
2026-09-26,KTW,ATH,2027-01-26,,,unavailable
2026-09-26,KTW,ATH,2027-01-27,,,unavailable
2026-09-26,KTW,ATH,2027-01-28,,,unavailable
2026-09-26,KTW,ATH,2027-01-29,,,unavailable
2026-09-26,KTW,ATH,2027-01-30,12:35,274.44,ok
2026-09-26,KTW,ATH,2027-01-31,,,unavailable
2026-09-26,KTW,ATH,2027-02-01,18:30,254.05,ok
2026-09-26,KTW,ATH,2027-02-02,14:05,232.14,ok
2026-09-26,KTW,ATH,2027-02-03,,,unavailable
2026-09-26,KTW,ATH,2027-02-04,,,unavailable
2026-09-26,KTW,ATH,2027-02-05,07:20,233.41,ok
2026-09-26,KTW,ATH,2027-02-06,12:35,213.00,ok
2026-09-26,KTW,ATH,2027-02-07,07:25,214.62,ok
2026-09-26,KTW,ATH,2027-02-08,18:30,240.91,ok
2026-09-26,KTW,ATH,2027-02-09,14:05,289.00,ok
2026-09-26,KTW,ATH,2027-02-10,,,unavailable
2026-09-26,KTW,ATH,2027-02-11,,,unavailable
2026-09-26,KTW,ATH,2027-02-12,07:20,245.29,ok
2026-09-26,KTW,ATH,2027-02-13,12:35,289.10,ok
2026-09-26,KTW,ATH,2027-02-14,07:25,275.95,ok
2026-09-26,KTW,ATH,2027-02-15,18:30,219.00,ok
2026-09-26,KTW,ATH,2027-02-16,14:05,289.00,ok
2026-09-26,KTW,ATH,2027-02-17,,,unavailable
2026-09-26,KTW,ATH,2027-02-18,,,unavailable
2026-09-26,KTW,ATH,2027-02-19,07:20,306.62,ok
2026-09-26,KTW,ATH,2027-02-20,12:35,687.76,ok
2026-09-26,KTW,ATH,2027-02-21,07:25,274.44,ok
2026-09-26,KTW,ATH,2027-02-22,18:30,374.00,ok
2026-09-26,KTW,ATH,2027-02-23,14:05,302.24,ok
2026-09-26,KTW,ATH,2027-02-24,,,unavailable
2026-09-26,KTW,ATH,2027-02-25,,,unavailable
2026-09-26,KTW,ATH,2027-02-26,07:20,170.81,ok
2026-09-26,KTW,ATH,2027-02-27,12:35,200.96,ok
2026-09-26,KTW,ATH,2027-02-28,07:25,183.00,ok
2026-09-26,KTW,ATH,2027-03-01,18:30,183.00,ok
2026-09-26,KTW,ATH,2027-03-02,14:05,200.96,ok
2026-09-26,KTW,ATH,2027-03-03,,,unavailable
2026-09-26,KTW,ATH,2027-03-04,,,unavailable
2026-09-26,KTW,ATH,2027-03-05,07:20,233.41,ok
2026-09-26,KTW,ATH,2027-03-06,12:35,213.00,ok
2026-09-26,KTW,ATH,2027-03-07,07:25,183.00,ok
2026-09-26,KTW,ATH,2027-03-08,18:30,183.00,ok
2026-09-26,KTW,ATH,2027-03-09,14:05,183.00,ok
2026-09-26,KTW,ATH,2027-03-10,,,unavailable
2026-09-26,KTW,ATH,2027-03-11,,,unavailable
2026-09-26,KTW,ATH,2027-03-12,07:20,232.14,ok
2026-09-26,KTW,ATH,2027-03-13,12:35,213.00,ok
2026-09-26,KTW,ATH,2027-03-14,07:25,213.00,ok
2026-09-26,KTW,ATH,2027-03-15,18:30,201.48,ok
2026-09-26,KTW,ATH,2027-03-16,14:05,183.95,ok
2026-09-26,KTW,ATH,2027-03-17,,,unavailable
2026-09-26,KTW,ATH,2027-03-18,,,unavailable
2026-09-26,KTW,ATH,2027-03-19,07:20,508.14,ok
2026-09-26,KTW,ATH,2027-03-20,12:35,233.41,ok
2026-09-26,KTW,ATH,2027-03-21,07:25,210.24,ok
2026-09-26,KTW,ATH,2027-03-22,18:30,213.00,ok
2026-09-26,KTW,ATH,2027-03-23,14:05,233.41,ok
2026-09-26,KTW,ATH,2027-03-24,17:05,411.76,ok
2026-09-26,KTW,ATH,2027-03-25,,,unavailable
2026-09-26,KTW,ATH,2027-03-26,07:20,363.57,ok
2026-09-26,KTW,ATH,2027-03-27,12:35,433.67,ok
2026-09-26,KTW,ATH,2027-03-28,13:05,378.38,ok
2026-09-26,KTW,ATH,2027-03-29,,,unavailable
2026-09-26,KTW,ATH,2027-03-30,,,unavailable
2026-09-26,KTW,ATH,2027-03-31,19:45,468.00,ok
2026-09-26,KTW,ATH,2027-04-01,,,unavailable
2026-09-26,KTW,ATH,2027-04-02,18:55,684.00,ok
2026-09-26,KTW,ATH,2027-04-03,,,unavailable
2026-09-26,KTW,ATH,2027-04-04,13:05,684.00,ok
2026-09-26,KTW,ATH,2027-04-05,,,unavailable
2026-09-26,KTW,ATH,2027-04-06,,,unavailable
2026-09-26,KTW,ATH,2027-04-07,19:45,289.00,ok
2026-09-26,KTW,ATH,2027-04-08,,,unavailable
2026-09-26,KTW,ATH,2027-04-09,18:55,374.00,ok
2026-09-26,KTW,ATH,2027-04-10,,,unavailable
2026-09-26,KTW,ATH,2027-04-11,13:05,374.00,ok
2026-09-26,KTW,ATH,2027-04-12,,,unavailable
2026-09-26,KTW,ATH,2027-04-13,,,unavailable
2026-09-26,KTW,ATH,2027-04-14,19:45,327.00,ok
2026-09-26,KTW,ATH,2027-04-15,,,unavailable
2026-09-26,KTW,ATH,2027-04-16,18:55,514.00,ok
2026-09-26,KTW,ATH,2027-04-17,,,unavailable
2026-09-26,KTW,ATH,2027-04-18,13:05,468.00,ok
2026-09-26,KTW,ATH,2027-04-19,,,unavailable
2026-09-26,KTW,ATH,2027-04-20,,,unavailable
2026-09-26,KTW,ATH,2027-04-21,19:45,327.00,ok
2026-09-26,KTW,ATH,2027-04-22,,,unavailable
2026-09-26,KTW,ATH,2027-04-23,18:55,468.00,ok
2026-09-26,KTW,ATH,2027-04-24,,,unavailable
2026-09-26,KTW,ATH,2027-04-25,13:05,425.00,ok
2026-09-26,KTW,ATH,2027-04-26,,,unavailable
2026-09-26,KTW,ATH,2027-04-27,,,unavailable
2026-09-26,KTW,ATH,2027-04-28,19:45,327.00,ok
2026-09-26,KTW,ATH,2027-04-29,,,unavailable
2026-09-26,KTW,ATH,2027-04-30,18:55,620.00,ok
2026-09-26,KTW,ATH,2027-05-01,,,unavailable
2026-09-26,KTW,ATH,2027-05-02,13:05,425.00,ok
2026-09-26,KTW,ATH,2027-05-03,,,unavailable
2026-09-26,KTW,ATH,2027-05-04,,,unavailable
2026-09-26,KTW,ATH,2027-05-05,19:45,289.00,ok
2026-09-26,KTW,ATH,2027-05-06,,,unavailable
2026-09-26,KTW,ATH,2027-05-07,18:55,468.00,ok
2026-09-26,KTW,ATH,2027-05-08,,,unavailable
2026-09-26,KTW,ATH,2027-05-09,13:05,468.00,ok
2026-09-26,KTW,ATH,2027-05-10,,,unavailable
2026-09-26,KTW,ATH,2027-05-11,,,unavailable
2026-09-26,KTW,ATH,2027-05-12,19:45,289.00,ok
2026-09-26,KTW,ATH,2027-05-13,,,unavailable
2026-09-26,KTW,ATH,2027-05-14,18:55,374.00,ok
2026-09-26,KTW,ATH,2027-05-15,,,unavailable
2026-09-26,KTW,ATH,2027-05-16,13:05,374.00,ok
2026-09-26,KTW,ATH,2027-05-17,,,unavailable
2026-09-26,KTW,ATH,2027-05-18,,,unavailable
2026-09-26,KTW,ATH,2027-05-19,19:45,289.00,ok
2026-09-26,KTW,ATH,2027-05-20,,,unavailable
2026-09-26,KTW,ATH,2027-05-21,18:55,425.00,ok
2026-09-26,KTW,ATH,2027-05-22,,,unavailable
2026-09-26,KTW,ATH,2027-05-23,13:05,468.00,ok
2026-09-26,KTW,ATH,2027-05-24,,,unavailable
2026-09-26,KTW,ATH,2027-05-25,,,unavailable
2026-09-26,KTW,ATH,2027-05-26,19:45,289.00,ok
2026-09-26,KTW,ATH,2027-05-27,,,unavailable
2026-09-26,KTW,ATH,2027-05-28,18:55,514.00,ok
2026-09-26,KTW,ATH,2027-05-29,,,unavailable
2026-09-26,KTW,ATH,2027-05-30,13:05,565.00,ok
2026-09-26,KTW,ATH,2027-05-31,,,unavailable
2026-09-26,KTW,ATH,2027-06-01,,,unavailable
2026-09-26,KTW,ATH,2027-06-02,19:45,374.00,ok
2026-09-26,KTW,ATH,2027-06-03,,,unavailable
2026-09-26,KTW,ATH,2027-06-04,18:55,468.00,ok
2026-09-26,KTW,ATH,2027-06-05,,,unavailable
2026-09-26,KTW,ATH,2027-06-06,13:05,374.00,ok
2026-09-26,KTW,ATH,2027-06-07,,,unavailable
2026-09-26,KTW,ATH,2027-06-08,,,unavailable
2026-09-26,KTW,ATH,2027-06-09,19:45,289.00,ok
2026-09-26,KTW,ATH,2027-06-10,,,unavailable
2026-09-26,KTW,ATH,2027-06-11,18:55,374.00,ok
2026-09-26,KTW,ATH,2027-06-12,,,unavailable
2026-09-26,KTW,ATH,2027-06-13,13:05,425.00,ok
2026-09-26,KTW,ATH,2027-06-14,,,unavailable
2026-09-26,KTW,ATH,2027-06-15,,,unavailable
2026-09-26,KTW,ATH,2027-06-16,19:45,289.00,ok
2026-09-26,KTW,ATH,2027-06-17,,,unavailable
2026-09-26,KTW,ATH,2027-06-18,18:55,514.00,ok
2026-09-26,KTW,ATH,2027-06-19,,,unavailable
2026-09-26,KTW,ATH,2027-06-20,13:05,468.00,ok
2026-09-26,KTW,ATH,2027-06-21,,,unavailable
2026-09-26,KTW,ATH,2027-06-22,,,unavailable
2026-09-26,KTW,ATH,2027-06-23,19:45,327.00,ok
2026-09-26,KTW,ATH,2027-06-24,,,unavailable
2026-09-26,KTW,ATH,2027-06-25,18:55,514.00,ok
2026-09-26,KTW,ATH,2027-06-26,,,unavailable
2026-09-26,KTW,ATH,2027-06-27,13:05,684.00,ok
2026-09-26,KTW,ATH,2027-06-28,,,unavailable
2026-09-26,KTW,ATH,2027-06-29,,,unavailable
2026-09-26,KTW,ATH,2027-06-30,19:45,425.00,ok
2026-09-26,KTW,ATH,2027-07-01,,,unavailable
2026-09-26,KTW,ATH,2027-07-02,18:55,468.00,ok
2026-09-26,KTW,ATH,2027-07-03,,,unavailable
2026-09-26,KTW,ATH,2027-07-04,13:05,514.00,ok
2026-09-26,KTW,ATH,2027-07-05,,,unavailable
2026-09-26,KTW,ATH,2027-07-06,,,unavailable
2026-09-26,KTW,ATH,2027-07-07,19:45,374.00,ok
2026-09-26,KTW,ATH,2027-07-08,,,unavailable
2026-09-26,KTW,ATH,2027-07-09,18:55,468.00,ok
2026-09-26,KTW,ATH,2027-07-10,,,unavailable
2026-09-26,KTW,ATH,2027-07-11,13:05,425.00,ok
2026-09-26,KTW,ATH,2027-07-12,,,unavailable
2026-09-26,KTW,ATH,2027-07-13,,,unavailable
2026-09-26,KTW,ATH,2027-07-14,19:45,374.00,ok
2026-09-26,KTW,ATH,2027-07-15,,,unavailable
2026-09-26,KTW,ATH,2027-07-16,18:55,425.00,ok
2026-09-26,KTW,ATH,2027-07-17,,,unavailable
2026-09-26,KTW,ATH,2027-07-18,13:05,514.00,ok
2026-09-26,KTW,ATH,2027-07-19,,,unavailable
2026-09-26,KTW,ATH,2027-07-20,,,unavailable
2026-09-26,KTW,ATH,2027-07-21,19:45,374.00,ok
2026-09-26,KTW,ATH,2027-07-22,,,unavailable
2026-09-26,KTW,ATH,2027-07-23,18:55,425.00,ok
2026-09-26,KTW,ATH,2027-07-24,,,unavailable
2026-09-26,KTW,ATH,2027-07-25,13:05,425.00,ok
2026-09-26,KTW,ATH,2027-07-26,,,unavailable
2026-09-26,KTW,ATH,2027-07-27,,,unavailable
2026-09-26,KTW,ATH,2027-07-28,19:45,327.00,ok
2026-09-26,KTW,ATH,2027-07-29,,,unavailable
2026-09-26,KTW,ATH,2027-07-30,18:55,374.00,ok
2026-09-26,KTW,ATH,2027-07-31,,,unavailable
2026-09-26,KTW,ATH,2027-08-01,13:05,425.00,ok
2026-09-26,KTW,ATH,2027-08-02,,,unavailable
2026-09-26,KTW,ATH,2027-08-03,,,unavailable
2026-09-26,KTW,ATH,2027-08-04,19:45,327.00,ok
2026-09-26,KTW,ATH,2027-08-05,,,unavailable
2026-09-26,KTW,ATH,2027-08-06,18:55,374.00,ok
2026-09-26,KTW,ATH,2027-08-07,,,unavailable
2026-09-26,KTW,ATH,2027-08-08,13:05,374.00,ok
2026-09-26,KTW,ATH,2027-08-09,,,unavailable
2026-09-26,KTW,ATH,2027-08-10,,,unavailable
2026-09-26,KTW,ATH,2027-08-11,19:45,327.00,ok
2026-09-26,KTW,ATH,2027-08-12,,,unavailable
2026-09-26,KTW,ATH,2027-08-13,18:55,425.00,ok
2026-09-26,KTW,ATH,2027-08-14,,,unavailable
2026-09-26,KTW,ATH,2027-08-15,13:05,425.00,ok
2026-09-26,KTW,ATH,2027-08-16,,,unavailable
2026-09-26,KTW,ATH,2027-08-17,,,unavailable
2026-09-26,KTW,ATH,2027-08-18,19:45,327.00,ok
2026-09-26,KTW,ATH,2027-08-19,,,unavailable
2026-09-26,KTW,ATH,2027-08-20,18:55,425.00,ok
2026-09-26,KTW,ATH,2027-08-21,,,unavailable
2026-09-26,KTW,ATH,2027-08-22,13:05,425.00,ok
2026-09-26,KTW,ATH,2027-08-23,,,unavailable
2026-09-26,KTW,ATH,2027-08-24,,,unavailable
2026-09-26,KTW,ATH,2027-08-25,19:45,327.00,ok
2026-09-26,KTW,ATH,2027-08-26,,,unavailable
2026-09-26,KTW,ATH,2027-08-27,18:55,374.00,ok
2026-09-26,KTW,ATH,2027-08-28,,,unavailable
2026-09-26,KTW,ATH,2027-08-29,13:05,425.00,ok
2026-09-26,KTW,ATH,2027-08-30,,,unavailable
2026-09-26,KTW,ATH,2027-08-31,,,unavailable
2026-09-26,ATH,KTW,2026-09-26,,,unavailable
2026-09-26,ATH,KTW,2026-09-27,,,unavailable
2026-09-26,ATH,KTW,2026-09-28,18:35,1527.09,ok
2026-09-26,ATH,KTW,2026-09-29,17:30,425.37,ok
2026-09-26,ATH,KTW,2026-09-30,,,unavailable
2026-09-26,ATH,KTW,2026-10-01,17:40,472.38,ok
2026-09-26,ATH,KTW,2026-10-02,11:25,437.29,ok
2026-09-26,ATH,KTW,2026-10-03,16:05,705.28,ok
2026-09-26,ATH,KTW,2026-10-04,,,unavailable
2026-09-26,ATH,KTW,2026-10-05,18:35,514.00,ok
2026-09-26,ATH,KTW,2026-10-06,17:30,391.26,ok
2026-09-26,ATH,KTW,2026-10-07,,,unavailable
2026-09-26,ATH,KTW,2026-10-08,17:40,298.72,ok
2026-09-26,ATH,KTW,2026-10-09,11:25,363.57,ok
2026-09-26,ATH,KTW,2026-10-10,16:05,841.76,ok
2026-09-26,ATH,KTW,2026-10-11,,,unavailable
2026-09-26,ATH,KTW,2026-10-12,18:35,451.19,ok
2026-09-26,ATH,KTW,2026-10-13,17:30,487.89,ok
2026-09-26,ATH,KTW,2026-10-14,,,unavailable
2026-09-26,ATH,KTW,2026-10-15,17:40,397.70,ok
2026-09-26,ATH,KTW,2026-10-16,11:25,475.75,ok
2026-09-26,ATH,KTW,2026-10-17,16:05,591.38,ok
2026-09-26,ATH,KTW,2026-10-18,,,unavailable
2026-09-26,ATH,KTW,2026-10-19,18:35,591.38,ok
2026-09-26,ATH,KTW,2026-10-20,17:30,425.00,ok
2026-09-26,ATH,KTW,2026-10-21,,,unavailable
2026-09-26,ATH,KTW,2026-10-22,17:40,339.00,ok
2026-09-26,ATH,KTW,2026-10-23,11:25,398.62,ok
2026-09-26,ATH,KTW,2026-10-24,16:05,959.37,ok
2026-09-26,ATH,KTW,2026-10-25,,,unavailable
2026-09-26,ATH,KTW,2026-10-26,22:25,527.40,ok
2026-09-26,ATH,KTW,2026-10-27,18:00,299.69,ok
2026-09-26,ATH,KTW,2026-10-28,18:35,399.76,ok
2026-09-26,ATH,KTW,2026-10-29,,,unavailable
2026-09-26,ATH,KTW,2026-10-30,11:15,335.70,ok
2026-09-26,ATH,KTW,2026-10-31,16:30,735.52,ok
2026-09-26,ATH,KTW,2026-11-01,,,unavailable
2026-09-26,ATH,KTW,2026-11-02,22:25,556.33,ok
2026-09-26,ATH,KTW,2026-11-03,18:00,261.84,ok
2026-09-26,ATH,KTW,2026-11-04,18:35,199.17,ok
2026-09-26,ATH,KTW,2026-11-05,,,unavailable
2026-09-26,ATH,KTW,2026-11-06,11:15,168.63,ok
2026-09-26,ATH,KTW,2026-11-07,16:30,192.72,ok
2026-09-26,ATH,KTW,2026-11-08,,,unavailable
2026-09-26,ATH,KTW,2026-11-09,22:25,499.38,ok
2026-09-26,ATH,KTW,2026-11-10,18:00,359.19,ok
2026-09-26,ATH,KTW,2026-11-11,,,unavailable
2026-09-26,ATH,KTW,2026-11-12,,,unavailable
2026-09-26,ATH,KTW,2026-11-13,11:15,293.48,ok
2026-09-26,ATH,KTW,2026-11-14,16:30,534.64,ok
2026-09-26,ATH,KTW,2026-11-15,,,unavailable
2026-09-26,ATH,KTW,2026-11-16,22:25,407.38,ok
2026-09-26,ATH,KTW,2026-11-17,18:00,345.01,ok
2026-09-26,ATH,KTW,2026-11-18,,,unavailable
2026-09-26,ATH,KTW,2026-11-19,,,unavailable
2026-09-26,ATH,KTW,2026-11-20,11:15,162.05,ok
2026-09-26,ATH,KTW,2026-11-21,16:30,193.78,ok
2026-09-26,ATH,KTW,2026-11-22,,,unavailable
2026-09-26,ATH,KTW,2026-11-23,22:25,311.00,ok
2026-09-26,ATH,KTW,2026-11-24,18:00,188.33,ok
2026-09-26,ATH,KTW,2026-11-25,,,unavailable
2026-09-26,ATH,KTW,2026-11-26,,,unavailable
2026-09-26,ATH,KTW,2026-11-27,11:15,240.91,ok
2026-09-26,ATH,KTW,2026-11-28,16:30,235.43,ok
2026-09-26,ATH,KTW,2026-11-29,,,unavailable
2026-09-26,ATH,KTW,2026-11-30,22:25,249.67,ok
2026-09-26,ATH,KTW,2026-12-01,,,unavailable
2026-09-26,ATH,KTW,2026-12-02,,,unavailable
2026-09-26,ATH,KTW,2026-12-03,,,unavailable
2026-09-26,ATH,KTW,2026-12-04,11:15,341.67,ok
2026-09-26,ATH,KTW,2026-12-05,16:30,297.57,ok
2026-09-26,ATH,KTW,2026-12-06,,,unavailable
2026-09-26,ATH,KTW,2026-12-07,22:25,201.48,ok
2026-09-26,ATH,KTW,2026-12-08,,,unavailable
2026-09-26,ATH,KTW,2026-12-09,,,unavailable
2026-09-26,ATH,KTW,2026-12-10,,,unavailable
2026-09-26,ATH,KTW,2026-12-11,11:15,262.81,ok
2026-09-26,ATH,KTW,2026-12-12,16:30,164.17,ok
2026-09-26,ATH,KTW,2026-12-13,,,unavailable
2026-09-26,ATH,KTW,2026-12-14,22:25,173.41,ok
2026-09-26,ATH,KTW,2026-12-15,,,unavailable
2026-09-26,ATH,KTW,2026-12-16,,,unavailable
2026-09-26,ATH,KTW,2026-12-17,,,unavailable
2026-09-26,ATH,KTW,2026-12-18,11:15,280.33,ok
2026-09-26,ATH,KTW,2026-12-19,16:30,197.10,ok
2026-09-26,ATH,KTW,2026-12-20,,,unavailable
2026-09-26,ATH,KTW,2026-12-21,22:25,227.76,ok
2026-09-26,ATH,KTW,2026-12-22,18:00,254.05,ok
2026-09-26,ATH,KTW,2026-12-23,23:25,170.81,ok
2026-09-26,ATH,KTW,2026-12-24,,,unavailable
2026-09-26,ATH,KTW,2026-12-25,,,unavailable
2026-09-26,ATH,KTW,2026-12-26,16:30,236.98,ok
2026-09-26,ATH,KTW,2026-12-27,,,unavailable
2026-09-26,ATH,KTW,2026-12-28,22:25,245.29,ok
2026-09-26,ATH,KTW,2026-12-29,18:00,188.55,ok
2026-09-26,ATH,KTW,2026-12-30,23:25,219.00,ok
2026-09-26,ATH,KTW,2026-12-31,,,unavailable
2026-09-26,ATH,KTW,2027-01-01,11:15,327.00,ok
2026-09-26,ATH,KTW,2027-01-02,16:30,425.00,ok
2026-09-26,ATH,KTW,2027-01-03,,,unavailable
2026-09-26,ATH,KTW,2027-01-04,22:25,289.10,ok
2026-09-26,ATH,KTW,2027-01-05,18:00,289.10,ok
2026-09-26,ATH,KTW,2027-01-06,,,unavailable
2026-09-26,ATH,KTW,2027-01-07,,,unavailable
2026-09-26,ATH,KTW,2027-01-08,,,unavailable
2026-09-26,ATH,KTW,2027-01-09,16:30,200.96,ok
2026-09-26,ATH,KTW,2027-01-10,,,unavailable
2026-09-26,ATH,KTW,2027-01-11,22:25,233.41,ok
2026-09-26,ATH,KTW,2027-01-12,,,unavailable
2026-09-26,ATH,KTW,2027-01-13,,,unavailable
2026-09-26,ATH,KTW,2027-01-14,,,unavailable
2026-09-26,ATH,KTW,2027-01-15,,,unavailable
2026-09-26,ATH,KTW,2027-01-16,16:30,170.81,ok
2026-09-26,ATH,KTW,2027-01-17,,,unavailable
2026-09-26,ATH,KTW,2027-01-18,22:25,175.19,ok
2026-09-26,ATH,KTW,2027-01-19,,,unavailable
2026-09-26,ATH,KTW,2027-01-20,,,unavailable
2026-09-26,ATH,KTW,2027-01-21,,,unavailable
2026-09-26,ATH,KTW,2027-01-22,,,unavailable
2026-09-26,ATH,KTW,2027-01-23,16:30,315.72,ok
2026-09-26,ATH,KTW,2027-01-24,,,unavailable
2026-09-26,ATH,KTW,2027-01-25,22:25,315.72,ok
2026-09-26,ATH,KTW,2027-01-26,,,unavailable
2026-09-26,ATH,KTW,2027-01-27,,,unavailable
2026-09-26,ATH,KTW,2027-01-28,,,unavailable
2026-09-26,ATH,KTW,2027-01-29,,,unavailable
2026-09-26,ATH,KTW,2027-01-30,16:30,274.44,ok
2026-09-26,ATH,KTW,2027-01-31,,,unavailable
2026-09-26,ATH,KTW,2027-02-01,22:25,170.81,ok
2026-09-26,ATH,KTW,2027-02-02,18:00,210.24,ok
2026-09-26,ATH,KTW,2027-02-03,,,unavailable
2026-09-26,ATH,KTW,2027-02-04,,,unavailable
2026-09-26,ATH,KTW,2027-02-05,11:15,140.14,ok
2026-09-26,ATH,KTW,2027-02-06,16:30,200.96,ok
2026-09-26,ATH,KTW,2027-02-07,11:20,251.00,ok
2026-09-26,ATH,KTW,2027-02-08,22:25,197.10,ok
2026-09-26,ATH,KTW,2027-02-09,18:00,357.01,ok
2026-09-26,ATH,KTW,2027-02-10,,,unavailable
2026-09-26,ATH,KTW,2027-02-11,,,unavailable
2026-09-26,ATH,KTW,2027-02-12,11:15,249.67,ok
2026-09-26,ATH,KTW,2027-02-13,16:30,289.00,ok
2026-09-26,ATH,KTW,2027-02-14,11:20,289.00,ok
2026-09-26,ATH,KTW,2027-02-15,22:25,398.62,ok
2026-09-26,ATH,KTW,2027-02-16,18:00,357.01,ok
2026-09-26,ATH,KTW,2027-02-17,,,unavailable
2026-09-26,ATH,KTW,2027-02-18,,,unavailable
2026-09-26,ATH,KTW,2027-02-19,11:15,289.00,ok
2026-09-26,ATH,KTW,2027-02-20,16:30,363.57,ok
2026-09-26,ATH,KTW,2027-02-21,11:20,357.01,ok
2026-09-26,ATH,KTW,2027-02-22,22:25,302.24,ok
2026-09-26,ATH,KTW,2027-02-23,18:00,311.00,ok
2026-09-26,ATH,KTW,2027-02-24,,,unavailable
2026-09-26,ATH,KTW,2027-02-25,,,unavailable
2026-09-26,ATH,KTW,2027-02-26,11:15,525.66,ok
2026-09-26,ATH,KTW,2027-02-27,16:30,327.00,ok
2026-09-26,ATH,KTW,2027-02-28,11:20,306.62,ok
2026-09-26,ATH,KTW,2027-03-01,22:25,357.01,ok
2026-09-26,ATH,KTW,2027-03-02,18:00,274.44,ok
2026-09-26,ATH,KTW,2027-03-03,,,unavailable
2026-09-26,ATH,KTW,2027-03-04,,,unavailable
2026-09-26,ATH,KTW,2027-03-05,11:15,200.96,ok
2026-09-26,ATH,KTW,2027-03-06,16:30,213.00,ok
2026-09-26,ATH,KTW,2027-03-07,11:20,319.76,ok
2026-09-26,ATH,KTW,2027-03-08,22:25,315.38,ok
2026-09-26,ATH,KTW,2027-03-09,18:00,274.44,ok
2026-09-26,ATH,KTW,2027-03-10,,,unavailable
2026-09-26,ATH,KTW,2027-03-11,,,unavailable
2026-09-26,ATH,KTW,2027-03-12,11:15,183.00,ok
2026-09-26,ATH,KTW,2027-03-13,16:30,289.10,ok
2026-09-26,ATH,KTW,2027-03-14,11:20,374.00,ok
2026-09-26,ATH,KTW,2027-03-15,22:25,324.14,ok
2026-09-26,ATH,KTW,2027-03-16,18:00,275.95,ok
2026-09-26,ATH,KTW,2027-03-17,,,unavailable
2026-09-26,ATH,KTW,2027-03-18,,,unavailable
2026-09-26,ATH,KTW,2027-03-19,11:15,175.19,ok
2026-09-26,ATH,KTW,2027-03-20,16:30,213.00,ok
2026-09-26,ATH,KTW,2027-03-21,11:20,233.41,ok
2026-09-26,ATH,KTW,2027-03-22,22:25,249.67,ok
2026-09-26,ATH,KTW,2027-03-23,18:00,213.00,ok
2026-09-26,ATH,KTW,2027-03-24,21:00,319.76,ok
2026-09-26,ATH,KTW,2027-03-25,,,unavailable
2026-09-26,ATH,KTW,2027-03-26,11:15,183.00,ok
2026-09-26,ATH,KTW,2027-03-27,16:30,251.00,ok
2026-09-26,ATH,KTW,2027-03-28,16:55,331.38,ok
2026-09-26,ATH,KTW,2027-03-29,,,unavailable
2026-09-26,ATH,KTW,2027-03-30,,,unavailable
2026-09-26,ATH,KTW,2027-03-31,23:35,374.00,ok
2026-09-26,ATH,KTW,2027-04-01,,,unavailable
2026-09-26,ATH,KTW,2027-04-02,22:45,327.00,ok
2026-09-26,ATH,KTW,2027-04-03,,,unavailable
2026-09-26,ATH,KTW,2027-04-04,16:55,327.00,ok
2026-09-26,ATH,KTW,2027-04-05,,,unavailable
2026-09-26,ATH,KTW,2027-04-06,,,unavailable
2026-09-26,ATH,KTW,2027-04-07,23:35,565.00,ok
2026-09-26,ATH,KTW,2027-04-08,,,unavailable
2026-09-26,ATH,KTW,2027-04-09,22:45,468.00,ok
2026-09-26,ATH,KTW,2027-04-10,,,unavailable
2026-09-26,ATH,KTW,2027-04-11,16:55,425.00,ok
2026-09-26,ATH,KTW,2027-04-12,,,unavailable
2026-09-26,ATH,KTW,2027-04-13,,,unavailable
2026-09-26,ATH,KTW,2027-04-14,23:35,327.00,ok
2026-09-26,ATH,KTW,2027-04-15,,,unavailable
2026-09-26,ATH,KTW,2027-04-16,22:45,289.00,ok
2026-09-26,ATH,KTW,2027-04-17,,,unavailable
2026-09-26,ATH,KTW,2027-04-18,16:55,327.00,ok
2026-09-26,ATH,KTW,2027-04-19,,,unavailable
2026-09-26,ATH,KTW,2027-04-20,,,unavailable
2026-09-26,ATH,KTW,2027-04-21,23:35,289.00,ok
2026-09-26,ATH,KTW,2027-04-22,,,unavailable
2026-09-26,ATH,KTW,2027-04-23,22:45,327.00,ok
2026-09-26,ATH,KTW,2027-04-24,,,unavailable
2026-09-26,ATH,KTW,2027-04-25,16:55,374.00,ok
2026-09-26,ATH,KTW,2027-04-26,,,unavailable
2026-09-26,ATH,KTW,2027-04-27,,,unavailable
2026-09-26,ATH,KTW,2027-04-28,23:35,289.00,ok
2026-09-26,ATH,KTW,2027-04-29,,,unavailable
2026-09-26,ATH,KTW,2027-04-30,22:45,425.00,ok
2026-09-26,ATH,KTW,2027-05-01,,,unavailable
2026-09-26,ATH,KTW,2027-05-02,16:55,514.00,ok
2026-09-26,ATH,KTW,2027-05-03,,,unavailable
2026-09-26,ATH,KTW,2027-05-04,,,unavailable
2026-09-26,ATH,KTW,2027-05-05,23:35,374.00,ok
2026-09-26,ATH,KTW,2027-05-06,,,unavailable
2026-09-26,ATH,KTW,2027-05-07,22:45,374.00,ok
2026-09-26,ATH,KTW,2027-05-08,,,unavailable
2026-09-26,ATH,KTW,2027-05-09,16:55,468.00,ok
2026-09-26,ATH,KTW,2027-05-10,,,unavailable
2026-09-26,ATH,KTW,2027-05-11,,,unavailable
2026-09-26,ATH,KTW,2027-05-12,23:35,327.00,ok
2026-09-26,ATH,KTW,2027-05-13,,,unavailable
2026-09-26,ATH,KTW,2027-05-14,22:45,374.00,ok
2026-09-26,ATH,KTW,2027-05-15,,,unavailable
2026-09-26,ATH,KTW,2027-05-16,16:55,514.00,ok
2026-09-26,ATH,KTW,2027-05-17,,,unavailable
2026-09-26,ATH,KTW,2027-05-18,,,unavailable
2026-09-26,ATH,KTW,2027-05-19,23:35,327.00,ok
2026-09-26,ATH,KTW,2027-05-20,,,unavailable
2026-09-26,ATH,KTW,2027-05-21,22:45,327.00,ok
2026-09-26,ATH,KTW,2027-05-22,,,unavailable
2026-09-26,ATH,KTW,2027-05-23,16:55,425.00,ok
2026-09-26,ATH,KTW,2027-05-24,,,unavailable
2026-09-26,ATH,KTW,2027-05-25,,,unavailable
2026-09-26,ATH,KTW,2027-05-26,23:35,289.00,ok
2026-09-26,ATH,KTW,2027-05-27,,,unavailable
2026-09-26,ATH,KTW,2027-05-28,22:45,327.00,ok
2026-09-26,ATH,KTW,2027-05-29,,,unavailable
2026-09-26,ATH,KTW,2027-05-30,16:55,468.00,ok
2026-09-26,ATH,KTW,2027-05-31,,,unavailable
2026-09-26,ATH,KTW,2027-06-01,,,unavailable
2026-09-26,ATH,KTW,2027-06-02,23:35,289.00,ok
2026-09-26,ATH,KTW,2027-06-03,,,unavailable
2026-09-26,ATH,KTW,2027-06-04,22:45,327.00,ok
2026-09-26,ATH,KTW,2027-06-05,,,unavailable
2026-09-26,ATH,KTW,2027-06-06,16:55,752.00,ok
2026-09-26,ATH,KTW,2027-06-07,,,unavailable
2026-09-26,ATH,KTW,2027-06-08,,,unavailable
2026-09-26,ATH,KTW,2027-06-09,23:35,327.00,ok
2026-09-26,ATH,KTW,2027-06-10,,,unavailable
2026-09-26,ATH,KTW,2027-06-11,22:45,327.00,ok
2026-09-26,ATH,KTW,2027-06-12,,,unavailable
2026-09-26,ATH,KTW,2027-06-13,16:55,425.00,ok
2026-09-26,ATH,KTW,2027-06-14,,,unavailable
2026-09-26,ATH,KTW,2027-06-15,,,unavailable
2026-09-26,ATH,KTW,2027-06-16,23:35,289.00,ok
2026-09-26,ATH,KTW,2027-06-17,,,unavailable
2026-09-26,ATH,KTW,2027-06-18,22:45,327.00,ok
2026-09-26,ATH,KTW,2027-06-19,,,unavailable
2026-09-26,ATH,KTW,2027-06-20,16:55,425.00,ok
2026-09-26,ATH,KTW,2027-06-21,,,unavailable
2026-09-26,ATH,KTW,2027-06-22,,,unavailable
2026-09-26,ATH,KTW,2027-06-23,23:35,289.00,ok
2026-09-26,ATH,KTW,2027-06-24,,,unavailable
2026-09-26,ATH,KTW,2027-06-25,22:45,327.00,ok
2026-09-26,ATH,KTW,2027-06-26,,,unavailable
2026-09-26,ATH,KTW,2027-06-27,16:55,327.00,ok
2026-09-26,ATH,KTW,2027-06-28,,,unavailable
2026-09-26,ATH,KTW,2027-06-29,,,unavailable
2026-09-26,ATH,KTW,2027-06-30,23:35,289.00,ok
2026-09-26,ATH,KTW,2027-07-01,,,unavailable
2026-09-26,ATH,KTW,2027-07-02,22:45,327.00,ok
2026-09-26,ATH,KTW,2027-07-03,,,unavailable
2026-09-26,ATH,KTW,2027-07-04,16:55,468.00,ok
2026-09-26,ATH,KTW,2027-07-05,,,unavailable
2026-09-26,ATH,KTW,2027-07-06,,,unavailable
2026-09-26,ATH,KTW,2027-07-07,23:35,327.00,ok
2026-09-26,ATH,KTW,2027-07-08,,,unavailable
2026-09-26,ATH,KTW,2027-07-09,22:45,374.00,ok
2026-09-26,ATH,KTW,2027-07-10,,,unavailable
2026-09-26,ATH,KTW,2027-07-11,16:55,514.00,ok
2026-09-26,ATH,KTW,2027-07-12,,,unavailable
2026-09-26,ATH,KTW,2027-07-13,,,unavailable
2026-09-26,ATH,KTW,2027-07-14,23:35,425.00,ok
2026-09-26,ATH,KTW,2027-07-15,,,unavailable
2026-09-26,ATH,KTW,2027-07-16,22:45,468.00,ok
2026-09-26,ATH,KTW,2027-07-17,,,unavailable
2026-09-26,ATH,KTW,2027-07-18,16:55,468.00,ok
2026-09-26,ATH,KTW,2027-07-19,,,unavailable
2026-09-26,ATH,KTW,2027-07-20,,,unavailable
2026-09-26,ATH,KTW,2027-07-21,23:35,425.00,ok
2026-09-26,ATH,KTW,2027-07-22,,,unavailable
2026-09-26,ATH,KTW,2027-07-23,22:45,425.00,ok
2026-09-26,ATH,KTW,2027-07-24,,,unavailable
2026-09-26,ATH,KTW,2027-07-25,16:55,514.00,ok
2026-09-26,ATH,KTW,2027-07-26,,,unavailable
2026-09-26,ATH,KTW,2027-07-27,,,unavailable
2026-09-26,ATH,KTW,2027-07-28,23:35,425.00,ok
2026-09-26,ATH,KTW,2027-07-29,,,unavailable
2026-09-26,ATH,KTW,2027-07-30,22:45,468.00,ok
2026-09-26,ATH,KTW,2027-07-31,,,unavailable
2026-09-26,ATH,KTW,2027-08-01,16:55,565.00,ok
2026-09-26,ATH,KTW,2027-08-02,,,unavailable
2026-09-26,ATH,KTW,2027-08-03,,,unavailable
2026-09-26,ATH,KTW,2027-08-04,23:35,425.00,ok
2026-09-26,ATH,KTW,2027-08-05,,,unavailable
2026-09-26,ATH,KTW,2027-08-06,22:45,514.00,ok
2026-09-26,ATH,KTW,2027-08-07,,,unavailable
2026-09-26,ATH,KTW,2027-08-08,16:55,565.00,ok
2026-09-26,ATH,KTW,2027-08-09,,,unavailable
2026-09-26,ATH,KTW,2027-08-10,,,unavailable
2026-09-26,ATH,KTW,2027-08-11,23:35,514.00,ok
2026-09-26,ATH,KTW,2027-08-12,,,unavailable
2026-09-26,ATH,KTW,2027-08-13,22:45,565.00,ok
2026-09-26,ATH,KTW,2027-08-14,,,unavailable
2026-09-26,ATH,KTW,2027-08-15,16:55,620.00,ok
2026-09-26,ATH,KTW,2027-08-16,,,unavailable
2026-09-26,ATH,KTW,2027-08-17,,,unavailable
2026-09-26,ATH,KTW,2027-08-18,23:35,514.00,ok
2026-09-26,ATH,KTW,2027-08-19,,,unavailable
2026-09-26,ATH,KTW,2027-08-20,22:45,514.00,ok
2026-09-26,ATH,KTW,2027-08-21,,,unavailable
2026-09-26,ATH,KTW,2027-08-22,16:55,565.00,ok
2026-09-26,ATH,KTW,2027-08-23,,,unavailable
2026-09-26,ATH,KTW,2027-08-24,,,unavailable
2026-09-26,ATH,KTW,2027-08-25,23:35,468.00,ok
2026-09-26,ATH,KTW,2027-08-26,,,unavailable
2026-09-26,ATH,KTW,2027-08-27,22:45,514.00,ok
2026-09-26,ATH,KTW,2027-08-28,,,unavailable
2026-09-26,ATH,KTW,2027-08-29,16:55,620.00,ok
2026-09-26,ATH,KTW,2027-08-30,,,unavailable
2026-09-26,ATH,KTW,2027-08-31,,,unavailable
2026-09-26,KTW,BGY,2026-09-26,21:00,437.98,ok
2026-09-26,KTW,BGY,2026-09-27,13:10,545.98,ok
2026-09-26,KTW,BGY,2026-09-28,16:35,172.74,ok
2026-09-26,KTW,BGY,2026-09-29,21:00,65.00,ok
2026-09-26,KTW,BGY,2026-09-30,05:50,67.19,ok
2026-09-26,KTW,BGY,2026-10-01,21:15,65.00,ok
2026-09-26,KTW,BGY,2026-10-02,21:25,138.36,ok
2026-09-26,KTW,BGY,2026-10-03,21:00,65.00,ok
2026-09-26,KTW,BGY,2026-10-04,13:10,111.60,ok
2026-09-26,KTW,BGY,2026-10-05,21:00,65.00,ok
2026-09-26,KTW,BGY,2026-10-06,15:25,65.00,ok
2026-09-26,KTW,BGY,2026-10-07,05:50,86.83,ok
2026-09-26,KTW,BGY,2026-10-08,21:15,76.70,ok
2026-09-26,KTW,BGY,2026-10-09,21:25,145.89,ok
2026-09-26,KTW,BGY,2026-10-10,21:00,65.00,ok
2026-09-26,KTW,BGY,2026-10-11,13:10,89.21,ok
2026-09-26,KTW,BGY,2026-10-12,16:35,65.00,ok
2026-09-26,KTW,BGY,2026-10-13,15:25,65.00,ok
2026-09-26,KTW,BGY,2026-10-14,05:50,152.30,ok
2026-09-26,KTW,BGY,2026-10-15,21:15,65.00,ok
2026-09-26,KTW,BGY,2026-10-16,21:25,93.59,ok
2026-09-26,KTW,BGY,2026-10-17,21:00,66.31,ok
2026-09-26,KTW,BGY,2026-10-18,13:10,162.79,ok
2026-09-26,KTW,BGY,2026-10-19,21:00,65.00,ok
2026-09-26,KTW,BGY,2026-10-20,15:25,65.00,ok
2026-09-26,KTW,BGY,2026-10-21,05:50,166.00,ok
2026-09-26,KTW,BGY,2026-10-22,21:15,68.77,ok
2026-09-26,KTW,BGY,2026-10-23,21:25,137.79,ok
2026-09-26,KTW,BGY,2026-10-24,21:00,74.33,ok
2026-09-26,KTW,BGY,2026-10-25,12:55,191.18,ok
2026-09-26,KTW,BGY,2026-10-26,14:05,65.00,ok
2026-09-26,KTW,BGY,2026-10-27,09:15,181.68,ok
2026-09-26,KTW,BGY,2026-10-28,20:30,65.00,ok
2026-09-26,KTW,BGY,2026-10-29,20:20,65.00,ok
2026-09-26,KTW,BGY,2026-10-30,13:10,218.08,ok
2026-09-26,KTW,BGY,2026-10-31,18:35,65.00,ok
2026-09-26,KTW,BGY,2026-11-01,12:55,65.67,ok
2026-09-26,KTW,BGY,2026-11-02,14:05,105.10,ok
2026-09-26,KTW,BGY,2026-11-03,09:15,66.75,ok
2026-09-26,KTW,BGY,2026-11-04,,,unavailable
2026-09-26,KTW,BGY,2026-11-05,,,unavailable
2026-09-26,KTW,BGY,2026-11-06,13:10,249.67,ok
2026-09-26,KTW,BGY,2026-11-07,18:35,144.53,ok
2026-09-26,KTW,BGY,2026-11-08,12:55,65.00,ok
2026-09-26,KTW,BGY,2026-11-09,,,unavailable
2026-09-26,KTW,BGY,2026-11-10,09:15,175.19,ok
2026-09-26,KTW,BGY,2026-11-11,,,unavailable
2026-09-26,KTW,BGY,2026-11-12,,,unavailable
2026-09-26,KTW,BGY,2026-11-13,13:10,85.21,ok
2026-09-26,KTW,BGY,2026-11-14,18:35,65.00,ok
2026-09-26,KTW,BGY,2026-11-15,12:55,65.67,ok
2026-09-26,KTW,BGY,2026-11-16,,,unavailable
2026-09-26,KTW,BGY,2026-11-17,09:15,65.00,ok
2026-09-26,KTW,BGY,2026-11-18,,,unavailable
2026-09-26,KTW,BGY,2026-11-19,,,unavailable
2026-09-26,KTW,BGY,2026-11-20,13:10,157.67,ok
2026-09-26,KTW,BGY,2026-11-21,18:35,170.81,ok
2026-09-26,KTW,BGY,2026-11-22,12:55,87.57,ok
2026-09-26,KTW,BGY,2026-11-23,,,unavailable
2026-09-26,KTW,BGY,2026-11-24,09:15,91.96,ok
2026-09-26,KTW,BGY,2026-11-25,,,unavailable
2026-09-26,KTW,BGY,2026-11-26,,,unavailable
2026-09-26,KTW,BGY,2026-11-27,13:10,162.05,ok
2026-09-26,KTW,BGY,2026-11-28,18:35,65.67,ok
2026-09-26,KTW,BGY,2026-11-29,12:55,74.43,ok
2026-09-26,KTW,BGY,2026-11-30,,,unavailable
2026-09-26,KTW,BGY,2026-12-01,,,unavailable
2026-09-26,KTW,BGY,2026-12-02,,,unavailable
2026-09-26,KTW,BGY,2026-12-03,,,unavailable
2026-09-26,KTW,BGY,2026-12-04,13:10,280.33,ok
2026-09-26,KTW,BGY,2026-12-05,,,unavailable
2026-09-26,KTW,BGY,2026-12-06,12:55,153.29,ok
2026-09-26,KTW,BGY,2026-12-07,14:05,319.76,ok
2026-09-26,KTW,BGY,2026-12-08,,,unavailable
2026-09-26,KTW,BGY,2026-12-09,,,unavailable
2026-09-26,KTW,BGY,2026-12-10,,,unavailable
2026-09-26,KTW,BGY,2026-12-11,13:10,175.19,ok
2026-09-26,KTW,BGY,2026-12-12,,,unavailable
2026-09-26,KTW,BGY,2026-12-13,12:55,87.35,ok
2026-09-26,KTW,BGY,2026-12-14,14:05,65.00,ok
2026-09-26,KTW,BGY,2026-12-15,,,unavailable
2026-09-26,KTW,BGY,2026-12-16,,,unavailable
2026-09-26,KTW,BGY,2026-12-17,,,unavailable
2026-09-26,KTW,BGY,2026-12-18,13:10,113.77,ok
2026-09-26,KTW,BGY,2026-12-19,,,unavailable
2026-09-26,KTW,BGY,2026-12-20,12:55,74.69,ok
2026-09-26,KTW,BGY,2026-12-21,14:05,78.20,ok
2026-09-26,KTW,BGY,2026-12-22,09:15,109.48,ok
2026-09-26,KTW,BGY,2026-12-23,11:30,229.21,ok
2026-09-26,KTW,BGY,2026-12-24,14:55,76.79,ok
2026-09-26,KTW,BGY,2026-12-25,,,unavailable
2026-09-26,KTW,BGY,2026-12-26,,,unavailable
2026-09-26,KTW,BGY,2026-12-27,12:55,258.43,ok
2026-09-26,KTW,BGY,2026-12-28,14:05,328.52,ok
2026-09-26,KTW,BGY,2026-12-29,09:15,156.60,ok
2026-09-26,KTW,BGY,2026-12-30,11:30,219.88,ok
2026-09-26,KTW,BGY,2026-12-31,,,unavailable
2026-09-26,KTW,BGY,2027-01-01,13:10,291.60,ok
2026-09-26,KTW,BGY,2027-01-02,,,unavailable
2026-09-26,KTW,BGY,2027-01-03,12:55,306.62,ok
2026-09-26,KTW,BGY,2027-01-04,14:05,311.00,ok
2026-09-26,KTW,BGY,2027-01-05,09:15,291.60,ok
2026-09-26,KTW,BGY,2027-01-06,,,unavailable
2026-09-26,KTW,BGY,2027-01-07,,,unavailable
2026-09-26,KTW,BGY,2027-01-08,13:10,192.72,ok
2026-09-26,KTW,BGY,2027-01-09,,,unavailable
2026-09-26,KTW,BGY,2027-01-10,12:55,127.00,ok
2026-09-26,KTW,BGY,2027-01-11,,,unavailable
2026-09-26,KTW,BGY,2027-01-12,,,unavailable
2026-09-26,KTW,BGY,2027-01-13,,,unavailable
2026-09-26,KTW,BGY,2027-01-14,,,unavailable
2026-09-26,KTW,BGY,2027-01-15,13:10,158.30,ok
2026-09-26,KTW,BGY,2027-01-16,,,unavailable
2026-09-26,KTW,BGY,2027-01-17,12:55,148.91,ok
2026-09-26,KTW,BGY,2027-01-18,,,unavailable
2026-09-26,KTW,BGY,2027-01-19,,,unavailable
2026-09-26,KTW,BGY,2027-01-20,,,unavailable
2026-09-26,KTW,BGY,2027-01-21,,,unavailable
2026-09-26,KTW,BGY,2027-01-22,13:10,118.24,ok
2026-09-26,KTW,BGY,2027-01-23,,,unavailable
2026-09-26,KTW,BGY,2027-01-24,12:55,88.01,ok
2026-09-26,KTW,BGY,2027-01-25,,,unavailable
2026-09-26,KTW,BGY,2027-01-26,,,unavailable
2026-09-26,KTW,BGY,2027-01-27,,,unavailable
2026-09-26,KTW,BGY,2027-01-28,,,unavailable
2026-09-26,KTW,BGY,2027-01-29,13:10,166.43,ok
2026-09-26,KTW,BGY,2027-01-30,,,unavailable
2026-09-26,KTW,BGY,2027-01-31,12:55,148.91,ok
2026-09-26,KTW,BGY,2027-02-01,14:05,140.14,ok
2026-09-26,KTW,BGY,2027-02-02,09:15,170.81,ok
2026-09-26,KTW,BGY,2027-02-03,,,unavailable
2026-09-26,KTW,BGY,2027-02-04,,,unavailable
2026-09-26,KTW,BGY,2027-02-05,13:10,158.30,ok
2026-09-26,KTW,BGY,2027-02-06,18:35,240.91,ok
2026-09-26,KTW,BGY,2027-02-07,12:55,148.91,ok
2026-09-26,KTW,BGY,2027-02-08,14:05,81.00,ok
2026-09-26,KTW,BGY,2027-02-09,09:15,81.00,ok
2026-09-26,KTW,BGY,2027-02-10,,,unavailable
2026-09-26,KTW,BGY,2027-02-11,,,unavailable
2026-09-26,KTW,BGY,2027-02-12,13:10,108.51,ok
2026-09-26,KTW,BGY,2027-02-13,18:35,192.72,ok
2026-09-26,KTW,BGY,2027-02-14,12:55,144.53,ok
2026-09-26,KTW,BGY,2027-02-15,14:05,88.01,ok
2026-09-26,KTW,BGY,2027-02-16,09:15,88.01,ok
2026-09-26,KTW,BGY,2027-02-17,,,unavailable
2026-09-26,KTW,BGY,2027-02-18,,,unavailable
2026-09-26,KTW,BGY,2027-02-19,13:10,166.00,ok
2026-09-26,KTW,BGY,2027-02-20,18:35,162.05,ok
2026-09-26,KTW,BGY,2027-02-21,12:55,153.29,ok
2026-09-26,KTW,BGY,2027-02-22,14:05,144.53,ok
2026-09-26,KTW,BGY,2027-02-23,09:15,254.05,ok
2026-09-26,KTW,BGY,2027-02-24,,,unavailable
2026-09-26,KTW,BGY,2027-02-25,,,unavailable
2026-09-26,KTW,BGY,2027-02-26,13:10,188.33,ok
2026-09-26,KTW,BGY,2027-02-27,18:35,258.43,ok
2026-09-26,KTW,BGY,2027-02-28,12:55,81.00,ok
2026-09-26,KTW,BGY,2027-03-01,14:05,81.00,ok
2026-09-26,KTW,BGY,2027-03-02,09:15,81.00,ok
2026-09-26,KTW,BGY,2027-03-03,,,unavailable
2026-09-26,KTW,BGY,2027-03-04,,,unavailable
2026-09-26,KTW,BGY,2027-03-05,13:10,297.86,ok
2026-09-26,KTW,BGY,2027-03-06,18:35,183.95,ok
2026-09-26,KTW,BGY,2027-03-07,12:55,275.95,ok
2026-09-26,KTW,BGY,2027-03-08,14:05,148.91,ok
2026-09-26,KTW,BGY,2027-03-09,09:15,175.19,ok
2026-09-26,KTW,BGY,2027-03-10,,,unavailable
2026-09-26,KTW,BGY,2027-03-11,,,unavailable
2026-09-26,KTW,BGY,2027-03-12,13:10,205.86,ok
2026-09-26,KTW,BGY,2027-03-13,18:35,170.81,ok
2026-09-26,KTW,BGY,2027-03-14,12:55,98.00,ok
2026-09-26,KTW,BGY,2027-03-15,14:05,81.00,ok
2026-09-26,KTW,BGY,2027-03-16,09:15,98.00,ok
2026-09-26,KTW,BGY,2027-03-17,,,unavailable
2026-09-26,KTW,BGY,2027-03-18,,,unavailable
2026-09-26,KTW,BGY,2027-03-19,13:10,196.00,ok
2026-09-26,KTW,BGY,2027-03-20,18:35,230.00,ok
2026-09-26,KTW,BGY,2027-03-21,12:55,170.81,ok
2026-09-26,KTW,BGY,2027-03-22,14:05,127.00,ok
2026-09-26,KTW,BGY,2027-03-23,09:15,113.86,ok
2026-09-26,KTW,BGY,2027-03-24,12:25,133.90,ok
2026-09-26,KTW,BGY,2027-03-25,20:20,219.00,ok
2026-09-26,KTW,BGY,2027-03-26,13:10,223.38,ok
2026-09-26,KTW,BGY,2027-03-27,18:35,210.24,ok
2026-09-26,KTW,BGY,2027-03-28,07:50,119.00,ok
2026-09-26,KTW,BGY,2027-03-29,07:20,230.00,ok
2026-09-26,KTW,BGY,2027-03-30,06:15,141.00,ok
2026-09-26,KTW,BGY,2027-03-31,06:20,218.12,ok
2026-09-26,KTW,BGY,2027-04-01,06:30,141.00,ok
2026-09-26,KTW,BGY,2027-04-02,08:35,255.41,ok
2026-09-26,KTW,BGY,2027-04-03,20:45,166.00,ok
2026-09-26,KTW,BGY,2027-04-04,07:50,264.00,ok
2026-09-26,KTW,BGY,2027-04-05,07:20,264.00,ok
2026-09-26,KTW,BGY,2027-04-06,06:15,255.41,ok
2026-09-26,KTW,BGY,2027-04-07,06:20,141.00,ok
2026-09-26,KTW,BGY,2027-04-08,06:30,184.84,ok
2026-09-26,KTW,BGY,2027-04-09,08:35,184.84,ok
2026-09-26,KTW,BGY,2027-04-10,20:45,141.00,ok
2026-09-26,KTW,BGY,2027-04-11,15:15,141.00,ok
2026-09-26,KTW,BGY,2027-04-12,07:20,141.00,ok
2026-09-26,KTW,BGY,2027-04-13,06:15,141.00,ok
2026-09-26,KTW,BGY,2027-04-14,06:20,184.84,ok
2026-09-26,KTW,BGY,2027-04-15,06:30,184.84,ok
2026-09-26,KTW,BGY,2027-04-16,08:35,196.00,ok
2026-09-26,KTW,BGY,2027-04-17,20:45,141.00,ok
2026-09-26,KTW,BGY,2027-04-18,07:50,141.00,ok
2026-09-26,KTW,BGY,2027-04-19,07:20,141.00,ok
2026-09-26,KTW,BGY,2027-04-20,06:15,230.00,ok
2026-09-26,KTW,BGY,2027-04-21,06:20,196.00,ok
2026-09-26,KTW,BGY,2027-04-22,06:30,230.00,ok
2026-09-26,KTW,BGY,2027-04-23,08:35,291.60,ok
2026-09-26,KTW,BGY,2027-04-24,20:45,196.00,ok
2026-09-26,KTW,BGY,2027-04-25,07:50,310.00,ok
2026-09-26,KTW,BGY,2027-04-26,07:20,264.00,ok
2026-09-26,KTW,BGY,2027-04-27,06:15,255.41,ok
2026-09-26,KTW,BGY,2027-04-28,06:20,349.00,ok
2026-09-26,KTW,BGY,2027-04-29,06:30,264.00,ok
2026-09-26,KTW,BGY,2027-04-30,08:35,166.00,ok
2026-09-26,KTW,BGY,2027-05-01,20:45,141.00,ok
2026-09-26,KTW,BGY,2027-05-02,15:15,230.00,ok
2026-09-26,KTW,BGY,2027-05-03,07:20,196.00,ok
2026-09-26,KTW,BGY,2027-05-04,06:15,166.00,ok
2026-09-26,KTW,BGY,2027-05-05,06:20,141.00,ok
2026-09-26,KTW,BGY,2027-05-06,06:30,141.00,ok
2026-09-26,KTW,BGY,2027-05-07,08:35,196.00,ok
2026-09-26,KTW,BGY,2027-05-08,20:45,141.00,ok
2026-09-26,KTW,BGY,2027-05-09,07:50,158.30,ok
2026-09-26,KTW,BGY,2027-05-10,07:20,184.84,ok
2026-09-26,KTW,BGY,2027-05-11,06:15,141.00,ok
2026-09-26,KTW,BGY,2027-05-12,06:20,158.30,ok
2026-09-26,KTW,BGY,2027-05-13,06:30,166.00,ok
2026-09-26,KTW,BGY,2027-05-14,08:35,184.84,ok
2026-09-26,KTW,BGY,2027-05-15,20:45,141.00,ok
2026-09-26,KTW,BGY,2027-05-16,07:50,141.00,ok
2026-09-26,KTW,BGY,2027-05-17,07:20,141.00,ok
2026-09-26,KTW,BGY,2027-05-18,06:15,184.84,ok
2026-09-26,KTW,BGY,2027-05-19,06:20,141.00,ok
2026-09-26,KTW,BGY,2027-05-20,06:30,184.84,ok
2026-09-26,KTW,BGY,2027-05-21,08:35,196.00,ok
2026-09-26,KTW,BGY,2027-05-22,20:45,141.00,ok
2026-09-26,KTW,BGY,2027-05-23,15:15,141.00,ok
2026-09-26,KTW,BGY,2027-05-24,07:20,141.00,ok
2026-09-26,KTW,BGY,2027-05-25,06:15,158.30,ok
2026-09-26,KTW,BGY,2027-05-26,06:20,184.84,ok
2026-09-26,KTW,BGY,2027-05-27,06:30,184.84,ok
2026-09-26,KTW,BGY,2027-05-28,08:35,166.00,ok
2026-09-26,KTW,BGY,2027-05-29,20:45,141.00,ok
2026-09-26,KTW,BGY,2027-05-30,15:15,141.00,ok
2026-09-26,KTW,BGY,2027-05-31,07:20,166.00,ok
2026-09-26,KTW,BGY,2027-06-01,06:15,141.00,ok
2026-09-26,KTW,BGY,2027-06-02,06:20,158.30,ok
2026-09-26,KTW,BGY,2027-06-03,06:30,166.00,ok
2026-09-26,KTW,BGY,2027-06-04,08:35,166.00,ok
2026-09-26,KTW,BGY,2027-06-05,20:45,141.00,ok
2026-09-26,KTW,BGY,2027-06-06,15:15,141.00,ok
2026-09-26,KTW,BGY,2027-06-07,07:20,141.00,ok
2026-09-26,KTW,BGY,2027-06-08,06:15,141.00,ok
2026-09-26,KTW,BGY,2027-06-09,06:20,141.00,ok
2026-09-26,KTW,BGY,2027-06-10,06:30,158.30,ok
2026-09-26,KTW,BGY,2027-06-11,08:35,158.30,ok
2026-09-26,KTW,BGY,2027-06-12,20:45,141.00,ok
2026-09-26,KTW,BGY,2027-06-13,07:50,141.00,ok
2026-09-26,KTW,BGY,2027-06-14,07:20,141.00,ok
2026-09-26,KTW,BGY,2027-06-15,06:15,166.00,ok
2026-09-26,KTW,BGY,2027-06-16,06:20,264.00,ok
2026-09-26,KTW,BGY,2027-06-17,06:30,230.00,ok
2026-09-26,KTW,BGY,2027-06-18,08:35,141.00,ok
2026-09-26,KTW,BGY,2027-06-19,20:45,141.00,ok
2026-09-26,KTW,BGY,2027-06-20,15:15,141.00,ok
2026-09-26,KTW,BGY,2027-06-21,07:20,141.00,ok
2026-09-26,KTW,BGY,2027-06-22,06:15,141.00,ok
2026-09-26,KTW,BGY,2027-06-23,06:20,141.00,ok
2026-09-26,KTW,BGY,2027-06-24,06:30,141.00,ok
2026-09-26,KTW,BGY,2027-06-25,08:35,166.00,ok
2026-09-26,KTW,BGY,2027-06-26,20:45,141.00,ok
2026-09-26,KTW,BGY,2027-06-27,07:50,158.30,ok
2026-09-26,KTW,BGY,2027-06-28,07:20,184.84,ok
2026-09-26,KTW,BGY,2027-06-29,06:15,255.41,ok
2026-09-26,KTW,BGY,2027-06-30,06:20,141.00,ok
2026-09-26,KTW,BGY,2027-07-01,06:30,141.00,ok
2026-09-26,KTW,BGY,2027-07-02,08:35,141.00,ok
2026-09-26,KTW,BGY,2027-07-03,20:45,141.00,ok
2026-09-26,KTW,BGY,2027-07-04,15:15,141.00,ok
2026-09-26,KTW,BGY,2027-07-05,07:20,158.30,ok
2026-09-26,KTW,BGY,2027-07-06,06:15,141.00,ok
2026-09-26,KTW,BGY,2027-07-07,06:20,141.00,ok
2026-09-26,KTW,BGY,2027-07-08,06:30,141.00,ok
2026-09-26,KTW,BGY,2027-07-09,08:35,158.30,ok
2026-09-26,KTW,BGY,2027-07-10,20:45,141.00,ok
2026-09-26,KTW,BGY,2027-07-11,07:50,141.00,ok
2026-09-26,KTW,BGY,2027-07-12,07:20,158.30,ok
2026-09-26,KTW,BGY,2027-07-13,06:15,141.00,ok
2026-09-26,KTW,BGY,2027-07-14,06:20,141.00,ok
2026-09-26,KTW,BGY,2027-07-15,06:30,141.00,ok
2026-09-26,KTW,BGY,2027-07-16,08:35,141.00,ok
2026-09-26,KTW,BGY,2027-07-17,20:45,141.00,ok
2026-09-26,KTW,BGY,2027-07-18,07:50,141.00,ok
2026-09-26,KTW,BGY,2027-07-19,07:20,141.00,ok
2026-09-26,KTW,BGY,2027-07-20,06:15,141.00,ok
2026-09-26,KTW,BGY,2027-07-21,06:20,141.00,ok
2026-09-26,KTW,BGY,2027-07-22,06:30,141.00,ok
2026-09-26,KTW,BGY,2027-07-23,21:10,141.00,ok
2026-09-26,KTW,BGY,2027-07-24,20:45,141.00,ok
2026-09-26,KTW,BGY,2027-07-25,07:50,141.00,ok
2026-09-26,KTW,BGY,2027-07-26,07:20,141.00,ok
2026-09-26,KTW,BGY,2027-07-27,06:15,141.00,ok
2026-09-26,KTW,BGY,2027-07-28,06:20,141.00,ok
2026-09-26,KTW,BGY,2027-07-29,06:30,141.00,ok
2026-09-26,KTW,BGY,2027-07-30,08:35,141.00,ok
2026-09-26,KTW,BGY,2027-07-31,20:45,141.00,ok
2026-09-26,KTW,BGY,2027-08-01,15:15,141.00,ok
2026-09-26,KTW,BGY,2027-08-02,07:20,141.00,ok
2026-09-26,KTW,BGY,2027-08-03,06:15,141.00,ok
2026-09-26,KTW,BGY,2027-08-04,06:20,141.00,ok
2026-09-26,KTW,BGY,2027-08-05,06:30,141.00,ok
2026-09-26,KTW,BGY,2027-08-06,08:35,141.00,ok
2026-09-26,KTW,BGY,2027-08-07,20:45,141.00,ok
2026-09-26,KTW,BGY,2027-08-08,07:50,141.00,ok
2026-09-26,KTW,BGY,2027-08-09,07:20,141.00,ok
2026-09-26,KTW,BGY,2027-08-10,06:15,141.00,ok
2026-09-26,KTW,BGY,2027-08-11,06:20,166.00,ok
2026-09-26,KTW,BGY,2027-08-12,06:30,230.00,ok
2026-09-26,KTW,BGY,2027-08-13,08:35,166.00,ok
2026-09-26,KTW,BGY,2027-08-14,20:45,166.00,ok
2026-09-26,KTW,BGY,2027-08-15,15:15,230.00,ok
2026-09-26,KTW,BGY,2027-08-16,07:20,196.00,ok
2026-09-26,KTW,BGY,2027-08-17,06:15,196.00,ok
2026-09-26,KTW,BGY,2027-08-18,06:20,196.00,ok
2026-09-26,KTW,BGY,2027-08-19,06:30,166.00,ok
2026-09-26,KTW,BGY,2027-08-20,08:35,230.00,ok
2026-09-26,KTW,BGY,2027-08-21,20:45,166.00,ok
2026-09-26,KTW,BGY,2027-08-22,07:50,230.00,ok
2026-09-26,KTW,BGY,2027-08-23,07:20,141.00,ok
2026-09-26,KTW,BGY,2027-08-24,06:15,196.00,ok
2026-09-26,KTW,BGY,2027-08-25,06:20,166.00,ok
2026-09-26,KTW,BGY,2027-08-26,06:30,166.00,ok
2026-09-26,KTW,BGY,2027-08-27,08:35,141.00,ok
2026-09-26,KTW,BGY,2027-08-28,20:45,141.00,ok
2026-09-26,KTW,BGY,2027-08-29,07:50,166.00,ok
2026-09-26,KTW,BGY,2027-08-30,07:20,141.00,ok
2026-09-26,KTW,BGY,2027-08-31,06:15,166.00,ok
2026-09-26,BGY,KTW,2026-09-26,23:10,720.13,ok
2026-09-26,BGY,KTW,2026-09-27,15:20,1353.17,ok
2026-09-26,BGY,KTW,2026-09-28,18:45,1210.06,ok
2026-09-26,BGY,KTW,2026-09-29,23:10,384.13,ok
2026-09-26,BGY,KTW,2026-09-30,08:00,187.33,ok
2026-09-26,BGY,KTW,2026-10-01,07:55,177.92,ok
2026-09-26,BGY,KTW,2026-10-02,07:55,65.53,ok
2026-09-26,BGY,KTW,2026-10-03,23:10,218.08,ok
2026-09-26,BGY,KTW,2026-10-04,15:20,349.00,ok
2026-09-26,BGY,KTW,2026-10-05,23:10,145.38,ok
2026-09-26,BGY,KTW,2026-10-06,07:55,65.18,ok
2026-09-26,BGY,KTW,2026-10-07,08:00,65.31,ok
2026-09-26,BGY,KTW,2026-10-08,07:55,65.00,ok
2026-09-26,BGY,KTW,2026-10-09,07:55,65.00,ok
2026-09-26,BGY,KTW,2026-10-10,23:10,145.38,ok
2026-09-26,BGY,KTW,2026-10-11,15:20,515.49,ok
2026-09-26,BGY,KTW,2026-10-12,23:10,81.35,ok
2026-09-26,BGY,KTW,2026-10-13,07:55,65.35,ok
2026-09-26,BGY,KTW,2026-10-14,08:00,104.02,ok
2026-09-26,BGY,KTW,2026-10-15,07:55,65.00,ok
2026-09-26,BGY,KTW,2026-10-16,07:55,65.00,ok
2026-09-26,BGY,KTW,2026-10-17,23:10,338.21,ok
2026-09-26,BGY,KTW,2026-10-18,15:20,442.38,ok
2026-09-26,BGY,KTW,2026-10-19,23:10,200.38,ok
2026-09-26,BGY,KTW,2026-10-20,07:55,65.00,ok
2026-09-26,BGY,KTW,2026-10-21,08:00,65.00,ok
2026-09-26,BGY,KTW,2026-10-22,07:55,66.53,ok
2026-09-26,BGY,KTW,2026-10-23,07:55,65.00,ok
2026-09-26,BGY,KTW,2026-10-24,23:10,169.77,ok
2026-09-26,BGY,KTW,2026-10-25,15:10,418.77,ok
2026-09-26,BGY,KTW,2026-10-26,16:20,284.94,ok
2026-09-26,BGY,KTW,2026-10-27,11:30,106.59,ok
2026-09-26,BGY,KTW,2026-10-28,22:45,65.00,ok
2026-09-26,BGY,KTW,2026-10-29,22:35,81.00,ok
2026-09-26,BGY,KTW,2026-10-30,15:25,132.32,ok
2026-09-26,BGY,KTW,2026-10-31,20:50,167.22,ok
2026-09-26,BGY,KTW,2026-11-01,15:10,232.14,ok
2026-09-26,BGY,KTW,2026-11-02,16:20,170.81,ok
2026-09-26,BGY,KTW,2026-11-03,11:30,65.00,ok
2026-09-26,BGY,KTW,2026-11-04,,,unavailable
2026-09-26,BGY,KTW,2026-11-05,,,unavailable
2026-09-26,BGY,KTW,2026-11-06,15:25,70.05,ok
2026-09-26,BGY,KTW,2026-11-07,20:50,65.00,ok
2026-09-26,BGY,KTW,2026-11-08,15:10,113.95,ok
2026-09-26,BGY,KTW,2026-11-09,,,unavailable
2026-09-26,BGY,KTW,2026-11-10,11:30,201.48,ok
2026-09-26,BGY,KTW,2026-11-11,,,unavailable
2026-09-26,BGY,KTW,2026-11-12,,,unavailable
2026-09-26,BGY,KTW,2026-11-13,15:25,140.14,ok
2026-09-26,BGY,KTW,2026-11-14,20:50,160.06,ok
2026-09-26,BGY,KTW,2026-11-15,15:10,201.48,ok
2026-09-26,BGY,KTW,2026-11-16,,,unavailable
2026-09-26,BGY,KTW,2026-11-17,11:30,138.36,ok
2026-09-26,BGY,KTW,2026-11-18,,,unavailable
2026-09-26,BGY,KTW,2026-11-19,,,unavailable
2026-09-26,BGY,KTW,2026-11-20,15:25,78.81,ok
2026-09-26,BGY,KTW,2026-11-21,20:50,65.00,ok
2026-09-26,BGY,KTW,2026-11-22,15:10,65.00,ok
2026-09-26,BGY,KTW,2026-11-23,,,unavailable
2026-09-26,BGY,KTW,2026-11-24,11:30,96.34,ok
2026-09-26,BGY,KTW,2026-11-25,,,unavailable
2026-09-26,BGY,KTW,2026-11-26,,,unavailable
2026-09-26,BGY,KTW,2026-11-27,15:25,65.00,ok
2026-09-26,BGY,KTW,2026-11-28,20:50,70.05,ok
2026-09-26,BGY,KTW,2026-11-29,15:10,96.34,ok
2026-09-26,BGY,KTW,2026-11-30,,,unavailable
2026-09-26,BGY,KTW,2026-12-01,,,unavailable
2026-09-26,BGY,KTW,2026-12-02,,,unavailable
2026-09-26,BGY,KTW,2026-12-03,,,unavailable
2026-09-26,BGY,KTW,2026-12-04,15:25,305.40,ok
2026-09-26,BGY,KTW,2026-12-05,,,unavailable
2026-09-26,BGY,KTW,2026-12-06,15:10,131.38,ok
2026-09-26,BGY,KTW,2026-12-07,16:20,78.81,ok
2026-09-26,BGY,KTW,2026-12-08,,,unavailable
2026-09-26,BGY,KTW,2026-12-09,,,unavailable
2026-09-26,BGY,KTW,2026-12-10,,,unavailable
2026-09-26,BGY,KTW,2026-12-11,15:25,127.00,ok
2026-09-26,BGY,KTW,2026-12-12,,,unavailable
2026-09-26,BGY,KTW,2026-12-13,15:10,65.00,ok
2026-09-26,BGY,KTW,2026-12-14,16:20,83.19,ok
2026-09-26,BGY,KTW,2026-12-15,,,unavailable
2026-09-26,BGY,KTW,2026-12-16,,,unavailable
2026-09-26,BGY,KTW,2026-12-17,,,unavailable
2026-09-26,BGY,KTW,2026-12-18,15:25,153.29,ok
2026-09-26,BGY,KTW,2026-12-19,,,unavailable
2026-09-26,BGY,KTW,2026-12-20,15:10,267.19,ok
2026-09-26,BGY,KTW,2026-12-21,16:20,188.61,ok
2026-09-26,BGY,KTW,2026-12-22,11:30,182.95,ok
2026-09-26,BGY,KTW,2026-12-23,13:45,252.87,ok
2026-09-26,BGY,KTW,2026-12-24,17:10,76.79,ok
2026-09-26,BGY,KTW,2026-12-25,,,unavailable
2026-09-26,BGY,KTW,2026-12-26,,,unavailable
2026-09-26,BGY,KTW,2026-12-27,15:10,258.43,ok
2026-09-26,BGY,KTW,2026-12-28,16:20,197.10,ok
2026-09-26,BGY,KTW,2026-12-29,11:30,284.71,ok
2026-09-26,BGY,KTW,2026-12-30,13:45,297.86,ok
2026-09-26,BGY,KTW,2026-12-31,,,unavailable
2026-09-26,BGY,KTW,2027-01-01,15:25,210.24,ok
2026-09-26,BGY,KTW,2027-01-02,,,unavailable
2026-09-26,BGY,KTW,2027-01-03,15:10,219.00,ok
2026-09-26,BGY,KTW,2027-01-04,16:20,81.00,ok
2026-09-26,BGY,KTW,2027-01-05,11:30,96.34,ok
2026-09-26,BGY,KTW,2027-01-06,,,unavailable
2026-09-26,BGY,KTW,2027-01-07,,,unavailable
2026-09-26,BGY,KTW,2027-01-08,15:25,113.86,ok
2026-09-26,BGY,KTW,2027-01-09,,,unavailable
2026-09-26,BGY,KTW,2027-01-10,15:10,133.90,ok
2026-09-26,BGY,KTW,2027-01-11,,,unavailable
2026-09-26,BGY,KTW,2027-01-12,,,unavailable
2026-09-26,BGY,KTW,2027-01-13,,,unavailable
2026-09-26,BGY,KTW,2027-01-14,,,unavailable
2026-09-26,BGY,KTW,2027-01-15,15:25,122.62,ok
2026-09-26,BGY,KTW,2027-01-16,,,unavailable
2026-09-26,BGY,KTW,2027-01-17,15:10,88.01,ok
2026-09-26,BGY,KTW,2027-01-18,,,unavailable
2026-09-26,BGY,KTW,2027-01-19,,,unavailable
2026-09-26,BGY,KTW,2027-01-20,,,unavailable
2026-09-26,BGY,KTW,2027-01-21,,,unavailable
2026-09-26,BGY,KTW,2027-01-22,15:25,81.00,ok
2026-09-26,BGY,KTW,2027-01-23,,,unavailable
2026-09-26,BGY,KTW,2027-01-24,15:10,108.51,ok
2026-09-26,BGY,KTW,2027-01-25,,,unavailable
2026-09-26,BGY,KTW,2027-01-26,,,unavailable
2026-09-26,BGY,KTW,2027-01-27,,,unavailable
2026-09-26,BGY,KTW,2027-01-28,,,unavailable
2026-09-26,BGY,KTW,2027-01-29,15:25,96.34,ok
2026-09-26,BGY,KTW,2027-01-30,,,unavailable
2026-09-26,BGY,KTW,2027-01-31,15:10,133.90,ok
2026-09-26,BGY,KTW,2027-02-01,16:20,109.48,ok
2026-09-26,BGY,KTW,2027-02-02,11:30,135.76,ok
2026-09-26,BGY,KTW,2027-02-03,,,unavailable
2026-09-26,BGY,KTW,2027-02-04,,,unavailable
2026-09-26,BGY,KTW,2027-02-05,15:25,81.00,ok
2026-09-26,BGY,KTW,2027-02-06,20:50,337.29,ok
2026-09-26,BGY,KTW,2027-02-07,15:10,144.53,ok
2026-09-26,BGY,KTW,2027-02-08,16:20,133.90,ok
2026-09-26,BGY,KTW,2027-02-09,11:30,214.62,ok
2026-09-26,BGY,KTW,2027-02-10,,,unavailable
2026-09-26,BGY,KTW,2027-02-11,,,unavailable
2026-09-26,BGY,KTW,2027-02-12,15:25,214.62,ok
2026-09-26,BGY,KTW,2027-02-13,20:50,118.24,ok
2026-09-26,BGY,KTW,2027-02-14,15:10,108.51,ok
2026-09-26,BGY,KTW,2027-02-15,16:20,98.00,ok
2026-09-26,BGY,KTW,2027-02-16,11:30,88.01,ok
2026-09-26,BGY,KTW,2027-02-17,,,unavailable
2026-09-26,BGY,KTW,2027-02-18,,,unavailable
2026-09-26,BGY,KTW,2027-02-19,15:25,88.01,ok
2026-09-26,BGY,KTW,2027-02-20,20:50,141.00,ok
2026-09-26,BGY,KTW,2027-02-21,15:10,144.53,ok
2026-09-26,BGY,KTW,2027-02-22,16:20,105.10,ok
2026-09-26,BGY,KTW,2027-02-23,11:30,119.00,ok
2026-09-26,BGY,KTW,2027-02-24,,,unavailable
2026-09-26,BGY,KTW,2027-02-25,,,unavailable
2026-09-26,BGY,KTW,2027-02-26,15:25,119.00,ok
2026-09-26,BGY,KTW,2027-02-27,20:50,258.43,ok
2026-09-26,BGY,KTW,2027-02-28,15:10,158.30,ok
2026-09-26,BGY,KTW,2027-03-01,16:20,81.00,ok
2026-09-26,BGY,KTW,2027-03-02,11:30,214.62,ok
2026-09-26,BGY,KTW,2027-03-03,,,unavailable
2026-09-26,BGY,KTW,2027-03-04,,,unavailable
2026-09-26,BGY,KTW,2027-03-05,15:25,100.72,ok
2026-09-26,BGY,KTW,2027-03-06,20:50,157.67,ok
2026-09-26,BGY,KTW,2027-03-07,15:10,162.05,ok
2026-09-26,BGY,KTW,2027-03-08,16:20,98.00,ok
2026-09-26,BGY,KTW,2027-03-09,11:30,626.42,ok
2026-09-26,BGY,KTW,2027-03-10,,,unavailable
2026-09-26,BGY,KTW,2027-03-11,,,unavailable
2026-09-26,BGY,KTW,2027-03-12,15:25,98.00,ok
2026-09-26,BGY,KTW,2027-03-13,20:50,81.00,ok
2026-09-26,BGY,KTW,2027-03-14,15:10,210.24,ok
2026-09-26,BGY,KTW,2027-03-15,16:20,197.10,ok
2026-09-26,BGY,KTW,2027-03-16,11:30,236.52,ok
2026-09-26,BGY,KTW,2027-03-17,,,unavailable
2026-09-26,BGY,KTW,2027-03-18,,,unavailable
2026-09-26,BGY,KTW,2027-03-19,15:25,201.48,ok
2026-09-26,BGY,KTW,2027-03-20,20:50,166.00,ok
2026-09-26,BGY,KTW,2027-03-21,15:10,166.43,ok
2026-09-26,BGY,KTW,2027-03-22,16:20,249.67,ok
2026-09-26,BGY,KTW,2027-03-23,11:30,98.00,ok
2026-09-26,BGY,KTW,2027-03-24,14:40,249.67,ok
2026-09-26,BGY,KTW,2027-03-25,22:35,166.00,ok
2026-09-26,BGY,KTW,2027-03-26,15:25,196.00,ok
2026-09-26,BGY,KTW,2027-03-27,20:50,258.43,ok
2026-09-26,BGY,KTW,2027-03-28,17:25,119.00,ok
2026-09-26,BGY,KTW,2027-03-29,09:30,264.00,ok
2026-09-26,BGY,KTW,2027-03-30,08:25,141.00,ok
2026-09-26,BGY,KTW,2027-03-31,08:30,196.00,ok
2026-09-26,BGY,KTW,2027-04-01,08:40,166.00,ok
2026-09-26,BGY,KTW,2027-04-02,06:30,119.00,ok
2026-09-26,BGY,KTW,2027-04-03,22:55,98.00,ok
2026-09-26,BGY,KTW,2027-04-04,17:25,158.30,ok
2026-09-26,BGY,KTW,2027-04-05,09:30,166.00,ok
2026-09-26,BGY,KTW,2027-04-06,08:25,141.00,ok
2026-09-26,BGY,KTW,2027-04-07,08:30,141.00,ok
2026-09-26,BGY,KTW,2027-04-08,08:40,141.00,ok
2026-09-26,BGY,KTW,2027-04-09,23:20,141.00,ok
2026-09-26,BGY,KTW,2027-04-10,22:55,196.00,ok
2026-09-26,BGY,KTW,2027-04-11,17:25,196.00,ok
2026-09-26,BGY,KTW,2027-04-12,09:30,184.84,ok
2026-09-26,BGY,KTW,2027-04-13,08:25,158.30,ok
2026-09-26,BGY,KTW,2027-04-14,08:30,230.00,ok
2026-09-26,BGY,KTW,2027-04-15,08:40,230.00,ok
2026-09-26,BGY,KTW,2027-04-16,06:30,230.00,ok
2026-09-26,BGY,KTW,2027-04-17,22:55,255.41,ok
2026-09-26,BGY,KTW,2027-04-18,17:25,184.84,ok
2026-09-26,BGY,KTW,2027-04-19,09:30,339.79,ok
2026-09-26,BGY,KTW,2027-04-20,08:25,310.00,ok
2026-09-26,BGY,KTW,2027-04-21,08:30,230.00,ok
2026-09-26,BGY,KTW,2027-04-22,08:40,196.00,ok
2026-09-26,BGY,KTW,2027-04-23,06:30,141.00,ok
2026-09-26,BGY,KTW,2027-04-24,22:55,141.00,ok
2026-09-26,BGY,KTW,2027-04-25,17:25,158.30,ok
2026-09-26,BGY,KTW,2027-04-26,09:30,166.00,ok
2026-09-26,BGY,KTW,2027-04-27,08:25,141.00,ok
2026-09-26,BGY,KTW,2027-04-28,08:30,141.00,ok
2026-09-26,BGY,KTW,2027-04-29,08:40,196.00,ok
2026-09-26,BGY,KTW,2027-04-30,23:20,141.00,ok
2026-09-26,BGY,KTW,2027-05-01,22:55,349.00,ok
2026-09-26,BGY,KTW,2027-05-02,17:25,391.00,ok
2026-09-26,BGY,KTW,2027-05-03,09:30,391.00,ok
2026-09-26,BGY,KTW,2027-05-04,08:25,218.12,ok
2026-09-26,BGY,KTW,2027-05-05,08:30,196.00,ok
2026-09-26,BGY,KTW,2027-05-06,08:40,141.00,ok
2026-09-26,BGY,KTW,2027-05-07,06:30,141.00,ok
2026-09-26,BGY,KTW,2027-05-08,22:55,166.00,ok
2026-09-26,BGY,KTW,2027-05-09,17:25,184.84,ok
2026-09-26,BGY,KTW,2027-05-10,09:30,230.00,ok
2026-09-26,BGY,KTW,2027-05-11,08:25,141.00,ok
2026-09-26,BGY,KTW,2027-05-12,08:30,158.30,ok
2026-09-26,BGY,KTW,2027-05-13,08:40,166.00,ok
2026-09-26,BGY,KTW,2027-05-14,06:30,141.00,ok
2026-09-26,BGY,KTW,2027-05-15,22:55,196.00,ok
2026-09-26,BGY,KTW,2027-05-16,17:25,184.84,ok
2026-09-26,BGY,KTW,2027-05-17,09:30,230.00,ok
2026-09-26,BGY,KTW,2027-05-18,08:25,141.00,ok
2026-09-26,BGY,KTW,2027-05-19,08:30,141.00,ok
2026-09-26,BGY,KTW,2027-05-20,08:40,141.00,ok
2026-09-26,BGY,KTW,2027-05-21,23:20,141.00,ok
2026-09-26,BGY,KTW,2027-05-22,22:55,184.84,ok
2026-09-26,BGY,KTW,2027-05-23,17:25,158.30,ok
2026-09-26,BGY,KTW,2027-05-24,09:30,230.00,ok
2026-09-26,BGY,KTW,2027-05-25,08:25,166.00,ok
2026-09-26,BGY,KTW,2027-05-26,08:30,166.00,ok
2026-09-26,BGY,KTW,2027-05-27,08:40,141.00,ok
2026-09-26,BGY,KTW,2027-05-28,23:20,184.84,ok
2026-09-26,BGY,KTW,2027-05-29,22:55,184.84,ok
2026-09-26,BGY,KTW,2027-05-30,05:45,264.00,ok
2026-09-26,BGY,KTW,2027-05-31,09:30,166.00,ok
2026-09-26,BGY,KTW,2027-06-01,08:25,158.30,ok
2026-09-26,BGY,KTW,2027-06-02,08:30,141.00,ok
2026-09-26,BGY,KTW,2027-06-03,08:40,141.00,ok
2026-09-26,BGY,KTW,2027-06-04,23:20,141.00,ok
2026-09-26,BGY,KTW,2027-06-05,22:55,141.00,ok
2026-09-26,BGY,KTW,2027-06-06,17:25,141.00,ok
2026-09-26,BGY,KTW,2027-06-07,09:30,158.30,ok
2026-09-26,BGY,KTW,2027-06-08,08:25,141.00,ok
2026-09-26,BGY,KTW,2027-06-09,08:30,141.00,ok
2026-09-26,BGY,KTW,2027-06-10,08:40,141.00,ok
2026-09-26,BGY,KTW,2027-06-11,06:30,141.00,ok
2026-09-26,BGY,KTW,2027-06-12,22:55,141.00,ok
2026-09-26,BGY,KTW,2027-06-13,05:45,230.00,ok
2026-09-26,BGY,KTW,2027-06-14,09:30,141.00,ok
2026-09-26,BGY,KTW,2027-06-15,08:25,141.00,ok
2026-09-26,BGY,KTW,2027-06-16,08:30,141.00,ok
2026-09-26,BGY,KTW,2027-06-17,08:40,166.00,ok
2026-09-26,BGY,KTW,2027-06-18,06:30,141.00,ok
2026-09-26,BGY,KTW,2027-06-19,22:55,264.00,ok
2026-09-26,BGY,KTW,2027-06-20,17:25,264.00,ok
2026-09-26,BGY,KTW,2027-06-21,09:30,230.00,ok
2026-09-26,BGY,KTW,2027-06-22,08:25,166.00,ok
2026-09-26,BGY,KTW,2027-06-23,08:30,141.00,ok
2026-09-26,BGY,KTW,2027-06-24,08:40,184.84,ok
2026-09-26,BGY,KTW,2027-06-25,23:20,141.00,ok
2026-09-26,BGY,KTW,2027-06-26,22:55,141.00,ok
2026-09-26,BGY,KTW,2027-06-27,17:25,141.00,ok
2026-09-26,BGY,KTW,2027-06-28,09:30,141.00,ok
2026-09-26,BGY,KTW,2027-06-29,08:25,141.00,ok
2026-09-26,BGY,KTW,2027-06-30,08:30,158.30,ok
2026-09-26,BGY,KTW,2027-07-01,08:40,141.00,ok
2026-09-26,BGY,KTW,2027-07-02,06:30,141.00,ok
2026-09-26,BGY,KTW,2027-07-03,22:55,166.00,ok
2026-09-26,BGY,KTW,2027-07-04,17:25,141.00,ok
2026-09-26,BGY,KTW,2027-07-05,09:30,166.00,ok
2026-09-26,BGY,KTW,2027-07-06,08:25,166.00,ok
2026-09-26,BGY,KTW,2027-07-07,08:30,141.00,ok
2026-09-26,BGY,KTW,2027-07-08,08:40,166.00,ok
2026-09-26,BGY,KTW,2027-07-09,06:30,166.00,ok
2026-09-26,BGY,KTW,2027-07-10,22:55,166.00,ok
2026-09-26,BGY,KTW,2027-07-11,17:25,158.30,ok
2026-09-26,BGY,KTW,2027-07-12,09:30,166.00,ok
2026-09-26,BGY,KTW,2027-07-13,08:25,141.00,ok
2026-09-26,BGY,KTW,2027-07-14,08:30,141.00,ok
2026-09-26,BGY,KTW,2027-07-15,08:40,141.00,ok
2026-09-26,BGY,KTW,2027-07-16,23:20,166.00,ok
2026-09-26,BGY,KTW,2027-07-17,22:55,196.00,ok
2026-09-26,BGY,KTW,2027-07-18,17:25,166.00,ok
2026-09-26,BGY,KTW,2027-07-19,09:30,166.00,ok
2026-09-26,BGY,KTW,2027-07-20,08:25,141.00,ok
2026-09-26,BGY,KTW,2027-07-21,08:30,166.00,ok
2026-09-26,BGY,KTW,2027-07-22,08:40,166.00,ok
2026-09-26,BGY,KTW,2027-07-23,06:30,196.00,ok
2026-09-26,BGY,KTW,2027-07-24,22:55,196.00,ok
2026-09-26,BGY,KTW,2027-07-25,17:25,166.00,ok
2026-09-26,BGY,KTW,2027-07-26,09:30,196.00,ok
2026-09-26,BGY,KTW,2027-07-27,08:25,166.00,ok
2026-09-26,BGY,KTW,2027-07-28,08:30,166.00,ok
2026-09-26,BGY,KTW,2027-07-29,08:40,196.00,ok
2026-09-26,BGY,KTW,2027-07-30,06:30,196.00,ok
2026-09-26,BGY,KTW,2027-07-31,22:55,230.00,ok
2026-09-26,BGY,KTW,2027-08-01,17:25,196.00,ok
2026-09-26,BGY,KTW,2027-08-02,09:30,196.00,ok
2026-09-26,BGY,KTW,2027-08-03,08:25,196.00,ok
2026-09-26,BGY,KTW,2027-08-04,08:30,196.00,ok
2026-09-26,BGY,KTW,2027-08-05,08:40,230.00,ok
2026-09-26,BGY,KTW,2027-08-06,06:30,230.00,ok
2026-09-26,BGY,KTW,2027-08-07,22:55,264.00,ok
2026-09-26,BGY,KTW,2027-08-08,17:25,196.00,ok
2026-09-26,BGY,KTW,2027-08-09,09:30,196.00,ok
2026-09-26,BGY,KTW,2027-08-10,08:25,196.00,ok
2026-09-26,BGY,KTW,2027-08-11,08:30,230.00,ok
2026-09-26,BGY,KTW,2027-08-12,08:40,230.00,ok
2026-09-26,BGY,KTW,2027-08-13,23:20,230.00,ok
2026-09-26,BGY,KTW,2027-08-14,22:55,264.00,ok
2026-09-26,BGY,KTW,2027-08-15,17:25,230.00,ok
2026-09-26,BGY,KTW,2027-08-16,09:30,196.00,ok
2026-09-26,BGY,KTW,2027-08-17,08:25,166.00,ok
2026-09-26,BGY,KTW,2027-08-18,08:30,141.00,ok
2026-09-26,BGY,KTW,2027-08-19,08:40,141.00,ok
2026-09-26,BGY,KTW,2027-08-20,23:20,141.00,ok
2026-09-26,BGY,KTW,2027-08-21,22:55,141.00,ok
2026-09-26,BGY,KTW,2027-08-22,17:25,141.00,ok
2026-09-26,BGY,KTW,2027-08-23,09:30,141.00,ok
2026-09-26,BGY,KTW,2027-08-24,08:25,141.00,ok
2026-09-26,BGY,KTW,2027-08-25,08:30,141.00,ok
2026-09-26,BGY,KTW,2027-08-26,08:40,141.00,ok
2026-09-26,BGY,KTW,2027-08-27,06:30,141.00,ok
2026-09-26,BGY,KTW,2027-08-28,22:55,141.00,ok
2026-09-26,BGY,KTW,2027-08-29,17:25,141.00,ok
2026-09-26,BGY,KTW,2027-08-30,09:30,141.00,ok
2026-09-26,BGY,KTW,2027-08-31,08:25,141.00,ok
2026-09-26,KTW,BRI,2026-09-26,,,unavailable
2026-09-26,KTW,BRI,2026-09-27,11:55,578.23,ok
2026-09-26,KTW,BRI,2026-09-28,20:50,87.57,ok
2026-09-26,KTW,BRI,2026-09-29,06:15,91.96,ok
2026-09-26,KTW,BRI,2026-09-30,10:10,118.24,ok
2026-09-26,KTW,BRI,2026-10-01,,,unavailable
2026-09-26,KTW,BRI,2026-10-02,20:20,188.33,ok
2026-09-26,KTW,BRI,2026-10-03,18:00,131.38,ok
2026-09-26,KTW,BRI,2026-10-04,11:55,192.72,ok
2026-09-26,KTW,BRI,2026-10-05,20:50,74.00,ok
2026-09-26,KTW,BRI,2026-10-06,06:15,135.76,ok
2026-09-26,KTW,BRI,2026-10-07,10:10,179.57,ok
2026-09-26,KTW,BRI,2026-10-08,,,unavailable
2026-09-26,KTW,BRI,2026-10-09,20:20,385.48,ok
2026-09-26,KTW,BRI,2026-10-10,18:00,280.33,ok
2026-09-26,KTW,BRI,2026-10-11,11:55,287.25,ok
2026-09-26,KTW,BRI,2026-10-12,20:50,74.00,ok
2026-09-26,KTW,BRI,2026-10-13,06:15,154.46,ok
2026-09-26,KTW,BRI,2026-10-14,10:10,432.62,ok
2026-09-26,KTW,BRI,2026-10-15,,,unavailable
2026-09-26,KTW,BRI,2026-10-16,20:20,310.00,ok
2026-09-26,KTW,BRI,2026-10-17,18:00,277.08,ok
2026-09-26,KTW,BRI,2026-10-18,11:55,170.88,ok
2026-09-26,KTW,BRI,2026-10-19,20:50,65.67,ok
2026-09-26,KTW,BRI,2026-10-20,06:15,123.40,ok
2026-09-26,KTW,BRI,2026-10-21,10:10,144.37,ok
2026-09-26,KTW,BRI,2026-10-22,,,unavailable
2026-09-26,KTW,BRI,2026-10-23,20:20,197.10,ok
2026-09-26,KTW,BRI,2026-10-24,18:00,135.76,ok
2026-09-26,KTW,BRI,2026-10-25,,,unavailable
2026-09-26,KTW,BRI,2026-10-26,,,unavailable
2026-09-26,KTW,BRI,2026-10-27,19:55,74.00,ok
2026-09-26,KTW,BRI,2026-10-28,20:00,74.00,ok
2026-09-26,KTW,BRI,2026-10-29,,,unavailable
2026-09-26,KTW,BRI,2026-10-30,,,unavailable
2026-09-26,KTW,BRI,2026-10-31,,,unavailable
2026-09-26,KTW,BRI,2026-11-01,,,unavailable
2026-09-26,KTW,BRI,2026-11-02,,,unavailable
2026-09-26,KTW,BRI,2026-11-03,,,unavailable
2026-09-26,KTW,BRI,2026-11-04,,,unavailable
2026-09-26,KTW,BRI,2026-11-05,,,unavailable
2026-09-26,KTW,BRI,2026-11-06,,,unavailable
2026-09-26,KTW,BRI,2026-11-07,,,unavailable
2026-09-26,KTW,BRI,2026-11-08,,,unavailable
2026-09-26,KTW,BRI,2026-11-09,,,unavailable
2026-09-26,KTW,BRI,2026-11-10,,,unavailable
2026-09-26,KTW,BRI,2026-11-11,,,unavailable
2026-09-26,KTW,BRI,2026-11-12,,,unavailable
2026-09-26,KTW,BRI,2026-11-13,,,unavailable
2026-09-26,KTW,BRI,2026-11-14,,,unavailable
2026-09-26,KTW,BRI,2026-11-15,,,unavailable
2026-09-26,KTW,BRI,2026-11-16,,,unavailable
2026-09-26,KTW,BRI,2026-11-17,,,unavailable
2026-09-26,KTW,BRI,2026-11-18,,,unavailable
2026-09-26,KTW,BRI,2026-11-19,,,unavailable
2026-09-26,KTW,BRI,2026-11-20,,,unavailable
2026-09-26,KTW,BRI,2026-11-21,,,unavailable
2026-09-26,KTW,BRI,2026-11-22,,,unavailable
2026-09-26,KTW,BRI,2026-11-23,,,unavailable
2026-09-26,KTW,BRI,2026-11-24,,,unavailable
2026-09-26,KTW,BRI,2026-11-25,,,unavailable
2026-09-26,KTW,BRI,2026-11-26,,,unavailable
2026-09-26,KTW,BRI,2026-11-27,,,unavailable
2026-09-26,KTW,BRI,2026-11-28,,,unavailable
2026-09-26,KTW,BRI,2026-11-29,,,unavailable
2026-09-26,KTW,BRI,2026-11-30,,,unavailable
2026-09-26,KTW,BRI,2026-12-01,,,unavailable
2026-09-26,KTW,BRI,2026-12-02,,,unavailable
2026-09-26,KTW,BRI,2026-12-03,,,unavailable
2026-09-26,KTW,BRI,2026-12-04,,,unavailable
2026-09-26,KTW,BRI,2026-12-05,,,unavailable
2026-09-26,KTW,BRI,2026-12-06,,,unavailable
2026-09-26,KTW,BRI,2026-12-07,,,unavailable
2026-09-26,KTW,BRI,2026-12-08,,,unavailable
2026-09-26,KTW,BRI,2026-12-09,,,unavailable
2026-09-26,KTW,BRI,2026-12-10,,,unavailable
2026-09-26,KTW,BRI,2026-12-11,,,unavailable
2026-09-26,KTW,BRI,2026-12-12,,,unavailable
2026-09-26,KTW,BRI,2026-12-13,,,unavailable
2026-09-26,KTW,BRI,2026-12-14,,,unavailable
2026-09-26,KTW,BRI,2026-12-15,,,unavailable
2026-09-26,KTW,BRI,2026-12-16,,,unavailable
2026-09-26,KTW,BRI,2026-12-17,,,unavailable
2026-09-26,KTW,BRI,2026-12-18,,,unavailable
2026-09-26,KTW,BRI,2026-12-19,,,unavailable
2026-09-26,KTW,BRI,2026-12-20,,,unavailable
2026-09-26,KTW,BRI,2026-12-21,,,unavailable
2026-09-26,KTW,BRI,2026-12-22,,,unavailable
2026-09-26,KTW,BRI,2026-12-23,,,unavailable
2026-09-26,KTW,BRI,2026-12-24,,,unavailable
2026-09-26,KTW,BRI,2026-12-25,,,unavailable
2026-09-26,KTW,BRI,2026-12-26,,,unavailable
2026-09-26,KTW,BRI,2026-12-27,,,unavailable
2026-09-26,KTW,BRI,2026-12-28,,,unavailable
2026-09-26,KTW,BRI,2026-12-29,,,unavailable
2026-09-26,KTW,BRI,2026-12-30,,,unavailable
2026-09-26,KTW,BRI,2026-12-31,,,unavailable
2026-09-26,KTW,BRI,2027-01-01,,,unavailable
2026-09-26,KTW,BRI,2027-01-02,,,unavailable
2026-09-26,KTW,BRI,2027-01-03,,,unavailable
2026-09-26,KTW,BRI,2027-01-04,,,unavailable
2026-09-26,KTW,BRI,2027-01-05,,,unavailable
2026-09-26,KTW,BRI,2027-01-06,,,unavailable
2026-09-26,KTW,BRI,2027-01-07,,,unavailable
2026-09-26,KTW,BRI,2027-01-08,,,unavailable
2026-09-26,KTW,BRI,2027-01-09,,,unavailable
2026-09-26,KTW,BRI,2027-01-10,,,unavailable
2026-09-26,KTW,BRI,2027-01-11,,,unavailable
2026-09-26,KTW,BRI,2027-01-12,,,unavailable
2026-09-26,KTW,BRI,2027-01-13,,,unavailable
2026-09-26,KTW,BRI,2027-01-14,,,unavailable
2026-09-26,KTW,BRI,2027-01-15,,,unavailable
2026-09-26,KTW,BRI,2027-01-16,,,unavailable
2026-09-26,KTW,BRI,2027-01-17,,,unavailable
2026-09-26,KTW,BRI,2027-01-18,,,unavailable
2026-09-26,KTW,BRI,2027-01-19,,,unavailable
2026-09-26,KTW,BRI,2027-01-20,,,unavailable
2026-09-26,KTW,BRI,2027-01-21,,,unavailable
2026-09-26,KTW,BRI,2027-01-22,,,unavailable
2026-09-26,KTW,BRI,2027-01-23,,,unavailable
2026-09-26,KTW,BRI,2027-01-24,,,unavailable
2026-09-26,KTW,BRI,2027-01-25,,,unavailable
2026-09-26,KTW,BRI,2027-01-26,,,unavailable
2026-09-26,KTW,BRI,2027-01-27,,,unavailable
2026-09-26,KTW,BRI,2027-01-28,,,unavailable
2026-09-26,KTW,BRI,2027-01-29,,,unavailable
2026-09-26,KTW,BRI,2027-01-30,,,unavailable
2026-09-26,KTW,BRI,2027-01-31,,,unavailable
2026-09-26,KTW,BRI,2027-02-01,,,unavailable
2026-09-26,KTW,BRI,2027-02-02,,,unavailable
2026-09-26,KTW,BRI,2027-02-03,,,unavailable
2026-09-26,KTW,BRI,2027-02-04,,,unavailable
2026-09-26,KTW,BRI,2027-02-05,,,unavailable
2026-09-26,KTW,BRI,2027-02-06,,,unavailable
2026-09-26,KTW,BRI,2027-02-07,,,unavailable
2026-09-26,KTW,BRI,2027-02-08,,,unavailable
2026-09-26,KTW,BRI,2027-02-09,,,unavailable
2026-09-26,KTW,BRI,2027-02-10,,,unavailable
2026-09-26,KTW,BRI,2027-02-11,,,unavailable
2026-09-26,KTW,BRI,2027-02-12,,,unavailable
2026-09-26,KTW,BRI,2027-02-13,,,unavailable
2026-09-26,KTW,BRI,2027-02-14,,,unavailable
2026-09-26,KTW,BRI,2027-02-15,,,unavailable
2026-09-26,KTW,BRI,2027-02-16,,,unavailable
2026-09-26,KTW,BRI,2027-02-17,,,unavailable
2026-09-26,KTW,BRI,2027-02-18,,,unavailable
2026-09-26,KTW,BRI,2027-02-19,,,unavailable
2026-09-26,KTW,BRI,2027-02-20,,,unavailable
2026-09-26,KTW,BRI,2027-02-21,,,unavailable
2026-09-26,KTW,BRI,2027-02-22,,,unavailable
2026-09-26,KTW,BRI,2027-02-23,,,unavailable
2026-09-26,KTW,BRI,2027-02-24,,,unavailable
2026-09-26,KTW,BRI,2027-02-25,,,unavailable
2026-09-26,KTW,BRI,2027-02-26,,,unavailable
2026-09-26,KTW,BRI,2027-02-27,,,unavailable
2026-09-26,KTW,BRI,2027-02-28,,,unavailable
2026-09-26,KTW,BRI,2027-03-01,,,unavailable
2026-09-26,KTW,BRI,2027-03-02,,,unavailable
2026-09-26,KTW,BRI,2027-03-03,,,unavailable
2026-09-26,KTW,BRI,2027-03-04,,,unavailable
2026-09-26,KTW,BRI,2027-03-05,,,unavailable
2026-09-26,KTW,BRI,2027-03-06,,,unavailable
2026-09-26,KTW,BRI,2027-03-07,,,unavailable
2026-09-26,KTW,BRI,2027-03-08,,,unavailable
2026-09-26,KTW,BRI,2027-03-09,,,unavailable
2026-09-26,KTW,BRI,2027-03-10,,,unavailable
2026-09-26,KTW,BRI,2027-03-11,,,unavailable
2026-09-26,KTW,BRI,2027-03-12,,,unavailable
2026-09-26,KTW,BRI,2027-03-13,,,unavailable
2026-09-26,KTW,BRI,2027-03-14,,,unavailable
2026-09-26,KTW,BRI,2027-03-15,,,unavailable
2026-09-26,KTW,BRI,2027-03-16,,,unavailable
2026-09-26,KTW,BRI,2027-03-17,,,unavailable
2026-09-26,KTW,BRI,2027-03-18,,,unavailable
2026-09-26,KTW,BRI,2027-03-19,,,unavailable
2026-09-26,KTW,BRI,2027-03-20,,,unavailable
2026-09-26,KTW,BRI,2027-03-21,,,unavailable
2026-09-26,KTW,BRI,2027-03-22,,,unavailable
2026-09-26,KTW,BRI,2027-03-23,,,unavailable
2026-09-26,KTW,BRI,2027-03-24,,,unavailable
2026-09-26,KTW,BRI,2027-03-25,,,unavailable
2026-09-26,KTW,BRI,2027-03-26,,,unavailable
2026-09-26,KTW,BRI,2027-03-27,,,unavailable
2026-09-26,KTW,BRI,2027-03-28,,,unavailable
2026-09-26,KTW,BRI,2027-03-29,13:10,357.00,ok
2026-09-26,KTW,BRI,2027-03-30,20:30,310.00,ok
2026-09-26,KTW,BRI,2027-03-31,,,unavailable
2026-09-26,KTW,BRI,2027-04-01,06:10,310.00,ok
2026-09-26,KTW,BRI,2027-04-02,14:15,446.00,ok
2026-09-26,KTW,BRI,2027-04-03,06:55,535.00,ok
2026-09-26,KTW,BRI,2027-04-04,,,unavailable
2026-09-26,KTW,BRI,2027-04-05,13:10,489.00,ok
2026-09-26,KTW,BRI,2027-04-06,20:30,489.00,ok
2026-09-26,KTW,BRI,2027-04-07,,,unavailable
2026-09-26,KTW,BRI,2027-04-08,06:10,272.00,ok
2026-09-26,KTW,BRI,2027-04-09,14:15,310.00,ok
2026-09-26,KTW,BRI,2027-04-10,06:55,404.00,ok
2026-09-26,KTW,BRI,2027-04-11,,,unavailable
2026-09-26,KTW,BRI,2027-04-12,13:10,272.00,ok
2026-09-26,KTW,BRI,2027-04-13,20:30,310.00,ok
2026-09-26,KTW,BRI,2027-04-14,,,unavailable
2026-09-26,KTW,BRI,2027-04-15,06:10,357.00,ok
2026-09-26,KTW,BRI,2027-04-16,14:15,357.00,ok
2026-09-26,KTW,BRI,2027-04-17,06:55,404.00,ok
2026-09-26,KTW,BRI,2027-04-18,,,unavailable
2026-09-26,KTW,BRI,2027-04-19,13:10,272.00,ok
2026-09-26,KTW,BRI,2027-04-20,20:30,272.00,ok
2026-09-26,KTW,BRI,2027-04-21,,,unavailable
2026-09-26,KTW,BRI,2027-04-22,06:10,310.00,ok
2026-09-26,KTW,BRI,2027-04-23,14:15,357.00,ok
2026-09-26,KTW,BRI,2027-04-24,06:55,446.00,ok
2026-09-26,KTW,BRI,2027-04-25,,,unavailable
2026-09-26,KTW,BRI,2027-04-26,13:10,272.00,ok
2026-09-26,KTW,BRI,2027-04-27,20:30,310.00,ok
2026-09-26,KTW,BRI,2027-04-28,,,unavailable
2026-09-26,KTW,BRI,2027-04-29,06:10,446.00,ok
2026-09-26,KTW,BRI,2027-04-30,14:15,361.38,ok
2026-09-26,KTW,BRI,2027-05-01,06:55,404.00,ok
2026-09-26,KTW,BRI,2027-05-02,,,unavailable
2026-09-26,KTW,BRI,2027-05-03,13:10,276.38,ok
2026-09-26,KTW,BRI,2027-05-04,20:30,272.00,ok
2026-09-26,KTW,BRI,2027-05-05,,,unavailable
2026-09-26,KTW,BRI,2027-05-06,06:10,361.38,ok
2026-09-26,KTW,BRI,2027-05-07,14:15,310.00,ok
2026-09-26,KTW,BRI,2027-05-08,06:55,446.00,ok
2026-09-26,KTW,BRI,2027-05-09,,,unavailable
2026-09-26,KTW,BRI,2027-05-10,13:10,272.00,ok
2026-09-26,KTW,BRI,2027-05-11,20:30,272.00,ok
2026-09-26,KTW,BRI,2027-05-12,,,unavailable
2026-09-26,KTW,BRI,2027-05-13,06:10,272.00,ok
2026-09-26,KTW,BRI,2027-05-14,14:15,272.00,ok
2026-09-26,KTW,BRI,2027-05-15,06:55,357.00,ok
2026-09-26,KTW,BRI,2027-05-16,,,unavailable
2026-09-26,KTW,BRI,2027-05-17,13:10,272.00,ok
2026-09-26,KTW,BRI,2027-05-18,20:30,272.00,ok
2026-09-26,KTW,BRI,2027-05-19,,,unavailable
2026-09-26,KTW,BRI,2027-05-20,06:10,310.00,ok
2026-09-26,KTW,BRI,2027-05-21,14:15,310.00,ok
2026-09-26,KTW,BRI,2027-05-22,06:55,446.00,ok
2026-09-26,KTW,BRI,2027-05-23,,,unavailable
2026-09-26,KTW,BRI,2027-05-24,13:10,272.00,ok
2026-09-26,KTW,BRI,2027-05-25,20:30,272.00,ok
2026-09-26,KTW,BRI,2027-05-26,,,unavailable
2026-09-26,KTW,BRI,2027-05-27,06:10,276.38,ok
2026-09-26,KTW,BRI,2027-05-28,14:15,272.00,ok
2026-09-26,KTW,BRI,2027-05-29,06:55,404.00,ok
2026-09-26,KTW,BRI,2027-05-30,,,unavailable
2026-09-26,KTW,BRI,2027-05-31,13:10,272.00,ok
2026-09-26,KTW,BRI,2027-06-01,20:30,310.00,ok
2026-09-26,KTW,BRI,2027-06-02,,,unavailable
2026-09-26,KTW,BRI,2027-06-03,06:10,446.00,ok
2026-09-26,KTW,BRI,2027-06-04,14:15,310.00,ok
2026-09-26,KTW,BRI,2027-06-05,06:55,310.00,ok
2026-09-26,KTW,BRI,2027-06-06,,,unavailable
2026-09-26,KTW,BRI,2027-06-07,13:10,272.00,ok
2026-09-26,KTW,BRI,2027-06-08,20:30,272.00,ok
2026-09-26,KTW,BRI,2027-06-09,,,unavailable
2026-09-26,KTW,BRI,2027-06-10,06:10,272.00,ok
2026-09-26,KTW,BRI,2027-06-11,14:15,310.00,ok
2026-09-26,KTW,BRI,2027-06-12,06:55,310.00,ok
2026-09-26,KTW,BRI,2027-06-13,,,unavailable
2026-09-26,KTW,BRI,2027-06-14,13:10,272.00,ok
2026-09-26,KTW,BRI,2027-06-15,20:30,272.00,ok
2026-09-26,KTW,BRI,2027-06-16,,,unavailable
2026-09-26,KTW,BRI,2027-06-17,06:10,272.00,ok
2026-09-26,KTW,BRI,2027-06-18,14:15,357.00,ok
2026-09-26,KTW,BRI,2027-06-19,06:55,357.00,ok
2026-09-26,KTW,BRI,2027-06-20,,,unavailable
2026-09-26,KTW,BRI,2027-06-21,13:10,272.00,ok
2026-09-26,KTW,BRI,2027-06-22,20:30,272.00,ok
2026-09-26,KTW,BRI,2027-06-23,,,unavailable
2026-09-26,KTW,BRI,2027-06-24,06:10,310.00,ok
2026-09-26,KTW,BRI,2027-06-25,14:15,404.00,ok
2026-09-26,KTW,BRI,2027-06-26,06:55,404.00,ok
2026-09-26,KTW,BRI,2027-06-27,,,unavailable
2026-09-26,KTW,BRI,2027-06-28,13:10,310.00,ok
2026-09-26,KTW,BRI,2027-06-29,20:30,357.00,ok
2026-09-26,KTW,BRI,2027-06-30,,,unavailable
2026-09-26,KTW,BRI,2027-07-01,06:10,408.38,ok
2026-09-26,KTW,BRI,2027-07-02,14:15,357.00,ok
2026-09-26,KTW,BRI,2027-07-03,06:55,357.00,ok
2026-09-26,KTW,BRI,2027-07-04,,,unavailable
2026-09-26,KTW,BRI,2027-07-05,13:10,272.00,ok
2026-09-26,KTW,BRI,2027-07-06,20:30,272.00,ok
2026-09-26,KTW,BRI,2027-07-07,,,unavailable
2026-09-26,KTW,BRI,2027-07-08,06:10,357.00,ok
2026-09-26,KTW,BRI,2027-07-09,14:15,310.00,ok
2026-09-26,KTW,BRI,2027-07-10,06:55,310.00,ok
2026-09-26,KTW,BRI,2027-07-11,,,unavailable
2026-09-26,KTW,BRI,2027-07-12,13:10,272.00,ok
2026-09-26,KTW,BRI,2027-07-13,20:30,314.38,ok
2026-09-26,KTW,BRI,2027-07-14,,,unavailable
2026-09-26,KTW,BRI,2027-07-15,06:10,310.00,ok
2026-09-26,KTW,BRI,2027-07-16,14:15,357.00,ok
2026-09-26,KTW,BRI,2027-07-17,06:55,357.00,ok
2026-09-26,KTW,BRI,2027-07-18,,,unavailable
2026-09-26,KTW,BRI,2027-07-19,13:10,272.00,ok
2026-09-26,KTW,BRI,2027-07-20,20:30,272.00,ok
2026-09-26,KTW,BRI,2027-07-21,,,unavailable
2026-09-26,KTW,BRI,2027-07-22,06:10,272.00,ok
2026-09-26,KTW,BRI,2027-07-23,14:15,310.00,ok
2026-09-26,KTW,BRI,2027-07-24,06:55,310.00,ok
2026-09-26,KTW,BRI,2027-07-25,,,unavailable
2026-09-26,KTW,BRI,2027-07-26,13:10,272.00,ok
2026-09-26,KTW,BRI,2027-07-27,20:30,310.00,ok
2026-09-26,KTW,BRI,2027-07-28,,,unavailable
2026-09-26,KTW,BRI,2027-07-29,06:10,310.00,ok
2026-09-26,KTW,BRI,2027-07-30,14:15,272.00,ok
2026-09-26,KTW,BRI,2027-07-31,06:55,272.00,ok
2026-09-26,KTW,BRI,2027-08-01,,,unavailable
2026-09-26,KTW,BRI,2027-08-02,13:10,272.00,ok
2026-09-26,KTW,BRI,2027-08-03,20:30,310.00,ok
2026-09-26,KTW,BRI,2027-08-04,,,unavailable
2026-09-26,KTW,BRI,2027-08-05,06:10,310.00,ok
2026-09-26,KTW,BRI,2027-08-06,14:15,272.00,ok
2026-09-26,KTW,BRI,2027-08-07,06:55,272.00,ok
2026-09-26,KTW,BRI,2027-08-08,,,unavailable
2026-09-26,KTW,BRI,2027-08-09,13:10,272.00,ok
2026-09-26,KTW,BRI,2027-08-10,20:30,272.00,ok
2026-09-26,KTW,BRI,2027-08-11,,,unavailable
2026-09-26,KTW,BRI,2027-08-12,06:10,310.00,ok
2026-09-26,KTW,BRI,2027-08-13,14:15,310.00,ok
2026-09-26,KTW,BRI,2027-08-14,06:55,310.00,ok
2026-09-26,KTW,BRI,2027-08-15,,,unavailable
2026-09-26,KTW,BRI,2027-08-16,13:10,310.00,ok
2026-09-26,KTW,BRI,2027-08-17,20:30,357.00,ok
2026-09-26,KTW,BRI,2027-08-18,,,unavailable
2026-09-26,KTW,BRI,2027-08-19,06:10,357.00,ok
2026-09-26,KTW,BRI,2027-08-20,14:15,357.00,ok
2026-09-26,KTW,BRI,2027-08-21,06:55,357.00,ok
2026-09-26,KTW,BRI,2027-08-22,,,unavailable
2026-09-26,KTW,BRI,2027-08-23,13:10,272.00,ok
2026-09-26,KTW,BRI,2027-08-24,20:30,310.00,ok
2026-09-26,KTW,BRI,2027-08-25,,,unavailable
2026-09-26,KTW,BRI,2027-08-26,06:10,310.00,ok
2026-09-26,KTW,BRI,2027-08-27,14:15,357.00,ok
2026-09-26,KTW,BRI,2027-08-28,06:55,357.00,ok
2026-09-26,KTW,BRI,2027-08-29,,,unavailable
2026-09-26,KTW,BRI,2027-08-30,13:10,272.00,ok
2026-09-26,KTW,BRI,2027-08-31,20:30,310.00,ok
2026-09-26,BRI,KTW,2026-09-26,,,unavailable
2026-09-26,BRI,KTW,2026-09-27,14:20,1042.61,ok
2026-09-26,BRI,KTW,2026-09-28,23:20,915.56,ok
2026-09-26,BRI,KTW,2026-09-29,08:40,350.43,ok
2026-09-26,BRI,KTW,2026-09-30,12:40,635.19,ok
2026-09-26,BRI,KTW,2026-10-01,,,unavailable
2026-09-26,BRI,KTW,2026-10-02,22:45,293.48,ok
2026-09-26,BRI,KTW,2026-10-03,20:25,497.72,ok
2026-09-26,BRI,KTW,2026-10-04,14:20,367.56,ok
2026-09-26,BRI,KTW,2026-10-05,23:20,319.76,ok
2026-09-26,BRI,KTW,2026-10-06,08:40,219.00,ok
2026-09-26,BRI,KTW,2026-10-07,12:40,523.74,ok
2026-09-26,BRI,KTW,2026-10-08,,,unavailable
2026-09-26,BRI,KTW,2026-10-09,22:45,258.43,ok
2026-09-26,BRI,KTW,2026-10-10,20:25,332.96,ok
2026-09-26,BRI,KTW,2026-10-11,14:20,1217.85,ok
2026-09-26,BRI,KTW,2026-10-12,23:20,178.68,ok
2026-09-26,BRI,KTW,2026-10-13,08:40,212.32,ok
2026-09-26,BRI,KTW,2026-10-14,12:40,267.19,ok
2026-09-26,BRI,KTW,2026-10-15,,,unavailable
2026-09-26,BRI,KTW,2026-10-16,22:45,473.09,ok
2026-09-26,BRI,KTW,2026-10-17,20:25,369.35,ok
2026-09-26,BRI,KTW,2026-10-18,14:20,433.67,ok
2026-09-26,BRI,KTW,2026-10-19,23:20,245.29,ok
2026-09-26,BRI,KTW,2026-10-20,08:40,148.91,ok
2026-09-26,BRI,KTW,2026-10-21,12:40,223.38,ok
2026-09-26,BRI,KTW,2026-10-22,,,unavailable
2026-09-26,BRI,KTW,2026-10-23,22:45,214.62,ok
2026-09-26,BRI,KTW,2026-10-24,20:25,523.74,ok
2026-09-26,BRI,KTW,2026-10-25,,,unavailable
2026-09-26,BRI,KTW,2026-10-26,,,unavailable
2026-09-26,BRI,KTW,2026-10-27,22:20,332.96,ok
2026-09-26,BRI,KTW,2026-10-28,22:25,209.26,ok
2026-09-26,BRI,KTW,2026-10-29,,,unavailable
2026-09-26,BRI,KTW,2026-10-30,,,unavailable
2026-09-26,BRI,KTW,2026-10-31,,,unavailable
2026-09-26,BRI,KTW,2026-11-01,,,unavailable
2026-09-26,BRI,KTW,2026-11-02,,,unavailable
2026-09-26,BRI,KTW,2026-11-03,,,unavailable
2026-09-26,BRI,KTW,2026-11-04,,,unavailable
2026-09-26,BRI,KTW,2026-11-05,,,unavailable
2026-09-26,BRI,KTW,2026-11-06,,,unavailable
2026-09-26,BRI,KTW,2026-11-07,,,unavailable
2026-09-26,BRI,KTW,2026-11-08,,,unavailable
2026-09-26,BRI,KTW,2026-11-09,,,unavailable
2026-09-26,BRI,KTW,2026-11-10,,,unavailable
2026-09-26,BRI,KTW,2026-11-11,,,unavailable
2026-09-26,BRI,KTW,2026-11-12,,,unavailable
2026-09-26,BRI,KTW,2026-11-13,,,unavailable
2026-09-26,BRI,KTW,2026-11-14,,,unavailable
2026-09-26,BRI,KTW,2026-11-15,,,unavailable
2026-09-26,BRI,KTW,2026-11-16,,,unavailable
2026-09-26,BRI,KTW,2026-11-17,,,unavailable
2026-09-26,BRI,KTW,2026-11-18,,,unavailable
2026-09-26,BRI,KTW,2026-11-19,,,unavailable
2026-09-26,BRI,KTW,2026-11-20,,,unavailable
2026-09-26,BRI,KTW,2026-11-21,,,unavailable
2026-09-26,BRI,KTW,2026-11-22,,,unavailable
2026-09-26,BRI,KTW,2026-11-23,,,unavailable
2026-09-26,BRI,KTW,2026-11-24,,,unavailable
2026-09-26,BRI,KTW,2026-11-25,,,unavailable
2026-09-26,BRI,KTW,2026-11-26,,,unavailable
2026-09-26,BRI,KTW,2026-11-27,,,unavailable
2026-09-26,BRI,KTW,2026-11-28,,,unavailable
2026-09-26,BRI,KTW,2026-11-29,,,unavailable
2026-09-26,BRI,KTW,2026-11-30,,,unavailable
2026-09-26,BRI,KTW,2026-12-01,,,unavailable
2026-09-26,BRI,KTW,2026-12-02,,,unavailable
2026-09-26,BRI,KTW,2026-12-03,,,unavailable
2026-09-26,BRI,KTW,2026-12-04,,,unavailable
2026-09-26,BRI,KTW,2026-12-05,,,unavailable
2026-09-26,BRI,KTW,2026-12-06,,,unavailable
2026-09-26,BRI,KTW,2026-12-07,,,unavailable
2026-09-26,BRI,KTW,2026-12-08,,,unavailable
2026-09-26,BRI,KTW,2026-12-09,,,unavailable
2026-09-26,BRI,KTW,2026-12-10,,,unavailable
2026-09-26,BRI,KTW,2026-12-11,,,unavailable
2026-09-26,BRI,KTW,2026-12-12,,,unavailable
2026-09-26,BRI,KTW,2026-12-13,,,unavailable
2026-09-26,BRI,KTW,2026-12-14,,,unavailable
2026-09-26,BRI,KTW,2026-12-15,,,unavailable
2026-09-26,BRI,KTW,2026-12-16,,,unavailable
2026-09-26,BRI,KTW,2026-12-17,,,unavailable
2026-09-26,BRI,KTW,2026-12-18,,,unavailable
2026-09-26,BRI,KTW,2026-12-19,,,unavailable
2026-09-26,BRI,KTW,2026-12-20,,,unavailable
2026-09-26,BRI,KTW,2026-12-21,,,unavailable
2026-09-26,BRI,KTW,2026-12-22,,,unavailable
2026-09-26,BRI,KTW,2026-12-23,,,unavailable
2026-09-26,BRI,KTW,2026-12-24,,,unavailable
2026-09-26,BRI,KTW,2026-12-25,,,unavailable
2026-09-26,BRI,KTW,2026-12-26,,,unavailable
2026-09-26,BRI,KTW,2026-12-27,,,unavailable
2026-09-26,BRI,KTW,2026-12-28,,,unavailable
2026-09-26,BRI,KTW,2026-12-29,,,unavailable
2026-09-26,BRI,KTW,2026-12-30,,,unavailable
2026-09-26,BRI,KTW,2026-12-31,,,unavailable
2026-09-26,BRI,KTW,2027-01-01,,,unavailable
2026-09-26,BRI,KTW,2027-01-02,,,unavailable
2026-09-26,BRI,KTW,2027-01-03,,,unavailable
2026-09-26,BRI,KTW,2027-01-04,,,unavailable
2026-09-26,BRI,KTW,2027-01-05,,,unavailable
2026-09-26,BRI,KTW,2027-01-06,,,unavailable
2026-09-26,BRI,KTW,2027-01-07,,,unavailable
2026-09-26,BRI,KTW,2027-01-08,,,unavailable
2026-09-26,BRI,KTW,2027-01-09,,,unavailable
2026-09-26,BRI,KTW,2027-01-10,,,unavailable
2026-09-26,BRI,KTW,2027-01-11,,,unavailable
2026-09-26,BRI,KTW,2027-01-12,,,unavailable
2026-09-26,BRI,KTW,2027-01-13,,,unavailable
2026-09-26,BRI,KTW,2027-01-14,,,unavailable
2026-09-26,BRI,KTW,2027-01-15,,,unavailable
2026-09-26,BRI,KTW,2027-01-16,,,unavailable
2026-09-26,BRI,KTW,2027-01-17,,,unavailable
2026-09-26,BRI,KTW,2027-01-18,,,unavailable
2026-09-26,BRI,KTW,2027-01-19,,,unavailable
2026-09-26,BRI,KTW,2027-01-20,,,unavailable
2026-09-26,BRI,KTW,2027-01-21,,,unavailable
2026-09-26,BRI,KTW,2027-01-22,,,unavailable
2026-09-26,BRI,KTW,2027-01-23,,,unavailable
2026-09-26,BRI,KTW,2027-01-24,,,unavailable
2026-09-26,BRI,KTW,2027-01-25,,,unavailable
2026-09-26,BRI,KTW,2027-01-26,,,unavailable
2026-09-26,BRI,KTW,2027-01-27,,,unavailable
2026-09-26,BRI,KTW,2027-01-28,,,unavailable
2026-09-26,BRI,KTW,2027-01-29,,,unavailable
2026-09-26,BRI,KTW,2027-01-30,,,unavailable
2026-09-26,BRI,KTW,2027-01-31,,,unavailable
2026-09-26,BRI,KTW,2027-02-01,,,unavailable
2026-09-26,BRI,KTW,2027-02-02,,,unavailable
2026-09-26,BRI,KTW,2027-02-03,,,unavailable
2026-09-26,BRI,KTW,2027-02-04,,,unavailable
2026-09-26,BRI,KTW,2027-02-05,,,unavailable
2026-09-26,BRI,KTW,2027-02-06,,,unavailable
2026-09-26,BRI,KTW,2027-02-07,,,unavailable
2026-09-26,BRI,KTW,2027-02-08,,,unavailable
2026-09-26,BRI,KTW,2027-02-09,,,unavailable
2026-09-26,BRI,KTW,2027-02-10,,,unavailable
2026-09-26,BRI,KTW,2027-02-11,,,unavailable
2026-09-26,BRI,KTW,2027-02-12,,,unavailable
2026-09-26,BRI,KTW,2027-02-13,,,unavailable
2026-09-26,BRI,KTW,2027-02-14,,,unavailable
2026-09-26,BRI,KTW,2027-02-15,,,unavailable
2026-09-26,BRI,KTW,2027-02-16,,,unavailable
2026-09-26,BRI,KTW,2027-02-17,,,unavailable
2026-09-26,BRI,KTW,2027-02-18,,,unavailable
2026-09-26,BRI,KTW,2027-02-19,,,unavailable
2026-09-26,BRI,KTW,2027-02-20,,,unavailable
2026-09-26,BRI,KTW,2027-02-21,,,unavailable
2026-09-26,BRI,KTW,2027-02-22,,,unavailable
2026-09-26,BRI,KTW,2027-02-23,,,unavailable
2026-09-26,BRI,KTW,2027-02-24,,,unavailable
2026-09-26,BRI,KTW,2027-02-25,,,unavailable
2026-09-26,BRI,KTW,2027-02-26,,,unavailable
2026-09-26,BRI,KTW,2027-02-27,,,unavailable
2026-09-26,BRI,KTW,2027-02-28,,,unavailable
2026-09-26,BRI,KTW,2027-03-01,,,unavailable
2026-09-26,BRI,KTW,2027-03-02,,,unavailable
2026-09-26,BRI,KTW,2027-03-03,,,unavailable
2026-09-26,BRI,KTW,2027-03-04,,,unavailable
2026-09-26,BRI,KTW,2027-03-05,,,unavailable
2026-09-26,BRI,KTW,2027-03-06,,,unavailable
2026-09-26,BRI,KTW,2027-03-07,,,unavailable
2026-09-26,BRI,KTW,2027-03-08,,,unavailable
2026-09-26,BRI,KTW,2027-03-09,,,unavailable
2026-09-26,BRI,KTW,2027-03-10,,,unavailable
2026-09-26,BRI,KTW,2027-03-11,,,unavailable
2026-09-26,BRI,KTW,2027-03-12,,,unavailable
2026-09-26,BRI,KTW,2027-03-13,,,unavailable
2026-09-26,BRI,KTW,2027-03-14,,,unavailable
2026-09-26,BRI,KTW,2027-03-15,,,unavailable
2026-09-26,BRI,KTW,2027-03-16,,,unavailable
2026-09-26,BRI,KTW,2027-03-17,,,unavailable
2026-09-26,BRI,KTW,2027-03-18,,,unavailable
2026-09-26,BRI,KTW,2027-03-19,,,unavailable
2026-09-26,BRI,KTW,2027-03-20,,,unavailable
2026-09-26,BRI,KTW,2027-03-21,,,unavailable
2026-09-26,BRI,KTW,2027-03-22,,,unavailable
2026-09-26,BRI,KTW,2027-03-23,,,unavailable
2026-09-26,BRI,KTW,2027-03-24,,,unavailable
2026-09-26,BRI,KTW,2027-03-25,,,unavailable
2026-09-26,BRI,KTW,2027-03-26,,,unavailable
2026-09-26,BRI,KTW,2027-03-27,,,unavailable
2026-09-26,BRI,KTW,2027-03-28,,,unavailable
2026-09-26,BRI,KTW,2027-03-29,15:30,446.00,ok
2026-09-26,BRI,KTW,2027-03-30,22:50,446.00,ok
2026-09-26,BRI,KTW,2027-03-31,,,unavailable
2026-09-26,BRI,KTW,2027-04-01,08:30,310.00,ok
2026-09-26,BRI,KTW,2027-04-02,16:35,310.00,ok
2026-09-26,BRI,KTW,2027-04-03,09:15,272.00,ok
2026-09-26,BRI,KTW,2027-04-04,,,unavailable
2026-09-26,BRI,KTW,2027-04-05,15:30,310.00,ok
2026-09-26,BRI,KTW,2027-04-06,22:50,272.00,ok
2026-09-26,BRI,KTW,2027-04-07,,,unavailable
2026-09-26,BRI,KTW,2027-04-08,08:30,272.00,ok
2026-09-26,BRI,KTW,2027-04-09,16:35,272.00,ok
2026-09-26,BRI,KTW,2027-04-10,09:15,272.00,ok
2026-09-26,BRI,KTW,2027-04-11,,,unavailable
2026-09-26,BRI,KTW,2027-04-12,15:30,310.00,ok
2026-09-26,BRI,KTW,2027-04-13,22:50,272.00,ok
2026-09-26,BRI,KTW,2027-04-14,,,unavailable
2026-09-26,BRI,KTW,2027-04-15,08:30,272.00,ok
2026-09-26,BRI,KTW,2027-04-16,16:35,272.00,ok
2026-09-26,BRI,KTW,2027-04-17,09:15,272.00,ok
2026-09-26,BRI,KTW,2027-04-18,,,unavailable
2026-09-26,BRI,KTW,2027-04-19,15:30,310.00,ok
2026-09-26,BRI,KTW,2027-04-20,22:50,272.00,ok
2026-09-26,BRI,KTW,2027-04-21,,,unavailable
2026-09-26,BRI,KTW,2027-04-22,08:30,272.00,ok
2026-09-26,BRI,KTW,2027-04-23,16:35,272.00,ok
2026-09-26,BRI,KTW,2027-04-24,09:15,272.00,ok
2026-09-26,BRI,KTW,2027-04-25,,,unavailable
2026-09-26,BRI,KTW,2027-04-26,15:30,310.00,ok
2026-09-26,BRI,KTW,2027-04-27,22:50,272.00,ok
2026-09-26,BRI,KTW,2027-04-28,,,unavailable
2026-09-26,BRI,KTW,2027-04-29,08:30,310.00,ok
2026-09-26,BRI,KTW,2027-04-30,16:35,314.38,ok
2026-09-26,BRI,KTW,2027-05-01,09:15,357.00,ok
2026-09-26,BRI,KTW,2027-05-02,,,unavailable
2026-09-26,BRI,KTW,2027-05-03,15:30,450.38,ok
2026-09-26,BRI,KTW,2027-05-04,22:50,310.00,ok
2026-09-26,BRI,KTW,2027-05-05,,,unavailable
2026-09-26,BRI,KTW,2027-05-06,08:30,276.38,ok
2026-09-26,BRI,KTW,2027-05-07,16:35,310.00,ok
2026-09-26,BRI,KTW,2027-05-08,09:15,310.00,ok
2026-09-26,BRI,KTW,2027-05-09,,,unavailable
2026-09-26,BRI,KTW,2027-05-10,15:30,357.00,ok
2026-09-26,BRI,KTW,2027-05-11,22:50,272.00,ok
2026-09-26,BRI,KTW,2027-05-12,,,unavailable
2026-09-26,BRI,KTW,2027-05-13,08:30,310.00,ok
2026-09-26,BRI,KTW,2027-05-14,16:35,357.00,ok
2026-09-26,BRI,KTW,2027-05-15,09:15,357.00,ok
2026-09-26,BRI,KTW,2027-05-16,,,unavailable
2026-09-26,BRI,KTW,2027-05-17,15:30,404.00,ok
2026-09-26,BRI,KTW,2027-05-18,22:50,272.00,ok
2026-09-26,BRI,KTW,2027-05-19,,,unavailable
2026-09-26,BRI,KTW,2027-05-20,08:30,272.00,ok
2026-09-26,BRI,KTW,2027-05-21,16:35,310.00,ok
2026-09-26,BRI,KTW,2027-05-22,09:15,272.00,ok
2026-09-26,BRI,KTW,2027-05-23,,,unavailable
2026-09-26,BRI,KTW,2027-05-24,15:30,357.00,ok
2026-09-26,BRI,KTW,2027-05-25,22:50,310.00,ok
2026-09-26,BRI,KTW,2027-05-26,,,unavailable
2026-09-26,BRI,KTW,2027-05-27,08:30,314.38,ok
2026-09-26,BRI,KTW,2027-05-28,16:35,357.00,ok
2026-09-26,BRI,KTW,2027-05-29,09:15,357.00,ok
2026-09-26,BRI,KTW,2027-05-30,,,unavailable
2026-09-26,BRI,KTW,2027-05-31,15:30,357.00,ok
2026-09-26,BRI,KTW,2027-06-01,22:50,272.00,ok
2026-09-26,BRI,KTW,2027-06-02,,,unavailable
2026-09-26,BRI,KTW,2027-06-03,08:30,310.00,ok
2026-09-26,BRI,KTW,2027-06-04,16:35,446.00,ok
2026-09-26,BRI,KTW,2027-06-05,09:15,446.00,ok
2026-09-26,BRI,KTW,2027-06-06,,,unavailable
2026-09-26,BRI,KTW,2027-06-07,15:30,446.00,ok
2026-09-26,BRI,KTW,2027-06-08,22:50,310.00,ok
2026-09-26,BRI,KTW,2027-06-09,,,unavailable
2026-09-26,BRI,KTW,2027-06-10,08:30,357.00,ok
2026-09-26,BRI,KTW,2027-06-11,16:35,357.00,ok
2026-09-26,BRI,KTW,2027-06-12,09:15,357.00,ok
2026-09-26,BRI,KTW,2027-06-13,,,unavailable
2026-09-26,BRI,KTW,2027-06-14,15:30,310.00,ok
2026-09-26,BRI,KTW,2027-06-15,22:50,272.00,ok
2026-09-26,BRI,KTW,2027-06-16,,,unavailable
2026-09-26,BRI,KTW,2027-06-17,08:30,272.00,ok
2026-09-26,BRI,KTW,2027-06-18,16:35,357.00,ok
2026-09-26,BRI,KTW,2027-06-19,09:15,357.00,ok
2026-09-26,BRI,KTW,2027-06-20,,,unavailable
2026-09-26,BRI,KTW,2027-06-21,15:30,310.00,ok
2026-09-26,BRI,KTW,2027-06-22,22:50,272.00,ok
2026-09-26,BRI,KTW,2027-06-23,,,unavailable
2026-09-26,BRI,KTW,2027-06-24,08:30,272.00,ok
2026-09-26,BRI,KTW,2027-06-25,16:35,310.00,ok
2026-09-26,BRI,KTW,2027-06-26,09:15,310.00,ok
2026-09-26,BRI,KTW,2027-06-27,,,unavailable
2026-09-26,BRI,KTW,2027-06-28,15:30,272.00,ok
2026-09-26,BRI,KTW,2027-06-29,22:50,272.00,ok
2026-09-26,BRI,KTW,2027-06-30,,,unavailable
2026-09-26,BRI,KTW,2027-07-01,08:30,276.38,ok
2026-09-26,BRI,KTW,2027-07-02,16:35,357.00,ok
2026-09-26,BRI,KTW,2027-07-03,09:15,357.00,ok
2026-09-26,BRI,KTW,2027-07-04,,,unavailable
2026-09-26,BRI,KTW,2027-07-05,15:30,357.00,ok
2026-09-26,BRI,KTW,2027-07-06,22:50,272.00,ok
2026-09-26,BRI,KTW,2027-07-07,,,unavailable
2026-09-26,BRI,KTW,2027-07-08,08:30,357.00,ok
2026-09-26,BRI,KTW,2027-07-09,16:35,446.00,ok
2026-09-26,BRI,KTW,2027-07-10,09:15,446.00,ok
2026-09-26,BRI,KTW,2027-07-11,,,unavailable
2026-09-26,BRI,KTW,2027-07-12,15:30,404.00,ok
2026-09-26,BRI,KTW,2027-07-13,22:50,361.38,ok
2026-09-26,BRI,KTW,2027-07-14,,,unavailable
2026-09-26,BRI,KTW,2027-07-15,08:30,404.00,ok
2026-09-26,BRI,KTW,2027-07-16,16:35,446.00,ok
2026-09-26,BRI,KTW,2027-07-17,09:15,446.00,ok
2026-09-26,BRI,KTW,2027-07-18,,,unavailable
2026-09-26,BRI,KTW,2027-07-19,15:30,404.00,ok
2026-09-26,BRI,KTW,2027-07-20,22:50,310.00,ok
2026-09-26,BRI,KTW,2027-07-21,,,unavailable
2026-09-26,BRI,KTW,2027-07-22,08:30,404.00,ok
2026-09-26,BRI,KTW,2027-07-23,16:35,489.00,ok
2026-09-26,BRI,KTW,2027-07-24,09:15,489.00,ok
2026-09-26,BRI,KTW,2027-07-25,,,unavailable
2026-09-26,BRI,KTW,2027-07-26,15:30,489.00,ok
2026-09-26,BRI,KTW,2027-07-27,22:50,404.00,ok
2026-09-26,BRI,KTW,2027-07-28,,,unavailable
2026-09-26,BRI,KTW,2027-07-29,08:30,489.00,ok
2026-09-26,BRI,KTW,2027-07-30,16:35,489.00,ok
2026-09-26,BRI,KTW,2027-07-31,09:15,489.00,ok
2026-09-26,BRI,KTW,2027-08-01,,,unavailable
2026-09-26,BRI,KTW,2027-08-02,15:30,446.00,ok
2026-09-26,BRI,KTW,2027-08-03,22:50,446.00,ok
2026-09-26,BRI,KTW,2027-08-04,,,unavailable
2026-09-26,BRI,KTW,2027-08-05,08:30,489.00,ok
2026-09-26,BRI,KTW,2027-08-06,16:35,489.00,ok
2026-09-26,BRI,KTW,2027-08-07,09:15,489.00,ok
2026-09-26,BRI,KTW,2027-08-08,,,unavailable
2026-09-26,BRI,KTW,2027-08-09,15:30,489.00,ok
2026-09-26,BRI,KTW,2027-08-10,22:50,446.00,ok
2026-09-26,BRI,KTW,2027-08-11,,,unavailable
2026-09-26,BRI,KTW,2027-08-12,08:30,489.00,ok
2026-09-26,BRI,KTW,2027-08-13,16:35,535.00,ok
2026-09-26,BRI,KTW,2027-08-14,09:15,535.00,ok
2026-09-26,BRI,KTW,2027-08-15,,,unavailable
2026-09-26,BRI,KTW,2027-08-16,15:30,446.00,ok
2026-09-26,BRI,KTW,2027-08-17,22:50,446.00,ok
2026-09-26,BRI,KTW,2027-08-18,,,unavailable
2026-09-26,BRI,KTW,2027-08-19,08:30,446.00,ok
2026-09-26,BRI,KTW,2027-08-20,16:35,489.00,ok
2026-09-26,BRI,KTW,2027-08-21,09:15,489.00,ok
2026-09-26,BRI,KTW,2027-08-22,,,unavailable
2026-09-26,BRI,KTW,2027-08-23,15:30,446.00,ok
2026-09-26,BRI,KTW,2027-08-24,22:50,357.00,ok
2026-09-26,BRI,KTW,2027-08-25,,,unavailable
2026-09-26,BRI,KTW,2027-08-26,08:30,404.00,ok
2026-09-26,BRI,KTW,2027-08-27,16:35,489.00,ok
2026-09-26,BRI,KTW,2027-08-28,09:15,489.00,ok
2026-09-26,BRI,KTW,2027-08-29,,,unavailable
2026-09-26,BRI,KTW,2027-08-30,15:30,404.00,ok
2026-09-26,BRI,KTW,2027-08-31,22:50,310.00,ok
2026-09-26,KTW,BUD,2026-09-26,,,unavailable
2026-09-26,KTW,BUD,2026-09-27,,,unavailable
2026-09-26,KTW,BUD,2026-09-28,07:10,65.00,ok
2026-09-26,KTW,BUD,2026-09-29,,,unavailable
2026-09-26,KTW,BUD,2026-09-30,,,unavailable
2026-09-26,KTW,BUD,2026-10-01,,,unavailable
2026-09-26,KTW,BUD,2026-10-02,07:45,244.85,ok
2026-09-26,KTW,BUD,2026-10-03,,,unavailable
2026-09-26,KTW,BUD,2026-10-04,,,unavailable
2026-09-26,KTW,BUD,2026-10-05,07:10,65.00,ok
2026-09-26,KTW,BUD,2026-10-06,,,unavailable
2026-09-26,KTW,BUD,2026-10-07,,,unavailable
2026-09-26,KTW,BUD,2026-10-08,,,unavailable
2026-09-26,KTW,BUD,2026-10-09,07:45,139.49,ok
2026-09-26,KTW,BUD,2026-10-10,,,unavailable
2026-09-26,KTW,BUD,2026-10-11,,,unavailable
2026-09-26,KTW,BUD,2026-10-12,07:10,65.00,ok
2026-09-26,KTW,BUD,2026-10-13,,,unavailable
2026-09-26,KTW,BUD,2026-10-14,,,unavailable
2026-09-26,KTW,BUD,2026-10-15,,,unavailable
2026-09-26,KTW,BUD,2026-10-16,07:45,104.05,ok
2026-09-26,KTW,BUD,2026-10-17,,,unavailable
2026-09-26,KTW,BUD,2026-10-18,,,unavailable
2026-09-26,KTW,BUD,2026-10-19,07:10,65.00,ok
2026-09-26,KTW,BUD,2026-10-20,,,unavailable
2026-09-26,KTW,BUD,2026-10-21,,,unavailable
2026-09-26,KTW,BUD,2026-10-22,,,unavailable
2026-09-26,KTW,BUD,2026-10-23,07:45,65.00,ok
2026-09-26,KTW,BUD,2026-10-24,,,unavailable
2026-09-26,KTW,BUD,2026-10-25,,,unavailable
2026-09-26,KTW,BUD,2026-10-26,,,unavailable
2026-09-26,KTW,BUD,2026-10-27,,,unavailable
2026-09-26,KTW,BUD,2026-10-28,,,unavailable
2026-09-26,KTW,BUD,2026-10-29,,,unavailable
2026-09-26,KTW,BUD,2026-10-30,,,unavailable
2026-09-26,KTW,BUD,2026-10-31,,,unavailable
2026-09-26,KTW,BUD,2026-11-01,,,unavailable
2026-09-26,KTW,BUD,2026-11-02,,,unavailable
2026-09-26,KTW,BUD,2026-11-03,,,unavailable
2026-09-26,KTW,BUD,2026-11-04,,,unavailable
2026-09-26,KTW,BUD,2026-11-05,,,unavailable
2026-09-26,KTW,BUD,2026-11-06,,,unavailable
2026-09-26,KTW,BUD,2026-11-07,,,unavailable
2026-09-26,KTW,BUD,2026-11-08,,,unavailable
2026-09-26,KTW,BUD,2026-11-09,,,unavailable
2026-09-26,KTW,BUD,2026-11-10,,,unavailable
2026-09-26,KTW,BUD,2026-11-11,,,unavailable
2026-09-26,KTW,BUD,2026-11-12,,,unavailable
2026-09-26,KTW,BUD,2026-11-13,,,unavailable
2026-09-26,KTW,BUD,2026-11-14,,,unavailable
2026-09-26,KTW,BUD,2026-11-15,,,unavailable
2026-09-26,KTW,BUD,2026-11-16,,,unavailable
2026-09-26,KTW,BUD,2026-11-17,,,unavailable
2026-09-26,KTW,BUD,2026-11-18,,,unavailable
2026-09-26,KTW,BUD,2026-11-19,,,unavailable
2026-09-26,KTW,BUD,2026-11-20,,,unavailable
2026-09-26,KTW,BUD,2026-11-21,,,unavailable
2026-09-26,KTW,BUD,2026-11-22,,,unavailable
2026-09-26,KTW,BUD,2026-11-23,,,unavailable
2026-09-26,KTW,BUD,2026-11-24,,,unavailable
2026-09-26,KTW,BUD,2026-11-25,,,unavailable
2026-09-26,KTW,BUD,2026-11-26,,,unavailable
2026-09-26,KTW,BUD,2026-11-27,,,unavailable
2026-09-26,KTW,BUD,2026-11-28,,,unavailable
2026-09-26,KTW,BUD,2026-11-29,,,unavailable
2026-09-26,KTW,BUD,2026-11-30,,,unavailable
2026-09-26,KTW,BUD,2026-12-01,,,unavailable
2026-09-26,KTW,BUD,2026-12-02,,,unavailable
2026-09-26,KTW,BUD,2026-12-03,,,unavailable
2026-09-26,KTW,BUD,2026-12-04,,,unavailable
2026-09-26,KTW,BUD,2026-12-05,,,unavailable
2026-09-26,KTW,BUD,2026-12-06,,,unavailable
2026-09-26,KTW,BUD,2026-12-07,,,unavailable
2026-09-26,KTW,BUD,2026-12-08,,,unavailable
2026-09-26,KTW,BUD,2026-12-09,,,unavailable
2026-09-26,KTW,BUD,2026-12-10,,,unavailable
2026-09-26,KTW,BUD,2026-12-11,,,unavailable
2026-09-26,KTW,BUD,2026-12-12,,,unavailable
2026-09-26,KTW,BUD,2026-12-13,,,unavailable
2026-09-26,KTW,BUD,2026-12-14,,,unavailable
2026-09-26,KTW,BUD,2026-12-15,,,unavailable
2026-09-26,KTW,BUD,2026-12-16,,,unavailable
2026-09-26,KTW,BUD,2026-12-17,,,unavailable
2026-09-26,KTW,BUD,2026-12-18,,,unavailable
2026-09-26,KTW,BUD,2026-12-19,,,unavailable
2026-09-26,KTW,BUD,2026-12-20,,,unavailable
2026-09-26,KTW,BUD,2026-12-21,,,unavailable
2026-09-26,KTW,BUD,2026-12-22,,,unavailable
2026-09-26,KTW,BUD,2026-12-23,,,unavailable
2026-09-26,KTW,BUD,2026-12-24,,,unavailable
2026-09-26,KTW,BUD,2026-12-25,,,unavailable
2026-09-26,KTW,BUD,2026-12-26,,,unavailable
2026-09-26,KTW,BUD,2026-12-27,,,unavailable
2026-09-26,KTW,BUD,2026-12-28,,,unavailable
2026-09-26,KTW,BUD,2026-12-29,,,unavailable
2026-09-26,KTW,BUD,2026-12-30,,,unavailable
2026-09-26,KTW,BUD,2026-12-31,,,unavailable
2026-09-26,KTW,BUD,2027-01-01,,,unavailable
2026-09-26,KTW,BUD,2027-01-02,,,unavailable
2026-09-26,KTW,BUD,2027-01-03,,,unavailable
2026-09-26,KTW,BUD,2027-01-04,,,unavailable
2026-09-26,KTW,BUD,2027-01-05,,,unavailable
2026-09-26,KTW,BUD,2027-01-06,,,unavailable
2026-09-26,KTW,BUD,2027-01-07,,,unavailable
2026-09-26,KTW,BUD,2027-01-08,,,unavailable
2026-09-26,KTW,BUD,2027-01-09,,,unavailable
2026-09-26,KTW,BUD,2027-01-10,,,unavailable
2026-09-26,KTW,BUD,2027-01-11,,,unavailable
2026-09-26,KTW,BUD,2027-01-12,,,unavailable
2026-09-26,KTW,BUD,2027-01-13,,,unavailable
2026-09-26,KTW,BUD,2027-01-14,,,unavailable
2026-09-26,KTW,BUD,2027-01-15,,,unavailable
2026-09-26,KTW,BUD,2027-01-16,,,unavailable
2026-09-26,KTW,BUD,2027-01-17,,,unavailable
2026-09-26,KTW,BUD,2027-01-18,,,unavailable
2026-09-26,KTW,BUD,2027-01-19,,,unavailable
2026-09-26,KTW,BUD,2027-01-20,,,unavailable
2026-09-26,KTW,BUD,2027-01-21,,,unavailable
2026-09-26,KTW,BUD,2027-01-22,,,unavailable
2026-09-26,KTW,BUD,2027-01-23,,,unavailable
2026-09-26,KTW,BUD,2027-01-24,,,unavailable
2026-09-26,KTW,BUD,2027-01-25,,,unavailable
2026-09-26,KTW,BUD,2027-01-26,,,unavailable
2026-09-26,KTW,BUD,2027-01-27,,,unavailable
2026-09-26,KTW,BUD,2027-01-28,,,unavailable
2026-09-26,KTW,BUD,2027-01-29,,,unavailable
2026-09-26,KTW,BUD,2027-01-30,,,unavailable
2026-09-26,KTW,BUD,2027-01-31,,,unavailable
2026-09-26,KTW,BUD,2027-02-01,,,unavailable
2026-09-26,KTW,BUD,2027-02-02,,,unavailable
2026-09-26,KTW,BUD,2027-02-03,,,unavailable
2026-09-26,KTW,BUD,2027-02-04,,,unavailable
2026-09-26,KTW,BUD,2027-02-05,,,unavailable
2026-09-26,KTW,BUD,2027-02-06,,,unavailable
2026-09-26,KTW,BUD,2027-02-07,,,unavailable
2026-09-26,KTW,BUD,2027-02-08,,,unavailable
2026-09-26,KTW,BUD,2027-02-09,,,unavailable
2026-09-26,KTW,BUD,2027-02-10,,,unavailable
2026-09-26,KTW,BUD,2027-02-11,,,unavailable
2026-09-26,KTW,BUD,2027-02-12,,,unavailable
2026-09-26,KTW,BUD,2027-02-13,,,unavailable
2026-09-26,KTW,BUD,2027-02-14,,,unavailable
2026-09-26,KTW,BUD,2027-02-15,,,unavailable
2026-09-26,KTW,BUD,2027-02-16,,,unavailable
2026-09-26,KTW,BUD,2027-02-17,,,unavailable
2026-09-26,KTW,BUD,2027-02-18,,,unavailable
2026-09-26,KTW,BUD,2027-02-19,,,unavailable
2026-09-26,KTW,BUD,2027-02-20,,,unavailable
2026-09-26,KTW,BUD,2027-02-21,,,unavailable
2026-09-26,KTW,BUD,2027-02-22,,,unavailable
2026-09-26,KTW,BUD,2027-02-23,,,unavailable
2026-09-26,KTW,BUD,2027-02-24,,,unavailable
2026-09-26,KTW,BUD,2027-02-25,,,unavailable
2026-09-26,KTW,BUD,2027-02-26,,,unavailable
2026-09-26,KTW,BUD,2027-02-27,,,unavailable
2026-09-26,KTW,BUD,2027-02-28,,,unavailable
2026-09-26,KTW,BUD,2027-03-01,,,unavailable
2026-09-26,KTW,BUD,2027-03-02,,,unavailable
2026-09-26,KTW,BUD,2027-03-03,,,unavailable
2026-09-26,KTW,BUD,2027-03-04,,,unavailable
2026-09-26,KTW,BUD,2027-03-05,,,unavailable
2026-09-26,KTW,BUD,2027-03-06,,,unavailable
2026-09-26,KTW,BUD,2027-03-07,,,unavailable
2026-09-26,KTW,BUD,2027-03-08,,,unavailable
2026-09-26,KTW,BUD,2027-03-09,,,unavailable
2026-09-26,KTW,BUD,2027-03-10,,,unavailable
2026-09-26,KTW,BUD,2027-03-11,,,unavailable
2026-09-26,KTW,BUD,2027-03-12,,,unavailable
2026-09-26,KTW,BUD,2027-03-13,,,unavailable
2026-09-26,KTW,BUD,2027-03-14,,,unavailable
2026-09-26,KTW,BUD,2027-03-15,,,unavailable
2026-09-26,KTW,BUD,2027-03-16,,,unavailable
2026-09-26,KTW,BUD,2027-03-17,,,unavailable
2026-09-26,KTW,BUD,2027-03-18,,,unavailable
2026-09-26,KTW,BUD,2027-03-19,,,unavailable
2026-09-26,KTW,BUD,2027-03-20,,,unavailable
2026-09-26,KTW,BUD,2027-03-21,,,unavailable
2026-09-26,KTW,BUD,2027-03-22,,,unavailable
2026-09-26,KTW,BUD,2027-03-23,,,unavailable
2026-09-26,KTW,BUD,2027-03-24,,,unavailable
2026-09-26,KTW,BUD,2027-03-25,,,unavailable
2026-09-26,KTW,BUD,2027-03-26,,,unavailable
2026-09-26,KTW,BUD,2027-03-27,,,unavailable
2026-09-26,KTW,BUD,2027-03-28,,,unavailable
2026-09-26,KTW,BUD,2027-03-29,,,unavailable
2026-09-26,KTW,BUD,2027-03-30,,,unavailable
2026-09-26,KTW,BUD,2027-03-31,,,unavailable
2026-09-26,KTW,BUD,2027-04-01,,,unavailable
2026-09-26,KTW,BUD,2027-04-02,,,unavailable
2026-09-26,KTW,BUD,2027-04-03,,,unavailable
2026-09-26,KTW,BUD,2027-04-04,,,unavailable
2026-09-26,KTW,BUD,2027-04-05,,,unavailable
2026-09-26,KTW,BUD,2027-04-06,,,unavailable
2026-09-26,KTW,BUD,2027-04-07,,,unavailable
2026-09-26,KTW,BUD,2027-04-08,,,unavailable
2026-09-26,KTW,BUD,2027-04-09,,,unavailable
2026-09-26,KTW,BUD,2027-04-10,,,unavailable
2026-09-26,KTW,BUD,2027-04-11,,,unavailable
2026-09-26,KTW,BUD,2027-04-12,,,unavailable
2026-09-26,KTW,BUD,2027-04-13,,,unavailable
2026-09-26,KTW,BUD,2027-04-14,,,unavailable
2026-09-26,KTW,BUD,2027-04-15,,,unavailable
2026-09-26,KTW,BUD,2027-04-16,,,unavailable
2026-09-26,KTW,BUD,2027-04-17,,,unavailable
2026-09-26,KTW,BUD,2027-04-18,,,unavailable
2026-09-26,KTW,BUD,2027-04-19,,,unavailable
2026-09-26,KTW,BUD,2027-04-20,,,unavailable
2026-09-26,KTW,BUD,2027-04-21,,,unavailable
2026-09-26,KTW,BUD,2027-04-22,,,unavailable
2026-09-26,KTW,BUD,2027-04-23,,,unavailable
2026-09-26,KTW,BUD,2027-04-24,,,unavailable
2026-09-26,KTW,BUD,2027-04-25,,,unavailable
2026-09-26,KTW,BUD,2027-04-26,,,unavailable
2026-09-26,KTW,BUD,2027-04-27,,,unavailable
2026-09-26,KTW,BUD,2027-04-28,,,unavailable
2026-09-26,KTW,BUD,2027-04-29,,,unavailable
2026-09-26,KTW,BUD,2027-04-30,,,unavailable
2026-09-26,KTW,BUD,2027-05-01,,,unavailable
2026-09-26,KTW,BUD,2027-05-02,,,unavailable
2026-09-26,KTW,BUD,2027-05-03,,,unavailable
2026-09-26,KTW,BUD,2027-05-04,,,unavailable
2026-09-26,KTW,BUD,2027-05-05,,,unavailable
2026-09-26,KTW,BUD,2027-05-06,,,unavailable
2026-09-26,KTW,BUD,2027-05-07,,,unavailable
2026-09-26,KTW,BUD,2027-05-08,,,unavailable
2026-09-26,KTW,BUD,2027-05-09,,,unavailable
2026-09-26,KTW,BUD,2027-05-10,,,unavailable
2026-09-26,KTW,BUD,2027-05-11,,,unavailable
2026-09-26,KTW,BUD,2027-05-12,,,unavailable
2026-09-26,KTW,BUD,2027-05-13,,,unavailable
2026-09-26,KTW,BUD,2027-05-14,,,unavailable
2026-09-26,KTW,BUD,2027-05-15,,,unavailable
2026-09-26,KTW,BUD,2027-05-16,,,unavailable
2026-09-26,KTW,BUD,2027-05-17,,,unavailable
2026-09-26,KTW,BUD,2027-05-18,,,unavailable
2026-09-26,KTW,BUD,2027-05-19,,,unavailable
2026-09-26,KTW,BUD,2027-05-20,,,unavailable
2026-09-26,KTW,BUD,2027-05-21,,,unavailable
2026-09-26,KTW,BUD,2027-05-22,,,unavailable
2026-09-26,KTW,BUD,2027-05-23,,,unavailable
2026-09-26,KTW,BUD,2027-05-24,,,unavailable
2026-09-26,KTW,BUD,2027-05-25,,,unavailable
2026-09-26,KTW,BUD,2027-05-26,,,unavailable
2026-09-26,KTW,BUD,2027-05-27,,,unavailable
2026-09-26,KTW,BUD,2027-05-28,,,unavailable
2026-09-26,KTW,BUD,2027-05-29,,,unavailable
2026-09-26,KTW,BUD,2027-05-30,,,unavailable
2026-09-26,KTW,BUD,2027-05-31,,,unavailable
2026-09-26,KTW,BUD,2027-06-01,,,unavailable
2026-09-26,KTW,BUD,2027-06-02,,,unavailable
2026-09-26,KTW,BUD,2027-06-03,,,unavailable
2026-09-26,KTW,BUD,2027-06-04,,,unavailable
2026-09-26,KTW,BUD,2027-06-05,,,unavailable
2026-09-26,KTW,BUD,2027-06-06,,,unavailable
2026-09-26,KTW,BUD,2027-06-07,,,unavailable
2026-09-26,KTW,BUD,2027-06-08,,,unavailable
2026-09-26,KTW,BUD,2027-06-09,,,unavailable
2026-09-26,KTW,BUD,2027-06-10,,,unavailable
2026-09-26,KTW,BUD,2027-06-11,,,unavailable
2026-09-26,KTW,BUD,2027-06-12,,,unavailable
2026-09-26,KTW,BUD,2027-06-13,,,unavailable
2026-09-26,KTW,BUD,2027-06-14,,,unavailable
2026-09-26,KTW,BUD,2027-06-15,,,unavailable
2026-09-26,KTW,BUD,2027-06-16,,,unavailable
2026-09-26,KTW,BUD,2027-06-17,,,unavailable
2026-09-26,KTW,BUD,2027-06-18,,,unavailable
2026-09-26,KTW,BUD,2027-06-19,,,unavailable
2026-09-26,KTW,BUD,2027-06-20,,,unavailable
2026-09-26,KTW,BUD,2027-06-21,,,unavailable
2026-09-26,KTW,BUD,2027-06-22,,,unavailable
2026-09-26,KTW,BUD,2027-06-23,,,unavailable
2026-09-26,KTW,BUD,2027-06-24,,,unavailable
2026-09-26,KTW,BUD,2027-06-25,,,unavailable
2026-09-26,KTW,BUD,2027-06-26,,,unavailable
2026-09-26,KTW,BUD,2027-06-27,,,unavailable
2026-09-26,KTW,BUD,2027-06-28,,,unavailable
2026-09-26,KTW,BUD,2027-06-29,,,unavailable
2026-09-26,KTW,BUD,2027-06-30,,,unavailable
2026-09-26,KTW,BUD,2027-07-01,,,unavailable
2026-09-26,KTW,BUD,2027-07-02,,,unavailable
2026-09-26,KTW,BUD,2027-07-03,,,unavailable
2026-09-26,KTW,BUD,2027-07-04,,,unavailable
2026-09-26,KTW,BUD,2027-07-05,,,unavailable
2026-09-26,KTW,BUD,2027-07-06,,,unavailable
2026-09-26,KTW,BUD,2027-07-07,,,unavailable
2026-09-26,KTW,BUD,2027-07-08,,,unavailable
2026-09-26,KTW,BUD,2027-07-09,,,unavailable
2026-09-26,KTW,BUD,2027-07-10,,,unavailable
2026-09-26,KTW,BUD,2027-07-11,,,unavailable
2026-09-26,KTW,BUD,2027-07-12,,,unavailable
2026-09-26,KTW,BUD,2027-07-13,,,unavailable
2026-09-26,KTW,BUD,2027-07-14,,,unavailable
2026-09-26,KTW,BUD,2027-07-15,,,unavailable
2026-09-26,KTW,BUD,2027-07-16,,,unavailable
2026-09-26,KTW,BUD,2027-07-17,,,unavailable
2026-09-26,KTW,BUD,2027-07-18,,,unavailable
2026-09-26,KTW,BUD,2027-07-19,,,unavailable
2026-09-26,KTW,BUD,2027-07-20,,,unavailable
2026-09-26,KTW,BUD,2027-07-21,,,unavailable
2026-09-26,KTW,BUD,2027-07-22,,,unavailable
2026-09-26,KTW,BUD,2027-07-23,,,unavailable
2026-09-26,KTW,BUD,2027-07-24,,,unavailable
2026-09-26,KTW,BUD,2027-07-25,,,unavailable
2026-09-26,KTW,BUD,2027-07-26,,,unavailable
2026-09-26,KTW,BUD,2027-07-27,,,unavailable
2026-09-26,KTW,BUD,2027-07-28,,,unavailable
2026-09-26,KTW,BUD,2027-07-29,,,unavailable
2026-09-26,KTW,BUD,2027-07-30,,,unavailable
2026-09-26,KTW,BUD,2027-07-31,,,unavailable
2026-09-26,KTW,BUD,2027-08-01,,,unavailable
2026-09-26,KTW,BUD,2027-08-02,,,unavailable
2026-09-26,KTW,BUD,2027-08-03,,,unavailable
2026-09-26,KTW,BUD,2027-08-04,,,unavailable
2026-09-26,KTW,BUD,2027-08-05,,,unavailable
2026-09-26,KTW,BUD,2027-08-06,,,unavailable
2026-09-26,KTW,BUD,2027-08-07,,,unavailable
2026-09-26,KTW,BUD,2027-08-08,,,unavailable
2026-09-26,KTW,BUD,2027-08-09,,,unavailable
2026-09-26,KTW,BUD,2027-08-10,,,unavailable
2026-09-26,KTW,BUD,2027-08-11,,,unavailable
2026-09-26,KTW,BUD,2027-08-12,,,unavailable
2026-09-26,KTW,BUD,2027-08-13,,,unavailable
2026-09-26,KTW,BUD,2027-08-14,,,unavailable
2026-09-26,KTW,BUD,2027-08-15,,,unavailable
2026-09-26,KTW,BUD,2027-08-16,,,unavailable
2026-09-26,KTW,BUD,2027-08-17,,,unavailable
2026-09-26,KTW,BUD,2027-08-18,,,unavailable
2026-09-26,KTW,BUD,2027-08-19,,,unavailable
2026-09-26,KTW,BUD,2027-08-20,,,unavailable
2026-09-26,KTW,BUD,2027-08-21,,,unavailable
2026-09-26,KTW,BUD,2027-08-22,,,unavailable
2026-09-26,KTW,BUD,2027-08-23,,,unavailable
2026-09-26,KTW,BUD,2027-08-24,,,unavailable
2026-09-26,KTW,BUD,2027-08-25,,,unavailable
2026-09-26,KTW,BUD,2027-08-26,,,unavailable
2026-09-26,KTW,BUD,2027-08-27,,,unavailable
2026-09-26,KTW,BUD,2027-08-28,,,unavailable
2026-09-26,KTW,BUD,2027-08-29,,,unavailable
2026-09-26,KTW,BUD,2027-08-30,,,unavailable
2026-09-26,KTW,BUD,2027-08-31,,,unavailable
2026-09-26,BUD,KTW,2026-09-26,,,unavailable
2026-09-26,BUD,KTW,2026-09-27,,,unavailable
2026-09-26,BUD,KTW,2026-09-28,05:45,65.00,ok
2026-09-26,BUD,KTW,2026-09-29,,,unavailable
2026-09-26,BUD,KTW,2026-09-30,,,unavailable
2026-09-26,BUD,KTW,2026-10-01,,,unavailable
2026-09-26,BUD,KTW,2026-10-02,06:20,65.00,ok
2026-09-26,BUD,KTW,2026-10-03,,,unavailable
2026-09-26,BUD,KTW,2026-10-04,,,unavailable
2026-09-26,BUD,KTW,2026-10-05,05:45,65.00,ok
2026-09-26,BUD,KTW,2026-10-06,,,unavailable
2026-09-26,BUD,KTW,2026-10-07,,,unavailable
2026-09-26,BUD,KTW,2026-10-08,,,unavailable
2026-09-26,BUD,KTW,2026-10-09,06:20,65.00,ok
2026-09-26,BUD,KTW,2026-10-10,,,unavailable
2026-09-26,BUD,KTW,2026-10-11,,,unavailable
2026-09-26,BUD,KTW,2026-10-12,05:45,65.00,ok
2026-09-26,BUD,KTW,2026-10-13,,,unavailable
2026-09-26,BUD,KTW,2026-10-14,,,unavailable
2026-09-26,BUD,KTW,2026-10-15,,,unavailable
2026-09-26,BUD,KTW,2026-10-16,06:20,65.00,ok
2026-09-26,BUD,KTW,2026-10-17,,,unavailable
2026-09-26,BUD,KTW,2026-10-18,,,unavailable
2026-09-26,BUD,KTW,2026-10-19,05:45,65.00,ok
2026-09-26,BUD,KTW,2026-10-20,,,unavailable
2026-09-26,BUD,KTW,2026-10-21,,,unavailable
2026-09-26,BUD,KTW,2026-10-22,,,unavailable
2026-09-26,BUD,KTW,2026-10-23,06:20,106.06,ok
2026-09-26,BUD,KTW,2026-10-24,,,unavailable
2026-09-26,BUD,KTW,2026-10-25,,,unavailable
2026-09-26,BUD,KTW,2026-10-26,,,unavailable
2026-09-26,BUD,KTW,2026-10-27,,,unavailable
2026-09-26,BUD,KTW,2026-10-28,,,unavailable
2026-09-26,BUD,KTW,2026-10-29,,,unavailable
2026-09-26,BUD,KTW,2026-10-30,,,unavailable
2026-09-26,BUD,KTW,2026-10-31,,,unavailable
2026-09-26,BUD,KTW,2026-11-01,,,unavailable
2026-09-26,BUD,KTW,2026-11-02,,,unavailable
2026-09-26,BUD,KTW,2026-11-03,,,unavailable
2026-09-26,BUD,KTW,2026-11-04,,,unavailable
2026-09-26,BUD,KTW,2026-11-05,,,unavailable
2026-09-26,BUD,KTW,2026-11-06,,,unavailable
2026-09-26,BUD,KTW,2026-11-07,,,unavailable
2026-09-26,BUD,KTW,2026-11-08,,,unavailable
2026-09-26,BUD,KTW,2026-11-09,,,unavailable
2026-09-26,BUD,KTW,2026-11-10,,,unavailable
2026-09-26,BUD,KTW,2026-11-11,,,unavailable
2026-09-26,BUD,KTW,2026-11-12,,,unavailable
2026-09-26,BUD,KTW,2026-11-13,,,unavailable
2026-09-26,BUD,KTW,2026-11-14,,,unavailable
2026-09-26,BUD,KTW,2026-11-15,,,unavailable
2026-09-26,BUD,KTW,2026-11-16,,,unavailable
2026-09-26,BUD,KTW,2026-11-17,,,unavailable
2026-09-26,BUD,KTW,2026-11-18,,,unavailable
2026-09-26,BUD,KTW,2026-11-19,,,unavailable
2026-09-26,BUD,KTW,2026-11-20,,,unavailable
2026-09-26,BUD,KTW,2026-11-21,,,unavailable
2026-09-26,BUD,KTW,2026-11-22,,,unavailable
2026-09-26,BUD,KTW,2026-11-23,,,unavailable
2026-09-26,BUD,KTW,2026-11-24,,,unavailable
2026-09-26,BUD,KTW,2026-11-25,,,unavailable
2026-09-26,BUD,KTW,2026-11-26,,,unavailable
2026-09-26,BUD,KTW,2026-11-27,,,unavailable
2026-09-26,BUD,KTW,2026-11-28,,,unavailable
2026-09-26,BUD,KTW,2026-11-29,,,unavailable
2026-09-26,BUD,KTW,2026-11-30,,,unavailable
2026-09-26,BUD,KTW,2026-12-01,,,unavailable
2026-09-26,BUD,KTW,2026-12-02,,,unavailable
2026-09-26,BUD,KTW,2026-12-03,,,unavailable
2026-09-26,BUD,KTW,2026-12-04,,,unavailable
2026-09-26,BUD,KTW,2026-12-05,,,unavailable
2026-09-26,BUD,KTW,2026-12-06,,,unavailable
2026-09-26,BUD,KTW,2026-12-07,,,unavailable
2026-09-26,BUD,KTW,2026-12-08,,,unavailable
2026-09-26,BUD,KTW,2026-12-09,,,unavailable
2026-09-26,BUD,KTW,2026-12-10,,,unavailable
2026-09-26,BUD,KTW,2026-12-11,,,unavailable
2026-09-26,BUD,KTW,2026-12-12,,,unavailable
2026-09-26,BUD,KTW,2026-12-13,,,unavailable
2026-09-26,BUD,KTW,2026-12-14,,,unavailable
2026-09-26,BUD,KTW,2026-12-15,,,unavailable
2026-09-26,BUD,KTW,2026-12-16,,,unavailable
2026-09-26,BUD,KTW,2026-12-17,,,unavailable
2026-09-26,BUD,KTW,2026-12-18,,,unavailable
2026-09-26,BUD,KTW,2026-12-19,,,unavailable
2026-09-26,BUD,KTW,2026-12-20,,,unavailable
2026-09-26,BUD,KTW,2026-12-21,,,unavailable
2026-09-26,BUD,KTW,2026-12-22,,,unavailable
2026-09-26,BUD,KTW,2026-12-23,,,unavailable
2026-09-26,BUD,KTW,2026-12-24,,,unavailable
2026-09-26,BUD,KTW,2026-12-25,,,unavailable
2026-09-26,BUD,KTW,2026-12-26,,,unavailable
2026-09-26,BUD,KTW,2026-12-27,,,unavailable
2026-09-26,BUD,KTW,2026-12-28,,,unavailable
2026-09-26,BUD,KTW,2026-12-29,,,unavailable
2026-09-26,BUD,KTW,2026-12-30,,,unavailable
2026-09-26,BUD,KTW,2026-12-31,,,unavailable
2026-09-26,BUD,KTW,2027-01-01,,,unavailable
2026-09-26,BUD,KTW,2027-01-02,,,unavailable
2026-09-26,BUD,KTW,2027-01-03,,,unavailable
2026-09-26,BUD,KTW,2027-01-04,,,unavailable
2026-09-26,BUD,KTW,2027-01-05,,,unavailable
2026-09-26,BUD,KTW,2027-01-06,,,unavailable
2026-09-26,BUD,KTW,2027-01-07,,,unavailable
2026-09-26,BUD,KTW,2027-01-08,,,unavailable
2026-09-26,BUD,KTW,2027-01-09,,,unavailable
2026-09-26,BUD,KTW,2027-01-10,,,unavailable
2026-09-26,BUD,KTW,2027-01-11,,,unavailable
2026-09-26,BUD,KTW,2027-01-12,,,unavailable
2026-09-26,BUD,KTW,2027-01-13,,,unavailable
2026-09-26,BUD,KTW,2027-01-14,,,unavailable
2026-09-26,BUD,KTW,2027-01-15,,,unavailable
2026-09-26,BUD,KTW,2027-01-16,,,unavailable
2026-09-26,BUD,KTW,2027-01-17,,,unavailable
2026-09-26,BUD,KTW,2027-01-18,,,unavailable
2026-09-26,BUD,KTW,2027-01-19,,,unavailable
2026-09-26,BUD,KTW,2027-01-20,,,unavailable
2026-09-26,BUD,KTW,2027-01-21,,,unavailable
2026-09-26,BUD,KTW,2027-01-22,,,unavailable
2026-09-26,BUD,KTW,2027-01-23,,,unavailable
2026-09-26,BUD,KTW,2027-01-24,,,unavailable
2026-09-26,BUD,KTW,2027-01-25,,,unavailable
2026-09-26,BUD,KTW,2027-01-26,,,unavailable
2026-09-26,BUD,KTW,2027-01-27,,,unavailable
2026-09-26,BUD,KTW,2027-01-28,,,unavailable
2026-09-26,BUD,KTW,2027-01-29,,,unavailable
2026-09-26,BUD,KTW,2027-01-30,,,unavailable
2026-09-26,BUD,KTW,2027-01-31,,,unavailable
2026-09-26,BUD,KTW,2027-02-01,,,unavailable
2026-09-26,BUD,KTW,2027-02-02,,,unavailable
2026-09-26,BUD,KTW,2027-02-03,,,unavailable
2026-09-26,BUD,KTW,2027-02-04,,,unavailable
2026-09-26,BUD,KTW,2027-02-05,,,unavailable
2026-09-26,BUD,KTW,2027-02-06,,,unavailable
2026-09-26,BUD,KTW,2027-02-07,,,unavailable
2026-09-26,BUD,KTW,2027-02-08,,,unavailable
2026-09-26,BUD,KTW,2027-02-09,,,unavailable
2026-09-26,BUD,KTW,2027-02-10,,,unavailable
2026-09-26,BUD,KTW,2027-02-11,,,unavailable
2026-09-26,BUD,KTW,2027-02-12,,,unavailable
2026-09-26,BUD,KTW,2027-02-13,,,unavailable
2026-09-26,BUD,KTW,2027-02-14,,,unavailable
2026-09-26,BUD,KTW,2027-02-15,,,unavailable
2026-09-26,BUD,KTW,2027-02-16,,,unavailable
2026-09-26,BUD,KTW,2027-02-17,,,unavailable
2026-09-26,BUD,KTW,2027-02-18,,,unavailable
2026-09-26,BUD,KTW,2027-02-19,,,unavailable
2026-09-26,BUD,KTW,2027-02-20,,,unavailable
2026-09-26,BUD,KTW,2027-02-21,,,unavailable
2026-09-26,BUD,KTW,2027-02-22,,,unavailable
2026-09-26,BUD,KTW,2027-02-23,,,unavailable
2026-09-26,BUD,KTW,2027-02-24,,,unavailable
2026-09-26,BUD,KTW,2027-02-25,,,unavailable
2026-09-26,BUD,KTW,2027-02-26,,,unavailable
2026-09-26,BUD,KTW,2027-02-27,,,unavailable
2026-09-26,BUD,KTW,2027-02-28,,,unavailable
2026-09-26,BUD,KTW,2027-03-01,,,unavailable
2026-09-26,BUD,KTW,2027-03-02,,,unavailable
2026-09-26,BUD,KTW,2027-03-03,,,unavailable
2026-09-26,BUD,KTW,2027-03-04,,,unavailable
2026-09-26,BUD,KTW,2027-03-05,,,unavailable
2026-09-26,BUD,KTW,2027-03-06,,,unavailable
2026-09-26,BUD,KTW,2027-03-07,,,unavailable
2026-09-26,BUD,KTW,2027-03-08,,,unavailable
2026-09-26,BUD,KTW,2027-03-09,,,unavailable
2026-09-26,BUD,KTW,2027-03-10,,,unavailable
2026-09-26,BUD,KTW,2027-03-11,,,unavailable
2026-09-26,BUD,KTW,2027-03-12,,,unavailable
2026-09-26,BUD,KTW,2027-03-13,,,unavailable
2026-09-26,BUD,KTW,2027-03-14,,,unavailable
2026-09-26,BUD,KTW,2027-03-15,,,unavailable
2026-09-26,BUD,KTW,2027-03-16,,,unavailable
2026-09-26,BUD,KTW,2027-03-17,,,unavailable
2026-09-26,BUD,KTW,2027-03-18,,,unavailable
2026-09-26,BUD,KTW,2027-03-19,,,unavailable
2026-09-26,BUD,KTW,2027-03-20,,,unavailable
2026-09-26,BUD,KTW,2027-03-21,,,unavailable
2026-09-26,BUD,KTW,2027-03-22,,,unavailable
2026-09-26,BUD,KTW,2027-03-23,,,unavailable
2026-09-26,BUD,KTW,2027-03-24,,,unavailable
2026-09-26,BUD,KTW,2027-03-25,,,unavailable
2026-09-26,BUD,KTW,2027-03-26,,,unavailable
2026-09-26,BUD,KTW,2027-03-27,,,unavailable
2026-09-26,BUD,KTW,2027-03-28,,,unavailable
2026-09-26,BUD,KTW,2027-03-29,,,unavailable
2026-09-26,BUD,KTW,2027-03-30,,,unavailable
2026-09-26,BUD,KTW,2027-03-31,,,unavailable
2026-09-26,BUD,KTW,2027-04-01,,,unavailable
2026-09-26,BUD,KTW,2027-04-02,,,unavailable
2026-09-26,BUD,KTW,2027-04-03,,,unavailable
2026-09-26,BUD,KTW,2027-04-04,,,unavailable
2026-09-26,BUD,KTW,2027-04-05,,,unavailable
2026-09-26,BUD,KTW,2027-04-06,,,unavailable
2026-09-26,BUD,KTW,2027-04-07,,,unavailable
2026-09-26,BUD,KTW,2027-04-08,,,unavailable
2026-09-26,BUD,KTW,2027-04-09,,,unavailable
2026-09-26,BUD,KTW,2027-04-10,,,unavailable
2026-09-26,BUD,KTW,2027-04-11,,,unavailable
2026-09-26,BUD,KTW,2027-04-12,,,unavailable
2026-09-26,BUD,KTW,2027-04-13,,,unavailable
2026-09-26,BUD,KTW,2027-04-14,,,unavailable
2026-09-26,BUD,KTW,2027-04-15,,,unavailable
2026-09-26,BUD,KTW,2027-04-16,,,unavailable
2026-09-26,BUD,KTW,2027-04-17,,,unavailable
2026-09-26,BUD,KTW,2027-04-18,,,unavailable
2026-09-26,BUD,KTW,2027-04-19,,,unavailable
2026-09-26,BUD,KTW,2027-04-20,,,unavailable
2026-09-26,BUD,KTW,2027-04-21,,,unavailable
2026-09-26,BUD,KTW,2027-04-22,,,unavailable
2026-09-26,BUD,KTW,2027-04-23,,,unavailable
2026-09-26,BUD,KTW,2027-04-24,,,unavailable
2026-09-26,BUD,KTW,2027-04-25,,,unavailable
2026-09-26,BUD,KTW,2027-04-26,,,unavailable
2026-09-26,BUD,KTW,2027-04-27,,,unavailable
2026-09-26,BUD,KTW,2027-04-28,,,unavailable
2026-09-26,BUD,KTW,2027-04-29,,,unavailable
2026-09-26,BUD,KTW,2027-04-30,,,unavailable
2026-09-26,BUD,KTW,2027-05-01,,,unavailable
2026-09-26,BUD,KTW,2027-05-02,,,unavailable
2026-09-26,BUD,KTW,2027-05-03,,,unavailable
2026-09-26,BUD,KTW,2027-05-04,,,unavailable
2026-09-26,BUD,KTW,2027-05-05,,,unavailable
2026-09-26,BUD,KTW,2027-05-06,,,unavailable
2026-09-26,BUD,KTW,2027-05-07,,,unavailable
2026-09-26,BUD,KTW,2027-05-08,,,unavailable
2026-09-26,BUD,KTW,2027-05-09,,,unavailable
2026-09-26,BUD,KTW,2027-05-10,,,unavailable
2026-09-26,BUD,KTW,2027-05-11,,,unavailable
2026-09-26,BUD,KTW,2027-05-12,,,unavailable
2026-09-26,BUD,KTW,2027-05-13,,,unavailable
2026-09-26,BUD,KTW,2027-05-14,,,unavailable
2026-09-26,BUD,KTW,2027-05-15,,,unavailable
2026-09-26,BUD,KTW,2027-05-16,,,unavailable
2026-09-26,BUD,KTW,2027-05-17,,,unavailable
2026-09-26,BUD,KTW,2027-05-18,,,unavailable
2026-09-26,BUD,KTW,2027-05-19,,,unavailable
2026-09-26,BUD,KTW,2027-05-20,,,unavailable
2026-09-26,BUD,KTW,2027-05-21,,,unavailable
2026-09-26,BUD,KTW,2027-05-22,,,unavailable
2026-09-26,BUD,KTW,2027-05-23,,,unavailable
2026-09-26,BUD,KTW,2027-05-24,,,unavailable
2026-09-26,BUD,KTW,2027-05-25,,,unavailable
2026-09-26,BUD,KTW,2027-05-26,,,unavailable
2026-09-26,BUD,KTW,2027-05-27,,,unavailable
2026-09-26,BUD,KTW,2027-05-28,,,unavailable
2026-09-26,BUD,KTW,2027-05-29,,,unavailable
2026-09-26,BUD,KTW,2027-05-30,,,unavailable
2026-09-26,BUD,KTW,2027-05-31,,,unavailable
2026-09-26,BUD,KTW,2027-06-01,,,unavailable
2026-09-26,BUD,KTW,2027-06-02,,,unavailable
2026-09-26,BUD,KTW,2027-06-03,,,unavailable
2026-09-26,BUD,KTW,2027-06-04,,,unavailable
2026-09-26,BUD,KTW,2027-06-05,,,unavailable
2026-09-26,BUD,KTW,2027-06-06,,,unavailable
2026-09-26,BUD,KTW,2027-06-07,,,unavailable
2026-09-26,BUD,KTW,2027-06-08,,,unavailable
2026-09-26,BUD,KTW,2027-06-09,,,unavailable
2026-09-26,BUD,KTW,2027-06-10,,,unavailable
2026-09-26,BUD,KTW,2027-06-11,,,unavailable
2026-09-26,BUD,KTW,2027-06-12,,,unavailable
2026-09-26,BUD,KTW,2027-06-13,,,unavailable
2026-09-26,BUD,KTW,2027-06-14,,,unavailable
2026-09-26,BUD,KTW,2027-06-15,,,unavailable
2026-09-26,BUD,KTW,2027-06-16,,,unavailable
2026-09-26,BUD,KTW,2027-06-17,,,unavailable
2026-09-26,BUD,KTW,2027-06-18,,,unavailable
2026-09-26,BUD,KTW,2027-06-19,,,unavailable
2026-09-26,BUD,KTW,2027-06-20,,,unavailable
2026-09-26,BUD,KTW,2027-06-21,,,unavailable
2026-09-26,BUD,KTW,2027-06-22,,,unavailable
2026-09-26,BUD,KTW,2027-06-23,,,unavailable
2026-09-26,BUD,KTW,2027-06-24,,,unavailable
2026-09-26,BUD,KTW,2027-06-25,,,unavailable
2026-09-26,BUD,KTW,2027-06-26,,,unavailable
2026-09-26,BUD,KTW,2027-06-27,,,unavailable
2026-09-26,BUD,KTW,2027-06-28,,,unavailable
2026-09-26,BUD,KTW,2027-06-29,,,unavailable
2026-09-26,BUD,KTW,2027-06-30,,,unavailable
2026-09-26,BUD,KTW,2027-07-01,,,unavailable
2026-09-26,BUD,KTW,2027-07-02,,,unavailable
2026-09-26,BUD,KTW,2027-07-03,,,unavailable
2026-09-26,BUD,KTW,2027-07-04,,,unavailable
2026-09-26,BUD,KTW,2027-07-05,,,unavailable
2026-09-26,BUD,KTW,2027-07-06,,,unavailable
2026-09-26,BUD,KTW,2027-07-07,,,unavailable
2026-09-26,BUD,KTW,2027-07-08,,,unavailable
2026-09-26,BUD,KTW,2027-07-09,,,unavailable
2026-09-26,BUD,KTW,2027-07-10,,,unavailable
2026-09-26,BUD,KTW,2027-07-11,,,unavailable
2026-09-26,BUD,KTW,2027-07-12,,,unavailable
2026-09-26,BUD,KTW,2027-07-13,,,unavailable
2026-09-26,BUD,KTW,2027-07-14,,,unavailable
2026-09-26,BUD,KTW,2027-07-15,,,unavailable
2026-09-26,BUD,KTW,2027-07-16,,,unavailable
2026-09-26,BUD,KTW,2027-07-17,,,unavailable
2026-09-26,BUD,KTW,2027-07-18,,,unavailable
2026-09-26,BUD,KTW,2027-07-19,,,unavailable
2026-09-26,BUD,KTW,2027-07-20,,,unavailable
2026-09-26,BUD,KTW,2027-07-21,,,unavailable
2026-09-26,BUD,KTW,2027-07-22,,,unavailable
2026-09-26,BUD,KTW,2027-07-23,,,unavailable
2026-09-26,BUD,KTW,2027-07-24,,,unavailable
2026-09-26,BUD,KTW,2027-07-25,,,unavailable
2026-09-26,BUD,KTW,2027-07-26,,,unavailable
2026-09-26,BUD,KTW,2027-07-27,,,unavailable
2026-09-26,BUD,KTW,2027-07-28,,,unavailable
2026-09-26,BUD,KTW,2027-07-29,,,unavailable
2026-09-26,BUD,KTW,2027-07-30,,,unavailable
2026-09-26,BUD,KTW,2027-07-31,,,unavailable
2026-09-26,BUD,KTW,2027-08-01,,,unavailable
2026-09-26,BUD,KTW,2027-08-02,,,unavailable
2026-09-26,BUD,KTW,2027-08-03,,,unavailable
2026-09-26,BUD,KTW,2027-08-04,,,unavailable
2026-09-26,BUD,KTW,2027-08-05,,,unavailable
2026-09-26,BUD,KTW,2027-08-06,,,unavailable
2026-09-26,BUD,KTW,2027-08-07,,,unavailable
2026-09-26,BUD,KTW,2027-08-08,,,unavailable
2026-09-26,BUD,KTW,2027-08-09,,,unavailable
2026-09-26,BUD,KTW,2027-08-10,,,unavailable
2026-09-26,BUD,KTW,2027-08-11,,,unavailable
2026-09-26,BUD,KTW,2027-08-12,,,unavailable
2026-09-26,BUD,KTW,2027-08-13,,,unavailable
2026-09-26,BUD,KTW,2027-08-14,,,unavailable
2026-09-26,BUD,KTW,2027-08-15,,,unavailable
2026-09-26,BUD,KTW,2027-08-16,,,unavailable
2026-09-26,BUD,KTW,2027-08-17,,,unavailable
2026-09-26,BUD,KTW,2027-08-18,,,unavailable
2026-09-26,BUD,KTW,2027-08-19,,,unavailable
2026-09-26,BUD,KTW,2027-08-20,,,unavailable
2026-09-26,BUD,KTW,2027-08-21,,,unavailable
2026-09-26,BUD,KTW,2027-08-22,,,unavailable
2026-09-26,BUD,KTW,2027-08-23,,,unavailable
2026-09-26,BUD,KTW,2027-08-24,,,unavailable
2026-09-26,BUD,KTW,2027-08-25,,,unavailable
2026-09-26,BUD,KTW,2027-08-26,,,unavailable
2026-09-26,BUD,KTW,2027-08-27,,,unavailable
2026-09-26,BUD,KTW,2027-08-28,,,unavailable
2026-09-26,BUD,KTW,2027-08-29,,,unavailable
2026-09-26,BUD,KTW,2027-08-30,,,unavailable
2026-09-26,BUD,KTW,2027-08-31,,,unavailable
2026-09-26,KTW,CRL,2026-09-26,,,unavailable
2026-09-26,KTW,CRL,2026-09-27,09:30,941.69,ok
2026-09-26,KTW,CRL,2026-09-28,,,unavailable
2026-09-26,KTW,CRL,2026-09-29,,,unavailable
2026-09-26,KTW,CRL,2026-09-30,,,unavailable
2026-09-26,KTW,CRL,2026-10-01,09:55,65.00,ok
2026-09-26,KTW,CRL,2026-10-02,,,unavailable
2026-09-26,KTW,CRL,2026-10-03,,,unavailable
2026-09-26,KTW,CRL,2026-10-04,09:30,300.68,ok
2026-09-26,KTW,CRL,2026-10-05,,,unavailable
2026-09-26,KTW,CRL,2026-10-06,,,unavailable
2026-09-26,KTW,CRL,2026-10-07,,,unavailable
2026-09-26,KTW,CRL,2026-10-08,09:55,65.00,ok
2026-09-26,KTW,CRL,2026-10-09,,,unavailable
2026-09-26,KTW,CRL,2026-10-10,,,unavailable
2026-09-26,KTW,CRL,2026-10-11,09:30,65.00,ok
2026-09-26,KTW,CRL,2026-10-12,,,unavailable
2026-09-26,KTW,CRL,2026-10-13,,,unavailable
2026-09-26,KTW,CRL,2026-10-14,,,unavailable
2026-09-26,KTW,CRL,2026-10-15,09:55,65.00,ok
2026-09-26,KTW,CRL,2026-10-16,,,unavailable
2026-09-26,KTW,CRL,2026-10-17,,,unavailable
2026-09-26,KTW,CRL,2026-10-18,09:30,109.19,ok
2026-09-26,KTW,CRL,2026-10-19,,,unavailable
2026-09-26,KTW,CRL,2026-10-20,,,unavailable
2026-09-26,KTW,CRL,2026-10-21,,,unavailable
2026-09-26,KTW,CRL,2026-10-22,09:55,78.52,ok
2026-09-26,KTW,CRL,2026-10-23,,,unavailable
2026-09-26,KTW,CRL,2026-10-24,,,unavailable
2026-09-26,KTW,CRL,2026-10-25,,,unavailable
2026-09-26,KTW,CRL,2026-10-26,,,unavailable
2026-09-26,KTW,CRL,2026-10-27,,,unavailable
2026-09-26,KTW,CRL,2026-10-28,,,unavailable
2026-09-26,KTW,CRL,2026-10-29,,,unavailable
2026-09-26,KTW,CRL,2026-10-30,,,unavailable
2026-09-26,KTW,CRL,2026-10-31,,,unavailable
2026-09-26,KTW,CRL,2026-11-01,,,unavailable
2026-09-26,KTW,CRL,2026-11-02,,,unavailable
2026-09-26,KTW,CRL,2026-11-03,,,unavailable
2026-09-26,KTW,CRL,2026-11-04,,,unavailable
2026-09-26,KTW,CRL,2026-11-05,,,unavailable
2026-09-26,KTW,CRL,2026-11-06,,,unavailable
2026-09-26,KTW,CRL,2026-11-07,,,unavailable
2026-09-26,KTW,CRL,2026-11-08,,,unavailable
2026-09-26,KTW,CRL,2026-11-09,,,unavailable
2026-09-26,KTW,CRL,2026-11-10,,,unavailable
2026-09-26,KTW,CRL,2026-11-11,,,unavailable
2026-09-26,KTW,CRL,2026-11-12,,,unavailable
2026-09-26,KTW,CRL,2026-11-13,,,unavailable
2026-09-26,KTW,CRL,2026-11-14,,,unavailable
2026-09-26,KTW,CRL,2026-11-15,,,unavailable
2026-09-26,KTW,CRL,2026-11-16,,,unavailable
2026-09-26,KTW,CRL,2026-11-17,,,unavailable
2026-09-26,KTW,CRL,2026-11-18,,,unavailable
2026-09-26,KTW,CRL,2026-11-19,,,unavailable
2026-09-26,KTW,CRL,2026-11-20,,,unavailable
2026-09-26,KTW,CRL,2026-11-21,,,unavailable
2026-09-26,KTW,CRL,2026-11-22,,,unavailable
2026-09-26,KTW,CRL,2026-11-23,,,unavailable
2026-09-26,KTW,CRL,2026-11-24,,,unavailable
2026-09-26,KTW,CRL,2026-11-25,,,unavailable
2026-09-26,KTW,CRL,2026-11-26,,,unavailable
2026-09-26,KTW,CRL,2026-11-27,,,unavailable
2026-09-26,KTW,CRL,2026-11-28,,,unavailable
2026-09-26,KTW,CRL,2026-11-29,,,unavailable
2026-09-26,KTW,CRL,2026-11-30,,,unavailable
2026-09-26,KTW,CRL,2026-12-01,,,unavailable
2026-09-26,KTW,CRL,2026-12-02,,,unavailable
2026-09-26,KTW,CRL,2026-12-03,,,unavailable
2026-09-26,KTW,CRL,2026-12-04,,,unavailable
2026-09-26,KTW,CRL,2026-12-05,,,unavailable
2026-09-26,KTW,CRL,2026-12-06,,,unavailable
2026-09-26,KTW,CRL,2026-12-07,,,unavailable
2026-09-26,KTW,CRL,2026-12-08,,,unavailable
2026-09-26,KTW,CRL,2026-12-09,,,unavailable
2026-09-26,KTW,CRL,2026-12-10,,,unavailable
2026-09-26,KTW,CRL,2026-12-11,,,unavailable
2026-09-26,KTW,CRL,2026-12-12,,,unavailable
2026-09-26,KTW,CRL,2026-12-13,,,unavailable
2026-09-26,KTW,CRL,2026-12-14,,,unavailable
2026-09-26,KTW,CRL,2026-12-15,,,unavailable
2026-09-26,KTW,CRL,2026-12-16,,,unavailable
2026-09-26,KTW,CRL,2026-12-17,,,unavailable
2026-09-26,KTW,CRL,2026-12-18,,,unavailable
2026-09-26,KTW,CRL,2026-12-19,,,unavailable
2026-09-26,KTW,CRL,2026-12-20,,,unavailable
2026-09-26,KTW,CRL,2026-12-21,,,unavailable
2026-09-26,KTW,CRL,2026-12-22,,,unavailable
2026-09-26,KTW,CRL,2026-12-23,,,unavailable
2026-09-26,KTW,CRL,2026-12-24,,,unavailable
2026-09-26,KTW,CRL,2026-12-25,,,unavailable
2026-09-26,KTW,CRL,2026-12-26,,,unavailable
2026-09-26,KTW,CRL,2026-12-27,,,unavailable
2026-09-26,KTW,CRL,2026-12-28,,,unavailable
2026-09-26,KTW,CRL,2026-12-29,,,unavailable
2026-09-26,KTW,CRL,2026-12-30,,,unavailable
2026-09-26,KTW,CRL,2026-12-31,,,unavailable
2026-09-26,KTW,CRL,2027-01-01,,,unavailable
2026-09-26,KTW,CRL,2027-01-02,,,unavailable
2026-09-26,KTW,CRL,2027-01-03,,,unavailable
2026-09-26,KTW,CRL,2027-01-04,,,unavailable
2026-09-26,KTW,CRL,2027-01-05,,,unavailable
2026-09-26,KTW,CRL,2027-01-06,,,unavailable
2026-09-26,KTW,CRL,2027-01-07,,,unavailable
2026-09-26,KTW,CRL,2027-01-08,,,unavailable
2026-09-26,KTW,CRL,2027-01-09,,,unavailable
2026-09-26,KTW,CRL,2027-01-10,,,unavailable
2026-09-26,KTW,CRL,2027-01-11,,,unavailable
2026-09-26,KTW,CRL,2027-01-12,,,unavailable
2026-09-26,KTW,CRL,2027-01-13,,,unavailable
2026-09-26,KTW,CRL,2027-01-14,,,unavailable
2026-09-26,KTW,CRL,2027-01-15,,,unavailable
2026-09-26,KTW,CRL,2027-01-16,,,unavailable
2026-09-26,KTW,CRL,2027-01-17,,,unavailable
2026-09-26,KTW,CRL,2027-01-18,,,unavailable
2026-09-26,KTW,CRL,2027-01-19,,,unavailable
2026-09-26,KTW,CRL,2027-01-20,,,unavailable
2026-09-26,KTW,CRL,2027-01-21,,,unavailable
2026-09-26,KTW,CRL,2027-01-22,,,unavailable
2026-09-26,KTW,CRL,2027-01-23,,,unavailable
2026-09-26,KTW,CRL,2027-01-24,,,unavailable
2026-09-26,KTW,CRL,2027-01-25,,,unavailable
2026-09-26,KTW,CRL,2027-01-26,,,unavailable
2026-09-26,KTW,CRL,2027-01-27,,,unavailable
2026-09-26,KTW,CRL,2027-01-28,,,unavailable
2026-09-26,KTW,CRL,2027-01-29,,,unavailable
2026-09-26,KTW,CRL,2027-01-30,,,unavailable
2026-09-26,KTW,CRL,2027-01-31,,,unavailable
2026-09-26,KTW,CRL,2027-02-01,,,unavailable
2026-09-26,KTW,CRL,2027-02-02,,,unavailable
2026-09-26,KTW,CRL,2027-02-03,,,unavailable
2026-09-26,KTW,CRL,2027-02-04,,,unavailable
2026-09-26,KTW,CRL,2027-02-05,,,unavailable
2026-09-26,KTW,CRL,2027-02-06,,,unavailable
2026-09-26,KTW,CRL,2027-02-07,,,unavailable
2026-09-26,KTW,CRL,2027-02-08,,,unavailable
2026-09-26,KTW,CRL,2027-02-09,,,unavailable
2026-09-26,KTW,CRL,2027-02-10,,,unavailable
2026-09-26,KTW,CRL,2027-02-11,,,unavailable
2026-09-26,KTW,CRL,2027-02-12,,,unavailable
2026-09-26,KTW,CRL,2027-02-13,,,unavailable
2026-09-26,KTW,CRL,2027-02-14,,,unavailable
2026-09-26,KTW,CRL,2027-02-15,,,unavailable
2026-09-26,KTW,CRL,2027-02-16,,,unavailable
2026-09-26,KTW,CRL,2027-02-17,,,unavailable
2026-09-26,KTW,CRL,2027-02-18,,,unavailable
2026-09-26,KTW,CRL,2027-02-19,,,unavailable
2026-09-26,KTW,CRL,2027-02-20,,,unavailable
2026-09-26,KTW,CRL,2027-02-21,,,unavailable
2026-09-26,KTW,CRL,2027-02-22,,,unavailable
2026-09-26,KTW,CRL,2027-02-23,,,unavailable
2026-09-26,KTW,CRL,2027-02-24,,,unavailable
2026-09-26,KTW,CRL,2027-02-25,,,unavailable
2026-09-26,KTW,CRL,2027-02-26,,,unavailable
2026-09-26,KTW,CRL,2027-02-27,,,unavailable
2026-09-26,KTW,CRL,2027-02-28,,,unavailable
2026-09-26,KTW,CRL,2027-03-01,,,unavailable
2026-09-26,KTW,CRL,2027-03-02,,,unavailable
2026-09-26,KTW,CRL,2027-03-03,,,unavailable
2026-09-26,KTW,CRL,2027-03-04,,,unavailable
2026-09-26,KTW,CRL,2027-03-05,,,unavailable
2026-09-26,KTW,CRL,2027-03-06,,,unavailable
2026-09-26,KTW,CRL,2027-03-07,,,unavailable
2026-09-26,KTW,CRL,2027-03-08,,,unavailable
2026-09-26,KTW,CRL,2027-03-09,,,unavailable
2026-09-26,KTW,CRL,2027-03-10,,,unavailable
2026-09-26,KTW,CRL,2027-03-11,,,unavailable
2026-09-26,KTW,CRL,2027-03-12,,,unavailable
2026-09-26,KTW,CRL,2027-03-13,,,unavailable
2026-09-26,KTW,CRL,2027-03-14,,,unavailable
2026-09-26,KTW,CRL,2027-03-15,,,unavailable
2026-09-26,KTW,CRL,2027-03-16,,,unavailable
2026-09-26,KTW,CRL,2027-03-17,,,unavailable
2026-09-26,KTW,CRL,2027-03-18,,,unavailable
2026-09-26,KTW,CRL,2027-03-19,,,unavailable
2026-09-26,KTW,CRL,2027-03-20,,,unavailable
2026-09-26,KTW,CRL,2027-03-21,,,unavailable
2026-09-26,KTW,CRL,2027-03-22,,,unavailable
2026-09-26,KTW,CRL,2027-03-23,,,unavailable
2026-09-26,KTW,CRL,2027-03-24,,,unavailable
2026-09-26,KTW,CRL,2027-03-25,,,unavailable
2026-09-26,KTW,CRL,2027-03-26,,,unavailable
2026-09-26,KTW,CRL,2027-03-27,,,unavailable
2026-09-26,KTW,CRL,2027-03-28,,,unavailable
2026-09-26,KTW,CRL,2027-03-29,,,unavailable
2026-09-26,KTW,CRL,2027-03-30,,,unavailable
2026-09-26,KTW,CRL,2027-03-31,,,unavailable
2026-09-26,KTW,CRL,2027-04-01,,,unavailable
2026-09-26,KTW,CRL,2027-04-02,,,unavailable
2026-09-26,KTW,CRL,2027-04-03,,,unavailable
2026-09-26,KTW,CRL,2027-04-04,,,unavailable
2026-09-26,KTW,CRL,2027-04-05,,,unavailable
2026-09-26,KTW,CRL,2027-04-06,,,unavailable
2026-09-26,KTW,CRL,2027-04-07,,,unavailable
2026-09-26,KTW,CRL,2027-04-08,,,unavailable
2026-09-26,KTW,CRL,2027-04-09,,,unavailable
2026-09-26,KTW,CRL,2027-04-10,,,unavailable
2026-09-26,KTW,CRL,2027-04-11,,,unavailable
2026-09-26,KTW,CRL,2027-04-12,,,unavailable
2026-09-26,KTW,CRL,2027-04-13,,,unavailable
2026-09-26,KTW,CRL,2027-04-14,,,unavailable
2026-09-26,KTW,CRL,2027-04-15,,,unavailable
2026-09-26,KTW,CRL,2027-04-16,,,unavailable
2026-09-26,KTW,CRL,2027-04-17,,,unavailable
2026-09-26,KTW,CRL,2027-04-18,,,unavailable
2026-09-26,KTW,CRL,2027-04-19,,,unavailable
2026-09-26,KTW,CRL,2027-04-20,,,unavailable
2026-09-26,KTW,CRL,2027-04-21,,,unavailable
2026-09-26,KTW,CRL,2027-04-22,,,unavailable
2026-09-26,KTW,CRL,2027-04-23,,,unavailable
2026-09-26,KTW,CRL,2027-04-24,,,unavailable
2026-09-26,KTW,CRL,2027-04-25,,,unavailable
2026-09-26,KTW,CRL,2027-04-26,,,unavailable
2026-09-26,KTW,CRL,2027-04-27,,,unavailable
2026-09-26,KTW,CRL,2027-04-28,,,unavailable
2026-09-26,KTW,CRL,2027-04-29,,,unavailable
2026-09-26,KTW,CRL,2027-04-30,,,unavailable
2026-09-26,KTW,CRL,2027-05-01,,,unavailable
2026-09-26,KTW,CRL,2027-05-02,,,unavailable
2026-09-26,KTW,CRL,2027-05-03,,,unavailable
2026-09-26,KTW,CRL,2027-05-04,,,unavailable
2026-09-26,KTW,CRL,2027-05-05,,,unavailable
2026-09-26,KTW,CRL,2027-05-06,,,unavailable
2026-09-26,KTW,CRL,2027-05-07,,,unavailable
2026-09-26,KTW,CRL,2027-05-08,,,unavailable
2026-09-26,KTW,CRL,2027-05-09,,,unavailable
2026-09-26,KTW,CRL,2027-05-10,,,unavailable
2026-09-26,KTW,CRL,2027-05-11,,,unavailable
2026-09-26,KTW,CRL,2027-05-12,,,unavailable
2026-09-26,KTW,CRL,2027-05-13,,,unavailable
2026-09-26,KTW,CRL,2027-05-14,,,unavailable
2026-09-26,KTW,CRL,2027-05-15,,,unavailable
2026-09-26,KTW,CRL,2027-05-16,,,unavailable
2026-09-26,KTW,CRL,2027-05-17,,,unavailable
2026-09-26,KTW,CRL,2027-05-18,,,unavailable
2026-09-26,KTW,CRL,2027-05-19,,,unavailable
2026-09-26,KTW,CRL,2027-05-20,,,unavailable
2026-09-26,KTW,CRL,2027-05-21,,,unavailable
2026-09-26,KTW,CRL,2027-05-22,,,unavailable
2026-09-26,KTW,CRL,2027-05-23,,,unavailable
2026-09-26,KTW,CRL,2027-05-24,,,unavailable
2026-09-26,KTW,CRL,2027-05-25,,,unavailable
2026-09-26,KTW,CRL,2027-05-26,,,unavailable
2026-09-26,KTW,CRL,2027-05-27,,,unavailable
2026-09-26,KTW,CRL,2027-05-28,,,unavailable
2026-09-26,KTW,CRL,2027-05-29,,,unavailable
2026-09-26,KTW,CRL,2027-05-30,,,unavailable
2026-09-26,KTW,CRL,2027-05-31,,,unavailable
2026-09-26,KTW,CRL,2027-06-01,,,unavailable
2026-09-26,KTW,CRL,2027-06-02,,,unavailable
2026-09-26,KTW,CRL,2027-06-03,,,unavailable
2026-09-26,KTW,CRL,2027-06-04,,,unavailable
2026-09-26,KTW,CRL,2027-06-05,,,unavailable
2026-09-26,KTW,CRL,2027-06-06,,,unavailable
2026-09-26,KTW,CRL,2027-06-07,,,unavailable
2026-09-26,KTW,CRL,2027-06-08,,,unavailable
2026-09-26,KTW,CRL,2027-06-09,,,unavailable
2026-09-26,KTW,CRL,2027-06-10,,,unavailable
2026-09-26,KTW,CRL,2027-06-11,,,unavailable
2026-09-26,KTW,CRL,2027-06-12,,,unavailable
2026-09-26,KTW,CRL,2027-06-13,,,unavailable
2026-09-26,KTW,CRL,2027-06-14,,,unavailable
2026-09-26,KTW,CRL,2027-06-15,,,unavailable
2026-09-26,KTW,CRL,2027-06-16,,,unavailable
2026-09-26,KTW,CRL,2027-06-17,,,unavailable
2026-09-26,KTW,CRL,2027-06-18,,,unavailable
2026-09-26,KTW,CRL,2027-06-19,,,unavailable
2026-09-26,KTW,CRL,2027-06-20,,,unavailable
2026-09-26,KTW,CRL,2027-06-21,,,unavailable
2026-09-26,KTW,CRL,2027-06-22,,,unavailable
2026-09-26,KTW,CRL,2027-06-23,,,unavailable
2026-09-26,KTW,CRL,2027-06-24,,,unavailable
2026-09-26,KTW,CRL,2027-06-25,,,unavailable
2026-09-26,KTW,CRL,2027-06-26,,,unavailable
2026-09-26,KTW,CRL,2027-06-27,,,unavailable
2026-09-26,KTW,CRL,2027-06-28,,,unavailable
2026-09-26,KTW,CRL,2027-06-29,,,unavailable
2026-09-26,KTW,CRL,2027-06-30,,,unavailable
2026-09-26,KTW,CRL,2027-07-01,,,unavailable
2026-09-26,KTW,CRL,2027-07-02,,,unavailable
2026-09-26,KTW,CRL,2027-07-03,,,unavailable
2026-09-26,KTW,CRL,2027-07-04,,,unavailable
2026-09-26,KTW,CRL,2027-07-05,,,unavailable
2026-09-26,KTW,CRL,2027-07-06,,,unavailable
2026-09-26,KTW,CRL,2027-07-07,,,unavailable
2026-09-26,KTW,CRL,2027-07-08,,,unavailable
2026-09-26,KTW,CRL,2027-07-09,,,unavailable
2026-09-26,KTW,CRL,2027-07-10,,,unavailable
2026-09-26,KTW,CRL,2027-07-11,,,unavailable
2026-09-26,KTW,CRL,2027-07-12,,,unavailable
2026-09-26,KTW,CRL,2027-07-13,,,unavailable
2026-09-26,KTW,CRL,2027-07-14,,,unavailable
2026-09-26,KTW,CRL,2027-07-15,,,unavailable
2026-09-26,KTW,CRL,2027-07-16,,,unavailable
2026-09-26,KTW,CRL,2027-07-17,,,unavailable
2026-09-26,KTW,CRL,2027-07-18,,,unavailable
2026-09-26,KTW,CRL,2027-07-19,,,unavailable
2026-09-26,KTW,CRL,2027-07-20,,,unavailable
2026-09-26,KTW,CRL,2027-07-21,,,unavailable
2026-09-26,KTW,CRL,2027-07-22,,,unavailable
2026-09-26,KTW,CRL,2027-07-23,,,unavailable
2026-09-26,KTW,CRL,2027-07-24,,,unavailable
2026-09-26,KTW,CRL,2027-07-25,,,unavailable
2026-09-26,KTW,CRL,2027-07-26,,,unavailable
2026-09-26,KTW,CRL,2027-07-27,,,unavailable
2026-09-26,KTW,CRL,2027-07-28,,,unavailable
2026-09-26,KTW,CRL,2027-07-29,,,unavailable
2026-09-26,KTW,CRL,2027-07-30,,,unavailable
2026-09-26,KTW,CRL,2027-07-31,,,unavailable
2026-09-26,KTW,CRL,2027-08-01,,,unavailable
2026-09-26,KTW,CRL,2027-08-02,,,unavailable
2026-09-26,KTW,CRL,2027-08-03,,,unavailable
2026-09-26,KTW,CRL,2027-08-04,,,unavailable
2026-09-26,KTW,CRL,2027-08-05,,,unavailable
2026-09-26,KTW,CRL,2027-08-06,,,unavailable
2026-09-26,KTW,CRL,2027-08-07,,,unavailable
2026-09-26,KTW,CRL,2027-08-08,,,unavailable
2026-09-26,KTW,CRL,2027-08-09,,,unavailable
2026-09-26,KTW,CRL,2027-08-10,,,unavailable
2026-09-26,KTW,CRL,2027-08-11,,,unavailable
2026-09-26,KTW,CRL,2027-08-12,,,unavailable
2026-09-26,KTW,CRL,2027-08-13,,,unavailable
2026-09-26,KTW,CRL,2027-08-14,,,unavailable
2026-09-26,KTW,CRL,2027-08-15,,,unavailable
2026-09-26,KTW,CRL,2027-08-16,,,unavailable
2026-09-26,KTW,CRL,2027-08-17,,,unavailable
2026-09-26,KTW,CRL,2027-08-18,,,unavailable
2026-09-26,KTW,CRL,2027-08-19,,,unavailable
2026-09-26,KTW,CRL,2027-08-20,,,unavailable
2026-09-26,KTW,CRL,2027-08-21,,,unavailable
2026-09-26,KTW,CRL,2027-08-22,,,unavailable
2026-09-26,KTW,CRL,2027-08-23,,,unavailable
2026-09-26,KTW,CRL,2027-08-24,,,unavailable
2026-09-26,KTW,CRL,2027-08-25,,,unavailable
2026-09-26,KTW,CRL,2027-08-26,,,unavailable
2026-09-26,KTW,CRL,2027-08-27,,,unavailable
2026-09-26,KTW,CRL,2027-08-28,,,unavailable
2026-09-26,KTW,CRL,2027-08-29,,,unavailable
2026-09-26,KTW,CRL,2027-08-30,,,unavailable
2026-09-26,KTW,CRL,2027-08-31,,,unavailable
2026-09-26,CRL,KTW,2026-09-26,,,unavailable
2026-09-26,CRL,KTW,2026-09-27,07:10,77.73,ok
2026-09-26,CRL,KTW,2026-09-28,,,unavailable
2026-09-26,CRL,KTW,2026-09-29,,,unavailable
2026-09-26,CRL,KTW,2026-09-30,,,unavailable
2026-09-26,CRL,KTW,2026-10-01,07:40,65.00,ok
2026-09-26,CRL,KTW,2026-10-02,,,unavailable
2026-09-26,CRL,KTW,2026-10-03,,,unavailable
2026-09-26,CRL,KTW,2026-10-04,07:10,65.00,ok
2026-09-26,CRL,KTW,2026-10-05,,,unavailable
2026-09-26,CRL,KTW,2026-10-06,,,unavailable
2026-09-26,CRL,KTW,2026-10-07,,,unavailable
2026-09-26,CRL,KTW,2026-10-08,07:40,79.05,ok
2026-09-26,CRL,KTW,2026-10-09,,,unavailable
2026-09-26,CRL,KTW,2026-10-10,,,unavailable
2026-09-26,CRL,KTW,2026-10-11,07:10,65.00,ok
2026-09-26,CRL,KTW,2026-10-12,,,unavailable
2026-09-26,CRL,KTW,2026-10-13,,,unavailable
2026-09-26,CRL,KTW,2026-10-14,,,unavailable
2026-09-26,CRL,KTW,2026-10-15,07:40,81.37,ok
2026-09-26,CRL,KTW,2026-10-16,,,unavailable
2026-09-26,CRL,KTW,2026-10-17,,,unavailable
2026-09-26,CRL,KTW,2026-10-18,07:10,183.00,ok
2026-09-26,CRL,KTW,2026-10-19,,,unavailable
2026-09-26,CRL,KTW,2026-10-20,,,unavailable
2026-09-26,CRL,KTW,2026-10-21,,,unavailable
2026-09-26,CRL,KTW,2026-10-22,07:40,65.00,ok
2026-09-26,CRL,KTW,2026-10-23,,,unavailable
2026-09-26,CRL,KTW,2026-10-24,,,unavailable
2026-09-26,CRL,KTW,2026-10-25,,,unavailable
2026-09-26,CRL,KTW,2026-10-26,,,unavailable
2026-09-26,CRL,KTW,2026-10-27,,,unavailable
2026-09-26,CRL,KTW,2026-10-28,,,unavailable
2026-09-26,CRL,KTW,2026-10-29,,,unavailable
2026-09-26,CRL,KTW,2026-10-30,,,unavailable
2026-09-26,CRL,KTW,2026-10-31,,,unavailable
2026-09-26,CRL,KTW,2026-11-01,,,unavailable
2026-09-26,CRL,KTW,2026-11-02,,,unavailable
2026-09-26,CRL,KTW,2026-11-03,,,unavailable
2026-09-26,CRL,KTW,2026-11-04,,,unavailable
2026-09-26,CRL,KTW,2026-11-05,,,unavailable
2026-09-26,CRL,KTW,2026-11-06,,,unavailable
2026-09-26,CRL,KTW,2026-11-07,,,unavailable
2026-09-26,CRL,KTW,2026-11-08,,,unavailable
2026-09-26,CRL,KTW,2026-11-09,,,unavailable
2026-09-26,CRL,KTW,2026-11-10,,,unavailable
2026-09-26,CRL,KTW,2026-11-11,,,unavailable
2026-09-26,CRL,KTW,2026-11-12,,,unavailable
2026-09-26,CRL,KTW,2026-11-13,,,unavailable
2026-09-26,CRL,KTW,2026-11-14,,,unavailable
2026-09-26,CRL,KTW,2026-11-15,,,unavailable
2026-09-26,CRL,KTW,2026-11-16,,,unavailable
2026-09-26,CRL,KTW,2026-11-17,,,unavailable
2026-09-26,CRL,KTW,2026-11-18,,,unavailable
2026-09-26,CRL,KTW,2026-11-19,,,unavailable
2026-09-26,CRL,KTW,2026-11-20,,,unavailable
2026-09-26,CRL,KTW,2026-11-21,,,unavailable
2026-09-26,CRL,KTW,2026-11-22,,,unavailable
2026-09-26,CRL,KTW,2026-11-23,,,unavailable
2026-09-26,CRL,KTW,2026-11-24,,,unavailable
2026-09-26,CRL,KTW,2026-11-25,,,unavailable
2026-09-26,CRL,KTW,2026-11-26,,,unavailable
2026-09-26,CRL,KTW,2026-11-27,,,unavailable
2026-09-26,CRL,KTW,2026-11-28,,,unavailable
2026-09-26,CRL,KTW,2026-11-29,,,unavailable
2026-09-26,CRL,KTW,2026-11-30,,,unavailable
2026-09-26,CRL,KTW,2026-12-01,,,unavailable
2026-09-26,CRL,KTW,2026-12-02,,,unavailable
2026-09-26,CRL,KTW,2026-12-03,,,unavailable
2026-09-26,CRL,KTW,2026-12-04,,,unavailable
2026-09-26,CRL,KTW,2026-12-05,,,unavailable
2026-09-26,CRL,KTW,2026-12-06,,,unavailable
2026-09-26,CRL,KTW,2026-12-07,,,unavailable
2026-09-26,CRL,KTW,2026-12-08,,,unavailable
2026-09-26,CRL,KTW,2026-12-09,,,unavailable
2026-09-26,CRL,KTW,2026-12-10,,,unavailable
2026-09-26,CRL,KTW,2026-12-11,,,unavailable
2026-09-26,CRL,KTW,2026-12-12,,,unavailable
2026-09-26,CRL,KTW,2026-12-13,,,unavailable
2026-09-26,CRL,KTW,2026-12-14,,,unavailable
2026-09-26,CRL,KTW,2026-12-15,,,unavailable
2026-09-26,CRL,KTW,2026-12-16,,,unavailable
2026-09-26,CRL,KTW,2026-12-17,,,unavailable
2026-09-26,CRL,KTW,2026-12-18,,,unavailable
2026-09-26,CRL,KTW,2026-12-19,,,unavailable
2026-09-26,CRL,KTW,2026-12-20,,,unavailable
2026-09-26,CRL,KTW,2026-12-21,,,unavailable
2026-09-26,CRL,KTW,2026-12-22,,,unavailable
2026-09-26,CRL,KTW,2026-12-23,,,unavailable
2026-09-26,CRL,KTW,2026-12-24,,,unavailable
2026-09-26,CRL,KTW,2026-12-25,,,unavailable
2026-09-26,CRL,KTW,2026-12-26,,,unavailable
2026-09-26,CRL,KTW,2026-12-27,,,unavailable
2026-09-26,CRL,KTW,2026-12-28,,,unavailable
2026-09-26,CRL,KTW,2026-12-29,,,unavailable
2026-09-26,CRL,KTW,2026-12-30,,,unavailable
2026-09-26,CRL,KTW,2026-12-31,,,unavailable
2026-09-26,CRL,KTW,2027-01-01,,,unavailable
2026-09-26,CRL,KTW,2027-01-02,,,unavailable
2026-09-26,CRL,KTW,2027-01-03,,,unavailable
2026-09-26,CRL,KTW,2027-01-04,,,unavailable
2026-09-26,CRL,KTW,2027-01-05,,,unavailable
2026-09-26,CRL,KTW,2027-01-06,,,unavailable
2026-09-26,CRL,KTW,2027-01-07,,,unavailable
2026-09-26,CRL,KTW,2027-01-08,,,unavailable
2026-09-26,CRL,KTW,2027-01-09,,,unavailable
2026-09-26,CRL,KTW,2027-01-10,,,unavailable
2026-09-26,CRL,KTW,2027-01-11,,,unavailable
2026-09-26,CRL,KTW,2027-01-12,,,unavailable
2026-09-26,CRL,KTW,2027-01-13,,,unavailable
2026-09-26,CRL,KTW,2027-01-14,,,unavailable
2026-09-26,CRL,KTW,2027-01-15,,,unavailable
2026-09-26,CRL,KTW,2027-01-16,,,unavailable
2026-09-26,CRL,KTW,2027-01-17,,,unavailable
2026-09-26,CRL,KTW,2027-01-18,,,unavailable
2026-09-26,CRL,KTW,2027-01-19,,,unavailable
2026-09-26,CRL,KTW,2027-01-20,,,unavailable
2026-09-26,CRL,KTW,2027-01-21,,,unavailable
2026-09-26,CRL,KTW,2027-01-22,,,unavailable
2026-09-26,CRL,KTW,2027-01-23,,,unavailable
2026-09-26,CRL,KTW,2027-01-24,,,unavailable
2026-09-26,CRL,KTW,2027-01-25,,,unavailable
2026-09-26,CRL,KTW,2027-01-26,,,unavailable
2026-09-26,CRL,KTW,2027-01-27,,,unavailable
2026-09-26,CRL,KTW,2027-01-28,,,unavailable
2026-09-26,CRL,KTW,2027-01-29,,,unavailable
2026-09-26,CRL,KTW,2027-01-30,,,unavailable
2026-09-26,CRL,KTW,2027-01-31,,,unavailable
2026-09-26,CRL,KTW,2027-02-01,,,unavailable
2026-09-26,CRL,KTW,2027-02-02,,,unavailable
2026-09-26,CRL,KTW,2027-02-03,,,unavailable
2026-09-26,CRL,KTW,2027-02-04,,,unavailable
2026-09-26,CRL,KTW,2027-02-05,,,unavailable
2026-09-26,CRL,KTW,2027-02-06,,,unavailable
2026-09-26,CRL,KTW,2027-02-07,,,unavailable
2026-09-26,CRL,KTW,2027-02-08,,,unavailable
2026-09-26,CRL,KTW,2027-02-09,,,unavailable
2026-09-26,CRL,KTW,2027-02-10,,,unavailable
2026-09-26,CRL,KTW,2027-02-11,,,unavailable
2026-09-26,CRL,KTW,2027-02-12,,,unavailable
2026-09-26,CRL,KTW,2027-02-13,,,unavailable
2026-09-26,CRL,KTW,2027-02-14,,,unavailable
2026-09-26,CRL,KTW,2027-02-15,,,unavailable
2026-09-26,CRL,KTW,2027-02-16,,,unavailable
2026-09-26,CRL,KTW,2027-02-17,,,unavailable
2026-09-26,CRL,KTW,2027-02-18,,,unavailable
2026-09-26,CRL,KTW,2027-02-19,,,unavailable
2026-09-26,CRL,KTW,2027-02-20,,,unavailable
2026-09-26,CRL,KTW,2027-02-21,,,unavailable
2026-09-26,CRL,KTW,2027-02-22,,,unavailable
2026-09-26,CRL,KTW,2027-02-23,,,unavailable
2026-09-26,CRL,KTW,2027-02-24,,,unavailable
2026-09-26,CRL,KTW,2027-02-25,,,unavailable
2026-09-26,CRL,KTW,2027-02-26,,,unavailable
2026-09-26,CRL,KTW,2027-02-27,,,unavailable
2026-09-26,CRL,KTW,2027-02-28,,,unavailable
2026-09-26,CRL,KTW,2027-03-01,,,unavailable
2026-09-26,CRL,KTW,2027-03-02,,,unavailable
2026-09-26,CRL,KTW,2027-03-03,,,unavailable
2026-09-26,CRL,KTW,2027-03-04,,,unavailable
2026-09-26,CRL,KTW,2027-03-05,,,unavailable
2026-09-26,CRL,KTW,2027-03-06,,,unavailable
2026-09-26,CRL,KTW,2027-03-07,,,unavailable
2026-09-26,CRL,KTW,2027-03-08,,,unavailable
2026-09-26,CRL,KTW,2027-03-09,,,unavailable
2026-09-26,CRL,KTW,2027-03-10,,,unavailable
2026-09-26,CRL,KTW,2027-03-11,,,unavailable
2026-09-26,CRL,KTW,2027-03-12,,,unavailable
2026-09-26,CRL,KTW,2027-03-13,,,unavailable
2026-09-26,CRL,KTW,2027-03-14,,,unavailable
2026-09-26,CRL,KTW,2027-03-15,,,unavailable
2026-09-26,CRL,KTW,2027-03-16,,,unavailable
2026-09-26,CRL,KTW,2027-03-17,,,unavailable
2026-09-26,CRL,KTW,2027-03-18,,,unavailable
2026-09-26,CRL,KTW,2027-03-19,,,unavailable
2026-09-26,CRL,KTW,2027-03-20,,,unavailable
2026-09-26,CRL,KTW,2027-03-21,,,unavailable
2026-09-26,CRL,KTW,2027-03-22,,,unavailable
2026-09-26,CRL,KTW,2027-03-23,,,unavailable
2026-09-26,CRL,KTW,2027-03-24,,,unavailable
2026-09-26,CRL,KTW,2027-03-25,,,unavailable
2026-09-26,CRL,KTW,2027-03-26,,,unavailable
2026-09-26,CRL,KTW,2027-03-27,,,unavailable
2026-09-26,CRL,KTW,2027-03-28,,,unavailable
2026-09-26,CRL,KTW,2027-03-29,,,unavailable
2026-09-26,CRL,KTW,2027-03-30,,,unavailable
2026-09-26,CRL,KTW,2027-03-31,,,unavailable
2026-09-26,CRL,KTW,2027-04-01,,,unavailable
2026-09-26,CRL,KTW,2027-04-02,,,unavailable
2026-09-26,CRL,KTW,2027-04-03,,,unavailable
2026-09-26,CRL,KTW,2027-04-04,,,unavailable
2026-09-26,CRL,KTW,2027-04-05,,,unavailable
2026-09-26,CRL,KTW,2027-04-06,,,unavailable
2026-09-26,CRL,KTW,2027-04-07,,,unavailable
2026-09-26,CRL,KTW,2027-04-08,,,unavailable
2026-09-26,CRL,KTW,2027-04-09,,,unavailable
2026-09-26,CRL,KTW,2027-04-10,,,unavailable
2026-09-26,CRL,KTW,2027-04-11,,,unavailable
2026-09-26,CRL,KTW,2027-04-12,,,unavailable
2026-09-26,CRL,KTW,2027-04-13,,,unavailable
2026-09-26,CRL,KTW,2027-04-14,,,unavailable
2026-09-26,CRL,KTW,2027-04-15,,,unavailable
2026-09-26,CRL,KTW,2027-04-16,,,unavailable
2026-09-26,CRL,KTW,2027-04-17,,,unavailable
2026-09-26,CRL,KTW,2027-04-18,,,unavailable
2026-09-26,CRL,KTW,2027-04-19,,,unavailable
2026-09-26,CRL,KTW,2027-04-20,,,unavailable
2026-09-26,CRL,KTW,2027-04-21,,,unavailable
2026-09-26,CRL,KTW,2027-04-22,,,unavailable
2026-09-26,CRL,KTW,2027-04-23,,,unavailable
2026-09-26,CRL,KTW,2027-04-24,,,unavailable
2026-09-26,CRL,KTW,2027-04-25,,,unavailable
2026-09-26,CRL,KTW,2027-04-26,,,unavailable
2026-09-26,CRL,KTW,2027-04-27,,,unavailable
2026-09-26,CRL,KTW,2027-04-28,,,unavailable
2026-09-26,CRL,KTW,2027-04-29,,,unavailable
2026-09-26,CRL,KTW,2027-04-30,,,unavailable
2026-09-26,CRL,KTW,2027-05-01,,,unavailable
2026-09-26,CRL,KTW,2027-05-02,,,unavailable
2026-09-26,CRL,KTW,2027-05-03,,,unavailable
2026-09-26,CRL,KTW,2027-05-04,,,unavailable
2026-09-26,CRL,KTW,2027-05-05,,,unavailable
2026-09-26,CRL,KTW,2027-05-06,,,unavailable
2026-09-26,CRL,KTW,2027-05-07,,,unavailable
2026-09-26,CRL,KTW,2027-05-08,,,unavailable
2026-09-26,CRL,KTW,2027-05-09,,,unavailable
2026-09-26,CRL,KTW,2027-05-10,,,unavailable
2026-09-26,CRL,KTW,2027-05-11,,,unavailable
2026-09-26,CRL,KTW,2027-05-12,,,unavailable
2026-09-26,CRL,KTW,2027-05-13,,,unavailable
2026-09-26,CRL,KTW,2027-05-14,,,unavailable
2026-09-26,CRL,KTW,2027-05-15,,,unavailable
2026-09-26,CRL,KTW,2027-05-16,,,unavailable
2026-09-26,CRL,KTW,2027-05-17,,,unavailable
2026-09-26,CRL,KTW,2027-05-18,,,unavailable
2026-09-26,CRL,KTW,2027-05-19,,,unavailable
2026-09-26,CRL,KTW,2027-05-20,,,unavailable
2026-09-26,CRL,KTW,2027-05-21,,,unavailable
2026-09-26,CRL,KTW,2027-05-22,,,unavailable
2026-09-26,CRL,KTW,2027-05-23,,,unavailable
2026-09-26,CRL,KTW,2027-05-24,,,unavailable
2026-09-26,CRL,KTW,2027-05-25,,,unavailable
2026-09-26,CRL,KTW,2027-05-26,,,unavailable
2026-09-26,CRL,KTW,2027-05-27,,,unavailable
2026-09-26,CRL,KTW,2027-05-28,,,unavailable
2026-09-26,CRL,KTW,2027-05-29,,,unavailable
2026-09-26,CRL,KTW,2027-05-30,,,unavailable
2026-09-26,CRL,KTW,2027-05-31,,,unavailable
2026-09-26,CRL,KTW,2027-06-01,,,unavailable
2026-09-26,CRL,KTW,2027-06-02,,,unavailable
2026-09-26,CRL,KTW,2027-06-03,,,unavailable
2026-09-26,CRL,KTW,2027-06-04,,,unavailable
2026-09-26,CRL,KTW,2027-06-05,,,unavailable
2026-09-26,CRL,KTW,2027-06-06,,,unavailable
2026-09-26,CRL,KTW,2027-06-07,,,unavailable
2026-09-26,CRL,KTW,2027-06-08,,,unavailable
2026-09-26,CRL,KTW,2027-06-09,,,unavailable
2026-09-26,CRL,KTW,2027-06-10,,,unavailable
2026-09-26,CRL,KTW,2027-06-11,,,unavailable
2026-09-26,CRL,KTW,2027-06-12,,,unavailable
2026-09-26,CRL,KTW,2027-06-13,,,unavailable
2026-09-26,CRL,KTW,2027-06-14,,,unavailable
2026-09-26,CRL,KTW,2027-06-15,,,unavailable
2026-09-26,CRL,KTW,2027-06-16,,,unavailable
2026-09-26,CRL,KTW,2027-06-17,,,unavailable
2026-09-26,CRL,KTW,2027-06-18,,,unavailable
2026-09-26,CRL,KTW,2027-06-19,,,unavailable
2026-09-26,CRL,KTW,2027-06-20,,,unavailable
2026-09-26,CRL,KTW,2027-06-21,,,unavailable
2026-09-26,CRL,KTW,2027-06-22,,,unavailable
2026-09-26,CRL,KTW,2027-06-23,,,unavailable
2026-09-26,CRL,KTW,2027-06-24,,,unavailable
2026-09-26,CRL,KTW,2027-06-25,,,unavailable
2026-09-26,CRL,KTW,2027-06-26,,,unavailable
2026-09-26,CRL,KTW,2027-06-27,,,unavailable
2026-09-26,CRL,KTW,2027-06-28,,,unavailable
2026-09-26,CRL,KTW,2027-06-29,,,unavailable
2026-09-26,CRL,KTW,2027-06-30,,,unavailable
2026-09-26,CRL,KTW,2027-07-01,,,unavailable
2026-09-26,CRL,KTW,2027-07-02,,,unavailable
2026-09-26,CRL,KTW,2027-07-03,,,unavailable
2026-09-26,CRL,KTW,2027-07-04,,,unavailable
2026-09-26,CRL,KTW,2027-07-05,,,unavailable
2026-09-26,CRL,KTW,2027-07-06,,,unavailable
2026-09-26,CRL,KTW,2027-07-07,,,unavailable
2026-09-26,CRL,KTW,2027-07-08,,,unavailable
2026-09-26,CRL,KTW,2027-07-09,,,unavailable
2026-09-26,CRL,KTW,2027-07-10,,,unavailable
2026-09-26,CRL,KTW,2027-07-11,,,unavailable
2026-09-26,CRL,KTW,2027-07-12,,,unavailable
2026-09-26,CRL,KTW,2027-07-13,,,unavailable
2026-09-26,CRL,KTW,2027-07-14,,,unavailable
2026-09-26,CRL,KTW,2027-07-15,,,unavailable
2026-09-26,CRL,KTW,2027-07-16,,,unavailable
2026-09-26,CRL,KTW,2027-07-17,,,unavailable
2026-09-26,CRL,KTW,2027-07-18,,,unavailable
2026-09-26,CRL,KTW,2027-07-19,,,unavailable
2026-09-26,CRL,KTW,2027-07-20,,,unavailable
2026-09-26,CRL,KTW,2027-07-21,,,unavailable
2026-09-26,CRL,KTW,2027-07-22,,,unavailable
2026-09-26,CRL,KTW,2027-07-23,,,unavailable
2026-09-26,CRL,KTW,2027-07-24,,,unavailable
2026-09-26,CRL,KTW,2027-07-25,,,unavailable
2026-09-26,CRL,KTW,2027-07-26,,,unavailable
2026-09-26,CRL,KTW,2027-07-27,,,unavailable
2026-09-26,CRL,KTW,2027-07-28,,,unavailable
2026-09-26,CRL,KTW,2027-07-29,,,unavailable
2026-09-26,CRL,KTW,2027-07-30,,,unavailable
2026-09-26,CRL,KTW,2027-07-31,,,unavailable
2026-09-26,CRL,KTW,2027-08-01,,,unavailable
2026-09-26,CRL,KTW,2027-08-02,,,unavailable
2026-09-26,CRL,KTW,2027-08-03,,,unavailable
2026-09-26,CRL,KTW,2027-08-04,,,unavailable
2026-09-26,CRL,KTW,2027-08-05,,,unavailable
2026-09-26,CRL,KTW,2027-08-06,,,unavailable
2026-09-26,CRL,KTW,2027-08-07,,,unavailable
2026-09-26,CRL,KTW,2027-08-08,,,unavailable
2026-09-26,CRL,KTW,2027-08-09,,,unavailable
2026-09-26,CRL,KTW,2027-08-10,,,unavailable
2026-09-26,CRL,KTW,2027-08-11,,,unavailable
2026-09-26,CRL,KTW,2027-08-12,,,unavailable
2026-09-26,CRL,KTW,2027-08-13,,,unavailable
2026-09-26,CRL,KTW,2027-08-14,,,unavailable
2026-09-26,CRL,KTW,2027-08-15,,,unavailable
2026-09-26,CRL,KTW,2027-08-16,,,unavailable
2026-09-26,CRL,KTW,2027-08-17,,,unavailable
2026-09-26,CRL,KTW,2027-08-18,,,unavailable
2026-09-26,CRL,KTW,2027-08-19,,,unavailable
2026-09-26,CRL,KTW,2027-08-20,,,unavailable
2026-09-26,CRL,KTW,2027-08-21,,,unavailable
2026-09-26,CRL,KTW,2027-08-22,,,unavailable
2026-09-26,CRL,KTW,2027-08-23,,,unavailable
2026-09-26,CRL,KTW,2027-08-24,,,unavailable
2026-09-26,CRL,KTW,2027-08-25,,,unavailable
2026-09-26,CRL,KTW,2027-08-26,,,unavailable
2026-09-26,CRL,KTW,2027-08-27,,,unavailable
2026-09-26,CRL,KTW,2027-08-28,,,unavailable
2026-09-26,CRL,KTW,2027-08-29,,,unavailable
2026-09-26,CRL,KTW,2027-08-30,,,unavailable
2026-09-26,CRL,KTW,2027-08-31,,,unavailable
2026-09-26,KTW,CTA,2026-09-26,,,unavailable
2026-09-26,KTW,CTA,2026-09-27,17:55,403.00,ok
2026-09-26,KTW,CTA,2026-09-28,06:40,100.72,ok
2026-09-26,KTW,CTA,2026-09-29,,,unavailable
2026-09-26,KTW,CTA,2026-09-30,,,unavailable
2026-09-26,KTW,CTA,2026-10-01,06:20,188.33,ok
2026-09-26,KTW,CTA,2026-10-02,07:00,219.00,ok
2026-09-26,KTW,CTA,2026-10-03,06:00,183.95,ok
2026-09-26,KTW,CTA,2026-10-04,17:55,109.48,ok
2026-09-26,KTW,CTA,2026-10-05,06:40,262.81,ok
2026-09-26,KTW,CTA,2026-10-06,,,unavailable
2026-09-26,KTW,CTA,2026-10-07,,,unavailable
2026-09-26,KTW,CTA,2026-10-08,06:20,232.14,ok
2026-09-26,KTW,CTA,2026-10-09,07:00,183.95,ok
2026-09-26,KTW,CTA,2026-10-10,06:00,188.33,ok
2026-09-26,KTW,CTA,2026-10-11,17:55,183.95,ok
2026-09-26,KTW,CTA,2026-10-12,06:40,143.78,ok
2026-09-26,KTW,CTA,2026-10-13,,,unavailable
2026-09-26,KTW,CTA,2026-10-14,,,unavailable
2026-09-26,KTW,CTA,2026-10-15,06:20,148.91,ok
2026-09-26,KTW,CTA,2026-10-16,07:00,140.14,ok
2026-09-26,KTW,CTA,2026-10-17,06:00,159.20,ok
2026-09-26,KTW,CTA,2026-10-18,17:55,222.90,ok
2026-09-26,KTW,CTA,2026-10-19,06:40,175.19,ok
2026-09-26,KTW,CTA,2026-10-20,,,unavailable
2026-09-26,KTW,CTA,2026-10-21,,,unavailable
2026-09-26,KTW,CTA,2026-10-22,06:20,381.09,ok
2026-09-26,KTW,CTA,2026-10-23,07:00,192.72,ok
2026-09-26,KTW,CTA,2026-10-24,06:00,245.29,ok
2026-09-26,KTW,CTA,2026-10-25,16:10,215.81,ok
2026-09-26,KTW,CTA,2026-10-26,06:10,159.20,ok
2026-09-26,KTW,CTA,2026-10-27,13:45,302.00,ok
2026-09-26,KTW,CTA,2026-10-28,14:05,307.48,ok
2026-09-26,KTW,CTA,2026-10-29,08:15,198.81,ok
2026-09-26,KTW,CTA,2026-10-30,18:00,95.00,ok
2026-09-26,KTW,CTA,2026-10-31,06:15,95.00,ok
2026-09-26,KTW,CTA,2026-11-01,16:10,78.81,ok
2026-09-26,KTW,CTA,2026-11-02,06:10,183.95,ok
2026-09-26,KTW,CTA,2026-11-03,,,unavailable
2026-09-26,KTW,CTA,2026-11-04,,,unavailable
2026-09-26,KTW,CTA,2026-11-05,08:15,205.86,ok
2026-09-26,KTW,CTA,2026-11-06,18:00,400.86,ok
2026-09-26,KTW,CTA,2026-11-07,06:15,410.71,ok
2026-09-26,KTW,CTA,2026-11-08,07:00,242.49,ok
2026-09-26,KTW,CTA,2026-11-09,06:10,227.76,ok
2026-09-26,KTW,CTA,2026-11-10,,,unavailable
2026-09-26,KTW,CTA,2026-11-11,,,unavailable
2026-09-26,KTW,CTA,2026-11-12,08:15,325.60,ok
2026-09-26,KTW,CTA,2026-11-13,18:00,126.40,ok
2026-09-26,KTW,CTA,2026-11-14,06:15,108.00,ok
2026-09-26,KTW,CTA,2026-11-15,07:00,108.00,ok
2026-09-26,KTW,CTA,2026-11-16,06:10,108.00,ok
2026-09-26,KTW,CTA,2026-11-17,,,unavailable
2026-09-26,KTW,CTA,2026-11-18,,,unavailable
2026-09-26,KTW,CTA,2026-11-19,08:15,201.52,ok
2026-09-26,KTW,CTA,2026-11-20,18:00,108.00,ok
2026-09-26,KTW,CTA,2026-11-21,06:15,109.48,ok
2026-09-26,KTW,CTA,2026-11-22,07:00,74.43,ok
2026-09-26,KTW,CTA,2026-11-23,06:10,74.43,ok
2026-09-26,KTW,CTA,2026-11-24,,,unavailable
2026-09-26,KTW,CTA,2026-11-25,,,unavailable
2026-09-26,KTW,CTA,2026-11-26,08:15,144.53,ok
2026-09-26,KTW,CTA,2026-11-27,18:00,150.78,ok
2026-09-26,KTW,CTA,2026-11-28,06:15,108.00,ok
2026-09-26,KTW,CTA,2026-11-29,07:00,108.00,ok
2026-09-26,KTW,CTA,2026-11-30,06:10,108.00,ok
2026-09-26,KTW,CTA,2026-12-01,,,unavailable
2026-09-26,KTW,CTA,2026-12-02,,,unavailable
2026-09-26,KTW,CTA,2026-12-03,,,unavailable
2026-09-26,KTW,CTA,2026-12-04,14:00,108.00,ok
2026-09-26,KTW,CTA,2026-12-05,,,unavailable
2026-09-26,KTW,CTA,2026-12-06,16:10,108.00,ok
2026-09-26,KTW,CTA,2026-12-07,,,unavailable
2026-09-26,KTW,CTA,2026-12-08,,,unavailable
2026-09-26,KTW,CTA,2026-12-09,,,unavailable
2026-09-26,KTW,CTA,2026-12-10,,,unavailable
2026-09-26,KTW,CTA,2026-12-11,14:00,100.72,ok
2026-09-26,KTW,CTA,2026-12-12,,,unavailable
2026-09-26,KTW,CTA,2026-12-13,16:10,135.76,ok
2026-09-26,KTW,CTA,2026-12-14,,,unavailable
2026-09-26,KTW,CTA,2026-12-15,,,unavailable
2026-09-26,KTW,CTA,2026-12-16,,,unavailable
2026-09-26,KTW,CTA,2026-12-17,08:15,108.00,ok
2026-09-26,KTW,CTA,2026-12-18,18:00,87.57,ok
2026-09-26,KTW,CTA,2026-12-19,06:15,131.38,ok
2026-09-26,KTW,CTA,2026-12-20,16:10,148.91,ok
2026-09-26,KTW,CTA,2026-12-21,06:10,128.64,ok
2026-09-26,KTW,CTA,2026-12-22,13:40,351.29,ok
2026-09-26,KTW,CTA,2026-12-23,,,unavailable
2026-09-26,KTW,CTA,2026-12-24,08:15,371.60,ok
2026-09-26,KTW,CTA,2026-12-25,,,unavailable
2026-09-26,KTW,CTA,2026-12-26,06:15,440.29,ok
2026-09-26,KTW,CTA,2026-12-27,16:10,367.95,ok
2026-09-26,KTW,CTA,2026-12-28,06:10,429.28,ok
2026-09-26,KTW,CTA,2026-12-29,13:40,481.86,ok
2026-09-26,KTW,CTA,2026-12-30,,,unavailable
2026-09-26,KTW,CTA,2026-12-31,08:15,505.08,ok
2026-09-26,KTW,CTA,2027-01-01,18:00,157.67,ok
2026-09-26,KTW,CTA,2027-01-02,06:15,136.00,ok
2026-09-26,KTW,CTA,2027-01-03,07:00,136.00,ok
2026-09-26,KTW,CTA,2027-01-04,06:10,136.00,ok
2026-09-26,KTW,CTA,2027-01-05,,,unavailable
2026-09-26,KTW,CTA,2027-01-06,,,unavailable
2026-09-26,KTW,CTA,2027-01-07,,,unavailable
2026-09-26,KTW,CTA,2027-01-08,14:00,188.33,ok
2026-09-26,KTW,CTA,2027-01-09,,,unavailable
2026-09-26,KTW,CTA,2027-01-10,16:10,176.02,ok
2026-09-26,KTW,CTA,2027-01-11,,,unavailable
2026-09-26,KTW,CTA,2027-01-12,,,unavailable
2026-09-26,KTW,CTA,2027-01-13,,,unavailable
2026-09-26,KTW,CTA,2027-01-14,,,unavailable
2026-09-26,KTW,CTA,2027-01-15,14:00,166.43,ok
2026-09-26,KTW,CTA,2027-01-16,,,unavailable
2026-09-26,KTW,CTA,2027-01-17,16:10,162.00,ok
2026-09-26,KTW,CTA,2027-01-18,,,unavailable
2026-09-26,KTW,CTA,2027-01-19,,,unavailable
2026-09-26,KTW,CTA,2027-01-20,,,unavailable
2026-09-26,KTW,CTA,2027-01-21,,,unavailable
2026-09-26,KTW,CTA,2027-01-22,14:00,329.38,ok
2026-09-26,KTW,CTA,2027-01-23,,,unavailable
2026-09-26,KTW,CTA,2027-01-24,16:10,144.53,ok
2026-09-26,KTW,CTA,2027-01-25,,,unavailable
2026-09-26,KTW,CTA,2027-01-26,,,unavailable
2026-09-26,KTW,CTA,2027-01-27,,,unavailable
2026-09-26,KTW,CTA,2027-01-28,,,unavailable
2026-09-26,KTW,CTA,2027-01-29,14:00,136.00,ok
2026-09-26,KTW,CTA,2027-01-30,,,unavailable
2026-09-26,KTW,CTA,2027-01-31,16:10,136.00,ok
2026-09-26,KTW,CTA,2027-02-01,06:10,258.43,ok
2026-09-26,KTW,CTA,2027-02-02,,,unavailable
2026-09-26,KTW,CTA,2027-02-03,,,unavailable
2026-09-26,KTW,CTA,2027-02-04,08:15,136.00,ok
2026-09-26,KTW,CTA,2027-02-05,14:00,136.00,ok
2026-09-26,KTW,CTA,2027-02-06,06:15,176.02,ok
2026-09-26,KTW,CTA,2027-02-07,07:00,136.00,ok
2026-09-26,KTW,CTA,2027-02-08,06:10,166.43,ok
2026-09-26,KTW,CTA,2027-02-09,,,unavailable
2026-09-26,KTW,CTA,2027-02-10,,,unavailable
2026-09-26,KTW,CTA,2027-02-11,08:15,140.14,ok
2026-09-26,KTW,CTA,2027-02-12,18:00,136.00,ok
2026-09-26,KTW,CTA,2027-02-13,06:15,136.00,ok
2026-09-26,KTW,CTA,2027-02-14,07:00,240.91,ok
2026-09-26,KTW,CTA,2027-02-15,06:10,136.00,ok
2026-09-26,KTW,CTA,2027-02-16,,,unavailable
2026-09-26,KTW,CTA,2027-02-17,,,unavailable
2026-09-26,KTW,CTA,2027-02-18,08:15,136.00,ok
2026-09-26,KTW,CTA,2027-02-19,18:00,136.00,ok
2026-09-26,KTW,CTA,2027-02-20,06:15,136.00,ok
2026-09-26,KTW,CTA,2027-02-21,16:10,245.29,ok
2026-09-26,KTW,CTA,2027-02-22,06:10,140.14,ok
2026-09-26,KTW,CTA,2027-02-23,,,unavailable
2026-09-26,KTW,CTA,2027-02-24,,,unavailable
2026-09-26,KTW,CTA,2027-02-25,08:15,157.67,ok
2026-09-26,KTW,CTA,2027-02-26,18:00,136.00,ok
2026-09-26,KTW,CTA,2027-02-27,06:15,136.00,ok
2026-09-26,KTW,CTA,2027-02-28,07:00,136.00,ok
2026-09-26,KTW,CTA,2027-03-01,06:10,136.00,ok
2026-09-26,KTW,CTA,2027-03-02,,,unavailable
2026-09-26,KTW,CTA,2027-03-03,,,unavailable
2026-09-26,KTW,CTA,2027-03-04,08:15,166.43,ok
2026-09-26,KTW,CTA,2027-03-05,18:00,183.95,ok
2026-09-26,KTW,CTA,2027-03-06,06:15,210.24,ok
2026-09-26,KTW,CTA,2027-03-07,16:10,162.00,ok
2026-09-26,KTW,CTA,2027-03-08,06:10,162.00,ok
2026-09-26,KTW,CTA,2027-03-09,,,unavailable
2026-09-26,KTW,CTA,2027-03-10,,,unavailable
2026-09-26,KTW,CTA,2027-03-11,08:15,162.00,ok
2026-09-26,KTW,CTA,2027-03-12,18:00,188.33,ok
2026-09-26,KTW,CTA,2027-03-13,06:15,214.62,ok
2026-09-26,KTW,CTA,2027-03-14,16:10,162.00,ok
2026-09-26,KTW,CTA,2027-03-15,06:10,162.00,ok
2026-09-26,KTW,CTA,2027-03-16,,,unavailable
2026-09-26,KTW,CTA,2027-03-17,,,unavailable
2026-09-26,KTW,CTA,2027-03-18,08:15,196.00,ok
2026-09-26,KTW,CTA,2027-03-19,18:00,230.00,ok
2026-09-26,KTW,CTA,2027-03-20,06:15,196.00,ok
2026-09-26,KTW,CTA,2027-03-21,07:00,196.00,ok
2026-09-26,KTW,CTA,2027-03-22,06:10,196.00,ok
2026-09-26,KTW,CTA,2027-03-23,,,unavailable
2026-09-26,KTW,CTA,2027-03-24,,,unavailable
2026-09-26,KTW,CTA,2027-03-25,08:15,311.00,ok
2026-09-26,KTW,CTA,2027-03-26,14:00,223.38,ok
2026-09-26,KTW,CTA,2027-03-27,06:15,267.19,ok
2026-09-26,KTW,CTA,2027-03-28,,,unavailable
2026-09-26,KTW,CTA,2027-03-29,13:20,302.00,ok
2026-09-26,KTW,CTA,2027-03-30,12:40,302.00,ok
2026-09-26,KTW,CTA,2027-03-31,,,unavailable
2026-09-26,KTW,CTA,2027-04-01,14:25,391.00,ok
2026-09-26,KTW,CTA,2027-04-02,14:55,391.00,ok
2026-09-26,KTW,CTA,2027-04-03,11:35,535.00,ok
2026-09-26,KTW,CTA,2027-04-04,,,unavailable
2026-09-26,KTW,CTA,2027-04-05,13:20,442.00,ok
2026-09-26,KTW,CTA,2027-04-06,12:40,535.00,ok
2026-09-26,KTW,CTA,2027-04-07,,,unavailable
2026-09-26,KTW,CTA,2027-04-08,14:25,302.00,ok
2026-09-26,KTW,CTA,2027-04-09,14:55,344.00,ok
2026-09-26,KTW,CTA,2027-04-10,11:35,344.00,ok
2026-09-26,KTW,CTA,2027-04-11,,,unavailable
2026-09-26,KTW,CTA,2027-04-12,13:20,302.00,ok
2026-09-26,KTW,CTA,2027-04-13,12:40,302.00,ok
2026-09-26,KTW,CTA,2027-04-14,,,unavailable
2026-09-26,KTW,CTA,2027-04-15,14:25,302.00,ok
2026-09-26,KTW,CTA,2027-04-16,14:55,344.00,ok
2026-09-26,KTW,CTA,2027-04-17,11:35,344.00,ok
2026-09-26,KTW,CTA,2027-04-18,,,unavailable
2026-09-26,KTW,CTA,2027-04-19,13:20,302.00,ok
2026-09-26,KTW,CTA,2027-04-20,12:40,302.00,ok
2026-09-26,KTW,CTA,2027-04-21,,,unavailable
2026-09-26,KTW,CTA,2027-04-22,14:25,344.00,ok
2026-09-26,KTW,CTA,2027-04-23,14:55,344.00,ok
2026-09-26,KTW,CTA,2027-04-24,11:35,344.00,ok
2026-09-26,KTW,CTA,2027-04-25,,,unavailable
2026-09-26,KTW,CTA,2027-04-26,13:20,302.00,ok
2026-09-26,KTW,CTA,2027-04-27,12:40,302.00,ok
2026-09-26,KTW,CTA,2027-04-28,,,unavailable
2026-09-26,KTW,CTA,2027-04-29,14:25,586.00,ok
2026-09-26,KTW,CTA,2027-04-30,14:55,539.38,ok
2026-09-26,KTW,CTA,2027-05-01,11:35,391.00,ok
2026-09-26,KTW,CTA,2027-05-02,,,unavailable
2026-09-26,KTW,CTA,2027-05-03,13:20,348.38,ok
2026-09-26,KTW,CTA,2027-05-04,12:40,344.00,ok
2026-09-26,KTW,CTA,2027-05-05,,,unavailable
2026-09-26,KTW,CTA,2027-05-06,14:25,348.38,ok
2026-09-26,KTW,CTA,2027-05-07,14:55,391.00,ok
2026-09-26,KTW,CTA,2027-05-08,11:35,391.00,ok
2026-09-26,KTW,CTA,2027-05-09,,,unavailable
2026-09-26,KTW,CTA,2027-05-10,13:20,302.00,ok
2026-09-26,KTW,CTA,2027-05-11,12:40,302.00,ok
2026-09-26,KTW,CTA,2027-05-12,,,unavailable
2026-09-26,KTW,CTA,2027-05-13,14:25,302.00,ok
2026-09-26,KTW,CTA,2027-05-14,14:55,302.00,ok
2026-09-26,KTW,CTA,2027-05-15,11:35,302.00,ok
2026-09-26,KTW,CTA,2027-05-16,,,unavailable
2026-09-26,KTW,CTA,2027-05-17,13:20,302.00,ok
2026-09-26,KTW,CTA,2027-05-18,12:40,302.00,ok
2026-09-26,KTW,CTA,2027-05-19,,,unavailable
2026-09-26,KTW,CTA,2027-05-20,14:25,344.00,ok
2026-09-26,KTW,CTA,2027-05-21,14:55,344.00,ok
2026-09-26,KTW,CTA,2027-05-22,11:35,344.00,ok
2026-09-26,KTW,CTA,2027-05-23,,,unavailable
2026-09-26,KTW,CTA,2027-05-24,13:20,302.00,ok
2026-09-26,KTW,CTA,2027-05-25,12:40,302.00,ok
2026-09-26,KTW,CTA,2027-05-26,,,unavailable
2026-09-26,KTW,CTA,2027-05-27,14:25,348.38,ok
2026-09-26,KTW,CTA,2027-05-28,14:55,391.00,ok
2026-09-26,KTW,CTA,2027-05-29,11:35,391.00,ok
2026-09-26,KTW,CTA,2027-05-30,,,unavailable
2026-09-26,KTW,CTA,2027-05-31,13:20,391.00,ok
2026-09-26,KTW,CTA,2027-06-01,12:40,391.00,ok
2026-09-26,KTW,CTA,2027-06-02,,,unavailable
2026-09-26,KTW,CTA,2027-06-03,14:25,778.00,ok
2026-09-26,KTW,CTA,2027-06-04,14:55,586.00,ok
2026-09-26,KTW,CTA,2027-06-05,11:35,302.00,ok
2026-09-26,KTW,CTA,2027-06-06,,,unavailable
2026-09-26,KTW,CTA,2027-06-07,13:20,344.00,ok
2026-09-26,KTW,CTA,2027-06-08,12:40,344.00,ok
2026-09-26,KTW,CTA,2027-06-09,,,unavailable
2026-09-26,KTW,CTA,2027-06-10,14:25,344.00,ok
2026-09-26,KTW,CTA,2027-06-11,14:55,391.00,ok
2026-09-26,KTW,CTA,2027-06-12,11:35,344.00,ok
2026-09-26,KTW,CTA,2027-06-13,,,unavailable
2026-09-26,KTW,CTA,2027-06-14,13:20,302.00,ok
2026-09-26,KTW,CTA,2027-06-15,12:40,302.00,ok
2026-09-26,KTW,CTA,2027-06-16,,,unavailable
2026-09-26,KTW,CTA,2027-06-17,14:25,344.00,ok
2026-09-26,KTW,CTA,2027-06-18,14:55,344.00,ok
2026-09-26,KTW,CTA,2027-06-19,11:35,344.00,ok
2026-09-26,KTW,CTA,2027-06-20,,,unavailable
2026-09-26,KTW,CTA,2027-06-21,13:20,391.00,ok
2026-09-26,KTW,CTA,2027-06-22,12:40,391.00,ok
2026-09-26,KTW,CTA,2027-06-23,,,unavailable
2026-09-26,KTW,CTA,2027-06-24,14:25,391.00,ok
2026-09-26,KTW,CTA,2027-06-25,14:55,391.00,ok
2026-09-26,KTW,CTA,2027-06-26,11:35,485.00,ok
2026-09-26,KTW,CTA,2027-06-27,,,unavailable
2026-09-26,KTW,CTA,2027-06-28,13:20,705.00,ok
2026-09-26,KTW,CTA,2027-06-29,12:40,705.00,ok
2026-09-26,KTW,CTA,2027-06-30,,,unavailable
2026-09-26,KTW,CTA,2027-07-01,14:25,446.38,ok
2026-09-26,KTW,CTA,2027-07-02,14:55,391.00,ok
2026-09-26,KTW,CTA,2027-07-03,11:35,442.00,ok
2026-09-26,KTW,CTA,2027-07-04,,,unavailable
2026-09-26,KTW,CTA,2027-07-05,13:20,391.00,ok
2026-09-26,KTW,CTA,2027-07-06,12:40,391.00,ok
2026-09-26,KTW,CTA,2027-07-07,,,unavailable
2026-09-26,KTW,CTA,2027-07-08,14:25,344.00,ok
2026-09-26,KTW,CTA,2027-07-09,14:55,391.00,ok
2026-09-26,KTW,CTA,2027-07-10,11:35,391.00,ok
2026-09-26,KTW,CTA,2027-07-11,,,unavailable
2026-09-26,KTW,CTA,2027-07-12,13:20,442.00,ok
2026-09-26,KTW,CTA,2027-07-13,12:40,446.38,ok
2026-09-26,KTW,CTA,2027-07-14,,,unavailable
2026-09-26,KTW,CTA,2027-07-15,14:25,344.00,ok
2026-09-26,KTW,CTA,2027-07-16,14:55,344.00,ok
2026-09-26,KTW,CTA,2027-07-17,11:35,344.00,ok
2026-09-26,KTW,CTA,2027-07-18,,,unavailable
2026-09-26,KTW,CTA,2027-07-19,13:20,344.00,ok
2026-09-26,KTW,CTA,2027-07-20,12:40,344.00,ok
2026-09-26,KTW,CTA,2027-07-21,,,unavailable
2026-09-26,KTW,CTA,2027-07-22,14:25,391.00,ok
2026-09-26,KTW,CTA,2027-07-23,14:55,302.00,ok
2026-09-26,KTW,CTA,2027-07-24,11:35,344.00,ok
2026-09-26,KTW,CTA,2027-07-25,,,unavailable
2026-09-26,KTW,CTA,2027-07-26,13:20,344.00,ok
2026-09-26,KTW,CTA,2027-07-27,12:40,344.00,ok
2026-09-26,KTW,CTA,2027-07-28,,,unavailable
2026-09-26,KTW,CTA,2027-07-29,14:25,302.00,ok
2026-09-26,KTW,CTA,2027-07-30,14:55,302.00,ok
2026-09-26,KTW,CTA,2027-07-31,11:35,391.00,ok
2026-09-26,KTW,CTA,2027-08-01,,,unavailable
2026-09-26,KTW,CTA,2027-08-02,13:20,391.00,ok
2026-09-26,KTW,CTA,2027-08-03,12:40,391.00,ok
2026-09-26,KTW,CTA,2027-08-04,,,unavailable
2026-09-26,KTW,CTA,2027-08-05,14:25,302.00,ok
2026-09-26,KTW,CTA,2027-08-06,14:55,302.00,ok
2026-09-26,KTW,CTA,2027-08-07,11:35,302.00,ok
2026-09-26,KTW,CTA,2027-08-08,,,unavailable
2026-09-26,KTW,CTA,2027-08-09,13:20,344.00,ok
2026-09-26,KTW,CTA,2027-08-10,12:40,344.00,ok
2026-09-26,KTW,CTA,2027-08-11,,,unavailable
2026-09-26,KTW,CTA,2027-08-12,14:25,344.00,ok
2026-09-26,KTW,CTA,2027-08-13,14:55,302.00,ok
2026-09-26,KTW,CTA,2027-08-14,11:35,302.00,ok
2026-09-26,KTW,CTA,2027-08-15,,,unavailable
2026-09-26,KTW,CTA,2027-08-16,13:20,391.00,ok
2026-09-26,KTW,CTA,2027-08-17,12:40,391.00,ok
2026-09-26,KTW,CTA,2027-08-18,,,unavailable
2026-09-26,KTW,CTA,2027-08-19,14:25,391.00,ok
2026-09-26,KTW,CTA,2027-08-20,14:55,344.00,ok
2026-09-26,KTW,CTA,2027-08-21,11:35,391.00,ok
2026-09-26,KTW,CTA,2027-08-22,,,unavailable
2026-09-26,KTW,CTA,2027-08-23,13:20,344.00,ok
2026-09-26,KTW,CTA,2027-08-24,12:40,302.00,ok
2026-09-26,KTW,CTA,2027-08-25,,,unavailable
2026-09-26,KTW,CTA,2027-08-26,14:25,344.00,ok
2026-09-26,KTW,CTA,2027-08-27,14:55,344.00,ok
2026-09-26,KTW,CTA,2027-08-28,11:35,302.00,ok
2026-09-26,KTW,CTA,2027-08-29,,,unavailable
2026-09-26,KTW,CTA,2027-08-30,13:20,344.00,ok
2026-09-26,KTW,CTA,2027-08-31,12:40,344.00,ok
2026-09-26,CTA,KTW,2026-09-26,,,unavailable
2026-09-26,CTA,KTW,2026-09-27,,,unavailable
2026-09-26,CTA,KTW,2026-09-28,,,unavailable
2026-09-26,CTA,KTW,2026-09-29,,,unavailable
2026-09-26,CTA,KTW,2026-09-30,,,unavailable
2026-09-26,CTA,KTW,2026-10-01,09:15,367.95,ok
2026-09-26,CTA,KTW,2026-10-02,10:00,324.14,ok
2026-09-26,CTA,KTW,2026-10-03,08:55,372.33,ok
2026-09-26,CTA,KTW,2026-10-04,20:50,696.52,ok
2026-09-26,CTA,KTW,2026-10-05,11:25,350.43,ok
2026-09-26,CTA,KTW,2026-10-06,,,unavailable
2026-09-26,CTA,KTW,2026-10-07,,,unavailable
2026-09-26,CTA,KTW,2026-10-08,09:15,280.33,ok
2026-09-26,CTA,KTW,2026-10-09,10:00,332.90,ok
2026-09-26,CTA,KTW,2026-10-10,08:55,268.86,ok
2026-09-26,CTA,KTW,2026-10-11,20:50,535.00,ok
2026-09-26,CTA,KTW,2026-10-12,11:25,376.71,ok
2026-09-26,CTA,KTW,2026-10-13,,,unavailable
2026-09-26,CTA,KTW,2026-10-14,,,unavailable
2026-09-26,CTA,KTW,2026-10-15,09:15,232.14,ok
2026-09-26,CTA,KTW,2026-10-16,10:00,219.00,ok
2026-09-26,CTA,KTW,2026-10-17,08:55,284.71,ok
2026-09-26,CTA,KTW,2026-10-18,20:50,854.00,ok
2026-09-26,CTA,KTW,2026-10-19,11:25,324.14,ok
2026-09-26,CTA,KTW,2026-10-20,,,unavailable
2026-09-26,CTA,KTW,2026-10-21,,,unavailable
2026-09-26,CTA,KTW,2026-10-22,09:15,275.95,ok
2026-09-26,CTA,KTW,2026-10-23,10:00,122.62,ok
2026-09-26,CTA,KTW,2026-10-24,08:55,140.14,ok
2026-09-26,CTA,KTW,2026-10-25,19:10,291.87,ok
2026-09-26,CTA,KTW,2026-10-26,09:10,475.20,ok
2026-09-26,CTA,KTW,2026-10-27,17:00,312.95,ok
2026-09-26,CTA,KTW,2026-10-28,17:05,230.00,ok
2026-09-26,CTA,KTW,2026-10-29,11:15,234.16,ok
2026-09-26,CTA,KTW,2026-10-30,17:00,306.38,ok
2026-09-26,CTA,KTW,2026-10-31,09:15,492.89,ok
2026-09-26,CTA,KTW,2026-11-01,19:10,468.71,ok
2026-09-26,CTA,KTW,2026-11-02,09:10,274.62,ok
2026-09-26,CTA,KTW,2026-11-03,,,unavailable
2026-09-26,CTA,KTW,2026-11-04,,,unavailable
2026-09-26,CTA,KTW,2026-11-05,11:15,108.00,ok
2026-09-26,CTA,KTW,2026-11-06,21:00,91.96,ok
2026-09-26,CTA,KTW,2026-11-07,09:15,108.00,ok
2026-09-26,CTA,KTW,2026-11-08,10:00,192.72,ok
2026-09-26,CTA,KTW,2026-11-09,09:10,127.00,ok
2026-09-26,CTA,KTW,2026-11-10,,,unavailable
2026-09-26,CTA,KTW,2026-11-11,,,unavailable
2026-09-26,CTA,KTW,2026-11-12,11:15,242.49,ok
2026-09-26,CTA,KTW,2026-11-13,21:00,139.68,ok
2026-09-26,CTA,KTW,2026-11-14,09:15,184.96,ok
2026-09-26,CTA,KTW,2026-11-15,10:00,692.14,ok
2026-09-26,CTA,KTW,2026-11-16,09:10,315.38,ok
2026-09-26,CTA,KTW,2026-11-17,,,unavailable
2026-09-26,CTA,KTW,2026-11-18,,,unavailable
2026-09-26,CTA,KTW,2026-11-19,11:15,87.57,ok
2026-09-26,CTA,KTW,2026-11-20,21:00,91.96,ok
2026-09-26,CTA,KTW,2026-11-21,09:15,108.00,ok
2026-09-26,CTA,KTW,2026-11-22,10:00,139.68,ok
2026-09-26,CTA,KTW,2026-11-23,09:10,174.66,ok
2026-09-26,CTA,KTW,2026-11-24,,,unavailable
2026-09-26,CTA,KTW,2026-11-25,,,unavailable
2026-09-26,CTA,KTW,2026-11-26,11:15,108.00,ok
2026-09-26,CTA,KTW,2026-11-27,21:00,108.00,ok
2026-09-26,CTA,KTW,2026-11-28,09:15,108.00,ok
2026-09-26,CTA,KTW,2026-11-29,10:00,201.48,ok
2026-09-26,CTA,KTW,2026-11-30,09:10,135.76,ok
2026-09-26,CTA,KTW,2026-12-01,,,unavailable
2026-09-26,CTA,KTW,2026-12-02,,,unavailable
2026-09-26,CTA,KTW,2026-12-03,,,unavailable
2026-09-26,CTA,KTW,2026-12-04,17:00,117.20,ok
2026-09-26,CTA,KTW,2026-12-05,,,unavailable
2026-09-26,CTA,KTW,2026-12-06,19:10,140.14,ok
2026-09-26,CTA,KTW,2026-12-07,,,unavailable
2026-09-26,CTA,KTW,2026-12-08,,,unavailable
2026-09-26,CTA,KTW,2026-12-09,,,unavailable
2026-09-26,CTA,KTW,2026-12-10,,,unavailable
2026-09-26,CTA,KTW,2026-12-11,17:00,118.24,ok
2026-09-26,CTA,KTW,2026-12-12,,,unavailable
2026-09-26,CTA,KTW,2026-12-13,19:10,127.00,ok
2026-09-26,CTA,KTW,2026-12-14,,,unavailable
2026-09-26,CTA,KTW,2026-12-15,,,unavailable
2026-09-26,CTA,KTW,2026-12-16,,,unavailable
2026-09-26,CTA,KTW,2026-12-17,11:15,108.00,ok
2026-09-26,CTA,KTW,2026-12-18,17:00,121.28,ok
2026-09-26,CTA,KTW,2026-12-19,09:15,87.57,ok
2026-09-26,CTA,KTW,2026-12-20,10:00,121.28,ok
2026-09-26,CTA,KTW,2026-12-21,09:10,87.57,ok
2026-09-26,CTA,KTW,2026-12-22,16:40,175.19,ok
2026-09-26,CTA,KTW,2026-12-23,,,unavailable
2026-09-26,CTA,KTW,2026-12-24,11:15,121.28,ok
2026-09-26,CTA,KTW,2026-12-25,,,unavailable
2026-09-26,CTA,KTW,2026-12-26,09:15,210.24,ok
2026-09-26,CTA,KTW,2026-12-27,19:10,192.72,ok
2026-09-26,CTA,KTW,2026-12-28,09:10,244.81,ok
2026-09-26,CTA,KTW,2026-12-29,16:40,284.71,ok
2026-09-26,CTA,KTW,2026-12-30,,,unavailable
2026-09-26,CTA,KTW,2026-12-31,11:15,343.09,ok
2026-09-26,CTA,KTW,2027-01-01,21:00,477.05,ok
2026-09-26,CTA,KTW,2027-01-02,09:15,490.62,ok
2026-09-26,CTA,KTW,2027-01-03,19:10,423.86,ok
2026-09-26,CTA,KTW,2027-01-04,09:10,288.09,ok
2026-09-26,CTA,KTW,2027-01-05,,,unavailable
2026-09-26,CTA,KTW,2027-01-06,,,unavailable
2026-09-26,CTA,KTW,2027-01-07,,,unavailable
2026-09-26,CTA,KTW,2027-01-08,17:00,210.24,ok
2026-09-26,CTA,KTW,2027-01-09,,,unavailable
2026-09-26,CTA,KTW,2027-01-10,19:10,148.27,ok
2026-09-26,CTA,KTW,2027-01-11,,,unavailable
2026-09-26,CTA,KTW,2027-01-12,,,unavailable
2026-09-26,CTA,KTW,2027-01-13,,,unavailable
2026-09-26,CTA,KTW,2027-01-14,,,unavailable
2026-09-26,CTA,KTW,2027-01-15,17:00,131.38,ok
2026-09-26,CTA,KTW,2027-01-16,,,unavailable
2026-09-26,CTA,KTW,2027-01-17,19:10,127.00,ok
2026-09-26,CTA,KTW,2027-01-18,,,unavailable
2026-09-26,CTA,KTW,2027-01-19,,,unavailable
2026-09-26,CTA,KTW,2027-01-20,,,unavailable
2026-09-26,CTA,KTW,2027-01-21,,,unavailable
2026-09-26,CTA,KTW,2027-01-22,17:00,148.27,ok
2026-09-26,CTA,KTW,2027-01-23,,,unavailable
2026-09-26,CTA,KTW,2027-01-24,19:10,162.00,ok
2026-09-26,CTA,KTW,2027-01-25,,,unavailable
2026-09-26,CTA,KTW,2027-01-26,,,unavailable
2026-09-26,CTA,KTW,2027-01-27,,,unavailable
2026-09-26,CTA,KTW,2027-01-28,,,unavailable
2026-09-26,CTA,KTW,2027-01-29,17:00,374.67,ok
2026-09-26,CTA,KTW,2027-01-30,,,unavailable
2026-09-26,CTA,KTW,2027-01-31,19:10,162.00,ok
2026-09-26,CTA,KTW,2027-02-01,09:10,136.00,ok
2026-09-26,CTA,KTW,2027-02-02,,,unavailable
2026-09-26,CTA,KTW,2027-02-03,,,unavailable
2026-09-26,CTA,KTW,2027-02-04,11:15,136.00,ok
2026-09-26,CTA,KTW,2027-02-05,17:00,148.27,ok
2026-09-26,CTA,KTW,2027-02-06,09:15,136.00,ok
2026-09-26,CTA,KTW,2027-02-07,10:00,250.81,ok
2026-09-26,CTA,KTW,2027-02-08,09:10,245.29,ok
2026-09-26,CTA,KTW,2027-02-09,,,unavailable
2026-09-26,CTA,KTW,2027-02-10,,,unavailable
2026-09-26,CTA,KTW,2027-02-11,11:15,324.14,ok
2026-09-26,CTA,KTW,2027-02-12,21:00,136.00,ok
2026-09-26,CTA,KTW,2027-02-13,09:15,192.72,ok
2026-09-26,CTA,KTW,2027-02-14,10:00,176.02,ok
2026-09-26,CTA,KTW,2027-02-15,09:10,289.10,ok
2026-09-26,CTA,KTW,2027-02-16,,,unavailable
2026-09-26,CTA,KTW,2027-02-17,,,unavailable
2026-09-26,CTA,KTW,2027-02-18,11:15,249.67,ok
2026-09-26,CTA,KTW,2027-02-19,17:00,136.00,ok
2026-09-26,CTA,KTW,2027-02-20,09:15,136.00,ok
2026-09-26,CTA,KTW,2027-02-21,10:00,162.00,ok
2026-09-26,CTA,KTW,2027-02-22,09:10,162.00,ok
2026-09-26,CTA,KTW,2027-02-23,,,unavailable
2026-09-26,CTA,KTW,2027-02-24,,,unavailable
2026-09-26,CTA,KTW,2027-02-25,11:15,289.10,ok
2026-09-26,CTA,KTW,2027-02-26,17:00,162.00,ok
2026-09-26,CTA,KTW,2027-02-27,09:15,196.00,ok
2026-09-26,CTA,KTW,2027-02-28,19:10,230.00,ok
2026-09-26,CTA,KTW,2027-03-01,09:10,271.57,ok
2026-09-26,CTA,KTW,2027-03-02,,,unavailable
2026-09-26,CTA,KTW,2027-03-03,,,unavailable
2026-09-26,CTA,KTW,2027-03-04,11:15,136.00,ok
2026-09-26,CTA,KTW,2027-03-05,21:00,136.00,ok
2026-09-26,CTA,KTW,2027-03-06,09:15,210.24,ok
2026-09-26,CTA,KTW,2027-03-07,19:10,230.00,ok
2026-09-26,CTA,KTW,2027-03-08,09:10,249.67,ok
2026-09-26,CTA,KTW,2027-03-09,,,unavailable
2026-09-26,CTA,KTW,2027-03-10,,,unavailable
2026-09-26,CTA,KTW,2027-03-11,11:15,201.48,ok
2026-09-26,CTA,KTW,2027-03-12,21:00,162.00,ok
2026-09-26,CTA,KTW,2027-03-13,09:15,201.48,ok
2026-09-26,CTA,KTW,2027-03-14,10:00,192.72,ok
2026-09-26,CTA,KTW,2027-03-15,09:10,315.38,ok
2026-09-26,CTA,KTW,2027-03-16,,,unavailable
2026-09-26,CTA,KTW,2027-03-17,,,unavailable
2026-09-26,CTA,KTW,2027-03-18,11:15,196.00,ok
2026-09-26,CTA,KTW,2027-03-19,17:00,183.95,ok
2026-09-26,CTA,KTW,2027-03-20,09:15,196.00,ok
2026-09-26,CTA,KTW,2027-03-21,19:10,170.81,ok
2026-09-26,CTA,KTW,2027-03-22,09:10,196.00,ok
2026-09-26,CTA,KTW,2027-03-23,,,unavailable
2026-09-26,CTA,KTW,2027-03-24,,,unavailable
2026-09-26,CTA,KTW,2027-03-25,11:15,192.72,ok
2026-09-26,CTA,KTW,2027-03-26,21:00,196.00,ok
2026-09-26,CTA,KTW,2027-03-27,09:15,214.62,ok
2026-09-26,CTA,KTW,2027-03-28,,,unavailable
2026-09-26,CTA,KTW,2027-03-29,10:25,586.00,ok
2026-09-26,CTA,KTW,2027-03-30,09:45,586.00,ok
2026-09-26,CTA,KTW,2027-03-31,,,unavailable
2026-09-26,CTA,KTW,2027-04-01,17:20,485.00,ok
2026-09-26,CTA,KTW,2027-04-02,12:00,485.00,ok
2026-09-26,CTA,KTW,2027-04-03,14:30,485.00,ok
2026-09-26,CTA,KTW,2027-04-04,,,unavailable
2026-09-26,CTA,KTW,2027-04-05,10:25,344.00,ok
2026-09-26,CTA,KTW,2027-04-06,09:45,344.00,ok
2026-09-26,CTA,KTW,2027-04-07,,,unavailable
2026-09-26,CTA,KTW,2027-04-08,17:20,302.00,ok
2026-09-26,CTA,KTW,2027-04-09,12:00,302.00,ok
2026-09-26,CTA,KTW,2027-04-10,14:30,302.00,ok
2026-09-26,CTA,KTW,2027-04-11,,,unavailable
2026-09-26,CTA,KTW,2027-04-12,10:25,344.00,ok
2026-09-26,CTA,KTW,2027-04-13,09:45,344.00,ok
2026-09-26,CTA,KTW,2027-04-14,,,unavailable
2026-09-26,CTA,KTW,2027-04-15,17:20,302.00,ok
2026-09-26,CTA,KTW,2027-04-16,12:00,302.00,ok
2026-09-26,CTA,KTW,2027-04-17,14:30,302.00,ok
2026-09-26,CTA,KTW,2027-04-18,,,unavailable
2026-09-26,CTA,KTW,2027-04-19,10:25,391.00,ok
2026-09-26,CTA,KTW,2027-04-20,09:45,391.00,ok
2026-09-26,CTA,KTW,2027-04-21,,,unavailable
2026-09-26,CTA,KTW,2027-04-22,17:20,302.00,ok
2026-09-26,CTA,KTW,2027-04-23,12:00,302.00,ok
2026-09-26,CTA,KTW,2027-04-24,14:30,302.00,ok
2026-09-26,CTA,KTW,2027-04-25,,,unavailable
2026-09-26,CTA,KTW,2027-04-26,10:25,391.00,ok
2026-09-26,CTA,KTW,2027-04-27,09:45,391.00,ok
2026-09-26,CTA,KTW,2027-04-28,,,unavailable
2026-09-26,CTA,KTW,2027-04-29,17:20,344.00,ok
2026-09-26,CTA,KTW,2027-04-30,12:00,348.38,ok
2026-09-26,CTA,KTW,2027-05-01,14:30,485.00,ok
2026-09-26,CTA,KTW,2027-05-02,,,unavailable
2026-09-26,CTA,KTW,2027-05-03,10:25,539.38,ok
2026-09-26,CTA,KTW,2027-05-04,09:45,535.00,ok
2026-09-26,CTA,KTW,2027-05-05,,,unavailable
2026-09-26,CTA,KTW,2027-05-06,17:20,306.38,ok
2026-09-26,CTA,KTW,2027-05-07,12:00,302.00,ok
2026-09-26,CTA,KTW,2027-05-08,14:30,391.00,ok
2026-09-26,CTA,KTW,2027-05-09,,,unavailable
2026-09-26,CTA,KTW,2027-05-10,10:25,391.00,ok
2026-09-26,CTA,KTW,2027-05-11,09:45,391.00,ok
2026-09-26,CTA,KTW,2027-05-12,,,unavailable
2026-09-26,CTA,KTW,2027-05-13,17:20,344.00,ok
2026-09-26,CTA,KTW,2027-05-14,12:00,302.00,ok
2026-09-26,CTA,KTW,2027-05-15,14:30,391.00,ok
2026-09-26,CTA,KTW,2027-05-16,,,unavailable
2026-09-26,CTA,KTW,2027-05-17,10:25,442.00,ok
2026-09-26,CTA,KTW,2027-05-18,09:45,442.00,ok
2026-09-26,CTA,KTW,2027-05-19,,,unavailable
2026-09-26,CTA,KTW,2027-05-20,17:20,302.00,ok
2026-09-26,CTA,KTW,2027-05-21,12:00,344.00,ok
2026-09-26,CTA,KTW,2027-05-22,14:30,344.00,ok
2026-09-26,CTA,KTW,2027-05-23,,,unavailable
2026-09-26,CTA,KTW,2027-05-24,10:25,391.00,ok
2026-09-26,CTA,KTW,2027-05-25,09:45,391.00,ok
2026-09-26,CTA,KTW,2027-05-26,,,unavailable
2026-09-26,CTA,KTW,2027-05-27,17:20,306.38,ok
2026-09-26,CTA,KTW,2027-05-28,12:00,302.00,ok
2026-09-26,CTA,KTW,2027-05-29,14:30,302.00,ok
2026-09-26,CTA,KTW,2027-05-30,,,unavailable
2026-09-26,CTA,KTW,2027-05-31,10:25,391.00,ok
2026-09-26,CTA,KTW,2027-06-01,09:45,391.00,ok
2026-09-26,CTA,KTW,2027-06-02,,,unavailable
2026-09-26,CTA,KTW,2027-06-03,17:20,302.00,ok
2026-09-26,CTA,KTW,2027-06-04,12:00,344.00,ok
2026-09-26,CTA,KTW,2027-06-05,14:30,442.00,ok
2026-09-26,CTA,KTW,2027-06-06,,,unavailable
2026-09-26,CTA,KTW,2027-06-07,10:25,535.00,ok
2026-09-26,CTA,KTW,2027-06-08,09:45,535.00,ok
2026-09-26,CTA,KTW,2027-06-09,,,unavailable
2026-09-26,CTA,KTW,2027-06-10,17:20,302.00,ok
2026-09-26,CTA,KTW,2027-06-11,12:00,344.00,ok
2026-09-26,CTA,KTW,2027-06-12,14:30,302.00,ok
2026-09-26,CTA,KTW,2027-06-13,,,unavailable
2026-09-26,CTA,KTW,2027-06-14,10:25,391.00,ok
2026-09-26,CTA,KTW,2027-06-15,09:45,391.00,ok
2026-09-26,CTA,KTW,2027-06-16,,,unavailable
2026-09-26,CTA,KTW,2027-06-17,17:20,302.00,ok
2026-09-26,CTA,KTW,2027-06-18,12:00,302.00,ok
2026-09-26,CTA,KTW,2027-06-19,14:30,302.00,ok
2026-09-26,CTA,KTW,2027-06-20,,,unavailable
2026-09-26,CTA,KTW,2027-06-21,10:25,391.00,ok
2026-09-26,CTA,KTW,2027-06-22,09:45,391.00,ok
2026-09-26,CTA,KTW,2027-06-23,,,unavailable
2026-09-26,CTA,KTW,2027-06-24,17:20,302.00,ok
2026-09-26,CTA,KTW,2027-06-25,12:00,302.00,ok
2026-09-26,CTA,KTW,2027-06-26,14:30,302.00,ok
2026-09-26,CTA,KTW,2027-06-27,,,unavailable
2026-09-26,CTA,KTW,2027-06-28,10:25,344.00,ok
2026-09-26,CTA,KTW,2027-06-29,09:45,344.00,ok
2026-09-26,CTA,KTW,2027-06-30,,,unavailable
2026-09-26,CTA,KTW,2027-07-01,17:20,306.38,ok
2026-09-26,CTA,KTW,2027-07-02,12:00,302.00,ok
2026-09-26,CTA,KTW,2027-07-03,14:30,344.00,ok
2026-09-26,CTA,KTW,2027-07-04,,,unavailable
2026-09-26,CTA,KTW,2027-07-05,10:25,442.00,ok
2026-09-26,CTA,KTW,2027-07-06,09:45,442.00,ok
2026-09-26,CTA,KTW,2027-07-07,,,unavailable
2026-09-26,CTA,KTW,2027-07-08,17:20,391.00,ok
2026-09-26,CTA,KTW,2027-07-09,12:00,391.00,ok
2026-09-26,CTA,KTW,2027-07-10,14:30,442.00,ok
2026-09-26,CTA,KTW,2027-07-11,,,unavailable
2026-09-26,CTA,KTW,2027-07-12,10:25,485.00,ok
2026-09-26,CTA,KTW,2027-07-13,09:45,489.38,ok
2026-09-26,CTA,KTW,2027-07-14,,,unavailable
2026-09-26,CTA,KTW,2027-07-15,17:20,391.00,ok
2026-09-26,CTA,KTW,2027-07-16,12:00,391.00,ok
2026-09-26,CTA,KTW,2027-07-17,14:30,391.00,ok
2026-09-26,CTA,KTW,2027-07-18,,,unavailable
2026-09-26,CTA,KTW,2027-07-19,10:25,485.00,ok
2026-09-26,CTA,KTW,2027-07-20,09:45,485.00,ok
2026-09-26,CTA,KTW,2027-07-21,,,unavailable
2026-09-26,CTA,KTW,2027-07-22,17:20,485.00,ok
2026-09-26,CTA,KTW,2027-07-23,12:00,442.00,ok
2026-09-26,CTA,KTW,2027-07-24,14:30,442.00,ok
2026-09-26,CTA,KTW,2027-07-25,,,unavailable
2026-09-26,CTA,KTW,2027-07-26,10:25,535.00,ok
2026-09-26,CTA,KTW,2027-07-27,09:45,535.00,ok
2026-09-26,CTA,KTW,2027-07-28,,,unavailable
2026-09-26,CTA,KTW,2027-07-29,17:20,485.00,ok
2026-09-26,CTA,KTW,2027-07-30,12:00,485.00,ok
2026-09-26,CTA,KTW,2027-07-31,14:30,485.00,ok
2026-09-26,CTA,KTW,2027-08-01,,,unavailable
2026-09-26,CTA,KTW,2027-08-02,10:25,485.00,ok
2026-09-26,CTA,KTW,2027-08-03,09:45,485.00,ok
2026-09-26,CTA,KTW,2027-08-04,,,unavailable
2026-09-26,CTA,KTW,2027-08-05,17:20,485.00,ok
2026-09-26,CTA,KTW,2027-08-06,12:00,485.00,ok
2026-09-26,CTA,KTW,2027-08-07,14:30,535.00,ok
2026-09-26,CTA,KTW,2027-08-08,,,unavailable
2026-09-26,CTA,KTW,2027-08-09,10:25,535.00,ok
2026-09-26,CTA,KTW,2027-08-10,09:45,535.00,ok
2026-09-26,CTA,KTW,2027-08-11,,,unavailable
2026-09-26,CTA,KTW,2027-08-12,17:20,642.00,ok
2026-09-26,CTA,KTW,2027-08-13,12:00,642.00,ok
2026-09-26,CTA,KTW,2027-08-14,14:30,642.00,ok
2026-09-26,CTA,KTW,2027-08-15,,,unavailable
2026-09-26,CTA,KTW,2027-08-16,10:25,586.00,ok
2026-09-26,CTA,KTW,2027-08-17,09:45,586.00,ok
2026-09-26,CTA,KTW,2027-08-18,,,unavailable
2026-09-26,CTA,KTW,2027-08-19,17:20,442.00,ok
2026-09-26,CTA,KTW,2027-08-20,12:00,442.00,ok
2026-09-26,CTA,KTW,2027-08-21,14:30,442.00,ok
2026-09-26,CTA,KTW,2027-08-22,,,unavailable
2026-09-26,CTA,KTW,2027-08-23,10:25,485.00,ok
2026-09-26,CTA,KTW,2027-08-24,09:45,344.00,ok
2026-09-26,CTA,KTW,2027-08-25,,,unavailable
2026-09-26,CTA,KTW,2027-08-26,17:20,391.00,ok
2026-09-26,CTA,KTW,2027-08-27,12:00,391.00,ok
2026-09-26,CTA,KTW,2027-08-28,14:30,442.00,ok
2026-09-26,CTA,KTW,2027-08-29,,,unavailable
2026-09-26,CTA,KTW,2027-08-30,10:25,485.00,ok
2026-09-26,CTA,KTW,2027-08-31,09:45,485.00,ok
2026-09-26,KTW,DBV,2026-09-26,,,unavailable
2026-09-26,KTW,DBV,2026-09-27,23:15,74.00,ok
2026-09-26,KTW,DBV,2026-09-28,,,unavailable
2026-09-26,KTW,DBV,2026-09-29,08:10,74.00,ok
2026-09-26,KTW,DBV,2026-09-30,,,unavailable
2026-09-26,KTW,DBV,2026-10-01,,,unavailable
2026-09-26,KTW,DBV,2026-10-02,13:20,207.55,ok
2026-09-26,KTW,DBV,2026-10-03,,,unavailable
2026-09-26,KTW,DBV,2026-10-04,23:15,65.67,ok
2026-09-26,KTW,DBV,2026-10-05,,,unavailable
2026-09-26,KTW,DBV,2026-10-06,,,unavailable
2026-09-26,KTW,DBV,2026-10-07,,,unavailable
2026-09-26,KTW,DBV,2026-10-08,,,unavailable
2026-09-26,KTW,DBV,2026-10-09,13:20,143.06,ok
2026-09-26,KTW,DBV,2026-10-10,,,unavailable
2026-09-26,KTW,DBV,2026-10-11,23:15,74.00,ok
2026-09-26,KTW,DBV,2026-10-12,,,unavailable
2026-09-26,KTW,DBV,2026-10-13,,,unavailable
2026-09-26,KTW,DBV,2026-10-14,,,unavailable
2026-09-26,KTW,DBV,2026-10-15,,,unavailable
2026-09-26,KTW,DBV,2026-10-16,13:20,363.57,ok
2026-09-26,KTW,DBV,2026-10-17,,,unavailable
2026-09-26,KTW,DBV,2026-10-18,23:15,65.67,ok
2026-09-26,KTW,DBV,2026-10-19,,,unavailable
2026-09-26,KTW,DBV,2026-10-20,,,unavailable
2026-09-26,KTW,DBV,2026-10-21,,,unavailable
2026-09-26,KTW,DBV,2026-10-22,,,unavailable
2026-09-26,KTW,DBV,2026-10-23,13:20,65.67,ok
2026-09-26,KTW,DBV,2026-10-24,,,unavailable
2026-09-26,KTW,DBV,2026-10-25,,,unavailable
2026-09-26,KTW,DBV,2026-10-26,,,unavailable
2026-09-26,KTW,DBV,2026-10-27,,,unavailable
2026-09-26,KTW,DBV,2026-10-28,,,unavailable
2026-09-26,KTW,DBV,2026-10-29,,,unavailable
2026-09-26,KTW,DBV,2026-10-30,,,unavailable
2026-09-26,KTW,DBV,2026-10-31,,,unavailable
2026-09-26,KTW,DBV,2026-11-01,,,unavailable
2026-09-26,KTW,DBV,2026-11-02,,,unavailable
2026-09-26,KTW,DBV,2026-11-03,,,unavailable
2026-09-26,KTW,DBV,2026-11-04,,,unavailable
2026-09-26,KTW,DBV,2026-11-05,,,unavailable
2026-09-26,KTW,DBV,2026-11-06,,,unavailable
2026-09-26,KTW,DBV,2026-11-07,,,unavailable
2026-09-26,KTW,DBV,2026-11-08,,,unavailable
2026-09-26,KTW,DBV,2026-11-09,,,unavailable
2026-09-26,KTW,DBV,2026-11-10,,,unavailable
2026-09-26,KTW,DBV,2026-11-11,,,unavailable
2026-09-26,KTW,DBV,2026-11-12,,,unavailable
2026-09-26,KTW,DBV,2026-11-13,,,unavailable
2026-09-26,KTW,DBV,2026-11-14,,,unavailable
2026-09-26,KTW,DBV,2026-11-15,,,unavailable
2026-09-26,KTW,DBV,2026-11-16,,,unavailable
2026-09-26,KTW,DBV,2026-11-17,,,unavailable
2026-09-26,KTW,DBV,2026-11-18,,,unavailable
2026-09-26,KTW,DBV,2026-11-19,,,unavailable
2026-09-26,KTW,DBV,2026-11-20,,,unavailable
2026-09-26,KTW,DBV,2026-11-21,,,unavailable
2026-09-26,KTW,DBV,2026-11-22,,,unavailable
2026-09-26,KTW,DBV,2026-11-23,,,unavailable
2026-09-26,KTW,DBV,2026-11-24,,,unavailable
2026-09-26,KTW,DBV,2026-11-25,,,unavailable
2026-09-26,KTW,DBV,2026-11-26,,,unavailable
2026-09-26,KTW,DBV,2026-11-27,,,unavailable
2026-09-26,KTW,DBV,2026-11-28,,,unavailable
2026-09-26,KTW,DBV,2026-11-29,,,unavailable
2026-09-26,KTW,DBV,2026-11-30,,,unavailable
2026-09-26,KTW,DBV,2026-12-01,,,unavailable
2026-09-26,KTW,DBV,2026-12-02,,,unavailable
2026-09-26,KTW,DBV,2026-12-03,,,unavailable
2026-09-26,KTW,DBV,2026-12-04,,,unavailable
2026-09-26,KTW,DBV,2026-12-05,,,unavailable
2026-09-26,KTW,DBV,2026-12-06,,,unavailable
2026-09-26,KTW,DBV,2026-12-07,,,unavailable
2026-09-26,KTW,DBV,2026-12-08,,,unavailable
2026-09-26,KTW,DBV,2026-12-09,,,unavailable
2026-09-26,KTW,DBV,2026-12-10,,,unavailable
2026-09-26,KTW,DBV,2026-12-11,,,unavailable
2026-09-26,KTW,DBV,2026-12-12,,,unavailable
2026-09-26,KTW,DBV,2026-12-13,,,unavailable
2026-09-26,KTW,DBV,2026-12-14,,,unavailable
2026-09-26,KTW,DBV,2026-12-15,,,unavailable
2026-09-26,KTW,DBV,2026-12-16,,,unavailable
2026-09-26,KTW,DBV,2026-12-17,,,unavailable
2026-09-26,KTW,DBV,2026-12-18,,,unavailable
2026-09-26,KTW,DBV,2026-12-19,,,unavailable
2026-09-26,KTW,DBV,2026-12-20,,,unavailable
2026-09-26,KTW,DBV,2026-12-21,,,unavailable
2026-09-26,KTW,DBV,2026-12-22,,,unavailable
2026-09-26,KTW,DBV,2026-12-23,,,unavailable
2026-09-26,KTW,DBV,2026-12-24,,,unavailable
2026-09-26,KTW,DBV,2026-12-25,,,unavailable
2026-09-26,KTW,DBV,2026-12-26,,,unavailable
2026-09-26,KTW,DBV,2026-12-27,,,unavailable
2026-09-26,KTW,DBV,2026-12-28,,,unavailable
2026-09-26,KTW,DBV,2026-12-29,,,unavailable
2026-09-26,KTW,DBV,2026-12-30,,,unavailable
2026-09-26,KTW,DBV,2026-12-31,,,unavailable
2026-09-26,KTW,DBV,2027-01-01,,,unavailable
2026-09-26,KTW,DBV,2027-01-02,,,unavailable
2026-09-26,KTW,DBV,2027-01-03,,,unavailable
2026-09-26,KTW,DBV,2027-01-04,,,unavailable
2026-09-26,KTW,DBV,2027-01-05,,,unavailable
2026-09-26,KTW,DBV,2027-01-06,,,unavailable
2026-09-26,KTW,DBV,2027-01-07,,,unavailable
2026-09-26,KTW,DBV,2027-01-08,,,unavailable
2026-09-26,KTW,DBV,2027-01-09,,,unavailable
2026-09-26,KTW,DBV,2027-01-10,,,unavailable
2026-09-26,KTW,DBV,2027-01-11,,,unavailable
2026-09-26,KTW,DBV,2027-01-12,,,unavailable
2026-09-26,KTW,DBV,2027-01-13,,,unavailable
2026-09-26,KTW,DBV,2027-01-14,,,unavailable
2026-09-26,KTW,DBV,2027-01-15,,,unavailable
2026-09-26,KTW,DBV,2027-01-16,,,unavailable
2026-09-26,KTW,DBV,2027-01-17,,,unavailable
2026-09-26,KTW,DBV,2027-01-18,,,unavailable
2026-09-26,KTW,DBV,2027-01-19,,,unavailable
2026-09-26,KTW,DBV,2027-01-20,,,unavailable
2026-09-26,KTW,DBV,2027-01-21,,,unavailable
2026-09-26,KTW,DBV,2027-01-22,,,unavailable
2026-09-26,KTW,DBV,2027-01-23,,,unavailable
2026-09-26,KTW,DBV,2027-01-24,,,unavailable
2026-09-26,KTW,DBV,2027-01-25,,,unavailable
2026-09-26,KTW,DBV,2027-01-26,,,unavailable
2026-09-26,KTW,DBV,2027-01-27,,,unavailable
2026-09-26,KTW,DBV,2027-01-28,,,unavailable
2026-09-26,KTW,DBV,2027-01-29,,,unavailable
2026-09-26,KTW,DBV,2027-01-30,,,unavailable
2026-09-26,KTW,DBV,2027-01-31,,,unavailable
2026-09-26,KTW,DBV,2027-02-01,,,unavailable
2026-09-26,KTW,DBV,2027-02-02,,,unavailable
2026-09-26,KTW,DBV,2027-02-03,,,unavailable
2026-09-26,KTW,DBV,2027-02-04,,,unavailable
2026-09-26,KTW,DBV,2027-02-05,,,unavailable
2026-09-26,KTW,DBV,2027-02-06,,,unavailable
2026-09-26,KTW,DBV,2027-02-07,,,unavailable
2026-09-26,KTW,DBV,2027-02-08,,,unavailable
2026-09-26,KTW,DBV,2027-02-09,,,unavailable
2026-09-26,KTW,DBV,2027-02-10,,,unavailable
2026-09-26,KTW,DBV,2027-02-11,,,unavailable
2026-09-26,KTW,DBV,2027-02-12,,,unavailable
2026-09-26,KTW,DBV,2027-02-13,,,unavailable
2026-09-26,KTW,DBV,2027-02-14,,,unavailable
2026-09-26,KTW,DBV,2027-02-15,,,unavailable
2026-09-26,KTW,DBV,2027-02-16,,,unavailable
2026-09-26,KTW,DBV,2027-02-17,,,unavailable
2026-09-26,KTW,DBV,2027-02-18,,,unavailable
2026-09-26,KTW,DBV,2027-02-19,,,unavailable
2026-09-26,KTW,DBV,2027-02-20,,,unavailable
2026-09-26,KTW,DBV,2027-02-21,,,unavailable
2026-09-26,KTW,DBV,2027-02-22,,,unavailable
2026-09-26,KTW,DBV,2027-02-23,,,unavailable
2026-09-26,KTW,DBV,2027-02-24,,,unavailable
2026-09-26,KTW,DBV,2027-02-25,,,unavailable
2026-09-26,KTW,DBV,2027-02-26,,,unavailable
2026-09-26,KTW,DBV,2027-02-27,,,unavailable
2026-09-26,KTW,DBV,2027-02-28,,,unavailable
2026-09-26,KTW,DBV,2027-03-01,,,unavailable
2026-09-26,KTW,DBV,2027-03-02,,,unavailable
2026-09-26,KTW,DBV,2027-03-03,,,unavailable
2026-09-26,KTW,DBV,2027-03-04,,,unavailable
2026-09-26,KTW,DBV,2027-03-05,,,unavailable
2026-09-26,KTW,DBV,2027-03-06,,,unavailable
2026-09-26,KTW,DBV,2027-03-07,,,unavailable
2026-09-26,KTW,DBV,2027-03-08,,,unavailable
2026-09-26,KTW,DBV,2027-03-09,,,unavailable
2026-09-26,KTW,DBV,2027-03-10,,,unavailable
2026-09-26,KTW,DBV,2027-03-11,,,unavailable
2026-09-26,KTW,DBV,2027-03-12,,,unavailable
2026-09-26,KTW,DBV,2027-03-13,,,unavailable
2026-09-26,KTW,DBV,2027-03-14,,,unavailable
2026-09-26,KTW,DBV,2027-03-15,,,unavailable
2026-09-26,KTW,DBV,2027-03-16,,,unavailable
2026-09-26,KTW,DBV,2027-03-17,,,unavailable
2026-09-26,KTW,DBV,2027-03-18,,,unavailable
2026-09-26,KTW,DBV,2027-03-19,,,unavailable
2026-09-26,KTW,DBV,2027-03-20,,,unavailable
2026-09-26,KTW,DBV,2027-03-21,,,unavailable
2026-09-26,KTW,DBV,2027-03-22,,,unavailable
2026-09-26,KTW,DBV,2027-03-23,,,unavailable
2026-09-26,KTW,DBV,2027-03-24,,,unavailable
2026-09-26,KTW,DBV,2027-03-25,,,unavailable
2026-09-26,KTW,DBV,2027-03-26,,,unavailable
2026-09-26,KTW,DBV,2027-03-27,,,unavailable
2026-09-26,KTW,DBV,2027-03-28,20:00,272.00,ok
2026-09-26,KTW,DBV,2027-03-29,,,unavailable
2026-09-26,KTW,DBV,2027-03-30,,,unavailable
2026-09-26,KTW,DBV,2027-03-31,,,unavailable
2026-09-26,KTW,DBV,2027-04-01,,,unavailable
2026-09-26,KTW,DBV,2027-04-02,21:25,272.00,ok
2026-09-26,KTW,DBV,2027-04-03,,,unavailable
2026-09-26,KTW,DBV,2027-04-04,20:00,272.00,ok
2026-09-26,KTW,DBV,2027-04-05,,,unavailable
2026-09-26,KTW,DBV,2027-04-06,,,unavailable
2026-09-26,KTW,DBV,2027-04-07,,,unavailable
2026-09-26,KTW,DBV,2027-04-08,,,unavailable
2026-09-26,KTW,DBV,2027-04-09,21:25,310.00,ok
2026-09-26,KTW,DBV,2027-04-10,,,unavailable
2026-09-26,KTW,DBV,2027-04-11,20:00,272.00,ok
2026-09-26,KTW,DBV,2027-04-12,,,unavailable
2026-09-26,KTW,DBV,2027-04-13,,,unavailable
2026-09-26,KTW,DBV,2027-04-14,,,unavailable
2026-09-26,KTW,DBV,2027-04-15,,,unavailable
2026-09-26,KTW,DBV,2027-04-16,21:25,357.00,ok
2026-09-26,KTW,DBV,2027-04-17,,,unavailable
2026-09-26,KTW,DBV,2027-04-18,20:00,272.00,ok
2026-09-26,KTW,DBV,2027-04-19,,,unavailable
2026-09-26,KTW,DBV,2027-04-20,,,unavailable
2026-09-26,KTW,DBV,2027-04-21,,,unavailable
2026-09-26,KTW,DBV,2027-04-22,,,unavailable
2026-09-26,KTW,DBV,2027-04-23,21:25,404.00,ok
2026-09-26,KTW,DBV,2027-04-24,,,unavailable
2026-09-26,KTW,DBV,2027-04-25,20:00,272.00,ok
2026-09-26,KTW,DBV,2027-04-26,,,unavailable
2026-09-26,KTW,DBV,2027-04-27,,,unavailable
2026-09-26,KTW,DBV,2027-04-28,,,unavailable
2026-09-26,KTW,DBV,2027-04-29,,,unavailable
2026-09-26,KTW,DBV,2027-04-30,21:25,493.38,ok
2026-09-26,KTW,DBV,2027-05-01,,,unavailable
2026-09-26,KTW,DBV,2027-05-02,20:00,272.00,ok
2026-09-26,KTW,DBV,2027-05-03,,,unavailable
2026-09-26,KTW,DBV,2027-05-04,,,unavailable
2026-09-26,KTW,DBV,2027-05-05,,,unavailable
2026-09-26,KTW,DBV,2027-05-06,,,unavailable
2026-09-26,KTW,DBV,2027-05-07,21:25,404.00,ok
2026-09-26,KTW,DBV,2027-05-08,,,unavailable
2026-09-26,KTW,DBV,2027-05-09,20:00,272.00,ok
2026-09-26,KTW,DBV,2027-05-10,,,unavailable
2026-09-26,KTW,DBV,2027-05-11,,,unavailable
2026-09-26,KTW,DBV,2027-05-12,,,unavailable
2026-09-26,KTW,DBV,2027-05-13,,,unavailable
2026-09-26,KTW,DBV,2027-05-14,21:25,310.00,ok
2026-09-26,KTW,DBV,2027-05-15,,,unavailable
2026-09-26,KTW,DBV,2027-05-16,20:00,272.00,ok
2026-09-26,KTW,DBV,2027-05-17,,,unavailable
2026-09-26,KTW,DBV,2027-05-18,,,unavailable
2026-09-26,KTW,DBV,2027-05-19,,,unavailable
2026-09-26,KTW,DBV,2027-05-20,,,unavailable
2026-09-26,KTW,DBV,2027-05-21,21:25,404.00,ok
2026-09-26,KTW,DBV,2027-05-22,,,unavailable
2026-09-26,KTW,DBV,2027-05-23,20:00,272.00,ok
2026-09-26,KTW,DBV,2027-05-24,,,unavailable
2026-09-26,KTW,DBV,2027-05-25,,,unavailable
2026-09-26,KTW,DBV,2027-05-26,,,unavailable
2026-09-26,KTW,DBV,2027-05-27,,,unavailable
2026-09-26,KTW,DBV,2027-05-28,21:25,310.00,ok
2026-09-26,KTW,DBV,2027-05-29,,,unavailable
2026-09-26,KTW,DBV,2027-05-30,20:00,276.38,ok
2026-09-26,KTW,DBV,2027-05-31,,,unavailable
2026-09-26,KTW,DBV,2027-06-01,,,unavailable
2026-09-26,KTW,DBV,2027-06-02,,,unavailable
2026-09-26,KTW,DBV,2027-06-03,,,unavailable
2026-09-26,KTW,DBV,2027-06-04,21:25,357.00,ok
2026-09-26,KTW,DBV,2027-06-05,,,unavailable
2026-09-26,KTW,DBV,2027-06-06,20:00,272.00,ok
2026-09-26,KTW,DBV,2027-06-07,,,unavailable
2026-09-26,KTW,DBV,2027-06-08,,,unavailable
2026-09-26,KTW,DBV,2027-06-09,,,unavailable
2026-09-26,KTW,DBV,2027-06-10,,,unavailable
2026-09-26,KTW,DBV,2027-06-11,21:25,310.00,ok
2026-09-26,KTW,DBV,2027-06-12,,,unavailable
2026-09-26,KTW,DBV,2027-06-13,20:00,272.00,ok
2026-09-26,KTW,DBV,2027-06-14,,,unavailable
2026-09-26,KTW,DBV,2027-06-15,,,unavailable
2026-09-26,KTW,DBV,2027-06-16,,,unavailable
2026-09-26,KTW,DBV,2027-06-17,,,unavailable
2026-09-26,KTW,DBV,2027-06-18,21:25,357.00,ok
2026-09-26,KTW,DBV,2027-06-19,,,unavailable
2026-09-26,KTW,DBV,2027-06-20,20:00,272.00,ok
2026-09-26,KTW,DBV,2027-06-21,,,unavailable
2026-09-26,KTW,DBV,2027-06-22,,,unavailable
2026-09-26,KTW,DBV,2027-06-23,,,unavailable
2026-09-26,KTW,DBV,2027-06-24,,,unavailable
2026-09-26,KTW,DBV,2027-06-25,21:25,357.00,ok
2026-09-26,KTW,DBV,2027-06-26,,,unavailable
2026-09-26,KTW,DBV,2027-06-27,20:00,272.00,ok
2026-09-26,KTW,DBV,2027-06-28,,,unavailable
2026-09-26,KTW,DBV,2027-06-29,,,unavailable
2026-09-26,KTW,DBV,2027-06-30,,,unavailable
2026-09-26,KTW,DBV,2027-07-01,,,unavailable
2026-09-26,KTW,DBV,2027-07-02,21:25,310.00,ok
2026-09-26,KTW,DBV,2027-07-03,,,unavailable
2026-09-26,KTW,DBV,2027-07-04,20:00,272.00,ok
2026-09-26,KTW,DBV,2027-07-05,,,unavailable
2026-09-26,KTW,DBV,2027-07-06,,,unavailable
2026-09-26,KTW,DBV,2027-07-07,,,unavailable
2026-09-26,KTW,DBV,2027-07-08,,,unavailable
2026-09-26,KTW,DBV,2027-07-09,21:25,357.00,ok
2026-09-26,KTW,DBV,2027-07-10,,,unavailable
2026-09-26,KTW,DBV,2027-07-11,20:00,272.00,ok
2026-09-26,KTW,DBV,2027-07-12,,,unavailable
2026-09-26,KTW,DBV,2027-07-13,,,unavailable
2026-09-26,KTW,DBV,2027-07-14,,,unavailable
2026-09-26,KTW,DBV,2027-07-15,,,unavailable
2026-09-26,KTW,DBV,2027-07-16,21:25,357.00,ok
2026-09-26,KTW,DBV,2027-07-17,,,unavailable
2026-09-26,KTW,DBV,2027-07-18,20:00,272.00,ok
2026-09-26,KTW,DBV,2027-07-19,,,unavailable
2026-09-26,KTW,DBV,2027-07-20,,,unavailable
2026-09-26,KTW,DBV,2027-07-21,,,unavailable
2026-09-26,KTW,DBV,2027-07-22,,,unavailable
2026-09-26,KTW,DBV,2027-07-23,21:25,310.00,ok
2026-09-26,KTW,DBV,2027-07-24,,,unavailable
2026-09-26,KTW,DBV,2027-07-25,20:00,272.00,ok
2026-09-26,KTW,DBV,2027-07-26,,,unavailable
2026-09-26,KTW,DBV,2027-07-27,,,unavailable
2026-09-26,KTW,DBV,2027-07-28,,,unavailable
2026-09-26,KTW,DBV,2027-07-29,,,unavailable
2026-09-26,KTW,DBV,2027-07-30,21:25,310.00,ok
2026-09-26,KTW,DBV,2027-07-31,,,unavailable
2026-09-26,KTW,DBV,2027-08-01,20:00,272.00,ok
2026-09-26,KTW,DBV,2027-08-02,,,unavailable
2026-09-26,KTW,DBV,2027-08-03,,,unavailable
2026-09-26,KTW,DBV,2027-08-04,,,unavailable
2026-09-26,KTW,DBV,2027-08-05,,,unavailable
2026-09-26,KTW,DBV,2027-08-06,21:25,310.00,ok
2026-09-26,KTW,DBV,2027-08-07,,,unavailable
2026-09-26,KTW,DBV,2027-08-08,20:00,272.00,ok
2026-09-26,KTW,DBV,2027-08-09,,,unavailable
2026-09-26,KTW,DBV,2027-08-10,,,unavailable
2026-09-26,KTW,DBV,2027-08-11,,,unavailable
2026-09-26,KTW,DBV,2027-08-12,,,unavailable
2026-09-26,KTW,DBV,2027-08-13,21:25,357.00,ok
2026-09-26,KTW,DBV,2027-08-14,,,unavailable
2026-09-26,KTW,DBV,2027-08-15,20:00,272.00,ok
2026-09-26,KTW,DBV,2027-08-16,,,unavailable
2026-09-26,KTW,DBV,2027-08-17,,,unavailable
2026-09-26,KTW,DBV,2027-08-18,,,unavailable
2026-09-26,KTW,DBV,2027-08-19,,,unavailable
2026-09-26,KTW,DBV,2027-08-20,21:25,357.00,ok
2026-09-26,KTW,DBV,2027-08-21,,,unavailable
2026-09-26,KTW,DBV,2027-08-22,20:00,272.00,ok
2026-09-26,KTW,DBV,2027-08-23,,,unavailable
2026-09-26,KTW,DBV,2027-08-24,,,unavailable
2026-09-26,KTW,DBV,2027-08-25,,,unavailable
2026-09-26,KTW,DBV,2027-08-26,,,unavailable
2026-09-26,KTW,DBV,2027-08-27,21:25,310.00,ok
2026-09-26,KTW,DBV,2027-08-28,,,unavailable
2026-09-26,KTW,DBV,2027-08-29,20:00,272.00,ok
2026-09-26,KTW,DBV,2027-08-30,,,unavailable
2026-09-26,KTW,DBV,2027-08-31,,,unavailable
2026-09-26,DBV,KTW,2026-09-26,,,unavailable
2026-09-26,DBV,KTW,2026-09-27,,,unavailable
2026-09-26,DBV,KTW,2026-09-28,,,unavailable
2026-09-26,DBV,KTW,2026-09-29,05:55,129.47,ok
2026-09-26,DBV,KTW,2026-09-30,,,unavailable
2026-09-26,DBV,KTW,2026-10-01,,,unavailable
2026-09-26,DBV,KTW,2026-10-02,15:30,328.52,ok
2026-09-26,DBV,KTW,2026-10-03,,,unavailable
2026-09-26,DBV,KTW,2026-10-04,21:05,433.67,ok
2026-09-26,DBV,KTW,2026-10-05,,,unavailable
2026-09-26,DBV,KTW,2026-10-06,,,unavailable
2026-09-26,DBV,KTW,2026-10-07,,,unavailable
2026-09-26,DBV,KTW,2026-10-08,,,unavailable
2026-09-26,DBV,KTW,2026-10-09,15:30,113.86,ok
2026-09-26,DBV,KTW,2026-10-10,,,unavailable
2026-09-26,DBV,KTW,2026-10-11,21:05,398.62,ok
2026-09-26,DBV,KTW,2026-10-12,,,unavailable
2026-09-26,DBV,KTW,2026-10-13,,,unavailable
2026-09-26,DBV,KTW,2026-10-14,,,unavailable
2026-09-26,DBV,KTW,2026-10-15,,,unavailable
2026-09-26,DBV,KTW,2026-10-16,15:30,65.67,ok
2026-09-26,DBV,KTW,2026-10-17,,,unavailable
2026-09-26,DBV,KTW,2026-10-18,21:05,372.33,ok
2026-09-26,DBV,KTW,2026-10-19,,,unavailable
2026-09-26,DBV,KTW,2026-10-20,,,unavailable
2026-09-26,DBV,KTW,2026-10-21,,,unavailable
2026-09-26,DBV,KTW,2026-10-22,,,unavailable
2026-09-26,DBV,KTW,2026-10-23,15:30,70.05,ok
2026-09-26,DBV,KTW,2026-10-24,,,unavailable
2026-09-26,DBV,KTW,2026-10-25,,,unavailable
2026-09-26,DBV,KTW,2026-10-26,,,unavailable
2026-09-26,DBV,KTW,2026-10-27,,,unavailable
2026-09-26,DBV,KTW,2026-10-28,,,unavailable
2026-09-26,DBV,KTW,2026-10-29,,,unavailable
2026-09-26,DBV,KTW,2026-10-30,,,unavailable
2026-09-26,DBV,KTW,2026-10-31,,,unavailable
2026-09-26,DBV,KTW,2026-11-01,,,unavailable
2026-09-26,DBV,KTW,2026-11-02,,,unavailable
2026-09-26,DBV,KTW,2026-11-03,,,unavailable
2026-09-26,DBV,KTW,2026-11-04,,,unavailable
2026-09-26,DBV,KTW,2026-11-05,,,unavailable
2026-09-26,DBV,KTW,2026-11-06,,,unavailable
2026-09-26,DBV,KTW,2026-11-07,,,unavailable
2026-09-26,DBV,KTW,2026-11-08,,,unavailable
2026-09-26,DBV,KTW,2026-11-09,,,unavailable
2026-09-26,DBV,KTW,2026-11-10,,,unavailable
2026-09-26,DBV,KTW,2026-11-11,,,unavailable
2026-09-26,DBV,KTW,2026-11-12,,,unavailable
2026-09-26,DBV,KTW,2026-11-13,,,unavailable
2026-09-26,DBV,KTW,2026-11-14,,,unavailable
2026-09-26,DBV,KTW,2026-11-15,,,unavailable
2026-09-26,DBV,KTW,2026-11-16,,,unavailable
2026-09-26,DBV,KTW,2026-11-17,,,unavailable
2026-09-26,DBV,KTW,2026-11-18,,,unavailable
2026-09-26,DBV,KTW,2026-11-19,,,unavailable
2026-09-26,DBV,KTW,2026-11-20,,,unavailable
2026-09-26,DBV,KTW,2026-11-21,,,unavailable
2026-09-26,DBV,KTW,2026-11-22,,,unavailable
2026-09-26,DBV,KTW,2026-11-23,,,unavailable
2026-09-26,DBV,KTW,2026-11-24,,,unavailable
2026-09-26,DBV,KTW,2026-11-25,,,unavailable
2026-09-26,DBV,KTW,2026-11-26,,,unavailable
2026-09-26,DBV,KTW,2026-11-27,,,unavailable
2026-09-26,DBV,KTW,2026-11-28,,,unavailable
2026-09-26,DBV,KTW,2026-11-29,,,unavailable
2026-09-26,DBV,KTW,2026-11-30,,,unavailable
2026-09-26,DBV,KTW,2026-12-01,,,unavailable
2026-09-26,DBV,KTW,2026-12-02,,,unavailable
2026-09-26,DBV,KTW,2026-12-03,,,unavailable
2026-09-26,DBV,KTW,2026-12-04,,,unavailable
2026-09-26,DBV,KTW,2026-12-05,,,unavailable
2026-09-26,DBV,KTW,2026-12-06,,,unavailable
2026-09-26,DBV,KTW,2026-12-07,,,unavailable
2026-09-26,DBV,KTW,2026-12-08,,,unavailable
2026-09-26,DBV,KTW,2026-12-09,,,unavailable
2026-09-26,DBV,KTW,2026-12-10,,,unavailable
2026-09-26,DBV,KTW,2026-12-11,,,unavailable
2026-09-26,DBV,KTW,2026-12-12,,,unavailable
2026-09-26,DBV,KTW,2026-12-13,,,unavailable
2026-09-26,DBV,KTW,2026-12-14,,,unavailable
2026-09-26,DBV,KTW,2026-12-15,,,unavailable
2026-09-26,DBV,KTW,2026-12-16,,,unavailable
2026-09-26,DBV,KTW,2026-12-17,,,unavailable
2026-09-26,DBV,KTW,2026-12-18,,,unavailable
2026-09-26,DBV,KTW,2026-12-19,,,unavailable
2026-09-26,DBV,KTW,2026-12-20,,,unavailable
2026-09-26,DBV,KTW,2026-12-21,,,unavailable
2026-09-26,DBV,KTW,2026-12-22,,,unavailable
2026-09-26,DBV,KTW,2026-12-23,,,unavailable
2026-09-26,DBV,KTW,2026-12-24,,,unavailable
2026-09-26,DBV,KTW,2026-12-25,,,unavailable
2026-09-26,DBV,KTW,2026-12-26,,,unavailable
2026-09-26,DBV,KTW,2026-12-27,,,unavailable
2026-09-26,DBV,KTW,2026-12-28,,,unavailable
2026-09-26,DBV,KTW,2026-12-29,,,unavailable
2026-09-26,DBV,KTW,2026-12-30,,,unavailable
2026-09-26,DBV,KTW,2026-12-31,,,unavailable
2026-09-26,DBV,KTW,2027-01-01,,,unavailable
2026-09-26,DBV,KTW,2027-01-02,,,unavailable
2026-09-26,DBV,KTW,2027-01-03,,,unavailable
2026-09-26,DBV,KTW,2027-01-04,,,unavailable
2026-09-26,DBV,KTW,2027-01-05,,,unavailable
2026-09-26,DBV,KTW,2027-01-06,,,unavailable
2026-09-26,DBV,KTW,2027-01-07,,,unavailable
2026-09-26,DBV,KTW,2027-01-08,,,unavailable
2026-09-26,DBV,KTW,2027-01-09,,,unavailable
2026-09-26,DBV,KTW,2027-01-10,,,unavailable
2026-09-26,DBV,KTW,2027-01-11,,,unavailable
2026-09-26,DBV,KTW,2027-01-12,,,unavailable
2026-09-26,DBV,KTW,2027-01-13,,,unavailable
2026-09-26,DBV,KTW,2027-01-14,,,unavailable
2026-09-26,DBV,KTW,2027-01-15,,,unavailable
2026-09-26,DBV,KTW,2027-01-16,,,unavailable
2026-09-26,DBV,KTW,2027-01-17,,,unavailable
2026-09-26,DBV,KTW,2027-01-18,,,unavailable
2026-09-26,DBV,KTW,2027-01-19,,,unavailable
2026-09-26,DBV,KTW,2027-01-20,,,unavailable
2026-09-26,DBV,KTW,2027-01-21,,,unavailable
2026-09-26,DBV,KTW,2027-01-22,,,unavailable
2026-09-26,DBV,KTW,2027-01-23,,,unavailable
2026-09-26,DBV,KTW,2027-01-24,,,unavailable
2026-09-26,DBV,KTW,2027-01-25,,,unavailable
2026-09-26,DBV,KTW,2027-01-26,,,unavailable
2026-09-26,DBV,KTW,2027-01-27,,,unavailable
2026-09-26,DBV,KTW,2027-01-28,,,unavailable
2026-09-26,DBV,KTW,2027-01-29,,,unavailable
2026-09-26,DBV,KTW,2027-01-30,,,unavailable
2026-09-26,DBV,KTW,2027-01-31,,,unavailable
2026-09-26,DBV,KTW,2027-02-01,,,unavailable
2026-09-26,DBV,KTW,2027-02-02,,,unavailable
2026-09-26,DBV,KTW,2027-02-03,,,unavailable
2026-09-26,DBV,KTW,2027-02-04,,,unavailable
2026-09-26,DBV,KTW,2027-02-05,,,unavailable
2026-09-26,DBV,KTW,2027-02-06,,,unavailable
2026-09-26,DBV,KTW,2027-02-07,,,unavailable
2026-09-26,DBV,KTW,2027-02-08,,,unavailable
2026-09-26,DBV,KTW,2027-02-09,,,unavailable
2026-09-26,DBV,KTW,2027-02-10,,,unavailable
2026-09-26,DBV,KTW,2027-02-11,,,unavailable
2026-09-26,DBV,KTW,2027-02-12,,,unavailable
2026-09-26,DBV,KTW,2027-02-13,,,unavailable
2026-09-26,DBV,KTW,2027-02-14,,,unavailable
2026-09-26,DBV,KTW,2027-02-15,,,unavailable
2026-09-26,DBV,KTW,2027-02-16,,,unavailable
2026-09-26,DBV,KTW,2027-02-17,,,unavailable
2026-09-26,DBV,KTW,2027-02-18,,,unavailable
2026-09-26,DBV,KTW,2027-02-19,,,unavailable
2026-09-26,DBV,KTW,2027-02-20,,,unavailable
2026-09-26,DBV,KTW,2027-02-21,,,unavailable
2026-09-26,DBV,KTW,2027-02-22,,,unavailable
2026-09-26,DBV,KTW,2027-02-23,,,unavailable
2026-09-26,DBV,KTW,2027-02-24,,,unavailable
2026-09-26,DBV,KTW,2027-02-25,,,unavailable
2026-09-26,DBV,KTW,2027-02-26,,,unavailable
2026-09-26,DBV,KTW,2027-02-27,,,unavailable
2026-09-26,DBV,KTW,2027-02-28,,,unavailable
2026-09-26,DBV,KTW,2027-03-01,,,unavailable
2026-09-26,DBV,KTW,2027-03-02,,,unavailable
2026-09-26,DBV,KTW,2027-03-03,,,unavailable
2026-09-26,DBV,KTW,2027-03-04,,,unavailable
2026-09-26,DBV,KTW,2027-03-05,,,unavailable
2026-09-26,DBV,KTW,2027-03-06,,,unavailable
2026-09-26,DBV,KTW,2027-03-07,,,unavailable
2026-09-26,DBV,KTW,2027-03-08,,,unavailable
2026-09-26,DBV,KTW,2027-03-09,,,unavailable
2026-09-26,DBV,KTW,2027-03-10,,,unavailable
2026-09-26,DBV,KTW,2027-03-11,,,unavailable
2026-09-26,DBV,KTW,2027-03-12,,,unavailable
2026-09-26,DBV,KTW,2027-03-13,,,unavailable
2026-09-26,DBV,KTW,2027-03-14,,,unavailable
2026-09-26,DBV,KTW,2027-03-15,,,unavailable
2026-09-26,DBV,KTW,2027-03-16,,,unavailable
2026-09-26,DBV,KTW,2027-03-17,,,unavailable
2026-09-26,DBV,KTW,2027-03-18,,,unavailable
2026-09-26,DBV,KTW,2027-03-19,,,unavailable
2026-09-26,DBV,KTW,2027-03-20,,,unavailable
2026-09-26,DBV,KTW,2027-03-21,,,unavailable
2026-09-26,DBV,KTW,2027-03-22,,,unavailable
2026-09-26,DBV,KTW,2027-03-23,,,unavailable
2026-09-26,DBV,KTW,2027-03-24,,,unavailable
2026-09-26,DBV,KTW,2027-03-25,,,unavailable
2026-09-26,DBV,KTW,2027-03-26,,,unavailable
2026-09-26,DBV,KTW,2027-03-27,,,unavailable
2026-09-26,DBV,KTW,2027-03-28,17:50,272.00,ok
2026-09-26,DBV,KTW,2027-03-29,,,unavailable
2026-09-26,DBV,KTW,2027-03-30,,,unavailable
2026-09-26,DBV,KTW,2027-03-31,,,unavailable
2026-09-26,DBV,KTW,2027-04-01,,,unavailable
2026-09-26,DBV,KTW,2027-04-02,23:30,272.00,ok
2026-09-26,DBV,KTW,2027-04-03,,,unavailable
2026-09-26,DBV,KTW,2027-04-04,17:50,238.00,ok
2026-09-26,DBV,KTW,2027-04-05,,,unavailable
2026-09-26,DBV,KTW,2027-04-06,,,unavailable
2026-09-26,DBV,KTW,2027-04-07,,,unavailable
2026-09-26,DBV,KTW,2027-04-08,,,unavailable
2026-09-26,DBV,KTW,2027-04-09,23:30,272.00,ok
2026-09-26,DBV,KTW,2027-04-10,,,unavailable
2026-09-26,DBV,KTW,2027-04-11,17:50,310.00,ok
2026-09-26,DBV,KTW,2027-04-12,,,unavailable
2026-09-26,DBV,KTW,2027-04-13,,,unavailable
2026-09-26,DBV,KTW,2027-04-14,,,unavailable
2026-09-26,DBV,KTW,2027-04-15,,,unavailable
2026-09-26,DBV,KTW,2027-04-16,23:30,272.00,ok
2026-09-26,DBV,KTW,2027-04-17,,,unavailable
2026-09-26,DBV,KTW,2027-04-18,17:50,272.00,ok
2026-09-26,DBV,KTW,2027-04-19,,,unavailable
2026-09-26,DBV,KTW,2027-04-20,,,unavailable
2026-09-26,DBV,KTW,2027-04-21,,,unavailable
2026-09-26,DBV,KTW,2027-04-22,,,unavailable
2026-09-26,DBV,KTW,2027-04-23,23:30,272.00,ok
2026-09-26,DBV,KTW,2027-04-24,,,unavailable
2026-09-26,DBV,KTW,2027-04-25,17:50,272.00,ok
2026-09-26,DBV,KTW,2027-04-26,,,unavailable
2026-09-26,DBV,KTW,2027-04-27,,,unavailable
2026-09-26,DBV,KTW,2027-04-28,,,unavailable
2026-09-26,DBV,KTW,2027-04-29,,,unavailable
2026-09-26,DBV,KTW,2027-04-30,23:30,276.38,ok
2026-09-26,DBV,KTW,2027-05-01,,,unavailable
2026-09-26,DBV,KTW,2027-05-02,17:50,446.00,ok
2026-09-26,DBV,KTW,2027-05-03,,,unavailable
2026-09-26,DBV,KTW,2027-05-04,,,unavailable
2026-09-26,DBV,KTW,2027-05-05,,,unavailable
2026-09-26,DBV,KTW,2027-05-06,,,unavailable
2026-09-26,DBV,KTW,2027-05-07,23:30,272.00,ok
2026-09-26,DBV,KTW,2027-05-08,,,unavailable
2026-09-26,DBV,KTW,2027-05-09,17:50,310.00,ok
2026-09-26,DBV,KTW,2027-05-10,,,unavailable
2026-09-26,DBV,KTW,2027-05-11,,,unavailable
2026-09-26,DBV,KTW,2027-05-12,,,unavailable
2026-09-26,DBV,KTW,2027-05-13,,,unavailable
2026-09-26,DBV,KTW,2027-05-14,23:30,272.00,ok
2026-09-26,DBV,KTW,2027-05-15,,,unavailable
2026-09-26,DBV,KTW,2027-05-16,17:50,310.00,ok
2026-09-26,DBV,KTW,2027-05-17,,,unavailable
2026-09-26,DBV,KTW,2027-05-18,,,unavailable
2026-09-26,DBV,KTW,2027-05-19,,,unavailable
2026-09-26,DBV,KTW,2027-05-20,,,unavailable
2026-09-26,DBV,KTW,2027-05-21,23:30,272.00,ok
2026-09-26,DBV,KTW,2027-05-22,,,unavailable
2026-09-26,DBV,KTW,2027-05-23,17:50,310.00,ok
2026-09-26,DBV,KTW,2027-05-24,,,unavailable
2026-09-26,DBV,KTW,2027-05-25,,,unavailable
2026-09-26,DBV,KTW,2027-05-26,,,unavailable
2026-09-26,DBV,KTW,2027-05-27,,,unavailable
2026-09-26,DBV,KTW,2027-05-28,23:30,272.00,ok
2026-09-26,DBV,KTW,2027-05-29,,,unavailable
2026-09-26,DBV,KTW,2027-05-30,17:50,314.38,ok
2026-09-26,DBV,KTW,2027-05-31,,,unavailable
2026-09-26,DBV,KTW,2027-06-01,,,unavailable
2026-09-26,DBV,KTW,2027-06-02,,,unavailable
2026-09-26,DBV,KTW,2027-06-03,,,unavailable
2026-09-26,DBV,KTW,2027-06-04,23:30,310.00,ok
2026-09-26,DBV,KTW,2027-06-05,,,unavailable
2026-09-26,DBV,KTW,2027-06-06,17:50,489.00,ok
2026-09-26,DBV,KTW,2027-06-07,,,unavailable
2026-09-26,DBV,KTW,2027-06-08,,,unavailable
2026-09-26,DBV,KTW,2027-06-09,,,unavailable
2026-09-26,DBV,KTW,2027-06-10,,,unavailable
2026-09-26,DBV,KTW,2027-06-11,23:30,272.00,ok
2026-09-26,DBV,KTW,2027-06-12,,,unavailable
2026-09-26,DBV,KTW,2027-06-13,17:50,310.00,ok
2026-09-26,DBV,KTW,2027-06-14,,,unavailable
2026-09-26,DBV,KTW,2027-06-15,,,unavailable
2026-09-26,DBV,KTW,2027-06-16,,,unavailable
2026-09-26,DBV,KTW,2027-06-17,,,unavailable
2026-09-26,DBV,KTW,2027-06-18,23:30,272.00,ok
2026-09-26,DBV,KTW,2027-06-19,,,unavailable
2026-09-26,DBV,KTW,2027-06-20,17:50,310.00,ok
2026-09-26,DBV,KTW,2027-06-21,,,unavailable
2026-09-26,DBV,KTW,2027-06-22,,,unavailable
2026-09-26,DBV,KTW,2027-06-23,,,unavailable
2026-09-26,DBV,KTW,2027-06-24,,,unavailable
2026-09-26,DBV,KTW,2027-06-25,23:30,272.00,ok
2026-09-26,DBV,KTW,2027-06-26,,,unavailable
2026-09-26,DBV,KTW,2027-06-27,17:50,272.00,ok
2026-09-26,DBV,KTW,2027-06-28,,,unavailable
2026-09-26,DBV,KTW,2027-06-29,,,unavailable
2026-09-26,DBV,KTW,2027-06-30,,,unavailable
2026-09-26,DBV,KTW,2027-07-01,,,unavailable
2026-09-26,DBV,KTW,2027-07-02,23:30,272.00,ok
2026-09-26,DBV,KTW,2027-07-03,,,unavailable
2026-09-26,DBV,KTW,2027-07-04,17:50,357.00,ok
2026-09-26,DBV,KTW,2027-07-05,,,unavailable
2026-09-26,DBV,KTW,2027-07-06,,,unavailable
2026-09-26,DBV,KTW,2027-07-07,,,unavailable
2026-09-26,DBV,KTW,2027-07-08,,,unavailable
2026-09-26,DBV,KTW,2027-07-09,23:30,310.00,ok
2026-09-26,DBV,KTW,2027-07-10,,,unavailable
2026-09-26,DBV,KTW,2027-07-11,17:50,357.00,ok
2026-09-26,DBV,KTW,2027-07-12,,,unavailable
2026-09-26,DBV,KTW,2027-07-13,,,unavailable
2026-09-26,DBV,KTW,2027-07-14,,,unavailable
2026-09-26,DBV,KTW,2027-07-15,,,unavailable
2026-09-26,DBV,KTW,2027-07-16,23:30,310.00,ok
2026-09-26,DBV,KTW,2027-07-17,,,unavailable
2026-09-26,DBV,KTW,2027-07-18,17:50,310.00,ok
2026-09-26,DBV,KTW,2027-07-19,,,unavailable
2026-09-26,DBV,KTW,2027-07-20,,,unavailable
2026-09-26,DBV,KTW,2027-07-21,,,unavailable
2026-09-26,DBV,KTW,2027-07-22,,,unavailable
2026-09-26,DBV,KTW,2027-07-23,23:30,357.00,ok
2026-09-26,DBV,KTW,2027-07-24,,,unavailable
2026-09-26,DBV,KTW,2027-07-25,17:50,404.00,ok
2026-09-26,DBV,KTW,2027-07-26,,,unavailable
2026-09-26,DBV,KTW,2027-07-27,,,unavailable
2026-09-26,DBV,KTW,2027-07-28,,,unavailable
2026-09-26,DBV,KTW,2027-07-29,,,unavailable
2026-09-26,DBV,KTW,2027-07-30,23:30,357.00,ok
2026-09-26,DBV,KTW,2027-07-31,,,unavailable
2026-09-26,DBV,KTW,2027-08-01,17:50,357.00,ok
2026-09-26,DBV,KTW,2027-08-02,,,unavailable
2026-09-26,DBV,KTW,2027-08-03,,,unavailable
2026-09-26,DBV,KTW,2027-08-04,,,unavailable
2026-09-26,DBV,KTW,2027-08-05,,,unavailable
2026-09-26,DBV,KTW,2027-08-06,23:30,357.00,ok
2026-09-26,DBV,KTW,2027-08-07,,,unavailable
2026-09-26,DBV,KTW,2027-08-08,17:50,404.00,ok
2026-09-26,DBV,KTW,2027-08-09,,,unavailable
2026-09-26,DBV,KTW,2027-08-10,,,unavailable
2026-09-26,DBV,KTW,2027-08-11,,,unavailable
2026-09-26,DBV,KTW,2027-08-12,,,unavailable
2026-09-26,DBV,KTW,2027-08-13,23:30,357.00,ok
2026-09-26,DBV,KTW,2027-08-14,,,unavailable
2026-09-26,DBV,KTW,2027-08-15,17:50,446.00,ok
2026-09-26,DBV,KTW,2027-08-16,,,unavailable
2026-09-26,DBV,KTW,2027-08-17,,,unavailable
2026-09-26,DBV,KTW,2027-08-18,,,unavailable
2026-09-26,DBV,KTW,2027-08-19,,,unavailable
2026-09-26,DBV,KTW,2027-08-20,23:30,404.00,ok
2026-09-26,DBV,KTW,2027-08-21,,,unavailable
2026-09-26,DBV,KTW,2027-08-22,17:50,404.00,ok
2026-09-26,DBV,KTW,2027-08-23,,,unavailable
2026-09-26,DBV,KTW,2027-08-24,,,unavailable
2026-09-26,DBV,KTW,2027-08-25,,,unavailable
2026-09-26,DBV,KTW,2027-08-26,,,unavailable
2026-09-26,DBV,KTW,2027-08-27,23:30,446.00,ok
2026-09-26,DBV,KTW,2027-08-28,,,unavailable
2026-09-26,DBV,KTW,2027-08-29,17:50,446.00,ok
2026-09-26,DBV,KTW,2027-08-30,,,unavailable
2026-09-26,DBV,KTW,2027-08-31,,,unavailable
2026-09-26,KTW,DUB,2026-09-26,17:20,915.56,ok
2026-09-26,KTW,DUB,2026-09-27,05:45,845.47,ok
2026-09-26,KTW,DUB,2026-09-28,,,unavailable
2026-09-26,KTW,DUB,2026-09-29,,,unavailable
2026-09-26,KTW,DUB,2026-09-30,18:25,525.61,ok
2026-09-26,KTW,DUB,2026-10-01,,,unavailable
2026-09-26,KTW,DUB,2026-10-02,,,unavailable
2026-09-26,KTW,DUB,2026-10-03,17:20,227.76,ok
2026-09-26,KTW,DUB,2026-10-04,05:45,144.53,ok
2026-09-26,KTW,DUB,2026-10-05,,,unavailable
2026-09-26,KTW,DUB,2026-10-06,,,unavailable
2026-09-26,KTW,DUB,2026-10-07,18:25,223.38,ok
2026-09-26,KTW,DUB,2026-10-08,,,unavailable
2026-09-26,KTW,DUB,2026-10-09,,,unavailable
2026-09-26,KTW,DUB,2026-10-10,17:20,166.43,ok
2026-09-26,KTW,DUB,2026-10-11,05:45,153.29,ok
2026-09-26,KTW,DUB,2026-10-12,,,unavailable
2026-09-26,KTW,DUB,2026-10-13,,,unavailable
2026-09-26,KTW,DUB,2026-10-14,18:25,190.36,ok
2026-09-26,KTW,DUB,2026-10-15,,,unavailable
2026-09-26,KTW,DUB,2026-10-16,,,unavailable
2026-09-26,KTW,DUB,2026-10-17,17:20,219.00,ok
2026-09-26,KTW,DUB,2026-10-18,05:45,201.48,ok
2026-09-26,KTW,DUB,2026-10-19,,,unavailable
2026-09-26,KTW,DUB,2026-10-20,,,unavailable
2026-09-26,KTW,DUB,2026-10-21,18:25,183.95,ok
2026-09-26,KTW,DUB,2026-10-22,,,unavailable
2026-09-26,KTW,DUB,2026-10-23,,,unavailable
2026-09-26,KTW,DUB,2026-10-24,17:20,232.14,ok
2026-09-26,KTW,DUB,2026-10-25,,,unavailable
2026-09-26,KTW,DUB,2026-10-26,16:15,425.25,ok
2026-09-26,KTW,DUB,2026-10-27,06:35,281.95,ok
2026-09-26,KTW,DUB,2026-10-28,,,unavailable
2026-09-26,KTW,DUB,2026-10-29,,,unavailable
2026-09-26,KTW,DUB,2026-10-30,10:10,578.38,ok
2026-09-26,KTW,DUB,2026-10-31,,,unavailable
2026-09-26,KTW,DUB,2026-11-01,,,unavailable
2026-09-26,KTW,DUB,2026-11-02,16:15,398.62,ok
2026-09-26,KTW,DUB,2026-11-03,,,unavailable
2026-09-26,KTW,DUB,2026-11-04,,,unavailable
2026-09-26,KTW,DUB,2026-11-05,,,unavailable
2026-09-26,KTW,DUB,2026-11-06,10:10,302.96,ok
2026-09-26,KTW,DUB,2026-11-07,,,unavailable
2026-09-26,KTW,DUB,2026-11-08,,,unavailable
2026-09-26,KTW,DUB,2026-11-09,16:15,269.52,ok
2026-09-26,KTW,DUB,2026-11-10,,,unavailable
2026-09-26,KTW,DUB,2026-11-11,,,unavailable
2026-09-26,KTW,DUB,2026-11-12,,,unavailable
2026-09-26,KTW,DUB,2026-11-13,10:10,228.77,ok
2026-09-26,KTW,DUB,2026-11-14,,,unavailable
2026-09-26,KTW,DUB,2026-11-15,,,unavailable
2026-09-26,KTW,DUB,2026-11-16,16:15,262.81,ok
2026-09-26,KTW,DUB,2026-11-17,,,unavailable
2026-09-26,KTW,DUB,2026-11-18,,,unavailable
2026-09-26,KTW,DUB,2026-11-19,,,unavailable
2026-09-26,KTW,DUB,2026-11-20,10:10,210.24,ok
2026-09-26,KTW,DUB,2026-11-21,,,unavailable
2026-09-26,KTW,DUB,2026-11-22,,,unavailable
2026-09-26,KTW,DUB,2026-11-23,16:15,458.00,ok
2026-09-26,KTW,DUB,2026-11-24,,,unavailable
2026-09-26,KTW,DUB,2026-11-25,,,unavailable
2026-09-26,KTW,DUB,2026-11-26,,,unavailable
2026-09-26,KTW,DUB,2026-11-27,10:10,178.44,ok
2026-09-26,KTW,DUB,2026-11-28,,,unavailable
2026-09-26,KTW,DUB,2026-11-29,,,unavailable
2026-09-26,KTW,DUB,2026-11-30,16:15,289.38,ok
2026-09-26,KTW,DUB,2026-12-01,,,unavailable
2026-09-26,KTW,DUB,2026-12-02,,,unavailable
2026-09-26,KTW,DUB,2026-12-03,,,unavailable
2026-09-26,KTW,DUB,2026-12-04,10:10,130.00,ok
2026-09-26,KTW,DUB,2026-12-05,,,unavailable
2026-09-26,KTW,DUB,2026-12-06,,,unavailable
2026-09-26,KTW,DUB,2026-12-07,16:15,249.67,ok
2026-09-26,KTW,DUB,2026-12-08,,,unavailable
2026-09-26,KTW,DUB,2026-12-09,,,unavailable
2026-09-26,KTW,DUB,2026-12-10,,,unavailable
2026-09-26,KTW,DUB,2026-12-11,10:10,183.95,ok
2026-09-26,KTW,DUB,2026-12-12,,,unavailable
2026-09-26,KTW,DUB,2026-12-13,,,unavailable
2026-09-26,KTW,DUB,2026-12-14,16:15,284.87,ok
2026-09-26,KTW,DUB,2026-12-15,,,unavailable
2026-09-26,KTW,DUB,2026-12-16,,,unavailable
2026-09-26,KTW,DUB,2026-12-17,,,unavailable
2026-09-26,KTW,DUB,2026-12-18,10:10,240.91,ok
2026-09-26,KTW,DUB,2026-12-19,,,unavailable
2026-09-26,KTW,DUB,2026-12-20,,,unavailable
2026-09-26,KTW,DUB,2026-12-21,16:15,363.09,ok
2026-09-26,KTW,DUB,2026-12-22,15:30,289.10,ok
2026-09-26,KTW,DUB,2026-12-23,06:20,346.05,ok
2026-09-26,KTW,DUB,2026-12-24,,,unavailable
2026-09-26,KTW,DUB,2026-12-25,,,unavailable
2026-09-26,KTW,DUB,2026-12-26,,,unavailable
2026-09-26,KTW,DUB,2026-12-27,,,unavailable
2026-09-26,KTW,DUB,2026-12-28,16:15,363.57,ok
2026-09-26,KTW,DUB,2026-12-29,15:30,424.90,ok
2026-09-26,KTW,DUB,2026-12-30,06:20,343.01,ok
2026-09-26,KTW,DUB,2026-12-31,,,unavailable
2026-09-26,KTW,DUB,2027-01-01,10:10,455.57,ok
2026-09-26,KTW,DUB,2027-01-02,,,unavailable
2026-09-26,KTW,DUB,2027-01-03,,,unavailable
2026-09-26,KTW,DUB,2027-01-04,16:15,762.23,ok
2026-09-26,KTW,DUB,2027-01-05,,,unavailable
2026-09-26,KTW,DUB,2027-01-06,,,unavailable
2026-09-26,KTW,DUB,2027-01-07,,,unavailable
2026-09-26,KTW,DUB,2027-01-08,10:10,486.24,ok
2026-09-26,KTW,DUB,2027-01-09,,,unavailable
2026-09-26,KTW,DUB,2027-01-10,,,unavailable
2026-09-26,KTW,DUB,2027-01-11,16:15,400.01,ok
2026-09-26,KTW,DUB,2027-01-12,,,unavailable
2026-09-26,KTW,DUB,2027-01-13,,,unavailable
2026-09-26,KTW,DUB,2027-01-14,,,unavailable
2026-09-26,KTW,DUB,2027-01-15,10:10,267.15,ok
2026-09-26,KTW,DUB,2027-01-16,,,unavailable
2026-09-26,KTW,DUB,2027-01-17,,,unavailable
2026-09-26,KTW,DUB,2027-01-18,16:15,247.00,ok
2026-09-26,KTW,DUB,2027-01-19,,,unavailable
2026-09-26,KTW,DUB,2027-01-20,,,unavailable
2026-09-26,KTW,DUB,2027-01-21,,,unavailable
2026-09-26,KTW,DUB,2027-01-22,10:10,183.00,ok
2026-09-26,KTW,DUB,2027-01-23,,,unavailable
2026-09-26,KTW,DUB,2027-01-24,,,unavailable
2026-09-26,KTW,DUB,2027-01-25,16:15,183.00,ok
2026-09-26,KTW,DUB,2027-01-26,,,unavailable
2026-09-26,KTW,DUB,2027-01-27,,,unavailable
2026-09-26,KTW,DUB,2027-01-28,,,unavailable
2026-09-26,KTW,DUB,2027-01-29,10:10,183.00,ok
2026-09-26,KTW,DUB,2027-01-30,,,unavailable
2026-09-26,KTW,DUB,2027-01-31,,,unavailable
2026-09-26,KTW,DUB,2027-02-01,16:15,230.52,ok
2026-09-26,KTW,DUB,2027-02-02,,,unavailable
2026-09-26,KTW,DUB,2027-02-03,,,unavailable
2026-09-26,KTW,DUB,2027-02-04,,,unavailable
2026-09-26,KTW,DUB,2027-02-05,10:10,230.52,ok
2026-09-26,KTW,DUB,2027-02-06,,,unavailable
2026-09-26,KTW,DUB,2027-02-07,15:30,280.33,ok
2026-09-26,KTW,DUB,2027-02-08,16:15,232.14,ok
2026-09-26,KTW,DUB,2027-02-09,,,unavailable
2026-09-26,KTW,DUB,2027-02-10,,,unavailable
2026-09-26,KTW,DUB,2027-02-11,,,unavailable
2026-09-26,KTW,DUB,2027-02-12,10:10,267.15,ok
2026-09-26,KTW,DUB,2027-02-13,,,unavailable
2026-09-26,KTW,DUB,2027-02-14,15:30,183.00,ok
2026-09-26,KTW,DUB,2027-02-15,16:15,324.14,ok
2026-09-26,KTW,DUB,2027-02-16,,,unavailable
2026-09-26,KTW,DUB,2027-02-17,,,unavailable
2026-09-26,KTW,DUB,2027-02-18,,,unavailable
2026-09-26,KTW,DUB,2027-02-19,10:10,1755.42,ok
2026-09-26,KTW,DUB,2027-02-20,,,unavailable
2026-09-26,KTW,DUB,2027-02-21,15:30,661.47,ok
2026-09-26,KTW,DUB,2027-02-22,16:15,565.09,ok
2026-09-26,KTW,DUB,2027-02-23,,,unavailable
2026-09-26,KTW,DUB,2027-02-24,,,unavailable
2026-09-26,KTW,DUB,2027-02-25,,,unavailable
2026-09-26,KTW,DUB,2027-02-26,10:10,213.00,ok
2026-09-26,KTW,DUB,2027-02-27,,,unavailable
2026-09-26,KTW,DUB,2027-02-28,15:30,247.00,ok
2026-09-26,KTW,DUB,2027-03-01,16:15,236.52,ok
2026-09-26,KTW,DUB,2027-03-02,,,unavailable
2026-09-26,KTW,DUB,2027-03-03,,,unavailable
2026-09-26,KTW,DUB,2027-03-04,,,unavailable
2026-09-26,KTW,DUB,2027-03-05,10:10,230.52,ok
2026-09-26,KTW,DUB,2027-03-06,,,unavailable
2026-09-26,KTW,DUB,2027-03-07,15:30,227.76,ok
2026-09-26,KTW,DUB,2027-03-08,16:15,271.57,ok
2026-09-26,KTW,DUB,2027-03-09,,,unavailable
2026-09-26,KTW,DUB,2027-03-10,,,unavailable
2026-09-26,KTW,DUB,2027-03-11,,,unavailable
2026-09-26,KTW,DUB,2027-03-12,,,unavailable
2026-09-26,KTW,DUB,2027-03-13,,,unavailable
2026-09-26,KTW,DUB,2027-03-14,15:30,407.38,ok
2026-09-26,KTW,DUB,2027-03-15,16:15,267.15,ok
2026-09-26,KTW,DUB,2027-03-16,,,unavailable
2026-09-26,KTW,DUB,2027-03-17,,,unavailable
2026-09-26,KTW,DUB,2027-03-18,,,unavailable
2026-09-26,KTW,DUB,2027-03-19,10:10,349.72,ok
2026-09-26,KTW,DUB,2027-03-20,,,unavailable
2026-09-26,KTW,DUB,2027-03-21,15:30,213.00,ok
2026-09-26,KTW,DUB,2027-03-22,16:15,389.86,ok
2026-09-26,KTW,DUB,2027-03-23,,,unavailable
2026-09-26,KTW,DUB,2027-03-24,,,unavailable
2026-09-26,KTW,DUB,2027-03-25,19:05,285.00,ok
2026-09-26,KTW,DUB,2027-03-26,10:10,323.00,ok
2026-09-26,KTW,DUB,2027-03-27,,,unavailable
2026-09-26,KTW,DUB,2027-03-28,,,unavailable
2026-09-26,KTW,DUB,2027-03-29,15:35,574.00,ok
2026-09-26,KTW,DUB,2027-03-30,,,unavailable
2026-09-26,KTW,DUB,2027-03-31,,,unavailable
2026-09-26,KTW,DUB,2027-04-01,16:00,688.00,ok
2026-09-26,KTW,DUB,2027-04-02,,,unavailable
2026-09-26,KTW,DUB,2027-04-03,17:50,896.38,ok
2026-09-26,KTW,DUB,2027-04-04,,,unavailable
2026-09-26,KTW,DUB,2027-04-05,15:35,688.00,ok
2026-09-26,KTW,DUB,2027-04-06,,,unavailable
2026-09-26,KTW,DUB,2027-04-07,,,unavailable
2026-09-26,KTW,DUB,2027-04-08,16:00,688.00,ok
2026-09-26,KTW,DUB,2027-04-09,,,unavailable
2026-09-26,KTW,DUB,2027-04-10,17:50,752.00,ok
2026-09-26,KTW,DUB,2027-04-11,,,unavailable
2026-09-26,KTW,DUB,2027-04-12,15:35,629.00,ok
2026-09-26,KTW,DUB,2027-04-13,,,unavailable
2026-09-26,KTW,DUB,2027-04-14,,,unavailable
2026-09-26,KTW,DUB,2027-04-15,16:00,574.00,ok
2026-09-26,KTW,DUB,2027-04-16,,,unavailable
2026-09-26,KTW,DUB,2027-04-17,17:50,629.00,ok
2026-09-26,KTW,DUB,2027-04-18,,,unavailable
2026-09-26,KTW,DUB,2027-04-19,15:35,629.00,ok
2026-09-26,KTW,DUB,2027-04-20,,,unavailable
2026-09-26,KTW,DUB,2027-04-21,,,unavailable
2026-09-26,KTW,DUB,2027-04-22,16:00,527.00,ok
2026-09-26,KTW,DUB,2027-04-23,,,unavailable
2026-09-26,KTW,DUB,2027-04-24,17:50,629.00,ok
2026-09-26,KTW,DUB,2027-04-25,,,unavailable
2026-09-26,KTW,DUB,2027-04-26,15:35,527.00,ok
2026-09-26,KTW,DUB,2027-04-27,,,unavailable
2026-09-26,KTW,DUB,2027-04-28,,,unavailable
2026-09-26,KTW,DUB,2027-04-29,16:00,629.00,ok
2026-09-26,KTW,DUB,2027-04-30,,,unavailable
2026-09-26,KTW,DUB,2027-05-01,17:50,468.00,ok
2026-09-26,KTW,DUB,2027-05-02,,,unavailable
2026-09-26,KTW,DUB,2027-05-03,15:35,629.00,ok
2026-09-26,KTW,DUB,2027-05-04,,,unavailable
2026-09-26,KTW,DUB,2027-05-05,,,unavailable
2026-09-26,KTW,DUB,2027-05-06,16:00,574.00,ok
2026-09-26,KTW,DUB,2027-05-07,,,unavailable
2026-09-26,KTW,DUB,2027-05-08,17:50,468.00,ok
2026-09-26,KTW,DUB,2027-05-09,,,unavailable
2026-09-26,KTW,DUB,2027-05-10,15:35,527.00,ok
2026-09-26,KTW,DUB,2027-05-11,,,unavailable
2026-09-26,KTW,DUB,2027-05-12,,,unavailable
2026-09-26,KTW,DUB,2027-05-13,16:00,468.00,ok
2026-09-26,KTW,DUB,2027-05-14,,,unavailable
2026-09-26,KTW,DUB,2027-05-15,17:50,417.00,ok
2026-09-26,KTW,DUB,2027-05-16,,,unavailable
2026-09-26,KTW,DUB,2027-05-17,15:35,527.00,ok
2026-09-26,KTW,DUB,2027-05-18,,,unavailable
2026-09-26,KTW,DUB,2027-05-19,,,unavailable
2026-09-26,KTW,DUB,2027-05-20,16:00,468.00,ok
2026-09-26,KTW,DUB,2027-05-21,,,unavailable
2026-09-26,KTW,DUB,2027-05-22,17:50,417.00,ok
2026-09-26,KTW,DUB,2027-05-23,,,unavailable
2026-09-26,KTW,DUB,2027-05-24,15:35,417.00,ok
2026-09-26,KTW,DUB,2027-05-25,,,unavailable
2026-09-26,KTW,DUB,2027-05-26,,,unavailable
2026-09-26,KTW,DUB,2027-05-27,16:00,417.00,ok
2026-09-26,KTW,DUB,2027-05-28,,,unavailable
2026-09-26,KTW,DUB,2027-05-29,17:50,417.00,ok
2026-09-26,KTW,DUB,2027-05-30,,,unavailable
2026-09-26,KTW,DUB,2027-05-31,15:35,578.38,ok
2026-09-26,KTW,DUB,2027-06-01,,,unavailable
2026-09-26,KTW,DUB,2027-06-02,,,unavailable
2026-09-26,KTW,DUB,2027-06-03,16:00,574.00,ok
2026-09-26,KTW,DUB,2027-06-04,,,unavailable
2026-09-26,KTW,DUB,2027-06-05,17:50,468.00,ok
2026-09-26,KTW,DUB,2027-06-06,,,unavailable
2026-09-26,KTW,DUB,2027-06-07,15:35,633.38,ok
2026-09-26,KTW,DUB,2027-06-08,,,unavailable
2026-09-26,KTW,DUB,2027-06-09,,,unavailable
2026-09-26,KTW,DUB,2027-06-10,16:00,472.38,ok
2026-09-26,KTW,DUB,2027-06-11,,,unavailable
2026-09-26,KTW,DUB,2027-06-12,17:50,417.00,ok
2026-09-26,KTW,DUB,2027-06-13,,,unavailable
2026-09-26,KTW,DUB,2027-06-14,15:35,531.38,ok
2026-09-26,KTW,DUB,2027-06-15,,,unavailable
2026-09-26,KTW,DUB,2027-06-16,,,unavailable
2026-09-26,KTW,DUB,2027-06-17,16:00,527.00,ok
2026-09-26,KTW,DUB,2027-06-18,,,unavailable
2026-09-26,KTW,DUB,2027-06-19,17:50,468.00,ok
2026-09-26,KTW,DUB,2027-06-20,,,unavailable
2026-09-26,KTW,DUB,2027-06-21,15:35,468.00,ok
2026-09-26,KTW,DUB,2027-06-22,,,unavailable
2026-09-26,KTW,DUB,2027-06-23,,,unavailable
2026-09-26,KTW,DUB,2027-06-24,16:00,417.00,ok
2026-09-26,KTW,DUB,2027-06-25,,,unavailable
2026-09-26,KTW,DUB,2027-06-26,17:50,527.00,ok
2026-09-26,KTW,DUB,2027-06-27,,,unavailable
2026-09-26,KTW,DUB,2027-06-28,15:35,527.00,ok
2026-09-26,KTW,DUB,2027-06-29,,,unavailable
2026-09-26,KTW,DUB,2027-06-30,,,unavailable
2026-09-26,KTW,DUB,2027-07-01,16:00,468.00,ok
2026-09-26,KTW,DUB,2027-07-02,,,unavailable
2026-09-26,KTW,DUB,2027-07-03,17:50,574.00,ok
2026-09-26,KTW,DUB,2027-07-04,,,unavailable
2026-09-26,KTW,DUB,2027-07-05,15:35,688.00,ok
2026-09-26,KTW,DUB,2027-07-06,,,unavailable
2026-09-26,KTW,DUB,2027-07-07,,,unavailable
2026-09-26,KTW,DUB,2027-07-08,16:00,574.00,ok
2026-09-26,KTW,DUB,2027-07-09,,,unavailable
2026-09-26,KTW,DUB,2027-07-10,17:50,629.00,ok
2026-09-26,KTW,DUB,2027-07-11,,,unavailable
2026-09-26,KTW,DUB,2027-07-12,15:35,688.00,ok
2026-09-26,KTW,DUB,2027-07-13,,,unavailable
2026-09-26,KTW,DUB,2027-07-14,,,unavailable
2026-09-26,KTW,DUB,2027-07-15,16:00,688.00,ok
2026-09-26,KTW,DUB,2027-07-16,,,unavailable
2026-09-26,KTW,DUB,2027-07-17,17:50,688.00,ok
2026-09-26,KTW,DUB,2027-07-18,,,unavailable
2026-09-26,KTW,DUB,2027-07-19,15:35,892.00,ok
2026-09-26,KTW,DUB,2027-07-20,,,unavailable
2026-09-26,KTW,DUB,2027-07-21,,,unavailable
2026-09-26,KTW,DUB,2027-07-22,16:00,688.00,ok
2026-09-26,KTW,DUB,2027-07-23,,,unavailable
2026-09-26,KTW,DUB,2027-07-24,17:50,688.00,ok
2026-09-26,KTW,DUB,2027-07-25,,,unavailable
2026-09-26,KTW,DUB,2027-07-26,15:35,688.00,ok
2026-09-26,KTW,DUB,2027-07-27,,,unavailable
2026-09-26,KTW,DUB,2027-07-28,,,unavailable
2026-09-26,KTW,DUB,2027-07-29,16:00,752.00,ok
2026-09-26,KTW,DUB,2027-07-30,,,unavailable
2026-09-26,KTW,DUB,2027-07-31,17:50,820.00,ok
2026-09-26,KTW,DUB,2027-08-01,,,unavailable
2026-09-26,KTW,DUB,2027-08-02,15:35,892.00,ok
2026-09-26,KTW,DUB,2027-08-03,,,unavailable
2026-09-26,KTW,DUB,2027-08-04,,,unavailable
2026-09-26,KTW,DUB,2027-08-05,16:00,892.00,ok
2026-09-26,KTW,DUB,2027-08-06,,,unavailable
2026-09-26,KTW,DUB,2027-08-07,17:50,973.00,ok
2026-09-26,KTW,DUB,2027-08-08,,,unavailable
2026-09-26,KTW,DUB,2027-08-09,15:35,892.00,ok
2026-09-26,KTW,DUB,2027-08-10,,,unavailable
2026-09-26,KTW,DUB,2027-08-11,,,unavailable
2026-09-26,KTW,DUB,2027-08-12,16:00,892.00,ok
2026-09-26,KTW,DUB,2027-08-13,,,unavailable
2026-09-26,KTW,DUB,2027-08-14,17:50,1062.00,ok
2026-09-26,KTW,DUB,2027-08-15,,,unavailable
2026-09-26,KTW,DUB,2027-08-16,15:35,1155.00,ok
2026-09-26,KTW,DUB,2027-08-17,,,unavailable
2026-09-26,KTW,DUB,2027-08-18,,,unavailable
2026-09-26,KTW,DUB,2027-08-19,16:00,973.00,ok
2026-09-26,KTW,DUB,2027-08-20,,,unavailable
2026-09-26,KTW,DUB,2027-08-21,17:50,1155.00,ok
2026-09-26,KTW,DUB,2027-08-22,,,unavailable
2026-09-26,KTW,DUB,2027-08-23,15:35,1062.00,ok
2026-09-26,KTW,DUB,2027-08-24,,,unavailable
2026-09-26,KTW,DUB,2027-08-25,,,unavailable
2026-09-26,KTW,DUB,2027-08-26,16:00,973.00,ok
2026-09-26,KTW,DUB,2027-08-27,,,unavailable
2026-09-26,KTW,DUB,2027-08-28,17:50,1062.00,ok
2026-09-26,KTW,DUB,2027-08-29,,,unavailable
2026-09-26,KTW,DUB,2027-08-30,15:35,892.00,ok
2026-09-26,KTW,DUB,2027-08-31,,,unavailable
2026-09-26,DUB,KTW,2026-09-26,19:40,1230.99,ok
2026-09-26,DUB,KTW,2026-09-27,08:05,1297.99,ok
2026-09-26,DUB,KTW,2026-09-28,,,unavailable
2026-09-26,DUB,KTW,2026-09-29,,,unavailable
2026-09-26,DUB,KTW,2026-09-30,20:45,784.14,ok
2026-09-26,DUB,KTW,2026-10-01,,,unavailable
2026-09-26,DUB,KTW,2026-10-02,,,unavailable
2026-09-26,DUB,KTW,2026-10-03,19:40,160.43,ok
2026-09-26,DUB,KTW,2026-10-04,08:05,153.86,ok
2026-09-26,DUB,KTW,2026-10-05,,,unavailable
2026-09-26,DUB,KTW,2026-10-06,,,unavailable
2026-09-26,DUB,KTW,2026-10-07,20:45,324.14,ok
2026-09-26,DUB,KTW,2026-10-08,,,unavailable
2026-09-26,DUB,KTW,2026-10-09,,,unavailable
2026-09-26,DUB,KTW,2026-10-10,19:40,214.62,ok
2026-09-26,DUB,KTW,2026-10-11,08:05,148.91,ok
2026-09-26,DUB,KTW,2026-10-12,,,unavailable
2026-09-26,DUB,KTW,2026-10-13,,,unavailable
2026-09-26,DUB,KTW,2026-10-14,20:45,223.38,ok
2026-09-26,DUB,KTW,2026-10-15,,,unavailable
2026-09-26,DUB,KTW,2026-10-16,,,unavailable
2026-09-26,DUB,KTW,2026-10-17,19:40,168.02,ok
2026-09-26,DUB,KTW,2026-10-18,08:05,219.00,ok
2026-09-26,DUB,KTW,2026-10-19,,,unavailable
2026-09-26,DUB,KTW,2026-10-20,,,unavailable
2026-09-26,DUB,KTW,2026-10-21,20:45,389.86,ok
2026-09-26,DUB,KTW,2026-10-22,,,unavailable
2026-09-26,DUB,KTW,2026-10-23,,,unavailable
2026-09-26,DUB,KTW,2026-10-24,19:40,438.05,ok
2026-09-26,DUB,KTW,2026-10-25,,,unavailable
2026-09-26,DUB,KTW,2026-10-26,18:40,217.38,ok
2026-09-26,DUB,KTW,2026-10-27,09:00,260.07,ok
2026-09-26,DUB,KTW,2026-10-28,,,unavailable
2026-09-26,DUB,KTW,2026-10-29,,,unavailable
2026-09-26,DUB,KTW,2026-10-30,05:55,273.93,ok
2026-09-26,DUB,KTW,2026-10-31,,,unavailable
2026-09-26,DUB,KTW,2026-11-01,,,unavailable
2026-09-26,DUB,KTW,2026-11-02,18:40,311.00,ok
2026-09-26,DUB,KTW,2026-11-03,,,unavailable
2026-09-26,DUB,KTW,2026-11-04,,,unavailable
2026-09-26,DUB,KTW,2026-11-05,,,unavailable
2026-09-26,DUB,KTW,2026-11-06,05:55,219.00,ok
2026-09-26,DUB,KTW,2026-11-07,,,unavailable
2026-09-26,DUB,KTW,2026-11-08,,,unavailable
2026-09-26,DUB,KTW,2026-11-09,18:40,157.67,ok
2026-09-26,DUB,KTW,2026-11-10,,,unavailable
2026-09-26,DUB,KTW,2026-11-11,,,unavailable
2026-09-26,DUB,KTW,2026-11-12,,,unavailable
2026-09-26,DUB,KTW,2026-11-13,05:55,249.67,ok
2026-09-26,DUB,KTW,2026-11-14,,,unavailable
2026-09-26,DUB,KTW,2026-11-15,,,unavailable
2026-09-26,DUB,KTW,2026-11-16,18:40,162.05,ok
2026-09-26,DUB,KTW,2026-11-17,,,unavailable
2026-09-26,DUB,KTW,2026-11-18,,,unavailable
2026-09-26,DUB,KTW,2026-11-19,,,unavailable
2026-09-26,DUB,KTW,2026-11-20,05:55,210.24,ok
2026-09-26,DUB,KTW,2026-11-21,,,unavailable
2026-09-26,DUB,KTW,2026-11-22,,,unavailable
2026-09-26,DUB,KTW,2026-11-23,18:40,179.57,ok
2026-09-26,DUB,KTW,2026-11-24,,,unavailable
2026-09-26,DUB,KTW,2026-11-25,,,unavailable
2026-09-26,DUB,KTW,2026-11-26,,,unavailable
2026-09-26,DUB,KTW,2026-11-27,05:55,223.38,ok
2026-09-26,DUB,KTW,2026-11-28,,,unavailable
2026-09-26,DUB,KTW,2026-11-29,,,unavailable
2026-09-26,DUB,KTW,2026-11-30,18:40,192.72,ok
2026-09-26,DUB,KTW,2026-12-01,,,unavailable
2026-09-26,DUB,KTW,2026-12-02,,,unavailable
2026-09-26,DUB,KTW,2026-12-03,,,unavailable
2026-09-26,DUB,KTW,2026-12-04,05:55,389.41,ok
2026-09-26,DUB,KTW,2026-12-05,,,unavailable
2026-09-26,DUB,KTW,2026-12-06,,,unavailable
2026-09-26,DUB,KTW,2026-12-07,18:40,289.10,ok
2026-09-26,DUB,KTW,2026-12-08,,,unavailable
2026-09-26,DUB,KTW,2026-12-09,,,unavailable
2026-09-26,DUB,KTW,2026-12-10,,,unavailable
2026-09-26,DUB,KTW,2026-12-11,05:55,296.30,ok
2026-09-26,DUB,KTW,2026-12-12,,,unavailable
2026-09-26,DUB,KTW,2026-12-13,,,unavailable
2026-09-26,DUB,KTW,2026-12-14,18:40,525.61,ok
2026-09-26,DUB,KTW,2026-12-15,,,unavailable
2026-09-26,DUB,KTW,2026-12-16,,,unavailable
2026-09-26,DUB,KTW,2026-12-17,,,unavailable
2026-09-26,DUB,KTW,2026-12-18,05:55,714.04,ok
2026-09-26,DUB,KTW,2026-12-19,,,unavailable
2026-09-26,DUB,KTW,2026-12-20,,,unavailable
2026-09-26,DUB,KTW,2026-12-21,18:40,709.66,ok
2026-09-26,DUB,KTW,2026-12-22,17:55,740.33,ok
2026-09-26,DUB,KTW,2026-12-23,08:45,957.84,ok
2026-09-26,DUB,KTW,2026-12-24,,,unavailable
2026-09-26,DUB,KTW,2026-12-25,,,unavailable
2026-09-26,DUB,KTW,2026-12-26,,,unavailable
2026-09-26,DUB,KTW,2026-12-27,,,unavailable
2026-09-26,DUB,KTW,2026-12-28,18:40,481.83,ok
2026-09-26,DUB,KTW,2026-12-29,17:55,354.81,ok
2026-09-26,DUB,KTW,2026-12-30,08:45,332.90,ok
2026-09-26,DUB,KTW,2026-12-31,,,unavailable
2026-09-26,DUB,KTW,2027-01-01,05:55,197.10,ok
2026-09-26,DUB,KTW,2027-01-02,,,unavailable
2026-09-26,DUB,KTW,2027-01-03,,,unavailable
2026-09-26,DUB,KTW,2027-01-04,18:40,249.67,ok
2026-09-26,DUB,KTW,2027-01-05,,,unavailable
2026-09-26,DUB,KTW,2027-01-06,,,unavailable
2026-09-26,DUB,KTW,2027-01-07,,,unavailable
2026-09-26,DUB,KTW,2027-01-08,05:55,349.72,ok
2026-09-26,DUB,KTW,2027-01-09,,,unavailable
2026-09-26,DUB,KTW,2027-01-10,,,unavailable
2026-09-26,DUB,KTW,2027-01-11,18:40,188.33,ok
2026-09-26,DUB,KTW,2027-01-12,,,unavailable
2026-09-26,DUB,KTW,2027-01-13,,,unavailable
2026-09-26,DUB,KTW,2027-01-14,,,unavailable
2026-09-26,DUB,KTW,2027-01-15,05:55,236.52,ok
2026-09-26,DUB,KTW,2027-01-16,,,unavailable
2026-09-26,DUB,KTW,2027-01-17,,,unavailable
2026-09-26,DUB,KTW,2027-01-18,18:40,183.00,ok
2026-09-26,DUB,KTW,2027-01-19,,,unavailable
2026-09-26,DUB,KTW,2027-01-20,,,unavailable
2026-09-26,DUB,KTW,2027-01-21,,,unavailable
2026-09-26,DUB,KTW,2027-01-22,05:55,179.57,ok
2026-09-26,DUB,KTW,2027-01-23,,,unavailable
2026-09-26,DUB,KTW,2027-01-24,,,unavailable
2026-09-26,DUB,KTW,2027-01-25,18:40,183.00,ok
2026-09-26,DUB,KTW,2027-01-26,,,unavailable
2026-09-26,DUB,KTW,2027-01-27,,,unavailable
2026-09-26,DUB,KTW,2027-01-28,,,unavailable
2026-09-26,DUB,KTW,2027-01-29,05:55,245.29,ok
2026-09-26,DUB,KTW,2027-01-30,,,unavailable
2026-09-26,DUB,KTW,2027-01-31,,,unavailable
2026-09-26,DUB,KTW,2027-02-01,18:40,324.14,ok
2026-09-26,DUB,KTW,2027-02-02,,,unavailable
2026-09-26,DUB,KTW,2027-02-03,,,unavailable
2026-09-26,DUB,KTW,2027-02-04,,,unavailable
2026-09-26,DUB,KTW,2027-02-05,05:55,267.15,ok
2026-09-26,DUB,KTW,2027-02-06,,,unavailable
2026-09-26,DUB,KTW,2027-02-07,18:00,148.91,ok
2026-09-26,DUB,KTW,2027-02-08,18:40,197.90,ok
2026-09-26,DUB,KTW,2027-02-09,,,unavailable
2026-09-26,DUB,KTW,2027-02-10,,,unavailable
2026-09-26,DUB,KTW,2027-02-11,,,unavailable
2026-09-26,DUB,KTW,2027-02-12,05:55,249.67,ok
2026-09-26,DUB,KTW,2027-02-13,,,unavailable
2026-09-26,DUB,KTW,2027-02-14,18:00,247.00,ok
2026-09-26,DUB,KTW,2027-02-15,18:40,213.00,ok
2026-09-26,DUB,KTW,2027-02-16,,,unavailable
2026-09-26,DUB,KTW,2027-02-17,,,unavailable
2026-09-26,DUB,KTW,2027-02-18,,,unavailable
2026-09-26,DUB,KTW,2027-02-19,05:55,328.52,ok
2026-09-26,DUB,KTW,2027-02-20,,,unavailable
2026-09-26,DUB,KTW,2027-02-21,18:00,254.05,ok
2026-09-26,DUB,KTW,2027-02-22,18:40,183.00,ok
2026-09-26,DUB,KTW,2027-02-23,,,unavailable
2026-09-26,DUB,KTW,2027-02-24,,,unavailable
2026-09-26,DUB,KTW,2027-02-25,,,unavailable
2026-09-26,DUB,KTW,2027-02-26,05:55,166.43,ok
2026-09-26,DUB,KTW,2027-02-27,,,unavailable
2026-09-26,DUB,KTW,2027-02-28,18:00,247.00,ok
2026-09-26,DUB,KTW,2027-03-01,18:40,162.05,ok
2026-09-26,DUB,KTW,2027-03-02,,,unavailable
2026-09-26,DUB,KTW,2027-03-03,,,unavailable
2026-09-26,DUB,KTW,2027-03-04,,,unavailable
2026-09-26,DUB,KTW,2027-03-05,05:55,205.86,ok
2026-09-26,DUB,KTW,2027-03-06,,,unavailable
2026-09-26,DUB,KTW,2027-03-07,18:00,213.00,ok
2026-09-26,DUB,KTW,2027-03-08,18:40,175.19,ok
2026-09-26,DUB,KTW,2027-03-09,,,unavailable
2026-09-26,DUB,KTW,2027-03-10,,,unavailable
2026-09-26,DUB,KTW,2027-03-11,,,unavailable
2026-09-26,DUB,KTW,2027-03-12,,,unavailable
2026-09-26,DUB,KTW,2027-03-13,,,unavailable
2026-09-26,DUB,KTW,2027-03-14,18:00,247.00,ok
2026-09-26,DUB,KTW,2027-03-15,18:40,213.00,ok
2026-09-26,DUB,KTW,2027-03-16,,,unavailable
2026-09-26,DUB,KTW,2027-03-17,,,unavailable
2026-09-26,DUB,KTW,2027-03-18,,,unavailable
2026-09-26,DUB,KTW,2027-03-19,05:55,370.00,ok
2026-09-26,DUB,KTW,2027-03-20,,,unavailable
2026-09-26,DUB,KTW,2027-03-21,18:00,503.49,ok
2026-09-26,DUB,KTW,2027-03-22,18:40,328.52,ok
2026-09-26,DUB,KTW,2027-03-23,,,unavailable
2026-09-26,DUB,KTW,2027-03-24,,,unavailable
2026-09-26,DUB,KTW,2027-03-25,14:50,468.00,ok
2026-09-26,DUB,KTW,2027-03-26,05:55,527.00,ok
2026-09-26,DUB,KTW,2027-03-27,,,unavailable
2026-09-26,DUB,KTW,2027-03-28,,,unavailable
2026-09-26,DUB,KTW,2027-03-29,17:55,417.00,ok
2026-09-26,DUB,KTW,2027-03-30,,,unavailable
2026-09-26,DUB,KTW,2027-03-31,,,unavailable
2026-09-26,DUB,KTW,2027-04-01,18:20,417.00,ok
2026-09-26,DUB,KTW,2027-04-02,,,unavailable
2026-09-26,DUB,KTW,2027-04-03,20:10,531.38,ok
2026-09-26,DUB,KTW,2027-04-04,,,unavailable
2026-09-26,DUB,KTW,2027-04-05,17:55,370.00,ok
2026-09-26,DUB,KTW,2027-04-06,,,unavailable
2026-09-26,DUB,KTW,2027-04-07,,,unavailable
2026-09-26,DUB,KTW,2027-04-08,18:20,468.00,ok
2026-09-26,DUB,KTW,2027-04-09,,,unavailable
2026-09-26,DUB,KTW,2027-04-10,20:10,370.00,ok
2026-09-26,DUB,KTW,2027-04-11,,,unavailable
2026-09-26,DUB,KTW,2027-04-12,17:55,370.00,ok
2026-09-26,DUB,KTW,2027-04-13,,,unavailable
2026-09-26,DUB,KTW,2027-04-14,,,unavailable
2026-09-26,DUB,KTW,2027-04-15,18:20,574.00,ok
2026-09-26,DUB,KTW,2027-04-16,,,unavailable
2026-09-26,DUB,KTW,2027-04-17,20:10,370.00,ok
2026-09-26,DUB,KTW,2027-04-18,,,unavailable
2026-09-26,DUB,KTW,2027-04-19,17:55,370.00,ok
2026-09-26,DUB,KTW,2027-04-20,,,unavailable
2026-09-26,DUB,KTW,2027-04-21,,,unavailable
2026-09-26,DUB,KTW,2027-04-22,18:20,370.00,ok
2026-09-26,DUB,KTW,2027-04-23,,,unavailable
2026-09-26,DUB,KTW,2027-04-24,20:10,370.00,ok
2026-09-26,DUB,KTW,2027-04-25,,,unavailable
2026-09-26,DUB,KTW,2027-04-26,17:55,370.00,ok
2026-09-26,DUB,KTW,2027-04-27,,,unavailable
2026-09-26,DUB,KTW,2027-04-28,,,unavailable
2026-09-26,DUB,KTW,2027-04-29,18:20,527.00,ok
2026-09-26,DUB,KTW,2027-04-30,,,unavailable
2026-09-26,DUB,KTW,2027-05-01,20:10,574.00,ok
2026-09-26,DUB,KTW,2027-05-02,,,unavailable
2026-09-26,DUB,KTW,2027-05-03,17:55,468.00,ok
2026-09-26,DUB,KTW,2027-05-04,,,unavailable
2026-09-26,DUB,KTW,2027-05-05,,,unavailable
2026-09-26,DUB,KTW,2027-05-06,18:20,527.00,ok
2026-09-26,DUB,KTW,2027-05-07,,,unavailable
2026-09-26,DUB,KTW,2027-05-08,20:10,417.00,ok
2026-09-26,DUB,KTW,2027-05-09,,,unavailable
2026-09-26,DUB,KTW,2027-05-10,17:55,417.00,ok
2026-09-26,DUB,KTW,2027-05-11,,,unavailable
2026-09-26,DUB,KTW,2027-05-12,,,unavailable
2026-09-26,DUB,KTW,2027-05-13,18:20,527.00,ok
2026-09-26,DUB,KTW,2027-05-14,,,unavailable
2026-09-26,DUB,KTW,2027-05-15,20:10,468.00,ok
2026-09-26,DUB,KTW,2027-05-16,,,unavailable
2026-09-26,DUB,KTW,2027-05-17,17:55,468.00,ok
2026-09-26,DUB,KTW,2027-05-18,,,unavailable
2026-09-26,DUB,KTW,2027-05-19,,,unavailable
2026-09-26,DUB,KTW,2027-05-20,18:20,574.00,ok
2026-09-26,DUB,KTW,2027-05-21,,,unavailable
2026-09-26,DUB,KTW,2027-05-22,20:10,527.00,ok
2026-09-26,DUB,KTW,2027-05-23,,,unavailable
2026-09-26,DUB,KTW,2027-05-24,17:55,527.00,ok
2026-09-26,DUB,KTW,2027-05-25,,,unavailable
2026-09-26,DUB,KTW,2027-05-26,,,unavailable
2026-09-26,DUB,KTW,2027-05-27,18:20,629.00,ok
2026-09-26,DUB,KTW,2027-05-28,,,unavailable
2026-09-26,DUB,KTW,2027-05-29,20:10,527.00,ok
2026-09-26,DUB,KTW,2027-05-30,,,unavailable
2026-09-26,DUB,KTW,2027-05-31,17:55,531.38,ok
2026-09-26,DUB,KTW,2027-06-01,,,unavailable
2026-09-26,DUB,KTW,2027-06-02,,,unavailable
2026-09-26,DUB,KTW,2027-06-03,18:20,574.00,ok
2026-09-26,DUB,KTW,2027-06-04,,,unavailable
2026-09-26,DUB,KTW,2027-06-05,20:10,629.00,ok
2026-09-26,DUB,KTW,2027-06-06,,,unavailable
2026-09-26,DUB,KTW,2027-06-07,17:55,578.38,ok
2026-09-26,DUB,KTW,2027-06-08,,,unavailable
2026-09-26,DUB,KTW,2027-06-09,,,unavailable
2026-09-26,DUB,KTW,2027-06-10,18:20,578.38,ok
2026-09-26,DUB,KTW,2027-06-11,,,unavailable
2026-09-26,DUB,KTW,2027-06-12,20:10,574.00,ok
2026-09-26,DUB,KTW,2027-06-13,,,unavailable
2026-09-26,DUB,KTW,2027-06-14,17:55,633.38,ok
2026-09-26,DUB,KTW,2027-06-15,,,unavailable
2026-09-26,DUB,KTW,2027-06-16,,,unavailable
2026-09-26,DUB,KTW,2027-06-17,18:20,688.00,ok
2026-09-26,DUB,KTW,2027-06-18,,,unavailable
2026-09-26,DUB,KTW,2027-06-19,20:10,688.00,ok
2026-09-26,DUB,KTW,2027-06-20,,,unavailable
2026-09-26,DUB,KTW,2027-06-21,17:55,688.00,ok
2026-09-26,DUB,KTW,2027-06-22,,,unavailable
2026-09-26,DUB,KTW,2027-06-23,,,unavailable
2026-09-26,DUB,KTW,2027-06-24,18:20,820.00,ok
2026-09-26,DUB,KTW,2027-06-25,,,unavailable
2026-09-26,DUB,KTW,2027-06-26,20:10,820.00,ok
2026-09-26,DUB,KTW,2027-06-27,,,unavailable
2026-09-26,DUB,KTW,2027-06-28,17:55,820.00,ok
2026-09-26,DUB,KTW,2027-06-29,,,unavailable
2026-09-26,DUB,KTW,2027-06-30,,,unavailable
2026-09-26,DUB,KTW,2027-07-01,18:20,820.00,ok
2026-09-26,DUB,KTW,2027-07-02,,,unavailable
2026-09-26,DUB,KTW,2027-07-03,20:10,820.00,ok
2026-09-26,DUB,KTW,2027-07-04,,,unavailable
2026-09-26,DUB,KTW,2027-07-05,17:55,752.00,ok
2026-09-26,DUB,KTW,2027-07-06,,,unavailable
2026-09-26,DUB,KTW,2027-07-07,,,unavailable
2026-09-26,DUB,KTW,2027-07-08,18:20,892.00,ok
2026-09-26,DUB,KTW,2027-07-09,,,unavailable
2026-09-26,DUB,KTW,2027-07-10,20:10,892.00,ok
2026-09-26,DUB,KTW,2027-07-11,,,unavailable
2026-09-26,DUB,KTW,2027-07-12,17:55,892.00,ok
2026-09-26,DUB,KTW,2027-07-13,,,unavailable
2026-09-26,DUB,KTW,2027-07-14,,,unavailable
2026-09-26,DUB,KTW,2027-07-15,18:20,973.00,ok
2026-09-26,DUB,KTW,2027-07-16,,,unavailable
2026-09-26,DUB,KTW,2027-07-17,20:10,892.00,ok
2026-09-26,DUB,KTW,2027-07-18,,,unavailable
2026-09-26,DUB,KTW,2027-07-19,17:55,820.00,ok
2026-09-26,DUB,KTW,2027-07-20,,,unavailable
2026-09-26,DUB,KTW,2027-07-21,,,unavailable
2026-09-26,DUB,KTW,2027-07-22,18:20,892.00,ok
2026-09-26,DUB,KTW,2027-07-23,,,unavailable
2026-09-26,DUB,KTW,2027-07-24,20:10,820.00,ok
2026-09-26,DUB,KTW,2027-07-25,,,unavailable
2026-09-26,DUB,KTW,2027-07-26,17:55,752.00,ok
2026-09-26,DUB,KTW,2027-07-27,,,unavailable
2026-09-26,DUB,KTW,2027-07-28,,,unavailable
2026-09-26,DUB,KTW,2027-07-29,18:20,752.00,ok
2026-09-26,DUB,KTW,2027-07-30,,,unavailable
2026-09-26,DUB,KTW,2027-07-31,20:10,752.00,ok
2026-09-26,DUB,KTW,2027-08-01,,,unavailable
2026-09-26,DUB,KTW,2027-08-02,17:55,629.00,ok
2026-09-26,DUB,KTW,2027-08-03,,,unavailable
2026-09-26,DUB,KTW,2027-08-04,,,unavailable
2026-09-26,DUB,KTW,2027-08-05,18:20,629.00,ok
2026-09-26,DUB,KTW,2027-08-06,,,unavailable
2026-09-26,DUB,KTW,2027-08-07,20:10,574.00,ok
2026-09-26,DUB,KTW,2027-08-08,,,unavailable
2026-09-26,DUB,KTW,2027-08-09,17:55,527.00,ok
2026-09-26,DUB,KTW,2027-08-10,,,unavailable
2026-09-26,DUB,KTW,2027-08-11,,,unavailable
2026-09-26,DUB,KTW,2027-08-12,18:20,527.00,ok
2026-09-26,DUB,KTW,2027-08-13,,,unavailable
2026-09-26,DUB,KTW,2027-08-14,20:10,527.00,ok
2026-09-26,DUB,KTW,2027-08-15,,,unavailable
2026-09-26,DUB,KTW,2027-08-16,17:55,417.00,ok
2026-09-26,DUB,KTW,2027-08-17,,,unavailable
2026-09-26,DUB,KTW,2027-08-18,,,unavailable
2026-09-26,DUB,KTW,2027-08-19,18:20,468.00,ok
2026-09-26,DUB,KTW,2027-08-20,,,unavailable
2026-09-26,DUB,KTW,2027-08-21,20:10,370.00,ok
2026-09-26,DUB,KTW,2027-08-22,,,unavailable
2026-09-26,DUB,KTW,2027-08-23,17:55,370.00,ok
2026-09-26,DUB,KTW,2027-08-24,,,unavailable
2026-09-26,DUB,KTW,2027-08-25,,,unavailable
2026-09-26,DUB,KTW,2027-08-26,18:20,417.00,ok
2026-09-26,DUB,KTW,2027-08-27,,,unavailable
2026-09-26,DUB,KTW,2027-08-28,20:10,370.00,ok
2026-09-26,DUB,KTW,2027-08-29,,,unavailable
2026-09-26,DUB,KTW,2027-08-30,17:55,370.00,ok
2026-09-26,DUB,KTW,2027-08-31,,,unavailable
2026-09-26,KTW,FCO,2026-09-26,,,unavailable
2026-09-26,KTW,FCO,2026-09-27,16:30,423.85,ok
2026-09-26,KTW,FCO,2026-09-28,,,unavailable
2026-09-26,KTW,FCO,2026-09-29,15:45,262.31,ok
2026-09-26,KTW,FCO,2026-09-30,,,unavailable
2026-09-26,KTW,FCO,2026-10-01,14:10,110.02,ok
2026-09-26,KTW,FCO,2026-10-02,14:55,152.17,ok
2026-09-26,KTW,FCO,2026-10-03,,,unavailable
2026-09-26,KTW,FCO,2026-10-04,16:30,238.97,ok
2026-09-26,KTW,FCO,2026-10-05,,,unavailable
2026-09-26,KTW,FCO,2026-10-06,15:45,125.44,ok
2026-09-26,KTW,FCO,2026-10-07,20:25,87.00,ok
2026-09-26,KTW,FCO,2026-10-08,14:10,149.38,ok
2026-09-26,KTW,FCO,2026-10-09,14:55,212.32,ok
2026-09-26,KTW,FCO,2026-10-10,,,unavailable
2026-09-26,KTW,FCO,2026-10-11,16:30,246.85,ok
2026-09-26,KTW,FCO,2026-10-12,,,unavailable
2026-09-26,KTW,FCO,2026-10-13,15:45,127.78,ok
2026-09-26,KTW,FCO,2026-10-14,19:40,87.00,ok
2026-09-26,KTW,FCO,2026-10-15,14:10,154.46,ok
2026-09-26,KTW,FCO,2026-10-16,14:55,220.08,ok
2026-09-26,KTW,FCO,2026-10-17,,,unavailable
2026-09-26,KTW,FCO,2026-10-18,16:30,179.16,ok
2026-09-26,KTW,FCO,2026-10-19,,,unavailable
2026-09-26,KTW,FCO,2026-10-20,15:45,140.95,ok
2026-09-26,KTW,FCO,2026-10-21,19:40,87.00,ok
2026-09-26,KTW,FCO,2026-10-22,14:10,87.00,ok
2026-09-26,KTW,FCO,2026-10-23,14:55,105.64,ok
2026-09-26,KTW,FCO,2026-10-24,,,unavailable
2026-09-26,KTW,FCO,2026-10-25,11:45,102.79,ok
2026-09-26,KTW,FCO,2026-10-26,17:50,102.79,ok
2026-09-26,KTW,FCO,2026-10-27,,,unavailable
2026-09-26,KTW,FCO,2026-10-28,,,unavailable
2026-09-26,KTW,FCO,2026-10-29,09:05,233.93,ok
2026-09-26,KTW,FCO,2026-10-30,13:00,149.38,ok
2026-09-26,KTW,FCO,2026-10-31,07:15,148.75,ok
2026-09-26,KTW,FCO,2026-11-01,11:45,87.00,ok
2026-09-26,KTW,FCO,2026-11-02,17:50,87.00,ok
2026-09-26,KTW,FCO,2026-11-03,,,unavailable
2026-09-26,KTW,FCO,2026-11-04,,,unavailable
2026-09-26,KTW,FCO,2026-11-05,09:05,294.87,ok
2026-09-26,KTW,FCO,2026-11-06,,,unavailable
2026-09-26,KTW,FCO,2026-11-07,07:15,354.81,ok
2026-09-26,KTW,FCO,2026-11-08,,,unavailable
2026-09-26,KTW,FCO,2026-11-09,17:50,148.91,ok
2026-09-26,KTW,FCO,2026-11-10,,,unavailable
2026-09-26,KTW,FCO,2026-11-11,,,unavailable
2026-09-26,KTW,FCO,2026-11-12,09:05,413.94,ok
2026-09-26,KTW,FCO,2026-11-13,,,unavailable
2026-09-26,KTW,FCO,2026-11-14,07:15,188.79,ok
2026-09-26,KTW,FCO,2026-11-15,,,unavailable
2026-09-26,KTW,FCO,2026-11-16,17:50,109.48,ok
2026-09-26,KTW,FCO,2026-11-17,,,unavailable
2026-09-26,KTW,FCO,2026-11-18,,,unavailable
2026-09-26,KTW,FCO,2026-11-19,09:05,294.87,ok
2026-09-26,KTW,FCO,2026-11-20,,,unavailable
2026-09-26,KTW,FCO,2026-11-21,07:15,180.25,ok
2026-09-26,KTW,FCO,2026-11-22,,,unavailable
2026-09-26,KTW,FCO,2026-11-23,17:50,127.00,ok
2026-09-26,KTW,FCO,2026-11-24,,,unavailable
2026-09-26,KTW,FCO,2026-11-25,,,unavailable
2026-09-26,KTW,FCO,2026-11-26,09:05,170.81,ok
2026-09-26,KTW,FCO,2026-11-27,,,unavailable
2026-09-26,KTW,FCO,2026-11-28,07:15,166.43,ok
2026-09-26,KTW,FCO,2026-11-29,,,unavailable
2026-09-26,KTW,FCO,2026-11-30,17:50,144.53,ok
2026-09-26,KTW,FCO,2026-12-01,,,unavailable
2026-09-26,KTW,FCO,2026-12-02,,,unavailable
2026-09-26,KTW,FCO,2026-12-03,,,unavailable
2026-09-26,KTW,FCO,2026-12-04,13:00,294.87,ok
2026-09-26,KTW,FCO,2026-12-05,,,unavailable
2026-09-26,KTW,FCO,2026-12-06,11:45,219.00,ok
2026-09-26,KTW,FCO,2026-12-07,17:50,317.74,ok
2026-09-26,KTW,FCO,2026-12-08,,,unavailable
2026-09-26,KTW,FCO,2026-12-09,,,unavailable
2026-09-26,KTW,FCO,2026-12-10,,,unavailable
2026-09-26,KTW,FCO,2026-12-11,13:00,197.10,ok
2026-09-26,KTW,FCO,2026-12-12,,,unavailable
2026-09-26,KTW,FCO,2026-12-13,11:45,262.81,ok
2026-09-26,KTW,FCO,2026-12-14,17:50,122.62,ok
2026-09-26,KTW,FCO,2026-12-15,,,unavailable
2026-09-26,KTW,FCO,2026-12-16,,,unavailable
2026-09-26,KTW,FCO,2026-12-17,09:05,96.34,ok
2026-09-26,KTW,FCO,2026-12-18,13:00,113.86,ok
2026-09-26,KTW,FCO,2026-12-19,07:15,188.33,ok
2026-09-26,KTW,FCO,2026-12-20,11:45,179.57,ok
2026-09-26,KTW,FCO,2026-12-21,17:50,100.72,ok
2026-09-26,KTW,FCO,2026-12-22,,,unavailable
2026-09-26,KTW,FCO,2026-12-23,,,unavailable
2026-09-26,KTW,FCO,2026-12-24,09:05,227.39,ok
2026-09-26,KTW,FCO,2026-12-25,,,unavailable
2026-09-26,KTW,FCO,2026-12-26,07:15,213.77,ok
2026-09-26,KTW,FCO,2026-12-27,11:45,297.86,ok
2026-09-26,KTW,FCO,2026-12-28,17:50,363.57,ok
2026-09-26,KTW,FCO,2026-12-29,,,unavailable
2026-09-26,KTW,FCO,2026-12-30,,,unavailable
2026-09-26,KTW,FCO,2026-12-31,09:05,372.33,ok
2026-09-26,KTW,FCO,2027-01-01,13:00,260.12,ok
2026-09-26,KTW,FCO,2027-01-02,07:15,227.88,ok
2026-09-26,KTW,FCO,2027-01-03,11:45,389.86,ok
2026-09-26,KTW,FCO,2027-01-04,17:50,223.50,ok
2026-09-26,KTW,FCO,2027-01-05,,,unavailable
2026-09-26,KTW,FCO,2027-01-06,,,unavailable
2026-09-26,KTW,FCO,2027-01-07,,,unavailable
2026-09-26,KTW,FCO,2027-01-08,13:00,223.50,ok
2026-09-26,KTW,FCO,2027-01-09,,,unavailable
2026-09-26,KTW,FCO,2027-01-10,,,unavailable
2026-09-26,KTW,FCO,2027-01-11,17:50,148.91,ok
2026-09-26,KTW,FCO,2027-01-12,,,unavailable
2026-09-26,KTW,FCO,2027-01-13,,,unavailable
2026-09-26,KTW,FCO,2027-01-14,,,unavailable
2026-09-26,KTW,FCO,2027-01-15,13:00,223.50,ok
2026-09-26,KTW,FCO,2027-01-16,,,unavailable
2026-09-26,KTW,FCO,2027-01-17,,,unavailable
2026-09-26,KTW,FCO,2027-01-18,17:50,297.41,ok
2026-09-26,KTW,FCO,2027-01-19,,,unavailable
2026-09-26,KTW,FCO,2027-01-20,,,unavailable
2026-09-26,KTW,FCO,2027-01-21,,,unavailable
2026-09-26,KTW,FCO,2027-01-22,13:00,297.41,ok
2026-09-26,KTW,FCO,2027-01-23,,,unavailable
2026-09-26,KTW,FCO,2027-01-24,,,unavailable
2026-09-26,KTW,FCO,2027-01-25,17:50,129.30,ok
2026-09-26,KTW,FCO,2027-01-26,,,unavailable
2026-09-26,KTW,FCO,2027-01-27,,,unavailable
2026-09-26,KTW,FCO,2027-01-28,,,unavailable
2026-09-26,KTW,FCO,2027-01-29,13:00,214.62,ok
2026-09-26,KTW,FCO,2027-01-30,,,unavailable
2026-09-26,KTW,FCO,2027-01-31,,,unavailable
2026-09-26,KTW,FCO,2027-02-01,17:50,175.19,ok
2026-09-26,KTW,FCO,2027-02-02,,,unavailable
2026-09-26,KTW,FCO,2027-02-03,,,unavailable
2026-09-26,KTW,FCO,2027-02-04,09:05,249.67,ok
2026-09-26,KTW,FCO,2027-02-05,13:00,223.38,ok
2026-09-26,KTW,FCO,2027-02-06,07:15,127.00,ok
2026-09-26,KTW,FCO,2027-02-07,11:45,119.00,ok
2026-09-26,KTW,FCO,2027-02-08,17:50,170.00,ok
2026-09-26,KTW,FCO,2027-02-09,,,unavailable
2026-09-26,KTW,FCO,2027-02-10,,,unavailable
2026-09-26,KTW,FCO,2027-02-11,09:05,157.70,ok
2026-09-26,KTW,FCO,2027-02-12,13:00,187.09,ok
2026-09-26,KTW,FCO,2027-02-13,07:15,157.70,ok
2026-09-26,KTW,FCO,2027-02-14,11:45,157.70,ok
2026-09-26,KTW,FCO,2027-02-15,17:50,272.00,ok
2026-09-26,KTW,FCO,2027-02-16,,,unavailable
2026-09-26,KTW,FCO,2027-02-17,,,unavailable
2026-09-26,KTW,FCO,2027-02-18,09:05,258.43,ok
2026-09-26,KTW,FCO,2027-02-19,13:00,129.30,ok
2026-09-26,KTW,FCO,2027-02-20,07:15,119.00,ok
2026-09-26,KTW,FCO,2027-02-21,11:45,119.00,ok
2026-09-26,KTW,FCO,2027-02-22,17:50,297.86,ok
2026-09-26,KTW,FCO,2027-02-23,,,unavailable
2026-09-26,KTW,FCO,2027-02-24,,,unavailable
2026-09-26,KTW,FCO,2027-02-25,09:05,157.70,ok
2026-09-26,KTW,FCO,2027-02-26,13:00,223.50,ok
2026-09-26,KTW,FCO,2027-02-27,07:15,153.29,ok
2026-09-26,KTW,FCO,2027-02-28,11:45,119.00,ok
2026-09-26,KTW,FCO,2027-03-01,17:50,119.00,ok
2026-09-26,KTW,FCO,2027-03-02,,,unavailable
2026-09-26,KTW,FCO,2027-03-03,,,unavailable
2026-09-26,KTW,FCO,2027-03-04,09:05,187.09,ok
2026-09-26,KTW,FCO,2027-03-05,13:00,157.70,ok
2026-09-26,KTW,FCO,2027-03-06,07:15,232.14,ok
2026-09-26,KTW,FCO,2027-03-07,11:45,135.76,ok
2026-09-26,KTW,FCO,2027-03-08,17:50,170.00,ok
2026-09-26,KTW,FCO,2027-03-09,,,unavailable
2026-09-26,KTW,FCO,2027-03-10,,,unavailable
2026-09-26,KTW,FCO,2027-03-11,09:05,324.14,ok
2026-09-26,KTW,FCO,2027-03-12,13:00,451.19,ok
2026-09-26,KTW,FCO,2027-03-13,07:15,245.29,ok
2026-09-26,KTW,FCO,2027-03-14,11:45,122.62,ok
2026-09-26,KTW,FCO,2027-03-15,17:50,197.10,ok
2026-09-26,KTW,FCO,2027-03-16,,,unavailable
2026-09-26,KTW,FCO,2027-03-17,,,unavailable
2026-09-26,KTW,FCO,2027-03-18,09:05,311.00,ok
2026-09-26,KTW,FCO,2027-03-19,13:00,187.09,ok
2026-09-26,KTW,FCO,2027-03-20,07:15,245.29,ok
2026-09-26,KTW,FCO,2027-03-21,11:45,145.00,ok
2026-09-26,KTW,FCO,2027-03-22,17:50,166.43,ok
2026-09-26,KTW,FCO,2027-03-23,,,unavailable
2026-09-26,KTW,FCO,2027-03-24,,,unavailable
2026-09-26,KTW,FCO,2027-03-25,09:05,260.12,ok
2026-09-26,KTW,FCO,2027-03-26,13:00,170.00,ok
2026-09-26,KTW,FCO,2027-03-27,07:15,204.00,ok
2026-09-26,KTW,FCO,2027-03-28,10:55,272.00,ok
2026-09-26,KTW,FCO,2027-03-29,,,unavailable
2026-09-26,KTW,FCO,2027-03-30,,,unavailable
2026-09-26,KTW,FCO,2027-03-31,10:05,446.00,ok
2026-09-26,KTW,FCO,2027-04-01,,,unavailable
2026-09-26,KTW,FCO,2027-04-02,06:05,489.00,ok
2026-09-26,KTW,FCO,2027-04-03,,,unavailable
2026-09-26,KTW,FCO,2027-04-04,10:55,489.00,ok
2026-09-26,KTW,FCO,2027-04-05,,,unavailable
2026-09-26,KTW,FCO,2027-04-06,,,unavailable
2026-09-26,KTW,FCO,2027-04-07,10:05,272.00,ok
2026-09-26,KTW,FCO,2027-04-08,,,unavailable
2026-09-26,KTW,FCO,2027-04-09,06:05,310.00,ok
2026-09-26,KTW,FCO,2027-04-10,,,unavailable
2026-09-26,KTW,FCO,2027-04-11,10:55,310.00,ok
2026-09-26,KTW,FCO,2027-04-12,,,unavailable
2026-09-26,KTW,FCO,2027-04-13,,,unavailable
2026-09-26,KTW,FCO,2027-04-14,10:05,272.00,ok
2026-09-26,KTW,FCO,2027-04-15,,,unavailable
2026-09-26,KTW,FCO,2027-04-16,06:05,357.00,ok
2026-09-26,KTW,FCO,2027-04-17,,,unavailable
2026-09-26,KTW,FCO,2027-04-18,10:55,310.00,ok
2026-09-26,KTW,FCO,2027-04-19,,,unavailable
2026-09-26,KTW,FCO,2027-04-20,,,unavailable
2026-09-26,KTW,FCO,2027-04-21,10:05,272.00,ok
2026-09-26,KTW,FCO,2027-04-22,,,unavailable
2026-09-26,KTW,FCO,2027-04-23,06:05,357.00,ok
2026-09-26,KTW,FCO,2027-04-24,,,unavailable
2026-09-26,KTW,FCO,2027-04-25,10:55,310.00,ok
2026-09-26,KTW,FCO,2027-04-26,,,unavailable
2026-09-26,KTW,FCO,2027-04-27,,,unavailable
2026-09-26,KTW,FCO,2027-04-28,10:05,272.00,ok
2026-09-26,KTW,FCO,2027-04-29,,,unavailable
2026-09-26,KTW,FCO,2027-04-30,06:05,446.00,ok
2026-09-26,KTW,FCO,2027-05-01,,,unavailable
2026-09-26,KTW,FCO,2027-05-02,10:55,404.00,ok
2026-09-26,KTW,FCO,2027-05-03,,,unavailable
2026-09-26,KTW,FCO,2027-05-04,,,unavailable
2026-09-26,KTW,FCO,2027-05-05,10:05,272.00,ok
2026-09-26,KTW,FCO,2027-05-06,,,unavailable
2026-09-26,KTW,FCO,2027-05-07,06:05,357.00,ok
2026-09-26,KTW,FCO,2027-05-08,,,unavailable
2026-09-26,KTW,FCO,2027-05-09,10:55,310.00,ok
2026-09-26,KTW,FCO,2027-05-10,,,unavailable
2026-09-26,KTW,FCO,2027-05-11,,,unavailable
2026-09-26,KTW,FCO,2027-05-12,10:05,272.00,ok
2026-09-26,KTW,FCO,2027-05-13,,,unavailable
2026-09-26,KTW,FCO,2027-05-14,06:05,310.00,ok
2026-09-26,KTW,FCO,2027-05-15,,,unavailable
2026-09-26,KTW,FCO,2027-05-16,10:55,310.00,ok
2026-09-26,KTW,FCO,2027-05-17,,,unavailable
2026-09-26,KTW,FCO,2027-05-18,,,unavailable
2026-09-26,KTW,FCO,2027-05-19,10:05,272.00,ok
2026-09-26,KTW,FCO,2027-05-20,,,unavailable
2026-09-26,KTW,FCO,2027-05-21,06:05,310.00,ok
2026-09-26,KTW,FCO,2027-05-22,,,unavailable
2026-09-26,KTW,FCO,2027-05-23,10:55,272.00,ok
2026-09-26,KTW,FCO,2027-05-24,,,unavailable
2026-09-26,KTW,FCO,2027-05-25,,,unavailable
2026-09-26,KTW,FCO,2027-05-26,10:05,272.00,ok
2026-09-26,KTW,FCO,2027-05-27,,,unavailable
2026-09-26,KTW,FCO,2027-05-28,06:05,272.00,ok
2026-09-26,KTW,FCO,2027-05-29,,,unavailable
2026-09-26,KTW,FCO,2027-05-30,10:55,272.00,ok
2026-09-26,KTW,FCO,2027-05-31,,,unavailable
2026-09-26,KTW,FCO,2027-06-01,,,unavailable
2026-09-26,KTW,FCO,2027-06-02,10:05,357.00,ok
2026-09-26,KTW,FCO,2027-06-03,,,unavailable
2026-09-26,KTW,FCO,2027-06-04,06:05,535.00,ok
2026-09-26,KTW,FCO,2027-06-05,,,unavailable
2026-09-26,KTW,FCO,2027-06-06,10:55,272.00,ok
2026-09-26,KTW,FCO,2027-06-07,,,unavailable
2026-09-26,KTW,FCO,2027-06-08,,,unavailable
2026-09-26,KTW,FCO,2027-06-09,10:05,272.00,ok
2026-09-26,KTW,FCO,2027-06-10,,,unavailable
2026-09-26,KTW,FCO,2027-06-11,06:05,272.00,ok
2026-09-26,KTW,FCO,2027-06-12,,,unavailable
2026-09-26,KTW,FCO,2027-06-13,10:55,272.00,ok
2026-09-26,KTW,FCO,2027-06-14,,,unavailable
2026-09-26,KTW,FCO,2027-06-15,,,unavailable
2026-09-26,KTW,FCO,2027-06-16,10:05,272.00,ok
2026-09-26,KTW,FCO,2027-06-17,,,unavailable
2026-09-26,KTW,FCO,2027-06-18,06:05,272.00,ok
2026-09-26,KTW,FCO,2027-06-19,,,unavailable
2026-09-26,KTW,FCO,2027-06-20,10:55,272.00,ok
2026-09-26,KTW,FCO,2027-06-21,,,unavailable
2026-09-26,KTW,FCO,2027-06-22,,,unavailable
2026-09-26,KTW,FCO,2027-06-23,10:05,272.00,ok
2026-09-26,KTW,FCO,2027-06-24,,,unavailable
2026-09-26,KTW,FCO,2027-06-25,06:05,272.00,ok
2026-09-26,KTW,FCO,2027-06-26,,,unavailable
2026-09-26,KTW,FCO,2027-06-27,10:55,272.00,ok
2026-09-26,KTW,FCO,2027-06-28,,,unavailable
2026-09-26,KTW,FCO,2027-06-29,,,unavailable
2026-09-26,KTW,FCO,2027-06-30,10:05,272.00,ok
2026-09-26,KTW,FCO,2027-07-01,,,unavailable
2026-09-26,KTW,FCO,2027-07-02,06:05,272.00,ok
2026-09-26,KTW,FCO,2027-07-03,,,unavailable
2026-09-26,KTW,FCO,2027-07-04,10:55,272.00,ok
2026-09-26,KTW,FCO,2027-07-05,,,unavailable
2026-09-26,KTW,FCO,2027-07-06,,,unavailable
2026-09-26,KTW,FCO,2027-07-07,10:05,272.00,ok
2026-09-26,KTW,FCO,2027-07-08,,,unavailable
2026-09-26,KTW,FCO,2027-07-09,06:05,272.00,ok
2026-09-26,KTW,FCO,2027-07-10,,,unavailable
2026-09-26,KTW,FCO,2027-07-11,10:55,272.00,ok
2026-09-26,KTW,FCO,2027-07-12,,,unavailable
2026-09-26,KTW,FCO,2027-07-13,,,unavailable
2026-09-26,KTW,FCO,2027-07-14,10:05,272.00,ok
2026-09-26,KTW,FCO,2027-07-15,,,unavailable
2026-09-26,KTW,FCO,2027-07-16,06:05,272.00,ok
2026-09-26,KTW,FCO,2027-07-17,,,unavailable
2026-09-26,KTW,FCO,2027-07-18,10:55,272.00,ok
2026-09-26,KTW,FCO,2027-07-19,,,unavailable
2026-09-26,KTW,FCO,2027-07-20,,,unavailable
2026-09-26,KTW,FCO,2027-07-21,10:05,272.00,ok
2026-09-26,KTW,FCO,2027-07-22,,,unavailable
2026-09-26,KTW,FCO,2027-07-23,06:05,272.00,ok
2026-09-26,KTW,FCO,2027-07-24,,,unavailable
2026-09-26,KTW,FCO,2027-07-25,10:55,272.00,ok
2026-09-26,KTW,FCO,2027-07-26,,,unavailable
2026-09-26,KTW,FCO,2027-07-27,,,unavailable
2026-09-26,KTW,FCO,2027-07-28,10:05,272.00,ok
2026-09-26,KTW,FCO,2027-07-29,,,unavailable
2026-09-26,KTW,FCO,2027-07-30,06:05,272.00,ok
2026-09-26,KTW,FCO,2027-07-31,,,unavailable
2026-09-26,KTW,FCO,2027-08-01,10:55,272.00,ok
2026-09-26,KTW,FCO,2027-08-02,,,unavailable
2026-09-26,KTW,FCO,2027-08-03,,,unavailable
2026-09-26,KTW,FCO,2027-08-04,10:05,272.00,ok
2026-09-26,KTW,FCO,2027-08-05,,,unavailable
2026-09-26,KTW,FCO,2027-08-06,06:05,272.00,ok
2026-09-26,KTW,FCO,2027-08-07,,,unavailable
2026-09-26,KTW,FCO,2027-08-08,10:55,272.00,ok
2026-09-26,KTW,FCO,2027-08-09,,,unavailable
2026-09-26,KTW,FCO,2027-08-10,,,unavailable
2026-09-26,KTW,FCO,2027-08-11,10:05,272.00,ok
2026-09-26,KTW,FCO,2027-08-12,,,unavailable
2026-09-26,KTW,FCO,2027-08-13,06:05,310.00,ok
2026-09-26,KTW,FCO,2027-08-14,,,unavailable
2026-09-26,KTW,FCO,2027-08-15,10:55,310.00,ok
2026-09-26,KTW,FCO,2027-08-16,,,unavailable
2026-09-26,KTW,FCO,2027-08-17,,,unavailable
2026-09-26,KTW,FCO,2027-08-18,10:05,310.00,ok
2026-09-26,KTW,FCO,2027-08-19,,,unavailable
2026-09-26,KTW,FCO,2027-08-20,06:05,357.00,ok
2026-09-26,KTW,FCO,2027-08-21,,,unavailable
2026-09-26,KTW,FCO,2027-08-22,10:55,357.00,ok
2026-09-26,KTW,FCO,2027-08-23,,,unavailable
2026-09-26,KTW,FCO,2027-08-24,,,unavailable
2026-09-26,KTW,FCO,2027-08-25,10:05,357.00,ok
2026-09-26,KTW,FCO,2027-08-26,,,unavailable
2026-09-26,KTW,FCO,2027-08-27,06:05,310.00,ok
2026-09-26,KTW,FCO,2027-08-28,,,unavailable
2026-09-26,KTW,FCO,2027-08-29,10:55,310.00,ok
2026-09-26,KTW,FCO,2027-08-30,,,unavailable
2026-09-26,KTW,FCO,2027-08-31,,,unavailable
2026-09-26,FCO,KTW,2026-09-26,,,unavailable
2026-09-26,FCO,KTW,2026-09-27,,,unavailable
2026-09-26,FCO,KTW,2026-09-28,,,unavailable
2026-09-26,FCO,KTW,2026-09-29,18:25,407.73,ok
2026-09-26,FCO,KTW,2026-09-30,,,unavailable
2026-09-26,FCO,KTW,2026-10-01,16:50,314.38,ok
2026-09-26,FCO,KTW,2026-10-02,17:45,281.46,ok
2026-09-26,FCO,KTW,2026-10-03,,,unavailable
2026-09-26,FCO,KTW,2026-10-04,13:55,516.39,ok
2026-09-26,FCO,KTW,2026-10-05,,,unavailable
2026-09-26,FCO,KTW,2026-10-06,18:25,216.22,ok
2026-09-26,FCO,KTW,2026-10-07,23:05,87.00,ok
2026-09-26,FCO,KTW,2026-10-08,16:50,151.92,ok
2026-09-26,FCO,KTW,2026-10-09,17:45,220.08,ok
2026-09-26,FCO,KTW,2026-10-10,,,unavailable
2026-09-26,FCO,KTW,2026-10-11,13:55,461.75,ok
2026-09-26,FCO,KTW,2026-10-12,,,unavailable
2026-09-26,FCO,KTW,2026-10-13,18:25,212.32,ok
2026-09-26,FCO,KTW,2026-10-14,22:20,87.00,ok
2026-09-26,FCO,KTW,2026-10-15,16:50,127.50,ok
2026-09-26,FCO,KTW,2026-10-16,17:45,208.38,ok
2026-09-26,FCO,KTW,2026-10-17,,,unavailable
2026-09-26,FCO,KTW,2026-10-18,13:55,419.65,ok
2026-09-26,FCO,KTW,2026-10-19,,,unavailable
2026-09-26,FCO,KTW,2026-10-20,18:25,292.33,ok
2026-09-26,FCO,KTW,2026-10-21,22:20,215.70,ok
2026-09-26,FCO,KTW,2026-10-22,16:50,169.39,ok
2026-09-26,FCO,KTW,2026-10-23,17:45,204.84,ok
2026-09-26,FCO,KTW,2026-10-24,,,unavailable
2026-09-26,FCO,KTW,2026-10-25,14:30,769.58,ok
2026-09-26,FCO,KTW,2026-10-26,20:35,437.00,ok
2026-09-26,FCO,KTW,2026-10-27,,,unavailable
2026-09-26,FCO,KTW,2026-10-28,,,unavailable
2026-09-26,FCO,KTW,2026-10-29,11:50,287.25,ok
2026-09-26,FCO,KTW,2026-10-30,15:45,291.63,ok
2026-09-26,FCO,KTW,2026-10-31,10:00,213.64,ok
2026-09-26,FCO,KTW,2026-11-01,14:30,532.41,ok
2026-09-26,FCO,KTW,2026-11-02,20:35,275.95,ok
2026-09-26,FCO,KTW,2026-11-03,,,unavailable
2026-09-26,FCO,KTW,2026-11-04,,,unavailable
2026-09-26,FCO,KTW,2026-11-05,11:50,221.57,ok
2026-09-26,FCO,KTW,2026-11-06,,,unavailable
2026-09-26,FCO,KTW,2026-11-07,10:00,183.95,ok
2026-09-26,FCO,KTW,2026-11-08,,,unavailable
2026-09-26,FCO,KTW,2026-11-09,20:35,284.71,ok
2026-09-26,FCO,KTW,2026-11-10,,,unavailable
2026-09-26,FCO,KTW,2026-11-11,,,unavailable
2026-09-26,FCO,KTW,2026-11-12,11:50,335.85,ok
2026-09-26,FCO,KTW,2026-11-13,,,unavailable
2026-09-26,FCO,KTW,2026-11-14,10:00,258.43,ok
2026-09-26,FCO,KTW,2026-11-15,,,unavailable
2026-09-26,FCO,KTW,2026-11-16,20:35,341.59,ok
2026-09-26,FCO,KTW,2026-11-17,,,unavailable
2026-09-26,FCO,KTW,2026-11-18,,,unavailable
2026-09-26,FCO,KTW,2026-11-19,11:50,156.43,ok
2026-09-26,FCO,KTW,2026-11-20,,,unavailable
2026-09-26,FCO,KTW,2026-11-21,10:00,125.18,ok
2026-09-26,FCO,KTW,2026-11-22,,,unavailable
2026-09-26,FCO,KTW,2026-11-23,20:35,299.95,ok
2026-09-26,FCO,KTW,2026-11-24,,,unavailable
2026-09-26,FCO,KTW,2026-11-25,,,unavailable
2026-09-26,FCO,KTW,2026-11-26,11:50,189.76,ok
2026-09-26,FCO,KTW,2026-11-27,,,unavailable
2026-09-26,FCO,KTW,2026-11-28,10:00,223.38,ok
2026-09-26,FCO,KTW,2026-11-29,,,unavailable
2026-09-26,FCO,KTW,2026-11-30,20:35,293.48,ok
2026-09-26,FCO,KTW,2026-12-01,,,unavailable
2026-09-26,FCO,KTW,2026-12-02,,,unavailable
2026-09-26,FCO,KTW,2026-12-03,,,unavailable
2026-09-26,FCO,KTW,2026-12-04,15:45,344.43,ok
2026-09-26,FCO,KTW,2026-12-05,,,unavailable
2026-09-26,FCO,KTW,2026-12-06,14:30,200.58,ok
2026-09-26,FCO,KTW,2026-12-07,20:35,266.96,ok
2026-09-26,FCO,KTW,2026-12-08,,,unavailable
2026-09-26,FCO,KTW,2026-12-09,,,unavailable
2026-09-26,FCO,KTW,2026-12-10,,,unavailable
2026-09-26,FCO,KTW,2026-12-11,15:45,118.24,ok
2026-09-26,FCO,KTW,2026-12-12,,,unavailable
2026-09-26,FCO,KTW,2026-12-13,14:30,403.35,ok
2026-09-26,FCO,KTW,2026-12-14,20:35,223.38,ok
2026-09-26,FCO,KTW,2026-12-15,,,unavailable
2026-09-26,FCO,KTW,2026-12-16,,,unavailable
2026-09-26,FCO,KTW,2026-12-17,11:50,214.62,ok
2026-09-26,FCO,KTW,2026-12-18,15:45,210.24,ok
2026-09-26,FCO,KTW,2026-12-19,10:00,210.24,ok
2026-09-26,FCO,KTW,2026-12-20,14:30,394.24,ok
2026-09-26,FCO,KTW,2026-12-21,20:35,394.24,ok
2026-09-26,FCO,KTW,2026-12-22,,,unavailable
2026-09-26,FCO,KTW,2026-12-23,,,unavailable
2026-09-26,FCO,KTW,2026-12-24,11:50,128.29,ok
2026-09-26,FCO,KTW,2026-12-25,,,unavailable
2026-09-26,FCO,KTW,2026-12-26,10:00,271.21,ok
2026-09-26,FCO,KTW,2026-12-27,14:30,272.00,ok
2026-09-26,FCO,KTW,2026-12-28,20:35,332.90,ok
2026-09-26,FCO,KTW,2026-12-29,,,unavailable
2026-09-26,FCO,KTW,2026-12-30,,,unavailable
2026-09-26,FCO,KTW,2026-12-31,11:50,622.92,ok
2026-09-26,FCO,KTW,2027-01-01,15:45,275.95,ok
2026-09-26,FCO,KTW,2027-01-02,10:00,487.88,ok
2026-09-26,FCO,KTW,2027-01-03,14:30,483.50,ok
2026-09-26,FCO,KTW,2027-01-04,20:35,219.00,ok
2026-09-26,FCO,KTW,2027-01-05,,,unavailable
2026-09-26,FCO,KTW,2027-01-06,,,unavailable
2026-09-26,FCO,KTW,2027-01-07,,,unavailable
2026-09-26,FCO,KTW,2027-01-08,15:45,119.00,ok
2026-09-26,FCO,KTW,2027-01-09,,,unavailable
2026-09-26,FCO,KTW,2027-01-10,,,unavailable
2026-09-26,FCO,KTW,2027-01-11,20:35,210.24,ok
2026-09-26,FCO,KTW,2027-01-12,,,unavailable
2026-09-26,FCO,KTW,2027-01-13,,,unavailable
2026-09-26,FCO,KTW,2027-01-14,,,unavailable
2026-09-26,FCO,KTW,2027-01-15,15:45,122.62,ok
2026-09-26,FCO,KTW,2027-01-16,,,unavailable
2026-09-26,FCO,KTW,2027-01-17,,,unavailable
2026-09-26,FCO,KTW,2027-01-18,20:35,210.24,ok
2026-09-26,FCO,KTW,2027-01-19,,,unavailable
2026-09-26,FCO,KTW,2027-01-20,,,unavailable
2026-09-26,FCO,KTW,2027-01-21,,,unavailable
2026-09-26,FCO,KTW,2027-01-22,15:45,297.41,ok
2026-09-26,FCO,KTW,2027-01-23,,,unavailable
2026-09-26,FCO,KTW,2027-01-24,,,unavailable
2026-09-26,FCO,KTW,2027-01-25,20:35,197.10,ok
2026-09-26,FCO,KTW,2027-01-26,,,unavailable
2026-09-26,FCO,KTW,2027-01-27,,,unavailable
2026-09-26,FCO,KTW,2027-01-28,,,unavailable
2026-09-26,FCO,KTW,2027-01-29,15:45,260.12,ok
2026-09-26,FCO,KTW,2027-01-30,,,unavailable
2026-09-26,FCO,KTW,2027-01-31,,,unavailable
2026-09-26,FCO,KTW,2027-02-01,20:35,187.09,ok
2026-09-26,FCO,KTW,2027-02-02,,,unavailable
2026-09-26,FCO,KTW,2027-02-03,,,unavailable
2026-09-26,FCO,KTW,2027-02-04,11:50,144.53,ok
2026-09-26,FCO,KTW,2027-02-05,15:45,232.14,ok
2026-09-26,FCO,KTW,2027-02-06,10:00,258.43,ok
2026-09-26,FCO,KTW,2027-02-07,14:30,293.48,ok
2026-09-26,FCO,KTW,2027-02-08,20:35,170.00,ok
2026-09-26,FCO,KTW,2027-02-09,,,unavailable
2026-09-26,FCO,KTW,2027-02-10,,,unavailable
2026-09-26,FCO,KTW,2027-02-11,11:50,170.81,ok
2026-09-26,FCO,KTW,2027-02-12,15:45,332.90,ok
2026-09-26,FCO,KTW,2027-02-13,10:00,170.00,ok
2026-09-26,FCO,KTW,2027-02-14,14:30,204.00,ok
2026-09-26,FCO,KTW,2027-02-15,20:35,260.12,ok
2026-09-26,FCO,KTW,2027-02-16,,,unavailable
2026-09-26,FCO,KTW,2027-02-17,,,unavailable
2026-09-26,FCO,KTW,2027-02-18,11:50,187.09,ok
2026-09-26,FCO,KTW,2027-02-19,15:45,337.29,ok
2026-09-26,FCO,KTW,2027-02-20,10:00,238.00,ok
2026-09-26,FCO,KTW,2027-02-21,14:30,403.00,ok
2026-09-26,FCO,KTW,2027-02-22,20:35,372.33,ok
2026-09-26,FCO,KTW,2027-02-23,,,unavailable
2026-09-26,FCO,KTW,2027-02-24,,,unavailable
2026-09-26,FCO,KTW,2027-02-25,11:50,170.00,ok
2026-09-26,FCO,KTW,2027-02-26,15:45,223.50,ok
2026-09-26,FCO,KTW,2027-02-27,10:00,271.57,ok
2026-09-26,FCO,KTW,2027-02-28,14:30,272.00,ok
2026-09-26,FCO,KTW,2027-03-01,20:35,187.09,ok
2026-09-26,FCO,KTW,2027-03-02,,,unavailable
2026-09-26,FCO,KTW,2027-03-03,,,unavailable
2026-09-26,FCO,KTW,2027-03-04,11:50,157.70,ok
2026-09-26,FCO,KTW,2027-03-05,15:45,157.70,ok
2026-09-26,FCO,KTW,2027-03-06,10:00,280.33,ok
2026-09-26,FCO,KTW,2027-03-07,14:30,223.50,ok
2026-09-26,FCO,KTW,2027-03-08,20:35,204.00,ok
2026-09-26,FCO,KTW,2027-03-09,,,unavailable
2026-09-26,FCO,KTW,2027-03-10,,,unavailable
2026-09-26,FCO,KTW,2027-03-11,11:50,187.09,ok
2026-09-26,FCO,KTW,2027-03-12,15:45,145.00,ok
2026-09-26,FCO,KTW,2027-03-13,10:00,284.71,ok
2026-09-26,FCO,KTW,2027-03-14,14:30,381.09,ok
2026-09-26,FCO,KTW,2027-03-15,20:35,297.41,ok
2026-09-26,FCO,KTW,2027-03-16,,,unavailable
2026-09-26,FCO,KTW,2027-03-17,,,unavailable
2026-09-26,FCO,KTW,2027-03-18,11:50,187.09,ok
2026-09-26,FCO,KTW,2027-03-19,15:45,275.95,ok
2026-09-26,FCO,KTW,2027-03-20,10:00,204.00,ok
2026-09-26,FCO,KTW,2027-03-21,14:30,260.12,ok
2026-09-26,FCO,KTW,2027-03-22,20:35,385.48,ok
2026-09-26,FCO,KTW,2027-03-23,,,unavailable
2026-09-26,FCO,KTW,2027-03-24,,,unavailable
2026-09-26,FCO,KTW,2027-03-25,11:50,433.67,ok
2026-09-26,FCO,KTW,2027-03-26,15:45,170.00,ok
2026-09-26,FCO,KTW,2027-03-27,10:00,341.67,ok
2026-09-26,FCO,KTW,2027-03-28,13:35,446.00,ok
2026-09-26,FCO,KTW,2027-03-29,,,unavailable
2026-09-26,FCO,KTW,2027-03-30,,,unavailable
2026-09-26,FCO,KTW,2027-03-31,12:45,489.00,ok
2026-09-26,FCO,KTW,2027-04-01,,,unavailable
2026-09-26,FCO,KTW,2027-04-02,08:45,310.00,ok
2026-09-26,FCO,KTW,2027-04-03,,,unavailable
2026-09-26,FCO,KTW,2027-04-04,13:35,310.00,ok
2026-09-26,FCO,KTW,2027-04-05,,,unavailable
2026-09-26,FCO,KTW,2027-04-06,,,unavailable
2026-09-26,FCO,KTW,2027-04-07,12:45,310.00,ok
2026-09-26,FCO,KTW,2027-04-08,,,unavailable
2026-09-26,FCO,KTW,2027-04-09,08:45,310.00,ok
2026-09-26,FCO,KTW,2027-04-10,,,unavailable
2026-09-26,FCO,KTW,2027-04-11,13:35,535.00,ok
2026-09-26,FCO,KTW,2027-04-12,,,unavailable
2026-09-26,FCO,KTW,2027-04-13,,,unavailable
2026-09-26,FCO,KTW,2027-04-14,12:45,272.00,ok
2026-09-26,FCO,KTW,2027-04-15,,,unavailable
2026-09-26,FCO,KTW,2027-04-16,08:45,357.00,ok
2026-09-26,FCO,KTW,2027-04-17,,,unavailable
2026-09-26,FCO,KTW,2027-04-18,13:35,591.00,ok
2026-09-26,FCO,KTW,2027-04-19,,,unavailable
2026-09-26,FCO,KTW,2027-04-20,,,unavailable
2026-09-26,FCO,KTW,2027-04-21,12:45,357.00,ok
2026-09-26,FCO,KTW,2027-04-22,,,unavailable
2026-09-26,FCO,KTW,2027-04-23,08:45,357.00,ok
2026-09-26,FCO,KTW,2027-04-24,,,unavailable
2026-09-26,FCO,KTW,2027-04-25,13:35,591.00,ok
2026-09-26,FCO,KTW,2027-04-26,,,unavailable
2026-09-26,FCO,KTW,2027-04-27,,,unavailable
2026-09-26,FCO,KTW,2027-04-28,12:45,310.00,ok
2026-09-26,FCO,KTW,2027-04-29,,,unavailable
2026-09-26,FCO,KTW,2027-04-30,08:45,404.00,ok
2026-09-26,FCO,KTW,2027-05-01,,,unavailable
2026-09-26,FCO,KTW,2027-05-02,13:35,718.00,ok
2026-09-26,FCO,KTW,2027-05-03,,,unavailable
2026-09-26,FCO,KTW,2027-05-04,,,unavailable
2026-09-26,FCO,KTW,2027-05-05,12:45,272.00,ok
2026-09-26,FCO,KTW,2027-05-06,,,unavailable
2026-09-26,FCO,KTW,2027-05-07,08:45,357.00,ok
2026-09-26,FCO,KTW,2027-05-08,,,unavailable
2026-09-26,FCO,KTW,2027-05-09,13:35,591.00,ok
2026-09-26,FCO,KTW,2027-05-10,,,unavailable
2026-09-26,FCO,KTW,2027-05-11,,,unavailable
2026-09-26,FCO,KTW,2027-05-12,12:45,357.00,ok
2026-09-26,FCO,KTW,2027-05-13,,,unavailable
2026-09-26,FCO,KTW,2027-05-14,08:45,357.00,ok
2026-09-26,FCO,KTW,2027-05-15,,,unavailable
2026-09-26,FCO,KTW,2027-05-16,13:35,535.00,ok
2026-09-26,FCO,KTW,2027-05-17,,,unavailable
2026-09-26,FCO,KTW,2027-05-18,,,unavailable
2026-09-26,FCO,KTW,2027-05-19,12:45,272.00,ok
2026-09-26,FCO,KTW,2027-05-20,,,unavailable
2026-09-26,FCO,KTW,2027-05-21,08:45,310.00,ok
2026-09-26,FCO,KTW,2027-05-22,,,unavailable
2026-09-26,FCO,KTW,2027-05-23,13:35,489.00,ok
2026-09-26,FCO,KTW,2027-05-24,,,unavailable
2026-09-26,FCO,KTW,2027-05-25,,,unavailable
2026-09-26,FCO,KTW,2027-05-26,12:45,310.00,ok
2026-09-26,FCO,KTW,2027-05-27,,,unavailable
2026-09-26,FCO,KTW,2027-05-28,08:45,357.00,ok
2026-09-26,FCO,KTW,2027-05-29,,,unavailable
2026-09-26,FCO,KTW,2027-05-30,13:35,446.00,ok
2026-09-26,FCO,KTW,2027-05-31,,,unavailable
2026-09-26,FCO,KTW,2027-06-01,,,unavailable
2026-09-26,FCO,KTW,2027-06-02,12:45,310.00,ok
2026-09-26,FCO,KTW,2027-06-03,,,unavailable
2026-09-26,FCO,KTW,2027-06-04,08:45,272.00,ok
2026-09-26,FCO,KTW,2027-06-05,,,unavailable
2026-09-26,FCO,KTW,2027-06-06,13:35,718.00,ok
2026-09-26,FCO,KTW,2027-06-07,,,unavailable
2026-09-26,FCO,KTW,2027-06-08,,,unavailable
2026-09-26,FCO,KTW,2027-06-09,12:45,310.00,ok
2026-09-26,FCO,KTW,2027-06-10,,,unavailable
2026-09-26,FCO,KTW,2027-06-11,08:45,272.00,ok
2026-09-26,FCO,KTW,2027-06-12,,,unavailable
2026-09-26,FCO,KTW,2027-06-13,13:35,404.00,ok
2026-09-26,FCO,KTW,2027-06-14,,,unavailable
2026-09-26,FCO,KTW,2027-06-15,,,unavailable
2026-09-26,FCO,KTW,2027-06-16,12:45,272.00,ok
2026-09-26,FCO,KTW,2027-06-17,,,unavailable
2026-09-26,FCO,KTW,2027-06-18,08:45,272.00,ok
2026-09-26,FCO,KTW,2027-06-19,,,unavailable
2026-09-26,FCO,KTW,2027-06-20,13:35,404.00,ok
2026-09-26,FCO,KTW,2027-06-21,,,unavailable
2026-09-26,FCO,KTW,2027-06-22,,,unavailable
2026-09-26,FCO,KTW,2027-06-23,12:45,272.00,ok
2026-09-26,FCO,KTW,2027-06-24,,,unavailable
2026-09-26,FCO,KTW,2027-06-25,08:45,272.00,ok
2026-09-26,FCO,KTW,2027-06-26,,,unavailable
2026-09-26,FCO,KTW,2027-06-27,13:35,404.00,ok
2026-09-26,FCO,KTW,2027-06-28,,,unavailable
2026-09-26,FCO,KTW,2027-06-29,,,unavailable
2026-09-26,FCO,KTW,2027-06-30,12:45,357.00,ok
2026-09-26,FCO,KTW,2027-07-01,,,unavailable
2026-09-26,FCO,KTW,2027-07-02,08:45,272.00,ok
2026-09-26,FCO,KTW,2027-07-03,,,unavailable
2026-09-26,FCO,KTW,2027-07-04,13:35,357.00,ok
2026-09-26,FCO,KTW,2027-07-05,,,unavailable
2026-09-26,FCO,KTW,2027-07-06,,,unavailable
2026-09-26,FCO,KTW,2027-07-07,12:45,272.00,ok
2026-09-26,FCO,KTW,2027-07-08,,,unavailable
2026-09-26,FCO,KTW,2027-07-09,08:45,272.00,ok
2026-09-26,FCO,KTW,2027-07-10,,,unavailable
2026-09-26,FCO,KTW,2027-07-11,13:35,404.00,ok
2026-09-26,FCO,KTW,2027-07-12,,,unavailable
2026-09-26,FCO,KTW,2027-07-13,,,unavailable
2026-09-26,FCO,KTW,2027-07-14,12:45,310.00,ok
2026-09-26,FCO,KTW,2027-07-15,,,unavailable
2026-09-26,FCO,KTW,2027-07-16,08:45,310.00,ok
2026-09-26,FCO,KTW,2027-07-17,,,unavailable
2026-09-26,FCO,KTW,2027-07-18,13:35,404.00,ok
2026-09-26,FCO,KTW,2027-07-19,,,unavailable
2026-09-26,FCO,KTW,2027-07-20,,,unavailable
2026-09-26,FCO,KTW,2027-07-21,12:45,310.00,ok
2026-09-26,FCO,KTW,2027-07-22,,,unavailable
2026-09-26,FCO,KTW,2027-07-23,08:45,310.00,ok
2026-09-26,FCO,KTW,2027-07-24,,,unavailable
2026-09-26,FCO,KTW,2027-07-25,13:35,404.00,ok
2026-09-26,FCO,KTW,2027-07-26,,,unavailable
2026-09-26,FCO,KTW,2027-07-27,,,unavailable
2026-09-26,FCO,KTW,2027-07-28,12:45,357.00,ok
2026-09-26,FCO,KTW,2027-07-29,,,unavailable
2026-09-26,FCO,KTW,2027-07-30,08:45,357.00,ok
2026-09-26,FCO,KTW,2027-07-31,,,unavailable
2026-09-26,FCO,KTW,2027-08-01,13:35,446.00,ok
2026-09-26,FCO,KTW,2027-08-02,,,unavailable
2026-09-26,FCO,KTW,2027-08-03,,,unavailable
2026-09-26,FCO,KTW,2027-08-04,12:45,357.00,ok
2026-09-26,FCO,KTW,2027-08-05,,,unavailable
2026-09-26,FCO,KTW,2027-08-06,08:45,357.00,ok
2026-09-26,FCO,KTW,2027-08-07,,,unavailable
2026-09-26,FCO,KTW,2027-08-08,13:35,489.00,ok
2026-09-26,FCO,KTW,2027-08-09,,,unavailable
2026-09-26,FCO,KTW,2027-08-10,,,unavailable
2026-09-26,FCO,KTW,2027-08-11,12:45,404.00,ok
2026-09-26,FCO,KTW,2027-08-12,,,unavailable
2026-09-26,FCO,KTW,2027-08-13,08:45,357.00,ok
2026-09-26,FCO,KTW,2027-08-14,,,unavailable
2026-09-26,FCO,KTW,2027-08-15,13:35,489.00,ok
2026-09-26,FCO,KTW,2027-08-16,,,unavailable
2026-09-26,FCO,KTW,2027-08-17,,,unavailable
2026-09-26,FCO,KTW,2027-08-18,12:45,357.00,ok
2026-09-26,FCO,KTW,2027-08-19,,,unavailable
2026-09-26,FCO,KTW,2027-08-20,08:45,310.00,ok
2026-09-26,FCO,KTW,2027-08-21,,,unavailable
2026-09-26,FCO,KTW,2027-08-22,13:35,404.00,ok
2026-09-26,FCO,KTW,2027-08-23,,,unavailable
2026-09-26,FCO,KTW,2027-08-24,,,unavailable
2026-09-26,FCO,KTW,2027-08-25,12:45,310.00,ok
2026-09-26,FCO,KTW,2027-08-26,,,unavailable
2026-09-26,FCO,KTW,2027-08-27,08:45,272.00,ok
2026-09-26,FCO,KTW,2027-08-28,,,unavailable
2026-09-26,FCO,KTW,2027-08-29,13:35,404.00,ok
2026-09-26,FCO,KTW,2027-08-30,,,unavailable
2026-09-26,FCO,KTW,2027-08-31,,,unavailable
2026-09-26,KTW,MAN,2026-09-26,,,unavailable
2026-09-26,KTW,MAN,2026-09-27,15:00,1292.32,ok
2026-09-26,KTW,MAN,2026-09-28,,,unavailable
2026-09-26,KTW,MAN,2026-09-29,11:05,140.14,ok
2026-09-26,KTW,MAN,2026-09-30,09:40,157.67,ok
2026-09-26,KTW,MAN,2026-10-01,,,unavailable
2026-09-26,KTW,MAN,2026-10-02,,,unavailable
2026-09-26,KTW,MAN,2026-10-03,,,unavailable
2026-09-26,KTW,MAN,2026-10-04,15:00,342.43,ok
2026-09-26,KTW,MAN,2026-10-05,,,unavailable
2026-09-26,KTW,MAN,2026-10-06,11:05,65.67,ok
2026-09-26,KTW,MAN,2026-10-07,09:40,100.72,ok
2026-09-26,KTW,MAN,2026-10-08,,,unavailable
2026-09-26,KTW,MAN,2026-10-09,,,unavailable
2026-09-26,KTW,MAN,2026-10-10,,,unavailable
2026-09-26,KTW,MAN,2026-10-11,15:00,214.62,ok
2026-09-26,KTW,MAN,2026-10-12,,,unavailable
2026-09-26,KTW,MAN,2026-10-13,11:05,78.81,ok
2026-09-26,KTW,MAN,2026-10-14,09:40,92.49,ok
2026-09-26,KTW,MAN,2026-10-15,,,unavailable
2026-09-26,KTW,MAN,2026-10-16,,,unavailable
2026-09-26,KTW,MAN,2026-10-17,,,unavailable
2026-09-26,KTW,MAN,2026-10-18,15:00,223.38,ok
2026-09-26,KTW,MAN,2026-10-19,,,unavailable
2026-09-26,KTW,MAN,2026-10-20,11:05,112.97,ok
2026-09-26,KTW,MAN,2026-10-21,09:40,127.00,ok
2026-09-26,KTW,MAN,2026-10-22,,,unavailable
2026-09-26,KTW,MAN,2026-10-23,,,unavailable
2026-09-26,KTW,MAN,2026-10-24,,,unavailable
2026-09-26,KTW,MAN,2026-10-25,17:30,275.92,ok
2026-09-26,KTW,MAN,2026-10-26,,,unavailable
2026-09-26,KTW,MAN,2026-10-27,08:00,111.85,ok
2026-09-26,KTW,MAN,2026-10-28,17:35,153.31,ok
2026-09-26,KTW,MAN,2026-10-29,,,unavailable
2026-09-26,KTW,MAN,2026-10-30,06:40,245.72,ok
2026-09-26,KTW,MAN,2026-10-31,,,unavailable
2026-09-26,KTW,MAN,2026-11-01,17:30,603.03,ok
2026-09-26,KTW,MAN,2026-11-02,,,unavailable
2026-09-26,KTW,MAN,2026-11-03,08:00,249.67,ok
2026-09-26,KTW,MAN,2026-11-04,,,unavailable
2026-09-26,KTW,MAN,2026-11-05,,,unavailable
2026-09-26,KTW,MAN,2026-11-06,06:40,122.62,ok
2026-09-26,KTW,MAN,2026-11-07,,,unavailable
2026-09-26,KTW,MAN,2026-11-08,17:30,223.38,ok
2026-09-26,KTW,MAN,2026-11-09,,,unavailable
2026-09-26,KTW,MAN,2026-11-10,,,unavailable
2026-09-26,KTW,MAN,2026-11-11,,,unavailable
2026-09-26,KTW,MAN,2026-11-12,,,unavailable
2026-09-26,KTW,MAN,2026-11-13,06:40,147.95,ok
2026-09-26,KTW,MAN,2026-11-14,,,unavailable
2026-09-26,KTW,MAN,2026-11-15,17:30,227.76,ok
2026-09-26,KTW,MAN,2026-11-16,,,unavailable
2026-09-26,KTW,MAN,2026-11-17,,,unavailable
2026-09-26,KTW,MAN,2026-11-18,,,unavailable
2026-09-26,KTW,MAN,2026-11-19,,,unavailable
2026-09-26,KTW,MAN,2026-11-20,06:40,103.29,ok
2026-09-26,KTW,MAN,2026-11-21,,,unavailable
2026-09-26,KTW,MAN,2026-11-22,17:30,249.67,ok
2026-09-26,KTW,MAN,2026-11-23,,,unavailable
2026-09-26,KTW,MAN,2026-11-24,,,unavailable
2026-09-26,KTW,MAN,2026-11-25,,,unavailable
2026-09-26,KTW,MAN,2026-11-26,,,unavailable
2026-09-26,KTW,MAN,2026-11-27,06:40,109.48,ok
2026-09-26,KTW,MAN,2026-11-28,,,unavailable
2026-09-26,KTW,MAN,2026-11-29,17:30,367.95,ok
2026-09-26,KTW,MAN,2026-11-30,,,unavailable
2026-09-26,KTW,MAN,2026-12-01,,,unavailable
2026-09-26,KTW,MAN,2026-12-02,,,unavailable
2026-09-26,KTW,MAN,2026-12-03,,,unavailable
2026-09-26,KTW,MAN,2026-12-04,06:40,155.72,ok
2026-09-26,KTW,MAN,2026-12-05,,,unavailable
2026-09-26,KTW,MAN,2026-12-06,17:30,390.83,ok
2026-09-26,KTW,MAN,2026-12-07,,,unavailable
2026-09-26,KTW,MAN,2026-12-08,,,unavailable
2026-09-26,KTW,MAN,2026-12-09,,,unavailable
2026-09-26,KTW,MAN,2026-12-10,,,unavailable
2026-09-26,KTW,MAN,2026-12-11,06:40,124.64,ok
2026-09-26,KTW,MAN,2026-12-12,,,unavailable
2026-09-26,KTW,MAN,2026-12-13,17:30,436.35,ok
2026-09-26,KTW,MAN,2026-12-14,,,unavailable
2026-09-26,KTW,MAN,2026-12-15,,,unavailable
2026-09-26,KTW,MAN,2026-12-16,,,unavailable
2026-09-26,KTW,MAN,2026-12-17,,,unavailable
2026-09-26,KTW,MAN,2026-12-18,06:40,205.86,ok
2026-09-26,KTW,MAN,2026-12-19,,,unavailable
2026-09-26,KTW,MAN,2026-12-20,17:30,284.71,ok
2026-09-26,KTW,MAN,2026-12-21,,,unavailable
2026-09-26,KTW,MAN,2026-12-22,08:00,249.67,ok
2026-09-26,KTW,MAN,2026-12-23,10:10,277.78,ok
2026-09-26,KTW,MAN,2026-12-24,13:05,313.91,ok
2026-09-26,KTW,MAN,2026-12-25,,,unavailable
2026-09-26,KTW,MAN,2026-12-26,,,unavailable
2026-09-26,KTW,MAN,2026-12-27,17:30,597.42,ok
2026-09-26,KTW,MAN,2026-12-28,,,unavailable
2026-09-26,KTW,MAN,2026-12-29,08:00,536.12,ok
2026-09-26,KTW,MAN,2026-12-30,10:10,459.50,ok
2026-09-26,KTW,MAN,2026-12-31,13:05,557.20,ok
2026-09-26,KTW,MAN,2027-01-01,06:40,578.23,ok
2026-09-26,KTW,MAN,2027-01-02,,,unavailable
2026-09-26,KTW,MAN,2027-01-03,17:30,1125.85,ok
2026-09-26,KTW,MAN,2027-01-04,,,unavailable
2026-09-26,KTW,MAN,2027-01-05,08:00,394.24,ok
2026-09-26,KTW,MAN,2027-01-06,,,unavailable
2026-09-26,KTW,MAN,2027-01-07,,,unavailable
2026-09-26,KTW,MAN,2027-01-08,06:40,132.00,ok
2026-09-26,KTW,MAN,2027-01-09,,,unavailable
2026-09-26,KTW,MAN,2027-01-10,17:30,271.57,ok
2026-09-26,KTW,MAN,2027-01-11,,,unavailable
2026-09-26,KTW,MAN,2027-01-12,,,unavailable
2026-09-26,KTW,MAN,2027-01-13,,,unavailable
2026-09-26,KTW,MAN,2027-01-14,,,unavailable
2026-09-26,KTW,MAN,2027-01-15,06:40,192.72,ok
2026-09-26,KTW,MAN,2027-01-16,,,unavailable
2026-09-26,KTW,MAN,2027-01-17,17:30,275.75,ok
2026-09-26,KTW,MAN,2027-01-18,,,unavailable
2026-09-26,KTW,MAN,2027-01-19,,,unavailable
2026-09-26,KTW,MAN,2027-01-20,,,unavailable
2026-09-26,KTW,MAN,2027-01-21,,,unavailable
2026-09-26,KTW,MAN,2027-01-22,06:40,118.24,ok
2026-09-26,KTW,MAN,2027-01-23,,,unavailable
2026-09-26,KTW,MAN,2027-01-24,17:30,192.72,ok
2026-09-26,KTW,MAN,2027-01-25,,,unavailable
2026-09-26,KTW,MAN,2027-01-26,,,unavailable
2026-09-26,KTW,MAN,2027-01-27,,,unavailable
2026-09-26,KTW,MAN,2027-01-28,,,unavailable
2026-09-26,KTW,MAN,2027-01-29,06:40,111.00,ok
2026-09-26,KTW,MAN,2027-01-30,,,unavailable
2026-09-26,KTW,MAN,2027-01-31,17:30,197.10,ok
2026-09-26,KTW,MAN,2027-02-01,12:00,201.48,ok
2026-09-26,KTW,MAN,2027-02-02,08:00,120.68,ok
2026-09-26,KTW,MAN,2027-02-03,,,unavailable
2026-09-26,KTW,MAN,2027-02-04,,,unavailable
2026-09-26,KTW,MAN,2027-02-05,06:40,120.68,ok
2026-09-26,KTW,MAN,2027-02-06,,,unavailable
2026-09-26,KTW,MAN,2027-02-07,17:30,144.53,ok
2026-09-26,KTW,MAN,2027-02-08,12:00,232.14,ok
2026-09-26,KTW,MAN,2027-02-09,08:00,166.43,ok
2026-09-26,KTW,MAN,2027-02-10,,,unavailable
2026-09-26,KTW,MAN,2027-02-11,,,unavailable
2026-09-26,KTW,MAN,2027-02-12,06:40,111.00,ok
2026-09-26,KTW,MAN,2027-02-13,,,unavailable
2026-09-26,KTW,MAN,2027-02-14,17:30,162.05,ok
2026-09-26,KTW,MAN,2027-02-15,12:00,192.72,ok
2026-09-26,KTW,MAN,2027-02-16,08:00,236.52,ok
2026-09-26,KTW,MAN,2027-02-17,,,unavailable
2026-09-26,KTW,MAN,2027-02-18,,,unavailable
2026-09-26,KTW,MAN,2027-02-19,06:40,284.71,ok
2026-09-26,KTW,MAN,2027-02-20,,,unavailable
2026-09-26,KTW,MAN,2027-02-21,17:30,561.97,ok
2026-09-26,KTW,MAN,2027-02-22,12:00,350.43,ok
2026-09-26,KTW,MAN,2027-02-23,08:00,289.00,ok
2026-09-26,KTW,MAN,2027-02-24,,,unavailable
2026-09-26,KTW,MAN,2027-02-25,,,unavailable
2026-09-26,KTW,MAN,2027-02-26,06:40,144.27,ok
2026-09-26,KTW,MAN,2027-02-27,,,unavailable
2026-09-26,KTW,MAN,2027-02-28,17:30,410.42,ok
2026-09-26,KTW,MAN,2027-03-01,12:00,144.27,ok
2026-09-26,KTW,MAN,2027-03-02,,,unavailable
2026-09-26,KTW,MAN,2027-03-03,,,unavailable
2026-09-26,KTW,MAN,2027-03-04,,,unavailable
2026-09-26,KTW,MAN,2027-03-05,06:40,127.00,ok
2026-09-26,KTW,MAN,2027-03-06,,,unavailable
2026-09-26,KTW,MAN,2027-03-07,17:30,127.00,ok
2026-09-26,KTW,MAN,2027-03-08,12:00,284.71,ok
2026-09-26,KTW,MAN,2027-03-09,,,unavailable
2026-09-26,KTW,MAN,2027-03-10,,,unavailable
2026-09-26,KTW,MAN,2027-03-11,,,unavailable
2026-09-26,KTW,MAN,2027-03-12,06:40,144.27,ok
2026-09-26,KTW,MAN,2027-03-13,,,unavailable
2026-09-26,KTW,MAN,2027-03-14,17:30,166.43,ok
2026-09-26,KTW,MAN,2027-03-15,12:00,210.24,ok
2026-09-26,KTW,MAN,2027-03-16,,,unavailable
2026-09-26,KTW,MAN,2027-03-17,,,unavailable
2026-09-26,KTW,MAN,2027-03-18,,,unavailable
2026-09-26,KTW,MAN,2027-03-19,06:40,162.05,ok
2026-09-26,KTW,MAN,2027-03-20,,,unavailable
2026-09-26,KTW,MAN,2027-03-21,17:30,135.76,ok
2026-09-26,KTW,MAN,2027-03-22,12:00,238.51,ok
2026-09-26,KTW,MAN,2027-03-23,08:00,132.00,ok
2026-09-26,KTW,MAN,2027-03-24,12:45,158.00,ok
2026-09-26,KTW,MAN,2027-03-25,,,unavailable
2026-09-26,KTW,MAN,2027-03-26,06:40,157.67,ok
2026-09-26,KTW,MAN,2027-03-27,,,unavailable
2026-09-26,KTW,MAN,2027-03-28,,,unavailable
2026-09-26,KTW,MAN,2027-03-29,,,unavailable
2026-09-26,KTW,MAN,2027-03-30,21:15,565.00,ok
2026-09-26,KTW,MAN,2027-03-31,,,unavailable
2026-09-26,KTW,MAN,2027-04-01,16:35,468.00,ok
2026-09-26,KTW,MAN,2027-04-02,,,unavailable
2026-09-26,KTW,MAN,2027-04-03,14:05,518.38,ok
2026-09-26,KTW,MAN,2027-04-04,,,unavailable
2026-09-26,KTW,MAN,2027-04-05,,,unavailable
2026-09-26,KTW,MAN,2027-04-06,21:15,332.00,ok
2026-09-26,KTW,MAN,2027-04-07,,,unavailable
2026-09-26,KTW,MAN,2027-04-08,16:35,514.00,ok
2026-09-26,KTW,MAN,2027-04-09,,,unavailable
2026-09-26,KTW,MAN,2027-04-10,14:05,841.00,ok
2026-09-26,KTW,MAN,2027-04-11,,,unavailable
2026-09-26,KTW,MAN,2027-04-12,,,unavailable
2026-09-26,KTW,MAN,2027-04-13,21:15,421.00,ok
2026-09-26,KTW,MAN,2027-04-14,,,unavailable
2026-09-26,KTW,MAN,2027-04-15,16:35,378.00,ok
2026-09-26,KTW,MAN,2027-04-16,,,unavailable
2026-09-26,KTW,MAN,2027-04-17,14:05,468.00,ok
2026-09-26,KTW,MAN,2027-04-18,,,unavailable
2026-09-26,KTW,MAN,2027-04-19,,,unavailable
2026-09-26,KTW,MAN,2027-04-20,21:15,251.00,ok
2026-09-26,KTW,MAN,2027-04-21,,,unavailable
2026-09-26,KTW,MAN,2027-04-22,16:35,251.00,ok
2026-09-26,KTW,MAN,2027-04-23,,,unavailable
2026-09-26,KTW,MAN,2027-04-24,14:05,332.00,ok
2026-09-26,KTW,MAN,2027-04-25,,,unavailable
2026-09-26,KTW,MAN,2027-04-26,,,unavailable
2026-09-26,KTW,MAN,2027-04-27,21:15,251.00,ok
2026-09-26,KTW,MAN,2027-04-28,,,unavailable
2026-09-26,KTW,MAN,2027-04-29,16:35,251.00,ok
2026-09-26,KTW,MAN,2027-04-30,,,unavailable
2026-09-26,KTW,MAN,2027-05-01,14:05,289.00,ok
2026-09-26,KTW,MAN,2027-05-02,,,unavailable
2026-09-26,KTW,MAN,2027-05-03,,,unavailable
2026-09-26,KTW,MAN,2027-05-04,21:15,289.00,ok
2026-09-26,KTW,MAN,2027-05-05,,,unavailable
2026-09-26,KTW,MAN,2027-05-06,16:35,251.00,ok
2026-09-26,KTW,MAN,2027-05-07,,,unavailable
2026-09-26,KTW,MAN,2027-05-08,14:05,378.00,ok
2026-09-26,KTW,MAN,2027-05-09,,,unavailable
2026-09-26,KTW,MAN,2027-05-10,,,unavailable
2026-09-26,KTW,MAN,2027-05-11,21:15,289.00,ok
2026-09-26,KTW,MAN,2027-05-12,,,unavailable
2026-09-26,KTW,MAN,2027-05-13,16:35,251.00,ok
2026-09-26,KTW,MAN,2027-05-14,,,unavailable
2026-09-26,KTW,MAN,2027-05-15,14:05,332.00,ok
2026-09-26,KTW,MAN,2027-05-16,,,unavailable
2026-09-26,KTW,MAN,2027-05-17,,,unavailable
2026-09-26,KTW,MAN,2027-05-18,21:15,251.00,ok
2026-09-26,KTW,MAN,2027-05-19,,,unavailable
2026-09-26,KTW,MAN,2027-05-20,16:35,251.00,ok
2026-09-26,KTW,MAN,2027-05-21,,,unavailable
2026-09-26,KTW,MAN,2027-05-22,14:05,332.00,ok
2026-09-26,KTW,MAN,2027-05-23,,,unavailable
2026-09-26,KTW,MAN,2027-05-24,,,unavailable
2026-09-26,KTW,MAN,2027-05-25,21:15,251.00,ok
2026-09-26,KTW,MAN,2027-05-26,,,unavailable
2026-09-26,KTW,MAN,2027-05-27,16:35,251.00,ok
2026-09-26,KTW,MAN,2027-05-28,,,unavailable
2026-09-26,KTW,MAN,2027-05-29,14:05,688.00,ok
2026-09-26,KTW,MAN,2027-05-30,,,unavailable
2026-09-26,KTW,MAN,2027-05-31,,,unavailable
2026-09-26,KTW,MAN,2027-06-01,21:15,421.00,ok
2026-09-26,KTW,MAN,2027-06-02,,,unavailable
2026-09-26,KTW,MAN,2027-06-03,16:35,421.00,ok
2026-09-26,KTW,MAN,2027-06-04,,,unavailable
2026-09-26,KTW,MAN,2027-06-05,14:05,421.00,ok
2026-09-26,KTW,MAN,2027-06-06,,,unavailable
2026-09-26,KTW,MAN,2027-06-07,,,unavailable
2026-09-26,KTW,MAN,2027-06-08,21:15,251.00,ok
2026-09-26,KTW,MAN,2027-06-09,,,unavailable
2026-09-26,KTW,MAN,2027-06-10,16:35,255.38,ok
2026-09-26,KTW,MAN,2027-06-11,,,unavailable
2026-09-26,KTW,MAN,2027-06-12,14:05,378.00,ok
2026-09-26,KTW,MAN,2027-06-13,,,unavailable
2026-09-26,KTW,MAN,2027-06-14,,,unavailable
2026-09-26,KTW,MAN,2027-06-15,21:15,251.00,ok
2026-09-26,KTW,MAN,2027-06-16,,,unavailable
2026-09-26,KTW,MAN,2027-06-17,16:35,251.00,ok
2026-09-26,KTW,MAN,2027-06-18,,,unavailable
2026-09-26,KTW,MAN,2027-06-19,14:05,378.00,ok
2026-09-26,KTW,MAN,2027-06-20,,,unavailable
2026-09-26,KTW,MAN,2027-06-21,,,unavailable
2026-09-26,KTW,MAN,2027-06-22,21:15,251.00,ok
2026-09-26,KTW,MAN,2027-06-23,,,unavailable
2026-09-26,KTW,MAN,2027-06-24,16:35,251.00,ok
2026-09-26,KTW,MAN,2027-06-25,,,unavailable
2026-09-26,KTW,MAN,2027-06-26,14:05,468.00,ok
2026-09-26,KTW,MAN,2027-06-27,,,unavailable
2026-09-26,KTW,MAN,2027-06-28,,,unavailable
2026-09-26,KTW,MAN,2027-06-29,21:15,251.00,ok
2026-09-26,KTW,MAN,2027-06-30,,,unavailable
2026-09-26,KTW,MAN,2027-07-01,16:35,251.00,ok
2026-09-26,KTW,MAN,2027-07-02,,,unavailable
2026-09-26,KTW,MAN,2027-07-03,14:05,378.00,ok
2026-09-26,KTW,MAN,2027-07-04,,,unavailable
2026-09-26,KTW,MAN,2027-07-05,,,unavailable
2026-09-26,KTW,MAN,2027-07-06,21:15,251.00,ok
2026-09-26,KTW,MAN,2027-07-07,,,unavailable
2026-09-26,KTW,MAN,2027-07-08,16:35,251.00,ok
2026-09-26,KTW,MAN,2027-07-09,,,unavailable
2026-09-26,KTW,MAN,2027-07-10,14:05,378.00,ok
2026-09-26,KTW,MAN,2027-07-11,,,unavailable
2026-09-26,KTW,MAN,2027-07-12,,,unavailable
2026-09-26,KTW,MAN,2027-07-13,21:15,251.00,ok
2026-09-26,KTW,MAN,2027-07-14,,,unavailable
2026-09-26,KTW,MAN,2027-07-15,16:35,251.00,ok
2026-09-26,KTW,MAN,2027-07-16,,,unavailable
2026-09-26,KTW,MAN,2027-07-17,14:05,332.00,ok
2026-09-26,KTW,MAN,2027-07-18,,,unavailable
2026-09-26,KTW,MAN,2027-07-19,,,unavailable
2026-09-26,KTW,MAN,2027-07-20,21:15,251.00,ok
2026-09-26,KTW,MAN,2027-07-21,,,unavailable
2026-09-26,KTW,MAN,2027-07-22,16:35,251.00,ok
2026-09-26,KTW,MAN,2027-07-23,,,unavailable
2026-09-26,KTW,MAN,2027-07-24,14:05,332.00,ok
2026-09-26,KTW,MAN,2027-07-25,,,unavailable
2026-09-26,KTW,MAN,2027-07-26,,,unavailable
2026-09-26,KTW,MAN,2027-07-27,21:15,289.00,ok
2026-09-26,KTW,MAN,2027-07-28,,,unavailable
2026-09-26,KTW,MAN,2027-07-29,16:35,251.00,ok
2026-09-26,KTW,MAN,2027-07-30,,,unavailable
2026-09-26,KTW,MAN,2027-07-31,14:05,514.00,ok
2026-09-26,KTW,MAN,2027-08-01,,,unavailable
2026-09-26,KTW,MAN,2027-08-02,,,unavailable
2026-09-26,KTW,MAN,2027-08-03,21:15,378.00,ok
2026-09-26,KTW,MAN,2027-08-04,,,unavailable
2026-09-26,KTW,MAN,2027-08-05,16:35,378.00,ok
2026-09-26,KTW,MAN,2027-08-06,,,unavailable
2026-09-26,KTW,MAN,2027-08-07,14:05,625.00,ok
2026-09-26,KTW,MAN,2027-08-08,,,unavailable
2026-09-26,KTW,MAN,2027-08-09,,,unavailable
2026-09-26,KTW,MAN,2027-08-10,21:15,514.00,ok
2026-09-26,KTW,MAN,2027-08-11,,,unavailable
2026-09-26,KTW,MAN,2027-08-12,16:35,565.00,ok
2026-09-26,KTW,MAN,2027-08-13,,,unavailable
2026-09-26,KTW,MAN,2027-08-14,14:05,761.00,ok
2026-09-26,KTW,MAN,2027-08-15,,,unavailable
2026-09-26,KTW,MAN,2027-08-16,,,unavailable
2026-09-26,KTW,MAN,2027-08-17,21:15,688.00,ok
2026-09-26,KTW,MAN,2027-08-18,,,unavailable
2026-09-26,KTW,MAN,2027-08-19,16:35,625.00,ok
2026-09-26,KTW,MAN,2027-08-20,,,unavailable
2026-09-26,KTW,MAN,2027-08-21,14:05,930.00,ok
2026-09-26,KTW,MAN,2027-08-22,,,unavailable
2026-09-26,KTW,MAN,2027-08-23,,,unavailable
2026-09-26,KTW,MAN,2027-08-24,21:15,841.00,ok
2026-09-26,KTW,MAN,2027-08-25,,,unavailable
2026-09-26,KTW,MAN,2027-08-26,16:35,841.00,ok
2026-09-26,KTW,MAN,2027-08-27,,,unavailable
2026-09-26,KTW,MAN,2027-08-28,14:05,1028.00,ok
2026-09-26,KTW,MAN,2027-08-29,,,unavailable
2026-09-26,KTW,MAN,2027-08-30,,,unavailable
2026-09-26,KTW,MAN,2027-08-31,21:15,841.00,ok
2026-09-26,MAN,KTW,2026-09-26,,,unavailable
2026-09-26,MAN,KTW,2026-09-27,11:00,885.60,ok
2026-09-26,MAN,KTW,2026-09-28,,,unavailable
2026-09-26,MAN,KTW,2026-09-29,07:15,76.30,ok
2026-09-26,MAN,KTW,2026-09-30,05:50,76.30,ok
2026-09-26,MAN,KTW,2026-10-01,,,unavailable
2026-09-26,MAN,KTW,2026-10-02,,,unavailable
2026-09-26,MAN,KTW,2026-10-03,,,unavailable
2026-09-26,MAN,KTW,2026-10-04,11:00,134.08,ok
2026-09-26,MAN,KTW,2026-10-05,,,unavailable
2026-09-26,MAN,KTW,2026-10-06,07:15,74.00,ok
2026-09-26,MAN,KTW,2026-10-07,05:50,96.66,ok
2026-09-26,MAN,KTW,2026-10-08,,,unavailable
2026-09-26,MAN,KTW,2026-10-09,,,unavailable
2026-09-26,MAN,KTW,2026-10-10,,,unavailable
2026-09-26,MAN,KTW,2026-10-11,11:00,193.37,ok
2026-09-26,MAN,KTW,2026-10-12,,,unavailable
2026-09-26,MAN,KTW,2026-10-13,07:15,76.30,ok
2026-09-26,MAN,KTW,2026-10-14,05:50,86.48,ok
2026-09-26,MAN,KTW,2026-10-15,,,unavailable
2026-09-26,MAN,KTW,2026-10-16,,,unavailable
2026-09-26,MAN,KTW,2026-10-17,,,unavailable
2026-09-26,MAN,KTW,2026-10-18,11:00,133.07,ok
2026-09-26,MAN,KTW,2026-10-19,,,unavailable
2026-09-26,MAN,KTW,2026-10-20,07:15,137.38,ok
2026-09-26,MAN,KTW,2026-10-21,05:50,208.64,ok
2026-09-26,MAN,KTW,2026-10-22,,,unavailable
2026-09-26,MAN,KTW,2026-10-23,,,unavailable
2026-09-26,MAN,KTW,2026-10-24,,,unavailable
2026-09-26,MAN,KTW,2026-10-25,19:35,408.64,ok
2026-09-26,MAN,KTW,2026-10-26,,,unavailable
2026-09-26,MAN,KTW,2026-10-27,10:05,191.38,ok
2026-09-26,MAN,KTW,2026-10-28,20:00,111.85,ok
2026-09-26,MAN,KTW,2026-10-29,,,unavailable
2026-09-26,MAN,KTW,2026-10-30,08:45,111.85,ok
2026-09-26,MAN,KTW,2026-10-31,,,unavailable
2026-09-26,MAN,KTW,2026-11-01,19:35,152.44,ok
2026-09-26,MAN,KTW,2026-11-02,,,unavailable
2026-09-26,MAN,KTW,2026-11-03,10:05,87.00,ok
2026-09-26,MAN,KTW,2026-11-04,,,unavailable
2026-09-26,MAN,KTW,2026-11-05,,,unavailable
2026-09-26,MAN,KTW,2026-11-06,08:45,162.83,ok
2026-09-26,MAN,KTW,2026-11-07,,,unavailable
2026-09-26,MAN,KTW,2026-11-08,19:35,142.47,ok
2026-09-26,MAN,KTW,2026-11-09,,,unavailable
2026-09-26,MAN,KTW,2026-11-10,,,unavailable
2026-09-26,MAN,KTW,2026-11-11,,,unavailable
2026-09-26,MAN,KTW,2026-11-12,,,unavailable
2026-09-26,MAN,KTW,2026-11-13,08:45,167.92,ok
2026-09-26,MAN,KTW,2026-11-14,,,unavailable
2026-09-26,MAN,KTW,2026-11-15,19:35,152.33,ok
2026-09-26,MAN,KTW,2026-11-16,,,unavailable
2026-09-26,MAN,KTW,2026-11-17,,,unavailable
2026-09-26,MAN,KTW,2026-11-18,,,unavailable
2026-09-26,MAN,KTW,2026-11-19,,,unavailable
2026-09-26,MAN,KTW,2026-11-20,08:45,264.63,ok
2026-09-26,MAN,KTW,2026-11-21,,,unavailable
2026-09-26,MAN,KTW,2026-11-22,19:35,218.82,ok
2026-09-26,MAN,KTW,2026-11-23,,,unavailable
2026-09-26,MAN,KTW,2026-11-24,,,unavailable
2026-09-26,MAN,KTW,2026-11-25,,,unavailable
2026-09-26,MAN,KTW,2026-11-26,,,unavailable
2026-09-26,MAN,KTW,2026-11-27,08:45,218.82,ok
2026-09-26,MAN,KTW,2026-11-28,,,unavailable
2026-09-26,MAN,KTW,2026-11-29,19:35,240.70,ok
2026-09-26,MAN,KTW,2026-11-30,,,unavailable
2026-09-26,MAN,KTW,2026-12-01,,,unavailable
2026-09-26,MAN,KTW,2026-12-02,,,unavailable
2026-09-26,MAN,KTW,2026-12-03,,,unavailable
2026-09-26,MAN,KTW,2026-12-04,08:45,245.48,ok
2026-09-26,MAN,KTW,2026-12-05,,,unavailable
2026-09-26,MAN,KTW,2026-12-06,19:35,182.36,ok
2026-09-26,MAN,KTW,2026-12-07,,,unavailable
2026-09-26,MAN,KTW,2026-12-08,,,unavailable
2026-09-26,MAN,KTW,2026-12-09,,,unavailable
2026-09-26,MAN,KTW,2026-12-10,,,unavailable
2026-09-26,MAN,KTW,2026-12-11,08:45,391.87,ok
2026-09-26,MAN,KTW,2026-12-12,,,unavailable
2026-09-26,MAN,KTW,2026-12-13,19:35,325.70,ok
2026-09-26,MAN,KTW,2026-12-14,,,unavailable
2026-09-26,MAN,KTW,2026-12-15,,,unavailable
2026-09-26,MAN,KTW,2026-12-16,,,unavailable
2026-09-26,MAN,KTW,2026-12-17,,,unavailable
2026-09-26,MAN,KTW,2026-12-18,08:45,1040.44,ok
2026-09-26,MAN,KTW,2026-12-19,,,unavailable
2026-09-26,MAN,KTW,2026-12-20,19:35,1033.20,ok
2026-09-26,MAN,KTW,2026-12-21,,,unavailable
2026-09-26,MAN,KTW,2026-12-22,10:05,580.20,ok
2026-09-26,MAN,KTW,2026-12-23,06:20,697.55,ok
2026-09-26,MAN,KTW,2026-12-24,09:15,661.64,ok
2026-09-26,MAN,KTW,2026-12-25,,,unavailable
2026-09-26,MAN,KTW,2026-12-26,,,unavailable
2026-09-26,MAN,KTW,2026-12-27,19:35,523.37,ok
2026-09-26,MAN,KTW,2026-12-28,,,unavailable
2026-09-26,MAN,KTW,2026-12-29,10:05,330.79,ok
2026-09-26,MAN,KTW,2026-12-30,06:20,246.05,ok
2026-09-26,MAN,KTW,2026-12-31,09:15,109.07,ok
2026-09-26,MAN,KTW,2027-01-01,08:45,167.92,ok
2026-09-26,MAN,KTW,2027-01-02,,,unavailable
2026-09-26,MAN,KTW,2027-01-03,19:35,421.00,ok
2026-09-26,MAN,KTW,2027-01-04,,,unavailable
2026-09-26,MAN,KTW,2027-01-05,10:05,275.75,ok
2026-09-26,MAN,KTW,2027-01-06,,,unavailable
2026-09-26,MAN,KTW,2027-01-07,,,unavailable
2026-09-26,MAN,KTW,2027-01-08,08:45,218.82,ok
2026-09-26,MAN,KTW,2027-01-09,,,unavailable
2026-09-26,MAN,KTW,2027-01-10,19:35,223.91,ok
2026-09-26,MAN,KTW,2027-01-11,,,unavailable
2026-09-26,MAN,KTW,2027-01-12,,,unavailable
2026-09-26,MAN,KTW,2027-01-13,,,unavailable
2026-09-26,MAN,KTW,2027-01-14,,,unavailable
2026-09-26,MAN,KTW,2027-01-15,08:45,144.27,ok
2026-09-26,MAN,KTW,2027-01-16,,,unavailable
2026-09-26,MAN,KTW,2027-01-17,19:35,111.00,ok
2026-09-26,MAN,KTW,2027-01-18,,,unavailable
2026-09-26,MAN,KTW,2027-01-19,,,unavailable
2026-09-26,MAN,KTW,2027-01-20,,,unavailable
2026-09-26,MAN,KTW,2027-01-21,,,unavailable
2026-09-26,MAN,KTW,2027-01-22,08:45,295.16,ok
2026-09-26,MAN,KTW,2027-01-23,,,unavailable
2026-09-26,MAN,KTW,2027-01-24,19:35,178.10,ok
2026-09-26,MAN,KTW,2027-01-25,,,unavailable
2026-09-26,MAN,KTW,2027-01-26,,,unavailable
2026-09-26,MAN,KTW,2027-01-27,,,unavailable
2026-09-26,MAN,KTW,2027-01-28,,,unavailable
2026-09-26,MAN,KTW,2027-01-29,08:45,275.75,ok
2026-09-26,MAN,KTW,2027-01-30,,,unavailable
2026-09-26,MAN,KTW,2027-01-31,19:35,111.00,ok
2026-09-26,MAN,KTW,2027-02-01,14:05,111.00,ok
2026-09-26,MAN,KTW,2027-02-02,10:05,111.00,ok
2026-09-26,MAN,KTW,2027-02-03,,,unavailable
2026-09-26,MAN,KTW,2027-02-04,,,unavailable
2026-09-26,MAN,KTW,2027-02-05,08:45,317.04,ok
2026-09-26,MAN,KTW,2027-02-06,,,unavailable
2026-09-26,MAN,KTW,2027-02-07,19:35,157.74,ok
2026-09-26,MAN,KTW,2027-02-08,14:05,193.37,ok
2026-09-26,MAN,KTW,2027-02-09,10:05,264.63,ok
2026-09-26,MAN,KTW,2027-02-10,,,unavailable
2026-09-26,MAN,KTW,2027-02-11,,,unavailable
2026-09-26,MAN,KTW,2027-02-12,08:45,362.23,ok
2026-09-26,MAN,KTW,2027-02-13,,,unavailable
2026-09-26,MAN,KTW,2027-02-14,19:35,473.31,ok
2026-09-26,MAN,KTW,2027-02-15,14:05,275.75,ok
2026-09-26,MAN,KTW,2027-02-16,10:05,371.51,ok
2026-09-26,MAN,KTW,2027-02-17,,,unavailable
2026-09-26,MAN,KTW,2027-02-18,,,unavailable
2026-09-26,MAN,KTW,2027-02-19,08:45,254.45,ok
2026-09-26,MAN,KTW,2027-02-20,,,unavailable
2026-09-26,MAN,KTW,2027-02-21,19:35,173.01,ok
2026-09-26,MAN,KTW,2027-02-22,14:05,206.06,ok
2026-09-26,MAN,KTW,2027-02-23,10:05,111.00,ok
2026-09-26,MAN,KTW,2027-02-24,,,unavailable
2026-09-26,MAN,KTW,2027-02-25,,,unavailable
2026-09-26,MAN,KTW,2027-02-26,08:45,508.94,ok
2026-09-26,MAN,KTW,2027-02-27,,,unavailable
2026-09-26,MAN,KTW,2027-02-28,19:35,284.99,ok
2026-09-26,MAN,KTW,2027-03-01,14:05,111.00,ok
2026-09-26,MAN,KTW,2027-03-02,,,unavailable
2026-09-26,MAN,KTW,2027-03-03,,,unavailable
2026-09-26,MAN,KTW,2027-03-04,,,unavailable
2026-09-26,MAN,KTW,2027-03-05,08:45,274.81,ok
2026-09-26,MAN,KTW,2027-03-06,,,unavailable
2026-09-26,MAN,KTW,2027-03-07,19:35,152.65,ok
2026-09-26,MAN,KTW,2027-03-08,14:05,173.01,ok
2026-09-26,MAN,KTW,2027-03-09,,,unavailable
2026-09-26,MAN,KTW,2027-03-10,,,unavailable
2026-09-26,MAN,KTW,2027-03-11,,,unavailable
2026-09-26,MAN,KTW,2027-03-12,08:45,244.27,ok
2026-09-26,MAN,KTW,2027-03-13,,,unavailable
2026-09-26,MAN,KTW,2027-03-14,19:35,203.55,ok
2026-09-26,MAN,KTW,2027-03-15,14:05,152.65,ok
2026-09-26,MAN,KTW,2027-03-16,,,unavailable
2026-09-26,MAN,KTW,2027-03-17,,,unavailable
2026-09-26,MAN,KTW,2027-03-18,,,unavailable
2026-09-26,MAN,KTW,2027-03-19,08:45,570.02,ok
2026-09-26,MAN,KTW,2027-03-20,,,unavailable
2026-09-26,MAN,KTW,2027-03-21,19:35,203.55,ok
2026-09-26,MAN,KTW,2027-03-22,14:05,251.00,ok
2026-09-26,MAN,KTW,2027-03-23,10:05,217.00,ok
2026-09-26,MAN,KTW,2027-03-24,14:50,289.00,ok
2026-09-26,MAN,KTW,2027-03-25,,,unavailable
2026-09-26,MAN,KTW,2027-03-26,08:45,317.04,ok
2026-09-26,MAN,KTW,2027-03-27,,,unavailable
2026-09-26,MAN,KTW,2027-03-28,,,unavailable
2026-09-26,MAN,KTW,2027-03-29,,,unavailable
2026-09-26,MAN,KTW,2027-03-30,17:25,332.00,ok
2026-09-26,MAN,KTW,2027-03-31,,,unavailable
2026-09-26,MAN,KTW,2027-04-01,12:45,251.00,ok
2026-09-26,MAN,KTW,2027-04-02,,,unavailable
2026-09-26,MAN,KTW,2027-04-03,10:15,255.38,ok
2026-09-26,MAN,KTW,2027-04-04,,,unavailable
2026-09-26,MAN,KTW,2027-04-05,,,unavailable
2026-09-26,MAN,KTW,2027-04-06,17:25,251.00,ok
2026-09-26,MAN,KTW,2027-04-07,,,unavailable
2026-09-26,MAN,KTW,2027-04-08,12:45,332.00,ok
2026-09-26,MAN,KTW,2027-04-09,,,unavailable
2026-09-26,MAN,KTW,2027-04-10,10:15,289.00,ok
2026-09-26,MAN,KTW,2027-04-11,,,unavailable
2026-09-26,MAN,KTW,2027-04-12,,,unavailable
2026-09-26,MAN,KTW,2027-04-13,17:25,251.00,ok
2026-09-26,MAN,KTW,2027-04-14,,,unavailable
2026-09-26,MAN,KTW,2027-04-15,12:45,251.00,ok
2026-09-26,MAN,KTW,2027-04-16,,,unavailable
2026-09-26,MAN,KTW,2027-04-17,10:15,251.00,ok
2026-09-26,MAN,KTW,2027-04-18,,,unavailable
2026-09-26,MAN,KTW,2027-04-19,,,unavailable
2026-09-26,MAN,KTW,2027-04-20,17:25,251.00,ok
2026-09-26,MAN,KTW,2027-04-21,,,unavailable
2026-09-26,MAN,KTW,2027-04-22,12:45,251.00,ok
2026-09-26,MAN,KTW,2027-04-23,,,unavailable
2026-09-26,MAN,KTW,2027-04-24,10:15,289.00,ok
2026-09-26,MAN,KTW,2027-04-25,,,unavailable
2026-09-26,MAN,KTW,2027-04-26,,,unavailable
2026-09-26,MAN,KTW,2027-04-27,17:25,251.00,ok
2026-09-26,MAN,KTW,2027-04-28,,,unavailable
2026-09-26,MAN,KTW,2027-04-29,12:45,251.00,ok
2026-09-26,MAN,KTW,2027-04-30,,,unavailable
2026-09-26,MAN,KTW,2027-05-01,10:15,332.00,ok
2026-09-26,MAN,KTW,2027-05-02,,,unavailable
2026-09-26,MAN,KTW,2027-05-03,,,unavailable
2026-09-26,MAN,KTW,2027-05-04,17:25,251.00,ok
2026-09-26,MAN,KTW,2027-05-05,,,unavailable
2026-09-26,MAN,KTW,2027-05-06,12:45,251.00,ok
2026-09-26,MAN,KTW,2027-05-07,,,unavailable
2026-09-26,MAN,KTW,2027-05-08,10:15,289.00,ok
2026-09-26,MAN,KTW,2027-05-09,,,unavailable
2026-09-26,MAN,KTW,2027-05-10,,,unavailable
2026-09-26,MAN,KTW,2027-05-11,17:25,251.00,ok
2026-09-26,MAN,KTW,2027-05-12,,,unavailable
2026-09-26,MAN,KTW,2027-05-13,12:45,251.00,ok
2026-09-26,MAN,KTW,2027-05-14,,,unavailable
2026-09-26,MAN,KTW,2027-05-15,10:15,289.00,ok
2026-09-26,MAN,KTW,2027-05-16,,,unavailable
2026-09-26,MAN,KTW,2027-05-17,,,unavailable
2026-09-26,MAN,KTW,2027-05-18,17:25,251.00,ok
2026-09-26,MAN,KTW,2027-05-19,,,unavailable
2026-09-26,MAN,KTW,2027-05-20,12:45,289.00,ok
2026-09-26,MAN,KTW,2027-05-21,,,unavailable
2026-09-26,MAN,KTW,2027-05-22,10:15,565.00,ok
2026-09-26,MAN,KTW,2027-05-23,,,unavailable
2026-09-26,MAN,KTW,2027-05-24,,,unavailable
2026-09-26,MAN,KTW,2027-05-25,17:25,332.00,ok
2026-09-26,MAN,KTW,2027-05-26,,,unavailable
2026-09-26,MAN,KTW,2027-05-27,12:45,289.00,ok
2026-09-26,MAN,KTW,2027-05-28,,,unavailable
2026-09-26,MAN,KTW,2027-05-29,10:15,289.00,ok
2026-09-26,MAN,KTW,2027-05-30,,,unavailable
2026-09-26,MAN,KTW,2027-05-31,,,unavailable
2026-09-26,MAN,KTW,2027-06-01,17:25,251.00,ok
2026-09-26,MAN,KTW,2027-06-02,,,unavailable
2026-09-26,MAN,KTW,2027-06-03,12:45,251.00,ok
2026-09-26,MAN,KTW,2027-06-04,,,unavailable
2026-09-26,MAN,KTW,2027-06-05,10:15,332.00,ok
2026-09-26,MAN,KTW,2027-06-06,,,unavailable
2026-09-26,MAN,KTW,2027-06-07,,,unavailable
2026-09-26,MAN,KTW,2027-06-08,17:25,251.00,ok
2026-09-26,MAN,KTW,2027-06-09,,,unavailable
2026-09-26,MAN,KTW,2027-06-10,12:45,251.00,ok
2026-09-26,MAN,KTW,2027-06-11,,,unavailable
2026-09-26,MAN,KTW,2027-06-12,10:15,289.00,ok
2026-09-26,MAN,KTW,2027-06-13,,,unavailable
2026-09-26,MAN,KTW,2027-06-14,,,unavailable
2026-09-26,MAN,KTW,2027-06-15,17:25,251.00,ok
2026-09-26,MAN,KTW,2027-06-16,,,unavailable
2026-09-26,MAN,KTW,2027-06-17,12:45,251.00,ok
2026-09-26,MAN,KTW,2027-06-18,,,unavailable
2026-09-26,MAN,KTW,2027-06-19,10:15,332.00,ok
2026-09-26,MAN,KTW,2027-06-20,,,unavailable
2026-09-26,MAN,KTW,2027-06-21,,,unavailable
2026-09-26,MAN,KTW,2027-06-22,17:25,251.00,ok
2026-09-26,MAN,KTW,2027-06-23,,,unavailable
2026-09-26,MAN,KTW,2027-06-24,12:45,251.00,ok
2026-09-26,MAN,KTW,2027-06-25,,,unavailable
2026-09-26,MAN,KTW,2027-06-26,10:15,378.00,ok
2026-09-26,MAN,KTW,2027-06-27,,,unavailable
2026-09-26,MAN,KTW,2027-06-28,,,unavailable
2026-09-26,MAN,KTW,2027-06-29,17:25,251.00,ok
2026-09-26,MAN,KTW,2027-06-30,,,unavailable
2026-09-26,MAN,KTW,2027-07-01,12:45,251.00,ok
2026-09-26,MAN,KTW,2027-07-02,,,unavailable
2026-09-26,MAN,KTW,2027-07-03,10:15,378.00,ok
2026-09-26,MAN,KTW,2027-07-04,,,unavailable
2026-09-26,MAN,KTW,2027-07-05,,,unavailable
2026-09-26,MAN,KTW,2027-07-06,17:25,289.00,ok
2026-09-26,MAN,KTW,2027-07-07,,,unavailable
2026-09-26,MAN,KTW,2027-07-08,12:45,332.00,ok
2026-09-26,MAN,KTW,2027-07-09,,,unavailable
2026-09-26,MAN,KTW,2027-07-10,10:15,514.00,ok
2026-09-26,MAN,KTW,2027-07-11,,,unavailable
2026-09-26,MAN,KTW,2027-07-12,,,unavailable
2026-09-26,MAN,KTW,2027-07-13,17:25,468.00,ok
2026-09-26,MAN,KTW,2027-07-14,,,unavailable
2026-09-26,MAN,KTW,2027-07-15,12:45,514.00,ok
2026-09-26,MAN,KTW,2027-07-16,,,unavailable
2026-09-26,MAN,KTW,2027-07-17,10:15,841.00,ok
2026-09-26,MAN,KTW,2027-07-18,,,unavailable
2026-09-26,MAN,KTW,2027-07-19,,,unavailable
2026-09-26,MAN,KTW,2027-07-20,17:25,625.00,ok
2026-09-26,MAN,KTW,2027-07-21,,,unavailable
2026-09-26,MAN,KTW,2027-07-22,12:45,625.00,ok
2026-09-26,MAN,KTW,2027-07-23,,,unavailable
2026-09-26,MAN,KTW,2027-07-24,10:15,761.00,ok
2026-09-26,MAN,KTW,2027-07-25,,,unavailable
2026-09-26,MAN,KTW,2027-07-26,,,unavailable
2026-09-26,MAN,KTW,2027-07-27,17:25,688.00,ok
2026-09-26,MAN,KTW,2027-07-28,,,unavailable
2026-09-26,MAN,KTW,2027-07-29,12:45,625.00,ok
2026-09-26,MAN,KTW,2027-07-30,,,unavailable
2026-09-26,MAN,KTW,2027-07-31,10:15,688.00,ok
2026-09-26,MAN,KTW,2027-08-01,,,unavailable
2026-09-26,MAN,KTW,2027-08-02,,,unavailable
2026-09-26,MAN,KTW,2027-08-03,17:25,625.00,ok
2026-09-26,MAN,KTW,2027-08-04,,,unavailable
2026-09-26,MAN,KTW,2027-08-05,12:45,565.00,ok
2026-09-26,MAN,KTW,2027-08-06,,,unavailable
2026-09-26,MAN,KTW,2027-08-07,10:15,565.00,ok
2026-09-26,MAN,KTW,2027-08-08,,,unavailable
2026-09-26,MAN,KTW,2027-08-09,,,unavailable
2026-09-26,MAN,KTW,2027-08-10,17:25,468.00,ok
2026-09-26,MAN,KTW,2027-08-11,,,unavailable
2026-09-26,MAN,KTW,2027-08-12,12:45,421.00,ok
2026-09-26,MAN,KTW,2027-08-13,,,unavailable
2026-09-26,MAN,KTW,2027-08-14,10:15,421.00,ok
2026-09-26,MAN,KTW,2027-08-15,,,unavailable
2026-09-26,MAN,KTW,2027-08-16,,,unavailable
2026-09-26,MAN,KTW,2027-08-17,17:25,332.00,ok
2026-09-26,MAN,KTW,2027-08-18,,,unavailable
2026-09-26,MAN,KTW,2027-08-19,12:45,289.00,ok
2026-09-26,MAN,KTW,2027-08-20,,,unavailable
2026-09-26,MAN,KTW,2027-08-21,10:15,332.00,ok
2026-09-26,MAN,KTW,2027-08-22,,,unavailable
2026-09-26,MAN,KTW,2027-08-23,,,unavailable
2026-09-26,MAN,KTW,2027-08-24,17:25,251.00,ok
2026-09-26,MAN,KTW,2027-08-25,,,unavailable
2026-09-26,MAN,KTW,2027-08-26,12:45,251.00,ok
2026-09-26,MAN,KTW,2027-08-27,,,unavailable
2026-09-26,MAN,KTW,2027-08-28,10:15,251.00,ok
2026-09-26,MAN,KTW,2027-08-29,,,unavailable
2026-09-26,MAN,KTW,2027-08-30,,,unavailable
2026-09-26,MAN,KTW,2027-08-31,17:25,251.00,ok
2026-09-26,KTW,MLA,2026-09-26,,,unavailable
2026-09-26,KTW,MLA,2026-09-27,17:25,315.38,ok
2026-09-26,KTW,MLA,2026-09-28,,,unavailable
2026-09-26,KTW,MLA,2026-09-29,18:55,105.10,ok
2026-09-26,KTW,MLA,2026-09-30,19:15,108.00,ok
2026-09-26,KTW,MLA,2026-10-01,09:35,332.90,ok
2026-09-26,KTW,MLA,2026-10-02,,,unavailable
2026-09-26,KTW,MLA,2026-10-03,,,unavailable
2026-09-26,KTW,MLA,2026-10-04,17:25,338.64,ok
2026-09-26,KTW,MLA,2026-10-05,,,unavailable
2026-09-26,KTW,MLA,2026-10-06,18:55,127.00,ok
2026-09-26,KTW,MLA,2026-10-07,19:15,153.00,ok
2026-09-26,KTW,MLA,2026-10-08,09:35,306.62,ok
2026-09-26,KTW,MLA,2026-10-09,,,unavailable
2026-09-26,KTW,MLA,2026-10-10,,,unavailable
2026-09-26,KTW,MLA,2026-10-11,17:25,188.51,ok
2026-09-26,KTW,MLA,2026-10-12,,,unavailable
2026-09-26,KTW,MLA,2026-10-13,18:55,108.00,ok
2026-09-26,KTW,MLA,2026-10-14,18:50,136.22,ok
2026-09-26,KTW,MLA,2026-10-15,09:35,210.90,ok
2026-09-26,KTW,MLA,2026-10-16,,,unavailable
2026-09-26,KTW,MLA,2026-10-17,,,unavailable
2026-09-26,KTW,MLA,2026-10-18,17:25,227.76,ok
2026-09-26,KTW,MLA,2026-10-19,,,unavailable
2026-09-26,KTW,MLA,2026-10-20,18:55,262.81,ok
2026-09-26,KTW,MLA,2026-10-21,18:50,255.50,ok
2026-09-26,KTW,MLA,2026-10-22,09:35,429.28,ok
2026-09-26,KTW,MLA,2026-10-23,,,unavailable
2026-09-26,KTW,MLA,2026-10-24,,,unavailable
2026-09-26,KTW,MLA,2026-10-25,07:15,360.05,ok
2026-09-26,KTW,MLA,2026-10-26,09:15,215.15,ok
2026-09-26,KTW,MLA,2026-10-27,13:30,219.40,ok
2026-09-26,KTW,MLA,2026-10-28,06:00,423.75,ok
2026-09-26,KTW,MLA,2026-10-29,14:25,213.00,ok
2026-09-26,KTW,MLA,2026-10-30,15:30,186.36,ok
2026-09-26,KTW,MLA,2026-10-31,14:00,184.96,ok
2026-09-26,KTW,MLA,2026-11-01,07:15,319.76,ok
2026-09-26,KTW,MLA,2026-11-02,09:15,192.72,ok
2026-09-26,KTW,MLA,2026-11-03,13:30,131.38,ok
2026-09-26,KTW,MLA,2026-11-04,06:00,145.25,ok
2026-09-26,KTW,MLA,2026-11-05,14:25,166.43,ok
2026-09-26,KTW,MLA,2026-11-06,15:30,468.71,ok
2026-09-26,KTW,MLA,2026-11-07,14:00,473.09,ok
2026-09-26,KTW,MLA,2026-11-08,07:15,411.76,ok
2026-09-26,KTW,MLA,2026-11-09,09:15,297.86,ok
2026-09-26,KTW,MLA,2026-11-10,,,unavailable
2026-09-26,KTW,MLA,2026-11-11,06:00,538.81,ok
2026-09-26,KTW,MLA,2026-11-12,14:25,254.05,ok
2026-09-26,KTW,MLA,2026-11-13,15:30,127.00,ok
2026-09-26,KTW,MLA,2026-11-14,14:00,197.10,ok
2026-09-26,KTW,MLA,2026-11-15,07:15,245.29,ok
2026-09-26,KTW,MLA,2026-11-16,09:15,192.72,ok
2026-09-26,KTW,MLA,2026-11-17,,,unavailable
2026-09-26,KTW,MLA,2026-11-18,06:00,142.66,ok
2026-09-26,KTW,MLA,2026-11-19,14:25,230.00,ok
2026-09-26,KTW,MLA,2026-11-20,15:30,175.19,ok
2026-09-26,KTW,MLA,2026-11-21,14:00,167.24,ok
2026-09-26,KTW,MLA,2026-11-22,07:15,131.38,ok
2026-09-26,KTW,MLA,2026-11-23,09:15,121.00,ok
2026-09-26,KTW,MLA,2026-11-24,,,unavailable
2026-09-26,KTW,MLA,2026-11-25,06:00,121.00,ok
2026-09-26,KTW,MLA,2026-11-26,14:25,142.66,ok
2026-09-26,KTW,MLA,2026-11-27,15:30,271.57,ok
2026-09-26,KTW,MLA,2026-11-28,14:00,121.00,ok
2026-09-26,KTW,MLA,2026-11-29,07:15,121.00,ok
2026-09-26,KTW,MLA,2026-11-30,09:15,121.00,ok
2026-09-26,KTW,MLA,2026-12-01,,,unavailable
2026-09-26,KTW,MLA,2026-12-02,,,unavailable
2026-09-26,KTW,MLA,2026-12-03,14:25,121.00,ok
2026-09-26,KTW,MLA,2026-12-04,15:30,122.62,ok
2026-09-26,KTW,MLA,2026-12-05,14:00,121.00,ok
2026-09-26,KTW,MLA,2026-12-06,07:15,118.24,ok
2026-09-26,KTW,MLA,2026-12-07,09:15,105.10,ok
2026-09-26,KTW,MLA,2026-12-08,,,unavailable
2026-09-26,KTW,MLA,2026-12-09,,,unavailable
2026-09-26,KTW,MLA,2026-12-10,14:25,137.49,ok
2026-09-26,KTW,MLA,2026-12-11,15:30,121.00,ok
2026-09-26,KTW,MLA,2026-12-12,14:00,121.00,ok
2026-09-26,KTW,MLA,2026-12-13,07:15,121.00,ok
2026-09-26,KTW,MLA,2026-12-14,09:15,262.81,ok
2026-09-26,KTW,MLA,2026-12-15,,,unavailable
2026-09-26,KTW,MLA,2026-12-16,,,unavailable
2026-09-26,KTW,MLA,2026-12-17,14:25,121.00,ok
2026-09-26,KTW,MLA,2026-12-18,15:30,148.91,ok
2026-09-26,KTW,MLA,2026-12-19,14:00,147.83,ok
2026-09-26,KTW,MLA,2026-12-20,07:15,170.81,ok
2026-09-26,KTW,MLA,2026-12-21,09:15,164.65,ok
2026-09-26,KTW,MLA,2026-12-22,13:30,164.65,ok
2026-09-26,KTW,MLA,2026-12-23,17:50,267.19,ok
2026-09-26,KTW,MLA,2026-12-24,,,unavailable
2026-09-26,KTW,MLA,2026-12-25,,,unavailable
2026-09-26,KTW,MLA,2026-12-26,14:00,455.57,ok
2026-09-26,KTW,MLA,2026-12-27,07:15,317.39,ok
2026-09-26,KTW,MLA,2026-12-28,09:15,420.52,ok
2026-09-26,KTW,MLA,2026-12-29,13:30,467.29,ok
2026-09-26,KTW,MLA,2026-12-30,13:20,626.42,ok
2026-09-26,KTW,MLA,2026-12-31,14:25,858.61,ok
2026-09-26,KTW,MLA,2027-01-01,15:30,240.91,ok
2026-09-26,KTW,MLA,2027-01-02,14:00,507.70,ok
2026-09-26,KTW,MLA,2027-01-03,07:15,401.32,ok
2026-09-26,KTW,MLA,2027-01-04,09:15,354.81,ok
2026-09-26,KTW,MLA,2027-01-05,13:30,337.29,ok
2026-09-26,KTW,MLA,2027-01-06,06:00,188.33,ok
2026-09-26,KTW,MLA,2027-01-07,14:25,153.00,ok
2026-09-26,KTW,MLA,2027-01-08,15:30,153.00,ok
2026-09-26,KTW,MLA,2027-01-09,14:00,153.00,ok
2026-09-26,KTW,MLA,2027-01-10,07:15,188.33,ok
2026-09-26,KTW,MLA,2027-01-11,09:15,127.00,ok
2026-09-26,KTW,MLA,2027-01-12,,,unavailable
2026-09-26,KTW,MLA,2027-01-13,,,unavailable
2026-09-26,KTW,MLA,2027-01-14,14:25,214.62,ok
2026-09-26,KTW,MLA,2027-01-15,15:30,271.57,ok
2026-09-26,KTW,MLA,2027-01-16,14:00,346.05,ok
2026-09-26,KTW,MLA,2027-01-17,07:15,372.33,ok
2026-09-26,KTW,MLA,2027-01-18,09:15,309.75,ok
2026-09-26,KTW,MLA,2027-01-19,,,unavailable
2026-09-26,KTW,MLA,2027-01-20,,,unavailable
2026-09-26,KTW,MLA,2027-01-21,14:25,179.00,ok
2026-09-26,KTW,MLA,2027-01-22,15:30,254.05,ok
2026-09-26,KTW,MLA,2027-01-23,14:00,231.84,ok
2026-09-26,KTW,MLA,2027-01-24,07:15,268.25,ok
2026-09-26,KTW,MLA,2027-01-25,09:15,302.24,ok
2026-09-26,KTW,MLA,2027-01-26,,,unavailable
2026-09-26,KTW,MLA,2027-01-27,,,unavailable
2026-09-26,KTW,MLA,2027-01-28,14:25,179.00,ok
2026-09-26,KTW,MLA,2027-01-29,15:30,165.92,ok
2026-09-26,KTW,MLA,2027-01-30,14:00,153.00,ok
2026-09-26,KTW,MLA,2027-01-31,07:15,249.67,ok
2026-09-26,KTW,MLA,2027-02-01,09:15,289.10,ok
2026-09-26,KTW,MLA,2027-02-02,13:30,153.00,ok
2026-09-26,KTW,MLA,2027-02-03,06:00,193.90,ok
2026-09-26,KTW,MLA,2027-02-04,14:25,179.00,ok
2026-09-26,KTW,MLA,2027-02-05,15:30,223.38,ok
2026-09-26,KTW,MLA,2027-02-06,14:00,165.92,ok
2026-09-26,KTW,MLA,2027-02-07,07:15,280.33,ok
2026-09-26,KTW,MLA,2027-02-08,09:15,267.19,ok
2026-09-26,KTW,MLA,2027-02-09,13:30,267.19,ok
2026-09-26,KTW,MLA,2027-02-10,06:00,309.75,ok
2026-09-26,KTW,MLA,2027-02-11,14:25,153.00,ok
2026-09-26,KTW,MLA,2027-02-12,15:30,165.92,ok
2026-09-26,KTW,MLA,2027-02-13,14:00,367.95,ok
2026-09-26,KTW,MLA,2027-02-14,07:15,315.38,ok
2026-09-26,KTW,MLA,2027-02-15,09:15,367.95,ok
2026-09-26,KTW,MLA,2027-02-16,13:30,332.90,ok
2026-09-26,KTW,MLA,2027-02-17,06:00,231.84,ok
2026-09-26,KTW,MLA,2027-02-18,14:25,398.62,ok
2026-09-26,KTW,MLA,2027-02-19,15:30,275.95,ok
2026-09-26,KTW,MLA,2027-02-20,14:00,289.10,ok
2026-09-26,KTW,MLA,2027-02-21,07:15,210.24,ok
2026-09-26,KTW,MLA,2027-02-22,09:15,293.48,ok
2026-09-26,KTW,MLA,2027-02-23,13:30,275.95,ok
2026-09-26,KTW,MLA,2027-02-24,06:00,193.90,ok
2026-09-26,KTW,MLA,2027-02-25,14:25,153.00,ok
2026-09-26,KTW,MLA,2027-02-26,15:30,179.00,ok
2026-09-26,KTW,MLA,2027-02-27,14:00,153.00,ok
2026-09-26,KTW,MLA,2027-02-28,07:15,170.81,ok
2026-09-26,KTW,MLA,2027-03-01,09:15,271.57,ok
2026-09-26,KTW,MLA,2027-03-02,13:30,153.00,ok
2026-09-26,KTW,MLA,2027-03-03,06:00,179.00,ok
2026-09-26,KTW,MLA,2027-03-04,14:25,271.57,ok
2026-09-26,KTW,MLA,2027-03-05,15:30,258.43,ok
2026-09-26,KTW,MLA,2027-03-06,14:00,179.00,ok
2026-09-26,KTW,MLA,2027-03-07,07:15,179.00,ok
2026-09-26,KTW,MLA,2027-03-08,09:15,231.84,ok
2026-09-26,KTW,MLA,2027-03-09,13:30,179.00,ok
2026-09-26,KTW,MLA,2027-03-10,06:00,328.52,ok
2026-09-26,KTW,MLA,2027-03-11,14:25,213.00,ok
2026-09-26,KTW,MLA,2027-03-12,15:30,210.24,ok
2026-09-26,KTW,MLA,2027-03-13,14:00,210.24,ok
2026-09-26,KTW,MLA,2027-03-14,07:15,188.33,ok
2026-09-26,KTW,MLA,2027-03-15,09:15,188.33,ok
2026-09-26,KTW,MLA,2027-03-16,13:30,170.81,ok
2026-09-26,KTW,MLA,2027-03-17,06:00,346.05,ok
2026-09-26,KTW,MLA,2027-03-18,14:25,346.05,ok
2026-09-26,KTW,MLA,2027-03-19,15:30,249.67,ok
2026-09-26,KTW,MLA,2027-03-20,14:00,213.00,ok
2026-09-26,KTW,MLA,2027-03-21,07:15,267.19,ok
2026-09-26,KTW,MLA,2027-03-22,09:15,231.84,ok
2026-09-26,KTW,MLA,2027-03-23,13:30,275.95,ok
2026-09-26,KTW,MLA,2027-03-24,06:00,306.62,ok
2026-09-26,KTW,MLA,2027-03-25,14:25,315.38,ok
2026-09-26,KTW,MLA,2027-03-26,15:30,232.14,ok
2026-09-26,KTW,MLA,2027-03-27,14:00,247.00,ok
2026-09-26,KTW,MLA,2027-03-28,,,unavailable
2026-09-26,KTW,MLA,2027-03-29,15:30,323.00,ok
2026-09-26,KTW,MLA,2027-03-30,06:15,323.00,ok
2026-09-26,KTW,MLA,2027-03-31,,,unavailable
2026-09-26,KTW,MLA,2027-04-01,11:50,518.00,ok
2026-09-26,KTW,MLA,2027-04-02,,,unavailable
2026-09-26,KTW,MLA,2027-04-03,09:50,625.00,ok
2026-09-26,KTW,MLA,2027-04-04,,,unavailable
2026-09-26,KTW,MLA,2027-04-05,15:30,472.00,ok
2026-09-26,KTW,MLA,2027-04-06,06:15,472.00,ok
2026-09-26,KTW,MLA,2027-04-07,,,unavailable
2026-09-26,KTW,MLA,2027-04-08,11:50,370.00,ok
2026-09-26,KTW,MLA,2027-04-09,,,unavailable
2026-09-26,KTW,MLA,2027-04-10,09:50,370.00,ok
2026-09-26,KTW,MLA,2027-04-11,,,unavailable
2026-09-26,KTW,MLA,2027-04-12,15:30,370.00,ok
2026-09-26,KTW,MLA,2027-04-13,06:15,323.00,ok
2026-09-26,KTW,MLA,2027-04-14,,,unavailable
2026-09-26,KTW,MLA,2027-04-15,11:50,417.00,ok
2026-09-26,KTW,MLA,2027-04-16,,,unavailable
2026-09-26,KTW,MLA,2027-04-17,09:50,323.00,ok
2026-09-26,KTW,MLA,2027-04-18,,,unavailable
2026-09-26,KTW,MLA,2027-04-19,15:30,323.00,ok
2026-09-26,KTW,MLA,2027-04-20,06:15,323.00,ok
2026-09-26,KTW,MLA,2027-04-21,,,unavailable
2026-09-26,KTW,MLA,2027-04-22,11:50,370.00,ok
2026-09-26,KTW,MLA,2027-04-23,,,unavailable
2026-09-26,KTW,MLA,2027-04-24,09:50,323.00,ok
2026-09-26,KTW,MLA,2027-04-25,,,unavailable
2026-09-26,KTW,MLA,2027-04-26,15:30,323.00,ok
2026-09-26,KTW,MLA,2027-04-27,06:15,323.00,ok
2026-09-26,KTW,MLA,2027-04-28,,,unavailable
2026-09-26,KTW,MLA,2027-04-29,11:50,625.00,ok
2026-09-26,KTW,MLA,2027-04-30,,,unavailable
2026-09-26,KTW,MLA,2027-05-01,09:50,323.00,ok
2026-09-26,KTW,MLA,2027-05-02,,,unavailable
2026-09-26,KTW,MLA,2027-05-03,15:30,327.38,ok
2026-09-26,KTW,MLA,2027-05-04,06:15,323.00,ok
2026-09-26,KTW,MLA,2027-05-05,,,unavailable
2026-09-26,KTW,MLA,2027-05-06,11:50,374.38,ok
2026-09-26,KTW,MLA,2027-05-07,,,unavailable
2026-09-26,KTW,MLA,2027-05-08,09:50,323.00,ok
2026-09-26,KTW,MLA,2027-05-09,,,unavailable
2026-09-26,KTW,MLA,2027-05-10,15:30,323.00,ok
2026-09-26,KTW,MLA,2027-05-11,06:15,323.00,ok
2026-09-26,KTW,MLA,2027-05-12,,,unavailable
2026-09-26,KTW,MLA,2027-05-13,11:50,370.00,ok
2026-09-26,KTW,MLA,2027-05-14,,,unavailable
2026-09-26,KTW,MLA,2027-05-15,09:50,370.00,ok
2026-09-26,KTW,MLA,2027-05-16,,,unavailable
2026-09-26,KTW,MLA,2027-05-17,15:30,370.00,ok
2026-09-26,KTW,MLA,2027-05-18,06:15,323.00,ok
2026-09-26,KTW,MLA,2027-05-19,,,unavailable
2026-09-26,KTW,MLA,2027-05-20,11:50,370.00,ok
2026-09-26,KTW,MLA,2027-05-21,,,unavailable
2026-09-26,KTW,MLA,2027-05-22,09:50,323.00,ok
2026-09-26,KTW,MLA,2027-05-23,,,unavailable
2026-09-26,KTW,MLA,2027-05-24,15:30,323.00,ok
2026-09-26,KTW,MLA,2027-05-25,06:15,323.00,ok
2026-09-26,KTW,MLA,2027-05-26,,,unavailable
2026-09-26,KTW,MLA,2027-05-27,11:50,476.38,ok
2026-09-26,KTW,MLA,2027-05-28,,,unavailable
2026-09-26,KTW,MLA,2027-05-29,09:50,323.00,ok
2026-09-26,KTW,MLA,2027-05-30,,,unavailable
2026-09-26,KTW,MLA,2027-05-31,15:30,323.00,ok
2026-09-26,KTW,MLA,2027-06-01,06:15,323.00,ok
2026-09-26,KTW,MLA,2027-06-02,,,unavailable
2026-09-26,KTW,MLA,2027-06-03,11:50,625.00,ok
2026-09-26,KTW,MLA,2027-06-04,,,unavailable
2026-09-26,KTW,MLA,2027-06-05,09:50,323.00,ok
2026-09-26,KTW,MLA,2027-06-06,,,unavailable
2026-09-26,KTW,MLA,2027-06-07,15:30,323.00,ok
2026-09-26,KTW,MLA,2027-06-08,06:15,323.00,ok
2026-09-26,KTW,MLA,2027-06-09,,,unavailable
2026-09-26,KTW,MLA,2027-06-10,11:50,417.00,ok
2026-09-26,KTW,MLA,2027-06-11,,,unavailable
2026-09-26,KTW,MLA,2027-06-12,09:50,323.00,ok
2026-09-26,KTW,MLA,2027-06-13,,,unavailable
2026-09-26,KTW,MLA,2027-06-14,15:30,323.00,ok
2026-09-26,KTW,MLA,2027-06-15,06:15,323.00,ok
2026-09-26,KTW,MLA,2027-06-16,,,unavailable
2026-09-26,KTW,MLA,2027-06-17,11:50,472.00,ok
2026-09-26,KTW,MLA,2027-06-18,,,unavailable
2026-09-26,KTW,MLA,2027-06-19,09:50,323.00,ok
2026-09-26,KTW,MLA,2027-06-20,,,unavailable
2026-09-26,KTW,MLA,2027-06-21,15:30,323.00,ok
2026-09-26,KTW,MLA,2027-06-22,06:15,323.00,ok
2026-09-26,KTW,MLA,2027-06-23,,,unavailable
2026-09-26,KTW,MLA,2027-06-24,11:50,417.00,ok
2026-09-26,KTW,MLA,2027-06-25,,,unavailable
2026-09-26,KTW,MLA,2027-06-26,09:50,417.00,ok
2026-09-26,KTW,MLA,2027-06-27,,,unavailable
2026-09-26,KTW,MLA,2027-06-28,15:30,417.00,ok
2026-09-26,KTW,MLA,2027-06-29,06:15,323.00,ok
2026-09-26,KTW,MLA,2027-06-30,,,unavailable
2026-09-26,KTW,MLA,2027-07-01,11:50,421.38,ok
2026-09-26,KTW,MLA,2027-07-02,,,unavailable
2026-09-26,KTW,MLA,2027-07-03,09:50,323.00,ok
2026-09-26,KTW,MLA,2027-07-04,,,unavailable
2026-09-26,KTW,MLA,2027-07-05,15:30,323.00,ok
2026-09-26,KTW,MLA,2027-07-06,06:15,323.00,ok
2026-09-26,KTW,MLA,2027-07-07,,,unavailable
2026-09-26,KTW,MLA,2027-07-08,11:50,370.00,ok
2026-09-26,KTW,MLA,2027-07-09,,,unavailable
2026-09-26,KTW,MLA,2027-07-10,09:50,417.00,ok
2026-09-26,KTW,MLA,2027-07-11,,,unavailable
2026-09-26,KTW,MLA,2027-07-12,15:30,417.00,ok
2026-09-26,KTW,MLA,2027-07-13,06:15,327.38,ok
2026-09-26,KTW,MLA,2027-07-14,,,unavailable
2026-09-26,KTW,MLA,2027-07-15,11:50,472.00,ok
2026-09-26,KTW,MLA,2027-07-16,,,unavailable
2026-09-26,KTW,MLA,2027-07-17,09:50,472.00,ok
2026-09-26,KTW,MLA,2027-07-18,,,unavailable
2026-09-26,KTW,MLA,2027-07-19,15:30,472.00,ok
2026-09-26,KTW,MLA,2027-07-20,06:15,323.00,ok
2026-09-26,KTW,MLA,2027-07-21,,,unavailable
2026-09-26,KTW,MLA,2027-07-22,11:50,417.00,ok
2026-09-26,KTW,MLA,2027-07-23,,,unavailable
2026-09-26,KTW,MLA,2027-07-24,09:50,417.00,ok
2026-09-26,KTW,MLA,2027-07-25,,,unavailable
2026-09-26,KTW,MLA,2027-07-26,15:30,417.00,ok
2026-09-26,KTW,MLA,2027-07-27,06:15,323.00,ok
2026-09-26,KTW,MLA,2027-07-28,,,unavailable
2026-09-26,KTW,MLA,2027-07-29,11:50,417.00,ok
2026-09-26,KTW,MLA,2027-07-30,,,unavailable
2026-09-26,KTW,MLA,2027-07-31,09:50,370.00,ok
2026-09-26,KTW,MLA,2027-08-01,,,unavailable
2026-09-26,KTW,MLA,2027-08-02,15:30,370.00,ok
2026-09-26,KTW,MLA,2027-08-03,06:15,323.00,ok
2026-09-26,KTW,MLA,2027-08-04,,,unavailable
2026-09-26,KTW,MLA,2027-08-05,11:50,417.00,ok
2026-09-26,KTW,MLA,2027-08-06,,,unavailable
2026-09-26,KTW,MLA,2027-08-07,09:50,323.00,ok
2026-09-26,KTW,MLA,2027-08-08,,,unavailable
2026-09-26,KTW,MLA,2027-08-09,15:30,323.00,ok
2026-09-26,KTW,MLA,2027-08-10,06:15,323.00,ok
2026-09-26,KTW,MLA,2027-08-11,,,unavailable
2026-09-26,KTW,MLA,2027-08-12,11:50,472.00,ok
2026-09-26,KTW,MLA,2027-08-13,,,unavailable
2026-09-26,KTW,MLA,2027-08-14,09:50,370.00,ok
2026-09-26,KTW,MLA,2027-08-15,,,unavailable
2026-09-26,KTW,MLA,2027-08-16,15:30,370.00,ok
2026-09-26,KTW,MLA,2027-08-17,06:15,323.00,ok
2026-09-26,KTW,MLA,2027-08-18,,,unavailable
2026-09-26,KTW,MLA,2027-08-19,11:50,417.00,ok
2026-09-26,KTW,MLA,2027-08-20,,,unavailable
2026-09-26,KTW,MLA,2027-08-21,09:50,323.00,ok
2026-09-26,KTW,MLA,2027-08-22,,,unavailable
2026-09-26,KTW,MLA,2027-08-23,15:30,323.00,ok
2026-09-26,KTW,MLA,2027-08-24,06:15,323.00,ok
2026-09-26,KTW,MLA,2027-08-25,,,unavailable
2026-09-26,KTW,MLA,2027-08-26,11:50,417.00,ok
2026-09-26,KTW,MLA,2027-08-27,,,unavailable
2026-09-26,KTW,MLA,2027-08-28,09:50,323.00,ok
2026-09-26,KTW,MLA,2027-08-29,,,unavailable
2026-09-26,KTW,MLA,2027-08-30,15:30,323.00,ok
2026-09-26,KTW,MLA,2027-08-31,06:15,323.00,ok
2026-09-26,MLA,KTW,2026-09-26,,,unavailable
2026-09-26,MLA,KTW,2026-09-27,20:30,1506.66,ok
2026-09-26,MLA,KTW,2026-09-28,,,unavailable
2026-09-26,MLA,KTW,2026-09-29,15:55,525.66,ok
2026-09-26,MLA,KTW,2026-09-30,22:20,348.28,ok
2026-09-26,MLA,KTW,2026-10-01,06:35,108.00,ok
2026-09-26,MLA,KTW,2026-10-02,,,unavailable
2026-09-26,MLA,KTW,2026-10-03,,,unavailable
2026-09-26,MLA,KTW,2026-10-04,20:30,1068.90,ok
2026-09-26,MLA,KTW,2026-10-05,,,unavailable
2026-09-26,MLA,KTW,2026-10-06,15:55,289.10,ok
2026-09-26,MLA,KTW,2026-10-07,22:20,184.96,ok
2026-09-26,MLA,KTW,2026-10-08,06:35,108.00,ok
2026-09-26,MLA,KTW,2026-10-09,,,unavailable
2026-09-26,MLA,KTW,2026-10-10,,,unavailable
2026-09-26,MLA,KTW,2026-10-11,20:30,551.95,ok
2026-09-26,MLA,KTW,2026-10-12,,,unavailable
2026-09-26,MLA,KTW,2026-10-13,15:55,264.13,ok
2026-09-26,MLA,KTW,2026-10-14,21:55,259.75,ok
2026-09-26,MLA,KTW,2026-10-15,06:35,214.62,ok
2026-09-26,MLA,KTW,2026-10-16,,,unavailable
2026-09-26,MLA,KTW,2026-10-17,,,unavailable
2026-09-26,MLA,KTW,2026-10-18,20:30,748.00,ok
2026-09-26,MLA,KTW,2026-10-19,,,unavailable
2026-09-26,MLA,KTW,2026-10-20,15:55,306.62,ok
2026-09-26,MLA,KTW,2026-10-21,21:55,213.00,ok
2026-09-26,MLA,KTW,2026-10-22,06:35,131.38,ok
2026-09-26,MLA,KTW,2026-10-23,,,unavailable
2026-09-26,MLA,KTW,2026-10-24,,,unavailable
2026-09-26,MLA,KTW,2026-10-25,10:30,418.47,ok
2026-09-26,MLA,KTW,2026-10-26,06:10,180.98,ok
2026-09-26,MLA,KTW,2026-10-27,10:25,188.51,ok
2026-09-26,MLA,KTW,2026-10-28,09:15,108.00,ok
2026-09-26,MLA,KTW,2026-10-29,17:40,219.40,ok
2026-09-26,MLA,KTW,2026-10-30,12:25,290.93,ok
2026-09-26,MLA,KTW,2026-10-31,10:55,569.00,ok
2026-09-26,MLA,KTW,2026-11-01,10:30,620.56,ok
2026-09-26,MLA,KTW,2026-11-02,06:10,312.25,ok
2026-09-26,MLA,KTW,2026-11-03,10:25,259.75,ok
2026-09-26,MLA,KTW,2026-11-04,09:15,153.29,ok
2026-09-26,MLA,KTW,2026-11-05,17:40,142.66,ok
2026-09-26,MLA,KTW,2026-11-06,12:25,229.95,ok
2026-09-26,MLA,KTW,2026-11-07,10:55,274.64,ok
2026-09-26,MLA,KTW,2026-11-08,10:30,265.20,ok
2026-09-26,MLA,KTW,2026-11-09,06:10,188.33,ok
2026-09-26,MLA,KTW,2026-11-10,,,unavailable
2026-09-26,MLA,KTW,2026-11-11,09:15,504.16,ok
2026-09-26,MLA,KTW,2026-11-12,17:40,453.89,ok
2026-09-26,MLA,KTW,2026-11-13,12:25,521.28,ok
2026-09-26,MLA,KTW,2026-11-14,10:55,450.62,ok
2026-09-26,MLA,KTW,2026-11-15,10:30,1485.08,ok
2026-09-26,MLA,KTW,2026-11-16,06:10,372.33,ok
2026-09-26,MLA,KTW,2026-11-17,,,unavailable
2026-09-26,MLA,KTW,2026-11-18,09:15,183.47,ok
2026-09-26,MLA,KTW,2026-11-19,17:40,164.10,ok
2026-09-26,MLA,KTW,2026-11-20,12:25,153.29,ok
2026-09-26,MLA,KTW,2026-11-21,10:55,237.49,ok
2026-09-26,MLA,KTW,2026-11-22,10:30,259.75,ok
2026-09-26,MLA,KTW,2026-11-23,06:10,164.65,ok
2026-09-26,MLA,KTW,2026-11-24,,,unavailable
2026-09-26,MLA,KTW,2026-11-25,09:15,113.86,ok
2026-09-26,MLA,KTW,2026-11-26,17:40,121.00,ok
2026-09-26,MLA,KTW,2026-11-27,12:25,140.14,ok
2026-09-26,MLA,KTW,2026-11-28,10:55,258.43,ok
2026-09-26,MLA,KTW,2026-11-29,10:30,233.77,ok
2026-09-26,MLA,KTW,2026-11-30,06:10,160.75,ok
2026-09-26,MLA,KTW,2026-12-01,,,unavailable
2026-09-26,MLA,KTW,2026-12-02,,,unavailable
2026-09-26,MLA,KTW,2026-12-03,17:40,109.48,ok
2026-09-26,MLA,KTW,2026-12-04,12:25,144.53,ok
2026-09-26,MLA,KTW,2026-12-05,10:55,157.67,ok
2026-09-26,MLA,KTW,2026-12-06,10:30,223.38,ok
2026-09-26,MLA,KTW,2026-12-07,06:10,113.86,ok
2026-09-26,MLA,KTW,2026-12-08,,,unavailable
2026-09-26,MLA,KTW,2026-12-09,,,unavailable
2026-09-26,MLA,KTW,2026-12-10,17:40,183.95,ok
2026-09-26,MLA,KTW,2026-12-11,12:25,100.72,ok
2026-09-26,MLA,KTW,2026-12-12,10:55,105.10,ok
2026-09-26,MLA,KTW,2026-12-13,10:30,150.42,ok
2026-09-26,MLA,KTW,2026-12-14,06:10,121.00,ok
2026-09-26,MLA,KTW,2026-12-15,,,unavailable
2026-09-26,MLA,KTW,2026-12-16,,,unavailable
2026-09-26,MLA,KTW,2026-12-17,17:40,109.48,ok
2026-09-26,MLA,KTW,2026-12-18,12:25,145.25,ok
2026-09-26,MLA,KTW,2026-12-19,10:55,113.86,ok
2026-09-26,MLA,KTW,2026-12-20,10:30,153.29,ok
2026-09-26,MLA,KTW,2026-12-21,06:10,214.62,ok
2026-09-26,MLA,KTW,2026-12-22,10:25,150.42,ok
2026-09-26,MLA,KTW,2026-12-23,16:35,141.39,ok
2026-09-26,MLA,KTW,2026-12-24,,,unavailable
2026-09-26,MLA,KTW,2026-12-25,,,unavailable
2026-09-26,MLA,KTW,2026-12-26,10:55,495.00,ok
2026-09-26,MLA,KTW,2026-12-27,10:30,477.37,ok
2026-09-26,MLA,KTW,2026-12-28,06:10,542.44,ok
2026-09-26,MLA,KTW,2026-12-29,10:25,426.38,ok
2026-09-26,MLA,KTW,2026-12-30,21:05,219.00,ok
2026-09-26,MLA,KTW,2026-12-31,17:40,306.18,ok
2026-09-26,MLA,KTW,2027-01-01,12:25,354.81,ok
2026-09-26,MLA,KTW,2027-01-02,10:55,625.00,ok
2026-09-26,MLA,KTW,2027-01-03,10:30,600.14,ok
2026-09-26,MLA,KTW,2027-01-04,06:10,351.04,ok
2026-09-26,MLA,KTW,2027-01-05,10:25,280.33,ok
2026-09-26,MLA,KTW,2027-01-06,09:15,309.75,ok
2026-09-26,MLA,KTW,2027-01-07,17:40,153.00,ok
2026-09-26,MLA,KTW,2027-01-08,12:25,153.00,ok
2026-09-26,MLA,KTW,2027-01-09,10:55,144.53,ok
2026-09-26,MLA,KTW,2027-01-10,10:30,219.00,ok
2026-09-26,MLA,KTW,2027-01-11,06:10,297.86,ok
2026-09-26,MLA,KTW,2027-01-12,,,unavailable
2026-09-26,MLA,KTW,2027-01-13,,,unavailable
2026-09-26,MLA,KTW,2027-01-14,17:40,153.00,ok
2026-09-26,MLA,KTW,2027-01-15,12:25,153.00,ok
2026-09-26,MLA,KTW,2027-01-16,10:55,166.43,ok
2026-09-26,MLA,KTW,2027-01-17,10:30,153.00,ok
2026-09-26,MLA,KTW,2027-01-18,06:10,214.62,ok
2026-09-26,MLA,KTW,2027-01-19,,,unavailable
2026-09-26,MLA,KTW,2027-01-20,,,unavailable
2026-09-26,MLA,KTW,2027-01-21,17:40,223.38,ok
2026-09-26,MLA,KTW,2027-01-22,12:25,324.14,ok
2026-09-26,MLA,KTW,2027-01-23,10:55,309.75,ok
2026-09-26,MLA,KTW,2027-01-24,10:30,231.84,ok
2026-09-26,MLA,KTW,2027-01-25,06:10,272.63,ok
2026-09-26,MLA,KTW,2027-01-26,,,unavailable
2026-09-26,MLA,KTW,2027-01-27,,,unavailable
2026-09-26,MLA,KTW,2027-01-28,17:40,351.04,ok
2026-09-26,MLA,KTW,2027-01-29,12:25,309.75,ok
2026-09-26,MLA,KTW,2027-01-30,10:55,293.48,ok
2026-09-26,MLA,KTW,2027-01-31,10:30,268.25,ok
2026-09-26,MLA,KTW,2027-02-01,06:10,236.52,ok
2026-09-26,MLA,KTW,2027-02-02,10:25,166.43,ok
2026-09-26,MLA,KTW,2027-02-03,09:15,153.00,ok
2026-09-26,MLA,KTW,2027-02-04,17:40,188.33,ok
2026-09-26,MLA,KTW,2027-02-05,12:25,231.84,ok
2026-09-26,MLA,KTW,2027-02-06,10:55,424.90,ok
2026-09-26,MLA,KTW,2027-02-07,10:30,153.00,ok
2026-09-26,MLA,KTW,2027-02-08,06:10,394.24,ok
2026-09-26,MLA,KTW,2027-02-09,10:25,179.00,ok
2026-09-26,MLA,KTW,2027-02-10,09:15,285.00,ok
2026-09-26,MLA,KTW,2027-02-11,17:40,521.28,ok
2026-09-26,MLA,KTW,2027-02-12,12:25,521.28,ok
2026-09-26,MLA,KTW,2027-02-13,10:55,193.90,ok
2026-09-26,MLA,KTW,2027-02-14,10:30,350.43,ok
2026-09-26,MLA,KTW,2027-02-15,06:10,262.81,ok
2026-09-26,MLA,KTW,2027-02-16,10:25,153.00,ok
2026-09-26,MLA,KTW,2027-02-17,09:15,254.05,ok
2026-09-26,MLA,KTW,2027-02-18,17:40,213.00,ok
2026-09-26,MLA,KTW,2027-02-19,12:25,389.86,ok
2026-09-26,MLA,KTW,2027-02-20,10:55,401.32,ok
2026-09-26,MLA,KTW,2027-02-21,10:30,381.09,ok
2026-09-26,MLA,KTW,2027-02-22,06:10,193.90,ok
2026-09-26,MLA,KTW,2027-02-23,10:25,477.47,ok
2026-09-26,MLA,KTW,2027-02-24,09:15,285.00,ok
2026-09-26,MLA,KTW,2027-02-25,17:40,367.95,ok
2026-09-26,MLA,KTW,2027-02-26,12:25,495.00,ok
2026-09-26,MLA,KTW,2027-02-27,10:55,309.75,ok
2026-09-26,MLA,KTW,2027-02-28,10:30,323.00,ok
2026-09-26,MLA,KTW,2027-03-01,06:10,587.00,ok
2026-09-26,MLA,KTW,2027-03-02,10:25,231.84,ok
2026-09-26,MLA,KTW,2027-03-03,09:15,267.19,ok
2026-09-26,MLA,KTW,2027-03-04,17:40,359.19,ok
2026-09-26,MLA,KTW,2027-03-05,12:25,280.33,ok
2026-09-26,MLA,KTW,2027-03-06,10:55,433.67,ok
2026-09-26,MLA,KTW,2027-03-07,10:30,213.00,ok
2026-09-26,MLA,KTW,2027-03-08,06:10,231.84,ok
2026-09-26,MLA,KTW,2027-03-09,10:25,213.00,ok
2026-09-26,MLA,KTW,2027-03-10,09:15,231.84,ok
2026-09-26,MLA,KTW,2027-03-11,17:40,324.14,ok
2026-09-26,MLA,KTW,2027-03-12,12:25,179.00,ok
2026-09-26,MLA,KTW,2027-03-13,10:55,213.00,ok
2026-09-26,MLA,KTW,2027-03-14,10:30,213.00,ok
2026-09-26,MLA,KTW,2027-03-15,06:10,179.00,ok
2026-09-26,MLA,KTW,2027-03-16,10:25,302.24,ok
2026-09-26,MLA,KTW,2027-03-17,09:15,240.91,ok
2026-09-26,MLA,KTW,2027-03-18,17:40,213.00,ok
2026-09-26,MLA,KTW,2027-03-19,12:25,262.81,ok
2026-09-26,MLA,KTW,2027-03-20,10:55,401.32,ok
2026-09-26,MLA,KTW,2027-03-21,10:30,213.00,ok
2026-09-26,MLA,KTW,2027-03-22,06:10,213.00,ok
2026-09-26,MLA,KTW,2027-03-23,10:25,213.00,ok
2026-09-26,MLA,KTW,2027-03-24,09:15,192.72,ok
2026-09-26,MLA,KTW,2027-03-25,17:40,213.00,ok
2026-09-26,MLA,KTW,2027-03-26,12:25,213.00,ok
2026-09-26,MLA,KTW,2027-03-27,10:55,350.43,ok
2026-09-26,MLA,KTW,2027-03-28,,,unavailable
2026-09-26,MLA,KTW,2027-03-29,18:35,518.00,ok
2026-09-26,MLA,KTW,2027-03-30,09:20,625.00,ok
2026-09-26,MLA,KTW,2027-03-31,,,unavailable
2026-09-26,MLA,KTW,2027-04-01,08:50,518.00,ok
2026-09-26,MLA,KTW,2027-04-02,,,unavailable
2026-09-26,MLA,KTW,2027-04-03,12:55,323.00,ok
2026-09-26,MLA,KTW,2027-04-04,,,unavailable
2026-09-26,MLA,KTW,2027-04-05,18:35,569.00,ok
2026-09-26,MLA,KTW,2027-04-06,09:20,569.00,ok
2026-09-26,MLA,KTW,2027-04-07,,,unavailable
2026-09-26,MLA,KTW,2027-04-08,08:50,323.00,ok
2026-09-26,MLA,KTW,2027-04-09,,,unavailable
2026-09-26,MLA,KTW,2027-04-10,12:55,569.00,ok
2026-09-26,MLA,KTW,2027-04-11,,,unavailable
2026-09-26,MLA,KTW,2027-04-12,18:35,569.00,ok
2026-09-26,MLA,KTW,2027-04-13,09:20,323.00,ok
2026-09-26,MLA,KTW,2027-04-14,,,unavailable
2026-09-26,MLA,KTW,2027-04-15,08:50,323.00,ok
2026-09-26,MLA,KTW,2027-04-16,,,unavailable
2026-09-26,MLA,KTW,2027-04-17,12:55,569.00,ok
2026-09-26,MLA,KTW,2027-04-18,,,unavailable
2026-09-26,MLA,KTW,2027-04-19,18:35,569.00,ok
2026-09-26,MLA,KTW,2027-04-20,09:20,323.00,ok
2026-09-26,MLA,KTW,2027-04-21,,,unavailable
2026-09-26,MLA,KTW,2027-04-22,08:50,323.00,ok
2026-09-26,MLA,KTW,2027-04-23,,,unavailable
2026-09-26,MLA,KTW,2027-04-24,12:55,569.00,ok
2026-09-26,MLA,KTW,2027-04-25,,,unavailable
2026-09-26,MLA,KTW,2027-04-26,18:35,569.00,ok
2026-09-26,MLA,KTW,2027-04-27,09:20,323.00,ok
2026-09-26,MLA,KTW,2027-04-28,,,unavailable
2026-09-26,MLA,KTW,2027-04-29,08:50,323.00,ok
2026-09-26,MLA,KTW,2027-04-30,,,unavailable
2026-09-26,MLA,KTW,2027-05-01,12:55,896.00,ok
2026-09-26,MLA,KTW,2027-05-02,,,unavailable
2026-09-26,MLA,KTW,2027-05-03,18:35,900.38,ok
2026-09-26,MLA,KTW,2027-05-04,09:20,417.00,ok
2026-09-26,MLA,KTW,2027-05-05,,,unavailable
2026-09-26,MLA,KTW,2027-05-06,08:50,327.38,ok
2026-09-26,MLA,KTW,2027-05-07,,,unavailable
2026-09-26,MLA,KTW,2027-05-08,12:55,569.00,ok
2026-09-26,MLA,KTW,2027-05-09,,,unavailable
2026-09-26,MLA,KTW,2027-05-10,18:35,569.00,ok
2026-09-26,MLA,KTW,2027-05-11,09:20,370.00,ok
2026-09-26,MLA,KTW,2027-05-12,,,unavailable
2026-09-26,MLA,KTW,2027-05-13,08:50,323.00,ok
2026-09-26,MLA,KTW,2027-05-14,,,unavailable
2026-09-26,MLA,KTW,2027-05-15,12:55,625.00,ok
2026-09-26,MLA,KTW,2027-05-16,,,unavailable
2026-09-26,MLA,KTW,2027-05-17,18:35,625.00,ok
2026-09-26,MLA,KTW,2027-05-18,09:20,323.00,ok
2026-09-26,MLA,KTW,2027-05-19,,,unavailable
2026-09-26,MLA,KTW,2027-05-20,08:50,323.00,ok
2026-09-26,MLA,KTW,2027-05-21,,,unavailable
2026-09-26,MLA,KTW,2027-05-22,12:55,569.00,ok
2026-09-26,MLA,KTW,2027-05-23,,,unavailable
2026-09-26,MLA,KTW,2027-05-24,18:35,569.00,ok
2026-09-26,MLA,KTW,2027-05-25,09:20,323.00,ok
2026-09-26,MLA,KTW,2027-05-26,,,unavailable
2026-09-26,MLA,KTW,2027-05-27,08:50,327.38,ok
2026-09-26,MLA,KTW,2027-05-28,,,unavailable
2026-09-26,MLA,KTW,2027-05-29,12:55,569.00,ok
2026-09-26,MLA,KTW,2027-05-30,,,unavailable
2026-09-26,MLA,KTW,2027-05-31,18:35,569.00,ok
2026-09-26,MLA,KTW,2027-06-01,09:20,370.00,ok
2026-09-26,MLA,KTW,2027-06-02,,,unavailable
2026-09-26,MLA,KTW,2027-06-03,08:50,323.00,ok
2026-09-26,MLA,KTW,2027-06-04,,,unavailable
2026-09-26,MLA,KTW,2027-06-05,12:55,1075.00,ok
2026-09-26,MLA,KTW,2027-06-06,,,unavailable
2026-09-26,MLA,KTW,2027-06-07,18:35,1075.00,ok
2026-09-26,MLA,KTW,2027-06-08,09:20,417.00,ok
2026-09-26,MLA,KTW,2027-06-09,,,unavailable
2026-09-26,MLA,KTW,2027-06-10,08:50,323.00,ok
2026-09-26,MLA,KTW,2027-06-11,,,unavailable
2026-09-26,MLA,KTW,2027-06-12,12:55,472.00,ok
2026-09-26,MLA,KTW,2027-06-13,,,unavailable
2026-09-26,MLA,KTW,2027-06-14,18:35,472.00,ok
2026-09-26,MLA,KTW,2027-06-15,09:20,323.00,ok
2026-09-26,MLA,KTW,2027-06-16,,,unavailable
2026-09-26,MLA,KTW,2027-06-17,08:50,323.00,ok
2026-09-26,MLA,KTW,2027-06-18,,,unavailable
2026-09-26,MLA,KTW,2027-06-19,12:55,518.00,ok
2026-09-26,MLA,KTW,2027-06-20,,,unavailable
2026-09-26,MLA,KTW,2027-06-21,18:35,518.00,ok
2026-09-26,MLA,KTW,2027-06-22,09:20,323.00,ok
2026-09-26,MLA,KTW,2027-06-23,,,unavailable
2026-09-26,MLA,KTW,2027-06-24,08:50,323.00,ok
2026-09-26,MLA,KTW,2027-06-25,,,unavailable
2026-09-26,MLA,KTW,2027-06-26,12:55,518.00,ok
2026-09-26,MLA,KTW,2027-06-27,,,unavailable
2026-09-26,MLA,KTW,2027-06-28,18:35,518.00,ok
2026-09-26,MLA,KTW,2027-06-29,09:20,370.00,ok
2026-09-26,MLA,KTW,2027-06-30,,,unavailable
2026-09-26,MLA,KTW,2027-07-01,08:50,327.38,ok
2026-09-26,MLA,KTW,2027-07-02,,,unavailable
2026-09-26,MLA,KTW,2027-07-03,12:55,625.00,ok
2026-09-26,MLA,KTW,2027-07-04,,,unavailable
2026-09-26,MLA,KTW,2027-07-05,18:35,625.00,ok
2026-09-26,MLA,KTW,2027-07-06,09:20,417.00,ok
2026-09-26,MLA,KTW,2027-07-07,,,unavailable
2026-09-26,MLA,KTW,2027-07-08,08:50,370.00,ok
2026-09-26,MLA,KTW,2027-07-09,,,unavailable
2026-09-26,MLA,KTW,2027-07-10,12:55,625.00,ok
2026-09-26,MLA,KTW,2027-07-11,,,unavailable
2026-09-26,MLA,KTW,2027-07-12,18:35,625.00,ok
2026-09-26,MLA,KTW,2027-07-13,09:20,476.38,ok
2026-09-26,MLA,KTW,2027-07-14,,,unavailable
2026-09-26,MLA,KTW,2027-07-15,08:50,323.00,ok
2026-09-26,MLA,KTW,2027-07-16,,,unavailable
2026-09-26,MLA,KTW,2027-07-17,12:55,625.00,ok
2026-09-26,MLA,KTW,2027-07-18,,,unavailable
2026-09-26,MLA,KTW,2027-07-19,18:35,625.00,ok
2026-09-26,MLA,KTW,2027-07-20,09:20,569.00,ok
2026-09-26,MLA,KTW,2027-07-21,,,unavailable
2026-09-26,MLA,KTW,2027-07-22,08:50,472.00,ok
2026-09-26,MLA,KTW,2027-07-23,,,unavailable
2026-09-26,MLA,KTW,2027-07-24,12:55,569.00,ok
2026-09-26,MLA,KTW,2027-07-25,,,unavailable
2026-09-26,MLA,KTW,2027-07-26,18:35,569.00,ok
2026-09-26,MLA,KTW,2027-07-27,09:20,472.00,ok
2026-09-26,MLA,KTW,2027-07-28,,,unavailable
2026-09-26,MLA,KTW,2027-07-29,08:50,370.00,ok
2026-09-26,MLA,KTW,2027-07-30,,,unavailable
2026-09-26,MLA,KTW,2027-07-31,12:55,625.00,ok
2026-09-26,MLA,KTW,2027-08-01,,,unavailable
2026-09-26,MLA,KTW,2027-08-02,18:35,625.00,ok
2026-09-26,MLA,KTW,2027-08-03,09:20,472.00,ok
2026-09-26,MLA,KTW,2027-08-04,,,unavailable
2026-09-26,MLA,KTW,2027-08-05,08:50,417.00,ok
2026-09-26,MLA,KTW,2027-08-06,,,unavailable
2026-09-26,MLA,KTW,2027-08-07,12:55,569.00,ok
2026-09-26,MLA,KTW,2027-08-08,,,unavailable
2026-09-26,MLA,KTW,2027-08-09,18:35,569.00,ok
2026-09-26,MLA,KTW,2027-08-10,09:20,472.00,ok
2026-09-26,MLA,KTW,2027-08-11,,,unavailable
2026-09-26,MLA,KTW,2027-08-12,08:50,472.00,ok
2026-09-26,MLA,KTW,2027-08-13,,,unavailable
2026-09-26,MLA,KTW,2027-08-14,12:55,684.00,ok
2026-09-26,MLA,KTW,2027-08-15,,,unavailable
2026-09-26,MLA,KTW,2027-08-16,18:35,684.00,ok
2026-09-26,MLA,KTW,2027-08-17,09:20,472.00,ok
2026-09-26,MLA,KTW,2027-08-18,,,unavailable
2026-09-26,MLA,KTW,2027-08-19,08:50,370.00,ok
2026-09-26,MLA,KTW,2027-08-20,,,unavailable
2026-09-26,MLA,KTW,2027-08-21,12:55,625.00,ok
2026-09-26,MLA,KTW,2027-08-22,,,unavailable
2026-09-26,MLA,KTW,2027-08-23,18:35,625.00,ok
2026-09-26,MLA,KTW,2027-08-24,09:20,518.00,ok
2026-09-26,MLA,KTW,2027-08-25,,,unavailable
2026-09-26,MLA,KTW,2027-08-26,08:50,417.00,ok
2026-09-26,MLA,KTW,2027-08-27,,,unavailable
2026-09-26,MLA,KTW,2027-08-28,12:55,684.00,ok
2026-09-26,MLA,KTW,2027-08-29,,,unavailable
2026-09-26,MLA,KTW,2027-08-30,18:35,684.00,ok
2026-09-26,MLA,KTW,2027-08-31,09:20,417.00,ok
2026-09-26,KTW,NAP,2026-09-26,,,unavailable
2026-09-26,KTW,NAP,2026-09-27,,,unavailable
2026-09-26,KTW,NAP,2026-09-28,,,unavailable
2026-09-26,KTW,NAP,2026-09-29,,,unavailable
2026-09-26,KTW,NAP,2026-09-30,,,unavailable
2026-09-26,KTW,NAP,2026-10-01,,,unavailable
2026-09-26,KTW,NAP,2026-10-02,,,unavailable
2026-09-26,KTW,NAP,2026-10-03,,,unavailable
2026-09-26,KTW,NAP,2026-10-04,,,unavailable
2026-09-26,KTW,NAP,2026-10-05,,,unavailable
2026-09-26,KTW,NAP,2026-10-06,,,unavailable
2026-09-26,KTW,NAP,2026-10-07,,,unavailable
2026-09-26,KTW,NAP,2026-10-08,,,unavailable
2026-09-26,KTW,NAP,2026-10-09,,,unavailable
2026-09-26,KTW,NAP,2026-10-10,,,unavailable
2026-09-26,KTW,NAP,2026-10-11,,,unavailable
2026-09-26,KTW,NAP,2026-10-12,,,unavailable
2026-09-26,KTW,NAP,2026-10-13,,,unavailable
2026-09-26,KTW,NAP,2026-10-14,,,unavailable
2026-09-26,KTW,NAP,2026-10-15,,,unavailable
2026-09-26,KTW,NAP,2026-10-16,,,unavailable
2026-09-26,KTW,NAP,2026-10-17,,,unavailable
2026-09-26,KTW,NAP,2026-10-18,,,unavailable
2026-09-26,KTW,NAP,2026-10-19,,,unavailable
2026-09-26,KTW,NAP,2026-10-20,,,unavailable
2026-09-26,KTW,NAP,2026-10-21,,,unavailable
2026-09-26,KTW,NAP,2026-10-22,,,unavailable
2026-09-26,KTW,NAP,2026-10-23,,,unavailable
2026-09-26,KTW,NAP,2026-10-24,,,unavailable
2026-09-26,KTW,NAP,2026-10-25,,,unavailable
2026-09-26,KTW,NAP,2026-10-26,,,unavailable
2026-09-26,KTW,NAP,2026-10-27,,,unavailable
2026-09-26,KTW,NAP,2026-10-28,,,unavailable
2026-09-26,KTW,NAP,2026-10-29,,,unavailable
2026-09-26,KTW,NAP,2026-10-30,,,unavailable
2026-09-26,KTW,NAP,2026-10-31,,,unavailable
2026-09-26,KTW,NAP,2026-11-01,,,unavailable
2026-09-26,KTW,NAP,2026-11-02,,,unavailable
2026-09-26,KTW,NAP,2026-11-03,,,unavailable
2026-09-26,KTW,NAP,2026-11-04,,,unavailable
2026-09-26,KTW,NAP,2026-11-05,,,unavailable
2026-09-26,KTW,NAP,2026-11-06,,,unavailable
2026-09-26,KTW,NAP,2026-11-07,,,unavailable
2026-09-26,KTW,NAP,2026-11-08,,,unavailable
2026-09-26,KTW,NAP,2026-11-09,,,unavailable
2026-09-26,KTW,NAP,2026-11-10,,,unavailable
2026-09-26,KTW,NAP,2026-11-11,,,unavailable
2026-09-26,KTW,NAP,2026-11-12,,,unavailable
2026-09-26,KTW,NAP,2026-11-13,,,unavailable
2026-09-26,KTW,NAP,2026-11-14,,,unavailable
2026-09-26,KTW,NAP,2026-11-15,,,unavailable
2026-09-26,KTW,NAP,2026-11-16,,,unavailable
2026-09-26,KTW,NAP,2026-11-17,,,unavailable
2026-09-26,KTW,NAP,2026-11-18,,,unavailable
2026-09-26,KTW,NAP,2026-11-19,,,unavailable
2026-09-26,KTW,NAP,2026-11-20,,,unavailable
2026-09-26,KTW,NAP,2026-11-21,,,unavailable
2026-09-26,KTW,NAP,2026-11-22,,,unavailable
2026-09-26,KTW,NAP,2026-11-23,,,unavailable
2026-09-26,KTW,NAP,2026-11-24,,,unavailable
2026-09-26,KTW,NAP,2026-11-25,,,unavailable
2026-09-26,KTW,NAP,2026-11-26,,,unavailable
2026-09-26,KTW,NAP,2026-11-27,,,unavailable
2026-09-26,KTW,NAP,2026-11-28,,,unavailable
2026-09-26,KTW,NAP,2026-11-29,,,unavailable
2026-09-26,KTW,NAP,2026-11-30,,,unavailable
2026-09-26,KTW,NAP,2026-12-01,,,unavailable
2026-09-26,KTW,NAP,2026-12-02,,,unavailable
2026-09-26,KTW,NAP,2026-12-03,08:30,109.48,ok
2026-09-26,KTW,NAP,2026-12-04,18:20,140.14,ok
2026-09-26,KTW,NAP,2026-12-05,,,unavailable
2026-09-26,KTW,NAP,2026-12-06,06:45,378.38,ok
2026-09-26,KTW,NAP,2026-12-07,12:50,374.00,ok
2026-09-26,KTW,NAP,2026-12-08,,,unavailable
2026-09-26,KTW,NAP,2026-12-09,,,unavailable
2026-09-26,KTW,NAP,2026-12-10,08:30,374.00,ok
2026-09-26,KTW,NAP,2026-12-11,18:20,374.00,ok
2026-09-26,KTW,NAP,2026-12-12,,,unavailable
2026-09-26,KTW,NAP,2026-12-13,06:45,109.48,ok
2026-09-26,KTW,NAP,2026-12-14,12:50,350.34,ok
2026-09-26,KTW,NAP,2026-12-15,,,unavailable
2026-09-26,KTW,NAP,2026-12-16,,,unavailable
2026-09-26,KTW,NAP,2026-12-17,08:30,122.62,ok
2026-09-26,KTW,NAP,2026-12-18,18:20,289.00,ok
2026-09-26,KTW,NAP,2026-12-19,,,unavailable
2026-09-26,KTW,NAP,2026-12-20,06:45,105.10,ok
2026-09-26,KTW,NAP,2026-12-21,12:50,87.57,ok
2026-09-26,KTW,NAP,2026-12-22,,,unavailable
2026-09-26,KTW,NAP,2026-12-23,,,unavailable
2026-09-26,KTW,NAP,2026-12-24,08:30,327.00,ok
2026-09-26,KTW,NAP,2026-12-25,,,unavailable
2026-09-26,KTW,NAP,2026-12-26,,,unavailable
2026-09-26,KTW,NAP,2026-12-27,06:45,424.90,ok
2026-09-26,KTW,NAP,2026-12-28,12:50,264.03,ok
2026-09-26,KTW,NAP,2026-12-29,,,unavailable
2026-09-26,KTW,NAP,2026-12-30,,,unavailable
2026-09-26,KTW,NAP,2026-12-31,08:30,289.10,ok
2026-09-26,KTW,NAP,2027-01-01,18:20,183.00,ok
2026-09-26,KTW,NAP,2027-01-02,,,unavailable
2026-09-26,KTW,NAP,2027-01-03,06:45,468.00,ok
2026-09-26,KTW,NAP,2027-01-04,12:50,429.28,ok
2026-09-26,KTW,NAP,2027-01-05,,,unavailable
2026-09-26,KTW,NAP,2027-01-06,,,unavailable
2026-09-26,KTW,NAP,2027-01-07,,,unavailable
2026-09-26,KTW,NAP,2027-01-08,18:20,425.00,ok
2026-09-26,KTW,NAP,2027-01-09,,,unavailable
2026-09-26,KTW,NAP,2027-01-10,06:45,455.57,ok
2026-09-26,KTW,NAP,2027-01-11,12:50,425.00,ok
2026-09-26,KTW,NAP,2027-01-12,,,unavailable
2026-09-26,KTW,NAP,2027-01-13,,,unavailable
2026-09-26,KTW,NAP,2027-01-14,,,unavailable
2026-09-26,KTW,NAP,2027-01-15,18:20,468.71,ok
2026-09-26,KTW,NAP,2027-01-16,,,unavailable
2026-09-26,KTW,NAP,2027-01-17,06:45,144.53,ok
2026-09-26,KTW,NAP,2027-01-18,12:50,425.00,ok
2026-09-26,KTW,NAP,2027-01-19,,,unavailable
2026-09-26,KTW,NAP,2027-01-20,,,unavailable
2026-09-26,KTW,NAP,2027-01-21,,,unavailable
2026-09-26,KTW,NAP,2027-01-22,18:20,425.00,ok
2026-09-26,KTW,NAP,2027-01-23,,,unavailable
2026-09-26,KTW,NAP,2027-01-24,06:45,1557.62,ok
2026-09-26,KTW,NAP,2027-01-25,12:50,464.33,ok
2026-09-26,KTW,NAP,2027-01-26,,,unavailable
2026-09-26,KTW,NAP,2027-01-27,,,unavailable
2026-09-26,KTW,NAP,2027-01-28,,,unavailable
2026-09-26,KTW,NAP,2027-01-29,18:20,170.81,ok
2026-09-26,KTW,NAP,2027-01-30,,,unavailable
2026-09-26,KTW,NAP,2027-01-31,06:45,468.00,ok
2026-09-26,KTW,NAP,2027-02-01,12:50,468.00,ok
2026-09-26,KTW,NAP,2027-02-02,,,unavailable
2026-09-26,KTW,NAP,2027-02-03,,,unavailable
2026-09-26,KTW,NAP,2027-02-04,08:30,135.76,ok
2026-09-26,KTW,NAP,2027-02-05,18:20,175.19,ok
2026-09-26,KTW,NAP,2027-02-06,,,unavailable
2026-09-26,KTW,NAP,2027-02-07,06:45,521.28,ok
2026-09-26,KTW,NAP,2027-02-08,12:50,236.52,ok
2026-09-26,KTW,NAP,2027-02-09,,,unavailable
2026-09-26,KTW,NAP,2027-02-10,,,unavailable
2026-09-26,KTW,NAP,2027-02-11,08:30,425.00,ok
2026-09-26,KTW,NAP,2027-02-12,18:20,157.67,ok
2026-09-26,KTW,NAP,2027-02-13,,,unavailable
2026-09-26,KTW,NAP,2027-02-14,06:45,468.00,ok
2026-09-26,KTW,NAP,2027-02-15,12:50,468.00,ok
2026-09-26,KTW,NAP,2027-02-16,,,unavailable
2026-09-26,KTW,NAP,2027-02-17,,,unavailable
2026-09-26,KTW,NAP,2027-02-18,08:30,468.00,ok
2026-09-26,KTW,NAP,2027-02-19,18:20,508.14,ok
2026-09-26,KTW,NAP,2027-02-20,,,unavailable
2026-09-26,KTW,NAP,2027-02-21,06:45,468.00,ok
2026-09-26,KTW,NAP,2027-02-22,12:50,262.81,ok
2026-09-26,KTW,NAP,2027-02-23,,,unavailable
2026-09-26,KTW,NAP,2027-02-24,,,unavailable
2026-09-26,KTW,NAP,2027-02-25,08:30,170.81,ok
2026-09-26,KTW,NAP,2027-02-26,18:20,162.05,ok
2026-09-26,KTW,NAP,2027-02-27,,,unavailable
2026-09-26,KTW,NAP,2027-02-28,06:45,425.00,ok
2026-09-26,KTW,NAP,2027-03-01,12:50,425.00,ok
2026-09-26,KTW,NAP,2027-03-02,,,unavailable
2026-09-26,KTW,NAP,2027-03-03,,,unavailable
2026-09-26,KTW,NAP,2027-03-04,08:30,205.86,ok
2026-09-26,KTW,NAP,2027-03-05,18:20,525.66,ok
2026-09-26,KTW,NAP,2027-03-06,,,unavailable
2026-09-26,KTW,NAP,2027-03-07,06:45,157.67,ok
2026-09-26,KTW,NAP,2027-03-08,12:50,425.00,ok
2026-09-26,KTW,NAP,2027-03-09,,,unavailable
2026-09-26,KTW,NAP,2027-03-10,,,unavailable
2026-09-26,KTW,NAP,2027-03-11,08:30,425.00,ok
2026-09-26,KTW,NAP,2027-03-12,18:20,179.57,ok
2026-09-26,KTW,NAP,2027-03-13,,,unavailable
2026-09-26,KTW,NAP,2027-03-14,06:45,197.10,ok
2026-09-26,KTW,NAP,2027-03-15,12:50,425.00,ok
2026-09-26,KTW,NAP,2027-03-16,,,unavailable
2026-09-26,KTW,NAP,2027-03-17,,,unavailable
2026-09-26,KTW,NAP,2027-03-18,08:30,468.00,ok
2026-09-26,KTW,NAP,2027-03-19,18:20,267.19,ok
2026-09-26,KTW,NAP,2027-03-20,,,unavailable
2026-09-26,KTW,NAP,2027-03-21,06:45,468.00,ok
2026-09-26,KTW,NAP,2027-03-22,12:50,197.10,ok
2026-09-26,KTW,NAP,2027-03-23,,,unavailable
2026-09-26,KTW,NAP,2027-03-24,,,unavailable
2026-09-26,KTW,NAP,2027-03-25,08:30,197.10,ok
2026-09-26,KTW,NAP,2027-03-26,18:20,223.38,ok
2026-09-26,KTW,NAP,2027-03-27,,,unavailable
2026-09-26,KTW,NAP,2027-03-28,07:10,913.00,ok
2026-09-26,KTW,NAP,2027-03-29,,,unavailable
2026-09-26,KTW,NAP,2027-03-30,10:45,913.00,ok
2026-09-26,KTW,NAP,2027-03-31,,,unavailable
2026-09-26,KTW,NAP,2027-04-01,10:10,514.00,ok
2026-09-26,KTW,NAP,2027-04-02,,,unavailable
2026-09-26,KTW,NAP,2027-04-03,20:25,514.00,ok
2026-09-26,KTW,NAP,2027-04-04,07:10,514.00,ok
2026-09-26,KTW,NAP,2027-04-05,,,unavailable
2026-09-26,KTW,NAP,2027-04-06,10:45,425.00,ok
2026-09-26,KTW,NAP,2027-04-07,,,unavailable
2026-09-26,KTW,NAP,2027-04-08,10:10,425.00,ok
2026-09-26,KTW,NAP,2027-04-09,,,unavailable
2026-09-26,KTW,NAP,2027-04-10,20:25,468.00,ok
2026-09-26,KTW,NAP,2027-04-11,07:10,514.00,ok
2026-09-26,KTW,NAP,2027-04-12,,,unavailable
2026-09-26,KTW,NAP,2027-04-13,10:45,425.00,ok
2026-09-26,KTW,NAP,2027-04-14,,,unavailable
2026-09-26,KTW,NAP,2027-04-15,10:10,374.00,ok
2026-09-26,KTW,NAP,2027-04-16,,,unavailable
2026-09-26,KTW,NAP,2027-04-17,20:25,374.00,ok
2026-09-26,KTW,NAP,2027-04-18,07:10,374.00,ok
2026-09-26,KTW,NAP,2027-04-19,,,unavailable
2026-09-26,KTW,NAP,2027-04-20,10:45,374.00,ok
2026-09-26,KTW,NAP,2027-04-21,,,unavailable
2026-09-26,KTW,NAP,2027-04-22,10:10,374.00,ok
2026-09-26,KTW,NAP,2027-04-23,,,unavailable
2026-09-26,KTW,NAP,2027-04-24,20:25,374.00,ok
2026-09-26,KTW,NAP,2027-04-25,07:10,374.00,ok
2026-09-26,KTW,NAP,2027-04-26,,,unavailable
2026-09-26,KTW,NAP,2027-04-27,10:45,374.00,ok
2026-09-26,KTW,NAP,2027-04-28,,,unavailable
2026-09-26,KTW,NAP,2027-04-29,10:10,565.00,ok
2026-09-26,KTW,NAP,2027-04-30,,,unavailable
2026-09-26,KTW,NAP,2027-05-01,20:25,565.00,ok
2026-09-26,KTW,NAP,2027-05-02,07:10,565.00,ok
2026-09-26,KTW,NAP,2027-05-03,,,unavailable
2026-09-26,KTW,NAP,2027-05-04,10:45,425.00,ok
2026-09-26,KTW,NAP,2027-05-05,,,unavailable
2026-09-26,KTW,NAP,2027-05-06,10:10,425.00,ok
2026-09-26,KTW,NAP,2027-05-07,,,unavailable
2026-09-26,KTW,NAP,2027-05-08,20:25,425.00,ok
2026-09-26,KTW,NAP,2027-05-09,07:10,514.00,ok
2026-09-26,KTW,NAP,2027-05-10,,,unavailable
2026-09-26,KTW,NAP,2027-05-11,10:45,425.00,ok
2026-09-26,KTW,NAP,2027-05-12,,,unavailable
2026-09-26,KTW,NAP,2027-05-13,10:10,425.00,ok
2026-09-26,KTW,NAP,2027-05-14,,,unavailable
2026-09-26,KTW,NAP,2027-05-15,20:25,425.00,ok
2026-09-26,KTW,NAP,2027-05-16,07:10,514.00,ok
2026-09-26,KTW,NAP,2027-05-17,,,unavailable
2026-09-26,KTW,NAP,2027-05-18,10:45,425.00,ok
2026-09-26,KTW,NAP,2027-05-19,,,unavailable
2026-09-26,KTW,NAP,2027-05-20,10:10,425.00,ok
2026-09-26,KTW,NAP,2027-05-21,,,unavailable
2026-09-26,KTW,NAP,2027-05-22,20:25,425.00,ok
2026-09-26,KTW,NAP,2027-05-23,07:10,514.00,ok
2026-09-26,KTW,NAP,2027-05-24,,,unavailable
2026-09-26,KTW,NAP,2027-05-25,10:45,425.00,ok
2026-09-26,KTW,NAP,2027-05-26,,,unavailable
2026-09-26,KTW,NAP,2027-05-27,10:10,425.00,ok
2026-09-26,KTW,NAP,2027-05-28,,,unavailable
2026-09-26,KTW,NAP,2027-05-29,20:25,514.00,ok
2026-09-26,KTW,NAP,2027-05-30,07:10,514.00,ok
2026-09-26,KTW,NAP,2027-05-31,,,unavailable
2026-09-26,KTW,NAP,2027-06-01,10:45,514.00,ok
2026-09-26,KTW,NAP,2027-06-02,,,unavailable
2026-09-26,KTW,NAP,2027-06-03,10:10,327.00,ok
2026-09-26,KTW,NAP,2027-06-04,,,unavailable
2026-09-26,KTW,NAP,2027-06-05,20:25,468.00,ok
2026-09-26,KTW,NAP,2027-06-06,07:10,468.00,ok
2026-09-26,KTW,NAP,2027-06-07,,,unavailable
2026-09-26,KTW,NAP,2027-06-08,10:45,327.00,ok
2026-09-26,KTW,NAP,2027-06-09,,,unavailable
2026-09-26,KTW,NAP,2027-06-10,10:10,327.00,ok
2026-09-26,KTW,NAP,2027-06-11,,,unavailable
2026-09-26,KTW,NAP,2027-06-12,20:25,327.00,ok
2026-09-26,KTW,NAP,2027-06-13,07:10,327.00,ok
2026-09-26,KTW,NAP,2027-06-14,,,unavailable
2026-09-26,KTW,NAP,2027-06-15,10:45,327.00,ok
2026-09-26,KTW,NAP,2027-06-16,,,unavailable
2026-09-26,KTW,NAP,2027-06-17,10:10,327.00,ok
2026-09-26,KTW,NAP,2027-06-18,,,unavailable
2026-09-26,KTW,NAP,2027-06-19,20:25,327.00,ok
2026-09-26,KTW,NAP,2027-06-20,07:10,425.00,ok
2026-09-26,KTW,NAP,2027-06-21,,,unavailable
2026-09-26,KTW,NAP,2027-06-22,10:45,425.00,ok
2026-09-26,KTW,NAP,2027-06-23,,,unavailable
2026-09-26,KTW,NAP,2027-06-24,10:10,425.00,ok
2026-09-26,KTW,NAP,2027-06-25,,,unavailable
2026-09-26,KTW,NAP,2027-06-26,20:25,425.00,ok
2026-09-26,KTW,NAP,2027-06-27,07:10,425.00,ok
2026-09-26,KTW,NAP,2027-06-28,,,unavailable
2026-09-26,KTW,NAP,2027-06-29,10:45,425.00,ok
2026-09-26,KTW,NAP,2027-06-30,,,unavailable
2026-09-26,KTW,NAP,2027-07-01,10:10,425.00,ok
2026-09-26,KTW,NAP,2027-07-02,,,unavailable
2026-09-26,KTW,NAP,2027-07-03,20:25,514.00,ok
2026-09-26,KTW,NAP,2027-07-04,07:10,514.00,ok
2026-09-26,KTW,NAP,2027-07-05,,,unavailable
2026-09-26,KTW,NAP,2027-07-06,10:45,425.00,ok
2026-09-26,KTW,NAP,2027-07-07,,,unavailable
2026-09-26,KTW,NAP,2027-07-08,10:10,425.00,ok
2026-09-26,KTW,NAP,2027-07-09,,,unavailable
2026-09-26,KTW,NAP,2027-07-10,20:25,514.00,ok
2026-09-26,KTW,NAP,2027-07-11,07:10,514.00,ok
2026-09-26,KTW,NAP,2027-07-12,,,unavailable
2026-09-26,KTW,NAP,2027-07-13,10:45,425.00,ok
2026-09-26,KTW,NAP,2027-07-14,,,unavailable
2026-09-26,KTW,NAP,2027-07-15,10:10,425.00,ok
2026-09-26,KTW,NAP,2027-07-16,,,unavailable
2026-09-26,KTW,NAP,2027-07-17,20:25,514.00,ok
2026-09-26,KTW,NAP,2027-07-18,07:10,514.00,ok
2026-09-26,KTW,NAP,2027-07-19,,,unavailable
2026-09-26,KTW,NAP,2027-07-20,10:45,425.00,ok
2026-09-26,KTW,NAP,2027-07-21,,,unavailable
2026-09-26,KTW,NAP,2027-07-22,10:10,425.00,ok
2026-09-26,KTW,NAP,2027-07-23,,,unavailable
2026-09-26,KTW,NAP,2027-07-24,20:25,514.00,ok
2026-09-26,KTW,NAP,2027-07-25,07:10,514.00,ok
2026-09-26,KTW,NAP,2027-07-26,,,unavailable
2026-09-26,KTW,NAP,2027-07-27,10:45,425.00,ok
2026-09-26,KTW,NAP,2027-07-28,,,unavailable
2026-09-26,KTW,NAP,2027-07-29,10:10,425.00,ok
2026-09-26,KTW,NAP,2027-07-30,,,unavailable
2026-09-26,KTW,NAP,2027-07-31,20:25,514.00,ok
2026-09-26,KTW,NAP,2027-08-01,07:10,514.00,ok
2026-09-26,KTW,NAP,2027-08-02,,,unavailable
2026-09-26,KTW,NAP,2027-08-03,10:45,468.00,ok
2026-09-26,KTW,NAP,2027-08-04,,,unavailable
2026-09-26,KTW,NAP,2027-08-05,10:10,468.00,ok
2026-09-26,KTW,NAP,2027-08-06,,,unavailable
2026-09-26,KTW,NAP,2027-08-07,20:25,514.00,ok
2026-09-26,KTW,NAP,2027-08-08,07:10,514.00,ok
2026-09-26,KTW,NAP,2027-08-09,,,unavailable
2026-09-26,KTW,NAP,2027-08-10,10:45,468.00,ok
2026-09-26,KTW,NAP,2027-08-11,,,unavailable
2026-09-26,KTW,NAP,2027-08-12,10:10,468.00,ok
2026-09-26,KTW,NAP,2027-08-13,,,unavailable
2026-09-26,KTW,NAP,2027-08-14,20:25,514.00,ok
2026-09-26,KTW,NAP,2027-08-15,07:10,514.00,ok
2026-09-26,KTW,NAP,2027-08-16,,,unavailable
2026-09-26,KTW,NAP,2027-08-17,10:45,468.00,ok
2026-09-26,KTW,NAP,2027-08-18,,,unavailable
2026-09-26,KTW,NAP,2027-08-19,10:10,468.00,ok
2026-09-26,KTW,NAP,2027-08-20,,,unavailable
2026-09-26,KTW,NAP,2027-08-21,20:25,514.00,ok
2026-09-26,KTW,NAP,2027-08-22,07:10,514.00,ok
2026-09-26,KTW,NAP,2027-08-23,,,unavailable
2026-09-26,KTW,NAP,2027-08-24,10:45,468.00,ok
2026-09-26,KTW,NAP,2027-08-25,,,unavailable
2026-09-26,KTW,NAP,2027-08-26,10:10,468.00,ok
2026-09-26,KTW,NAP,2027-08-27,,,unavailable
2026-09-26,KTW,NAP,2027-08-28,20:25,514.00,ok
2026-09-26,KTW,NAP,2027-08-29,07:10,514.00,ok
2026-09-26,KTW,NAP,2027-08-30,,,unavailable
2026-09-26,KTW,NAP,2027-08-31,10:45,468.00,ok
2026-09-26,NAP,KTW,2026-09-26,,,unavailable
2026-09-26,NAP,KTW,2026-09-27,,,unavailable
2026-09-26,NAP,KTW,2026-09-28,,,unavailable
2026-09-26,NAP,KTW,2026-09-29,,,unavailable
2026-09-26,NAP,KTW,2026-09-30,,,unavailable
2026-09-26,NAP,KTW,2026-10-01,,,unavailable
2026-09-26,NAP,KTW,2026-10-02,,,unavailable
2026-09-26,NAP,KTW,2026-10-03,,,unavailable
2026-09-26,NAP,KTW,2026-10-04,,,unavailable
2026-09-26,NAP,KTW,2026-10-05,,,unavailable
2026-09-26,NAP,KTW,2026-10-06,,,unavailable
2026-09-26,NAP,KTW,2026-10-07,,,unavailable
2026-09-26,NAP,KTW,2026-10-08,,,unavailable
2026-09-26,NAP,KTW,2026-10-09,,,unavailable
2026-09-26,NAP,KTW,2026-10-10,,,unavailable
2026-09-26,NAP,KTW,2026-10-11,,,unavailable
2026-09-26,NAP,KTW,2026-10-12,,,unavailable
2026-09-26,NAP,KTW,2026-10-13,,,unavailable
2026-09-26,NAP,KTW,2026-10-14,,,unavailable
2026-09-26,NAP,KTW,2026-10-15,,,unavailable
2026-09-26,NAP,KTW,2026-10-16,,,unavailable
2026-09-26,NAP,KTW,2026-10-17,,,unavailable
2026-09-26,NAP,KTW,2026-10-18,,,unavailable
2026-09-26,NAP,KTW,2026-10-19,,,unavailable
2026-09-26,NAP,KTW,2026-10-20,,,unavailable
2026-09-26,NAP,KTW,2026-10-21,,,unavailable
2026-09-26,NAP,KTW,2026-10-22,,,unavailable
2026-09-26,NAP,KTW,2026-10-23,,,unavailable
2026-09-26,NAP,KTW,2026-10-24,,,unavailable
2026-09-26,NAP,KTW,2026-10-25,,,unavailable
2026-09-26,NAP,KTW,2026-10-26,,,unavailable
2026-09-26,NAP,KTW,2026-10-27,,,unavailable
2026-09-26,NAP,KTW,2026-10-28,,,unavailable
2026-09-26,NAP,KTW,2026-10-29,,,unavailable
2026-09-26,NAP,KTW,2026-10-30,,,unavailable
2026-09-26,NAP,KTW,2026-10-31,,,unavailable
2026-09-26,NAP,KTW,2026-11-01,,,unavailable
2026-09-26,NAP,KTW,2026-11-02,,,unavailable
2026-09-26,NAP,KTW,2026-11-03,,,unavailable
2026-09-26,NAP,KTW,2026-11-04,,,unavailable
2026-09-26,NAP,KTW,2026-11-05,,,unavailable
2026-09-26,NAP,KTW,2026-11-06,,,unavailable
2026-09-26,NAP,KTW,2026-11-07,,,unavailable
2026-09-26,NAP,KTW,2026-11-08,,,unavailable
2026-09-26,NAP,KTW,2026-11-09,,,unavailable
2026-09-26,NAP,KTW,2026-11-10,,,unavailable
2026-09-26,NAP,KTW,2026-11-11,,,unavailable
2026-09-26,NAP,KTW,2026-11-12,,,unavailable
2026-09-26,NAP,KTW,2026-11-13,,,unavailable
2026-09-26,NAP,KTW,2026-11-14,,,unavailable
2026-09-26,NAP,KTW,2026-11-15,,,unavailable
2026-09-26,NAP,KTW,2026-11-16,,,unavailable
2026-09-26,NAP,KTW,2026-11-17,,,unavailable
2026-09-26,NAP,KTW,2026-11-18,,,unavailable
2026-09-26,NAP,KTW,2026-11-19,,,unavailable
2026-09-26,NAP,KTW,2026-11-20,,,unavailable
2026-09-26,NAP,KTW,2026-11-21,,,unavailable
2026-09-26,NAP,KTW,2026-11-22,,,unavailable
2026-09-26,NAP,KTW,2026-11-23,,,unavailable
2026-09-26,NAP,KTW,2026-11-24,,,unavailable
2026-09-26,NAP,KTW,2026-11-25,,,unavailable
2026-09-26,NAP,KTW,2026-11-26,,,unavailable
2026-09-26,NAP,KTW,2026-11-27,,,unavailable
2026-09-26,NAP,KTW,2026-11-28,,,unavailable
2026-09-26,NAP,KTW,2026-11-29,,,unavailable
2026-09-26,NAP,KTW,2026-11-30,,,unavailable
2026-09-26,NAP,KTW,2026-12-01,,,unavailable
2026-09-26,NAP,KTW,2026-12-02,,,unavailable
2026-09-26,NAP,KTW,2026-12-03,11:00,327.00,ok
2026-09-26,NAP,KTW,2026-12-04,20:50,327.00,ok
2026-09-26,NAP,KTW,2026-12-05,,,unavailable
2026-09-26,NAP,KTW,2026-12-06,09:15,153.29,ok
2026-09-26,NAP,KTW,2026-12-07,15:20,118.24,ok
2026-09-26,NAP,KTW,2026-12-08,,,unavailable
2026-09-26,NAP,KTW,2026-12-09,,,unavailable
2026-09-26,NAP,KTW,2026-12-10,11:00,433.67,ok
2026-09-26,NAP,KTW,2026-12-11,20:50,374.00,ok
2026-09-26,NAP,KTW,2026-12-12,,,unavailable
2026-09-26,NAP,KTW,2026-12-13,09:15,131.38,ok
2026-09-26,NAP,KTW,2026-12-14,15:20,122.62,ok
2026-09-26,NAP,KTW,2026-12-15,,,unavailable
2026-09-26,NAP,KTW,2026-12-16,,,unavailable
2026-09-26,NAP,KTW,2026-12-17,11:00,91.96,ok
2026-09-26,NAP,KTW,2026-12-18,20:50,91.96,ok
2026-09-26,NAP,KTW,2026-12-19,,,unavailable
2026-09-26,NAP,KTW,2026-12-20,09:15,188.33,ok
2026-09-26,NAP,KTW,2026-12-21,15:20,192.72,ok
2026-09-26,NAP,KTW,2026-12-22,,,unavailable
2026-09-26,NAP,KTW,2026-12-23,,,unavailable
2026-09-26,NAP,KTW,2026-12-24,11:00,374.00,ok
2026-09-26,NAP,KTW,2026-12-25,,,unavailable
2026-09-26,NAP,KTW,2026-12-26,,,unavailable
2026-09-26,NAP,KTW,2026-12-27,09:15,374.00,ok
2026-09-26,NAP,KTW,2026-12-28,15:20,433.67,ok
2026-09-26,NAP,KTW,2026-12-29,,,unavailable
2026-09-26,NAP,KTW,2026-12-30,,,unavailable
2026-09-26,NAP,KTW,2026-12-31,11:00,249.67,ok
2026-09-26,NAP,KTW,2027-01-01,20:50,425.00,ok
2026-09-26,NAP,KTW,2027-01-02,,,unavailable
2026-09-26,NAP,KTW,2027-01-03,09:15,407.38,ok
2026-09-26,NAP,KTW,2027-01-04,15:20,468.00,ok
2026-09-26,NAP,KTW,2027-01-05,,,unavailable
2026-09-26,NAP,KTW,2027-01-06,,,unavailable
2026-09-26,NAP,KTW,2027-01-07,,,unavailable
2026-09-26,NAP,KTW,2027-01-08,20:50,118.24,ok
2026-09-26,NAP,KTW,2027-01-09,,,unavailable
2026-09-26,NAP,KTW,2027-01-10,09:15,425.00,ok
2026-09-26,NAP,KTW,2027-01-11,15:20,425.00,ok
2026-09-26,NAP,KTW,2027-01-12,,,unavailable
2026-09-26,NAP,KTW,2027-01-13,,,unavailable
2026-09-26,NAP,KTW,2027-01-14,,,unavailable
2026-09-26,NAP,KTW,2027-01-15,20:50,477.47,ok
2026-09-26,NAP,KTW,2027-01-16,,,unavailable
2026-09-26,NAP,KTW,2027-01-17,09:15,425.00,ok
2026-09-26,NAP,KTW,2027-01-18,15:20,144.53,ok
2026-09-26,NAP,KTW,2027-01-19,,,unavailable
2026-09-26,NAP,KTW,2027-01-20,,,unavailable
2026-09-26,NAP,KTW,2027-01-21,,,unavailable
2026-09-26,NAP,KTW,2027-01-22,20:50,96.34,ok
2026-09-26,NAP,KTW,2027-01-23,,,unavailable
2026-09-26,NAP,KTW,2027-01-24,09:15,175.19,ok
2026-09-26,NAP,KTW,2027-01-25,15:20,468.00,ok
2026-09-26,NAP,KTW,2027-01-26,,,unavailable
2026-09-26,NAP,KTW,2027-01-27,,,unavailable
2026-09-26,NAP,KTW,2027-01-28,,,unavailable
2026-09-26,NAP,KTW,2027-01-29,20:50,468.00,ok
2026-09-26,NAP,KTW,2027-01-30,,,unavailable
2026-09-26,NAP,KTW,2027-01-31,09:15,162.05,ok
2026-09-26,NAP,KTW,2027-02-01,15:20,144.53,ok
2026-09-26,NAP,KTW,2027-02-02,,,unavailable
2026-09-26,NAP,KTW,2027-02-03,,,unavailable
2026-09-26,NAP,KTW,2027-02-04,11:00,530.05,ok
2026-09-26,NAP,KTW,2027-02-05,20:50,468.00,ok
2026-09-26,NAP,KTW,2027-02-06,,,unavailable
2026-09-26,NAP,KTW,2027-02-07,09:15,425.00,ok
2026-09-26,NAP,KTW,2027-02-08,15:20,516.90,ok
2026-09-26,NAP,KTW,2027-02-09,,,unavailable
2026-09-26,NAP,KTW,2027-02-10,,,unavailable
2026-09-26,NAP,KTW,2027-02-11,11:00,425.00,ok
2026-09-26,NAP,KTW,2027-02-12,20:50,144.53,ok
2026-09-26,NAP,KTW,2027-02-13,,,unavailable
2026-09-26,NAP,KTW,2027-02-14,09:15,254.05,ok
2026-09-26,NAP,KTW,2027-02-15,15:20,521.28,ok
2026-09-26,NAP,KTW,2027-02-16,,,unavailable
2026-09-26,NAP,KTW,2027-02-17,,,unavailable
2026-09-26,NAP,KTW,2027-02-18,11:00,245.29,ok
2026-09-26,NAP,KTW,2027-02-19,20:50,258.43,ok
2026-09-26,NAP,KTW,2027-02-20,,,unavailable
2026-09-26,NAP,KTW,2027-02-21,09:15,468.00,ok
2026-09-26,NAP,KTW,2027-02-22,15:20,319.76,ok
2026-09-26,NAP,KTW,2027-02-23,,,unavailable
2026-09-26,NAP,KTW,2027-02-24,,,unavailable
2026-09-26,NAP,KTW,2027-02-25,11:00,468.00,ok
2026-09-26,NAP,KTW,2027-02-26,20:50,311.00,ok
2026-09-26,NAP,KTW,2027-02-27,,,unavailable
2026-09-26,NAP,KTW,2027-02-28,09:15,219.00,ok
2026-09-26,NAP,KTW,2027-03-01,15:20,254.05,ok
2026-09-26,NAP,KTW,2027-03-02,,,unavailable
2026-09-26,NAP,KTW,2027-03-03,,,unavailable
2026-09-26,NAP,KTW,2027-03-04,11:00,530.05,ok
2026-09-26,NAP,KTW,2027-03-05,20:50,425.00,ok
2026-09-26,NAP,KTW,2027-03-06,,,unavailable
2026-09-26,NAP,KTW,2027-03-07,09:15,267.19,ok
2026-09-26,NAP,KTW,2027-03-08,15:20,425.00,ok
2026-09-26,NAP,KTW,2027-03-09,,,unavailable
2026-09-26,NAP,KTW,2027-03-10,,,unavailable
2026-09-26,NAP,KTW,2027-03-11,11:00,425.00,ok
2026-09-26,NAP,KTW,2027-03-12,20:50,425.00,ok
2026-09-26,NAP,KTW,2027-03-13,,,unavailable
2026-09-26,NAP,KTW,2027-03-14,09:15,425.00,ok
2026-09-26,NAP,KTW,2027-03-15,15:20,425.00,ok
2026-09-26,NAP,KTW,2027-03-16,,,unavailable
2026-09-26,NAP,KTW,2027-03-17,,,unavailable
2026-09-26,NAP,KTW,2027-03-18,11:00,170.81,ok
2026-09-26,NAP,KTW,2027-03-19,20:50,468.00,ok
2026-09-26,NAP,KTW,2027-03-20,,,unavailable
2026-09-26,NAP,KTW,2027-03-21,09:15,468.00,ok
2026-09-26,NAP,KTW,2027-03-22,15:20,192.72,ok
2026-09-26,NAP,KTW,2027-03-23,,,unavailable
2026-09-26,NAP,KTW,2027-03-24,,,unavailable
2026-09-26,NAP,KTW,2027-03-25,11:00,210.24,ok
2026-09-26,NAP,KTW,2027-03-26,20:50,227.76,ok
2026-09-26,NAP,KTW,2027-03-27,,,unavailable
2026-09-26,NAP,KTW,2027-03-28,09:40,913.00,ok
2026-09-26,NAP,KTW,2027-03-29,,,unavailable
2026-09-26,NAP,KTW,2027-03-30,13:15,913.00,ok
2026-09-26,NAP,KTW,2027-03-31,,,unavailable
2026-09-26,NAP,KTW,2027-04-01,07:40,514.00,ok
2026-09-26,NAP,KTW,2027-04-02,,,unavailable
2026-09-26,NAP,KTW,2027-04-03,22:55,514.00,ok
2026-09-26,NAP,KTW,2027-04-04,09:40,514.00,ok
2026-09-26,NAP,KTW,2027-04-05,,,unavailable
2026-09-26,NAP,KTW,2027-04-06,13:15,425.00,ok
2026-09-26,NAP,KTW,2027-04-07,,,unavailable
2026-09-26,NAP,KTW,2027-04-08,07:40,425.00,ok
2026-09-26,NAP,KTW,2027-04-09,,,unavailable
2026-09-26,NAP,KTW,2027-04-10,22:55,468.00,ok
2026-09-26,NAP,KTW,2027-04-11,09:40,514.00,ok
2026-09-26,NAP,KTW,2027-04-12,,,unavailable
2026-09-26,NAP,KTW,2027-04-13,13:15,425.00,ok
2026-09-26,NAP,KTW,2027-04-14,,,unavailable
2026-09-26,NAP,KTW,2027-04-15,07:40,374.00,ok
2026-09-26,NAP,KTW,2027-04-16,,,unavailable
2026-09-26,NAP,KTW,2027-04-17,22:55,374.00,ok
2026-09-26,NAP,KTW,2027-04-18,09:40,374.00,ok
2026-09-26,NAP,KTW,2027-04-19,,,unavailable
2026-09-26,NAP,KTW,2027-04-20,13:15,374.00,ok
2026-09-26,NAP,KTW,2027-04-21,,,unavailable
2026-09-26,NAP,KTW,2027-04-22,07:40,374.00,ok
2026-09-26,NAP,KTW,2027-04-23,,,unavailable
2026-09-26,NAP,KTW,2027-04-24,22:55,374.00,ok
2026-09-26,NAP,KTW,2027-04-25,09:40,374.00,ok
2026-09-26,NAP,KTW,2027-04-26,,,unavailable
2026-09-26,NAP,KTW,2027-04-27,13:15,374.00,ok
2026-09-26,NAP,KTW,2027-04-28,,,unavailable
2026-09-26,NAP,KTW,2027-04-29,07:40,565.00,ok
2026-09-26,NAP,KTW,2027-04-30,,,unavailable
2026-09-26,NAP,KTW,2027-05-01,22:55,565.00,ok
2026-09-26,NAP,KTW,2027-05-02,09:40,565.00,ok
2026-09-26,NAP,KTW,2027-05-03,,,unavailable
2026-09-26,NAP,KTW,2027-05-04,13:15,425.00,ok
2026-09-26,NAP,KTW,2027-05-05,,,unavailable
2026-09-26,NAP,KTW,2027-05-06,07:40,425.00,ok
2026-09-26,NAP,KTW,2027-05-07,,,unavailable
2026-09-26,NAP,KTW,2027-05-08,22:55,425.00,ok
2026-09-26,NAP,KTW,2027-05-09,09:40,514.00,ok
2026-09-26,NAP,KTW,2027-05-10,,,unavailable
2026-09-26,NAP,KTW,2027-05-11,13:15,425.00,ok
2026-09-26,NAP,KTW,2027-05-12,,,unavailable
2026-09-26,NAP,KTW,2027-05-13,07:40,425.00,ok
2026-09-26,NAP,KTW,2027-05-14,,,unavailable
2026-09-26,NAP,KTW,2027-05-15,22:55,425.00,ok
2026-09-26,NAP,KTW,2027-05-16,09:40,514.00,ok
2026-09-26,NAP,KTW,2027-05-17,,,unavailable
2026-09-26,NAP,KTW,2027-05-18,13:15,425.00,ok
2026-09-26,NAP,KTW,2027-05-19,,,unavailable
2026-09-26,NAP,KTW,2027-05-20,07:40,425.00,ok
2026-09-26,NAP,KTW,2027-05-21,,,unavailable
2026-09-26,NAP,KTW,2027-05-22,22:55,425.00,ok
2026-09-26,NAP,KTW,2027-05-23,09:40,514.00,ok
2026-09-26,NAP,KTW,2027-05-24,,,unavailable
2026-09-26,NAP,KTW,2027-05-25,13:15,425.00,ok
2026-09-26,NAP,KTW,2027-05-26,,,unavailable
2026-09-26,NAP,KTW,2027-05-27,07:40,425.00,ok
2026-09-26,NAP,KTW,2027-05-28,,,unavailable
2026-09-26,NAP,KTW,2027-05-29,22:55,514.00,ok
2026-09-26,NAP,KTW,2027-05-30,09:40,514.00,ok
2026-09-26,NAP,KTW,2027-05-31,,,unavailable
2026-09-26,NAP,KTW,2027-06-01,13:15,514.00,ok
2026-09-26,NAP,KTW,2027-06-02,,,unavailable
2026-09-26,NAP,KTW,2027-06-03,07:40,327.00,ok
2026-09-26,NAP,KTW,2027-06-04,,,unavailable
2026-09-26,NAP,KTW,2027-06-05,22:55,468.00,ok
2026-09-26,NAP,KTW,2027-06-06,09:40,468.00,ok
2026-09-26,NAP,KTW,2027-06-07,,,unavailable
2026-09-26,NAP,KTW,2027-06-08,13:15,327.00,ok
2026-09-26,NAP,KTW,2027-06-09,,,unavailable
2026-09-26,NAP,KTW,2027-06-10,07:40,327.00,ok
2026-09-26,NAP,KTW,2027-06-11,,,unavailable
2026-09-26,NAP,KTW,2027-06-12,22:55,327.00,ok
2026-09-26,NAP,KTW,2027-06-13,09:40,327.00,ok
2026-09-26,NAP,KTW,2027-06-14,,,unavailable
2026-09-26,NAP,KTW,2027-06-15,13:15,327.00,ok
2026-09-26,NAP,KTW,2027-06-16,,,unavailable
2026-09-26,NAP,KTW,2027-06-17,07:40,327.00,ok
2026-09-26,NAP,KTW,2027-06-18,,,unavailable
2026-09-26,NAP,KTW,2027-06-19,22:55,327.00,ok
2026-09-26,NAP,KTW,2027-06-20,09:40,425.00,ok
2026-09-26,NAP,KTW,2027-06-21,,,unavailable
2026-09-26,NAP,KTW,2027-06-22,13:15,425.00,ok
2026-09-26,NAP,KTW,2027-06-23,,,unavailable
2026-09-26,NAP,KTW,2027-06-24,07:40,425.00,ok
2026-09-26,NAP,KTW,2027-06-25,,,unavailable
2026-09-26,NAP,KTW,2027-06-26,22:55,425.00,ok
2026-09-26,NAP,KTW,2027-06-27,09:40,425.00,ok
2026-09-26,NAP,KTW,2027-06-28,,,unavailable
2026-09-26,NAP,KTW,2027-06-29,13:15,425.00,ok
2026-09-26,NAP,KTW,2027-06-30,,,unavailable
2026-09-26,NAP,KTW,2027-07-01,07:40,425.00,ok
2026-09-26,NAP,KTW,2027-07-02,,,unavailable
2026-09-26,NAP,KTW,2027-07-03,22:55,514.00,ok
2026-09-26,NAP,KTW,2027-07-04,09:40,514.00,ok
2026-09-26,NAP,KTW,2027-07-05,,,unavailable
2026-09-26,NAP,KTW,2027-07-06,13:15,425.00,ok
2026-09-26,NAP,KTW,2027-07-07,,,unavailable
2026-09-26,NAP,KTW,2027-07-08,07:40,425.00,ok
2026-09-26,NAP,KTW,2027-07-09,,,unavailable
2026-09-26,NAP,KTW,2027-07-10,22:55,514.00,ok
2026-09-26,NAP,KTW,2027-07-11,09:40,514.00,ok
2026-09-26,NAP,KTW,2027-07-12,,,unavailable
2026-09-26,NAP,KTW,2027-07-13,13:15,425.00,ok
2026-09-26,NAP,KTW,2027-07-14,,,unavailable
2026-09-26,NAP,KTW,2027-07-15,07:40,425.00,ok
2026-09-26,NAP,KTW,2027-07-16,,,unavailable
2026-09-26,NAP,KTW,2027-07-17,22:55,514.00,ok
2026-09-26,NAP,KTW,2027-07-18,09:40,514.00,ok
2026-09-26,NAP,KTW,2027-07-19,,,unavailable
2026-09-26,NAP,KTW,2027-07-20,13:15,425.00,ok
2026-09-26,NAP,KTW,2027-07-21,,,unavailable
2026-09-26,NAP,KTW,2027-07-22,07:40,425.00,ok
2026-09-26,NAP,KTW,2027-07-23,,,unavailable
2026-09-26,NAP,KTW,2027-07-24,22:55,514.00,ok
2026-09-26,NAP,KTW,2027-07-25,09:40,514.00,ok
2026-09-26,NAP,KTW,2027-07-26,,,unavailable
2026-09-26,NAP,KTW,2027-07-27,13:15,425.00,ok
2026-09-26,NAP,KTW,2027-07-28,,,unavailable
2026-09-26,NAP,KTW,2027-07-29,07:40,425.00,ok
2026-09-26,NAP,KTW,2027-07-30,,,unavailable
2026-09-26,NAP,KTW,2027-07-31,22:55,514.00,ok
2026-09-26,NAP,KTW,2027-08-01,09:40,514.00,ok
2026-09-26,NAP,KTW,2027-08-02,,,unavailable
2026-09-26,NAP,KTW,2027-08-03,13:15,468.00,ok
2026-09-26,NAP,KTW,2027-08-04,,,unavailable
2026-09-26,NAP,KTW,2027-08-05,07:40,468.00,ok
2026-09-26,NAP,KTW,2027-08-06,,,unavailable
2026-09-26,NAP,KTW,2027-08-07,22:55,514.00,ok
2026-09-26,NAP,KTW,2027-08-08,09:40,514.00,ok
2026-09-26,NAP,KTW,2027-08-09,,,unavailable
2026-09-26,NAP,KTW,2027-08-10,13:15,468.00,ok
2026-09-26,NAP,KTW,2027-08-11,,,unavailable
2026-09-26,NAP,KTW,2027-08-12,07:40,468.00,ok
2026-09-26,NAP,KTW,2027-08-13,,,unavailable
2026-09-26,NAP,KTW,2027-08-14,22:55,514.00,ok
2026-09-26,NAP,KTW,2027-08-15,09:40,514.00,ok
2026-09-26,NAP,KTW,2027-08-16,,,unavailable
2026-09-26,NAP,KTW,2027-08-17,13:15,468.00,ok
2026-09-26,NAP,KTW,2027-08-18,,,unavailable
2026-09-26,NAP,KTW,2027-08-19,07:40,468.00,ok
2026-09-26,NAP,KTW,2027-08-20,,,unavailable
2026-09-26,NAP,KTW,2027-08-21,22:55,514.00,ok
2026-09-26,NAP,KTW,2027-08-22,09:40,514.00,ok
2026-09-26,NAP,KTW,2027-08-23,,,unavailable
2026-09-26,NAP,KTW,2027-08-24,13:15,468.00,ok
2026-09-26,NAP,KTW,2027-08-25,,,unavailable
2026-09-26,NAP,KTW,2027-08-26,07:40,468.00,ok
2026-09-26,NAP,KTW,2027-08-27,,,unavailable
2026-09-26,NAP,KTW,2027-08-28,22:55,514.00,ok
2026-09-26,NAP,KTW,2027-08-29,09:40,514.00,ok
2026-09-26,NAP,KTW,2027-08-30,,,unavailable
2026-09-26,NAP,KTW,2027-08-31,13:15,468.00,ok
2026-09-26,KTW,OSL,2026-09-26,,,unavailable
2026-09-26,KTW,OSL,2026-09-27,,,unavailable
2026-09-26,KTW,OSL,2026-09-28,06:45,172.88,ok
2026-09-26,KTW,OSL,2026-09-29,,,unavailable
2026-09-26,KTW,OSL,2026-09-30,06:55,146.17,ok
2026-09-26,KTW,OSL,2026-10-01,,,unavailable
2026-09-26,KTW,OSL,2026-10-02,,,unavailable
2026-09-26,KTW,OSL,2026-10-03,05:45,378.13,ok
2026-09-26,KTW,OSL,2026-10-04,06:35,365.38,ok
2026-09-26,KTW,OSL,2026-10-05,06:45,220.87,ok
2026-09-26,KTW,OSL,2026-10-06,,,unavailable
2026-09-26,KTW,OSL,2026-10-07,06:55,194.32,ok
2026-09-26,KTW,OSL,2026-10-08,,,unavailable
2026-09-26,KTW,OSL,2026-10-09,,,unavailable
2026-09-26,KTW,OSL,2026-10-10,05:45,186.87,ok
2026-09-26,KTW,OSL,2026-10-11,06:35,384.44,ok
2026-09-26,KTW,OSL,2026-10-12,06:45,337.12,ok
2026-09-26,KTW,OSL,2026-10-13,,,unavailable
2026-09-26,KTW,OSL,2026-10-14,07:25,256.84,ok
2026-09-26,KTW,OSL,2026-10-15,,,unavailable
2026-09-26,KTW,OSL,2026-10-16,,,unavailable
2026-09-26,KTW,OSL,2026-10-17,05:45,110.64,ok
2026-09-26,KTW,OSL,2026-10-18,06:35,220.65,ok
2026-09-26,KTW,OSL,2026-10-19,06:45,126.37,ok
2026-09-26,KTW,OSL,2026-10-20,,,unavailable
2026-09-26,KTW,OSL,2026-10-21,07:25,65.00,ok
2026-09-26,KTW,OSL,2026-10-22,,,unavailable
2026-09-26,KTW,OSL,2026-10-23,,,unavailable
2026-09-26,KTW,OSL,2026-10-24,05:45,65.00,ok
2026-09-26,KTW,OSL,2026-10-25,,,unavailable
2026-09-26,KTW,OSL,2026-10-26,,,unavailable
2026-09-26,KTW,OSL,2026-10-27,,,unavailable
2026-09-26,KTW,OSL,2026-10-28,,,unavailable
2026-09-26,KTW,OSL,2026-10-29,,,unavailable
2026-09-26,KTW,OSL,2026-10-30,,,unavailable
2026-09-26,KTW,OSL,2026-10-31,,,unavailable
2026-09-26,KTW,OSL,2026-11-01,,,unavailable
2026-09-26,KTW,OSL,2026-11-02,,,unavailable
2026-09-26,KTW,OSL,2026-11-03,,,unavailable
2026-09-26,KTW,OSL,2026-11-04,,,unavailable
2026-09-26,KTW,OSL,2026-11-05,,,unavailable
2026-09-26,KTW,OSL,2026-11-06,,,unavailable
2026-09-26,KTW,OSL,2026-11-07,,,unavailable
2026-09-26,KTW,OSL,2026-11-08,,,unavailable
2026-09-26,KTW,OSL,2026-11-09,,,unavailable
2026-09-26,KTW,OSL,2026-11-10,,,unavailable
2026-09-26,KTW,OSL,2026-11-11,,,unavailable
2026-09-26,KTW,OSL,2026-11-12,,,unavailable
2026-09-26,KTW,OSL,2026-11-13,,,unavailable
2026-09-26,KTW,OSL,2026-11-14,,,unavailable
2026-09-26,KTW,OSL,2026-11-15,,,unavailable
2026-09-26,KTW,OSL,2026-11-16,,,unavailable
2026-09-26,KTW,OSL,2026-11-17,,,unavailable
2026-09-26,KTW,OSL,2026-11-18,,,unavailable
2026-09-26,KTW,OSL,2026-11-19,,,unavailable
2026-09-26,KTW,OSL,2026-11-20,,,unavailable
2026-09-26,KTW,OSL,2026-11-21,,,unavailable
2026-09-26,KTW,OSL,2026-11-22,,,unavailable
2026-09-26,KTW,OSL,2026-11-23,,,unavailable
2026-09-26,KTW,OSL,2026-11-24,,,unavailable
2026-09-26,KTW,OSL,2026-11-25,,,unavailable
2026-09-26,KTW,OSL,2026-11-26,,,unavailable
2026-09-26,KTW,OSL,2026-11-27,,,unavailable
2026-09-26,KTW,OSL,2026-11-28,,,unavailable
2026-09-26,KTW,OSL,2026-11-29,,,unavailable
2026-09-26,KTW,OSL,2026-11-30,,,unavailable
2026-09-26,KTW,OSL,2026-12-01,,,unavailable
2026-09-26,KTW,OSL,2026-12-02,,,unavailable
2026-09-26,KTW,OSL,2026-12-03,,,unavailable
2026-09-26,KTW,OSL,2026-12-04,,,unavailable
2026-09-26,KTW,OSL,2026-12-05,,,unavailable
2026-09-26,KTW,OSL,2026-12-06,,,unavailable
2026-09-26,KTW,OSL,2026-12-07,,,unavailable
2026-09-26,KTW,OSL,2026-12-08,,,unavailable
2026-09-26,KTW,OSL,2026-12-09,,,unavailable
2026-09-26,KTW,OSL,2026-12-10,,,unavailable
2026-09-26,KTW,OSL,2026-12-11,,,unavailable
2026-09-26,KTW,OSL,2026-12-12,,,unavailable
2026-09-26,KTW,OSL,2026-12-13,,,unavailable
2026-09-26,KTW,OSL,2026-12-14,,,unavailable
2026-09-26,KTW,OSL,2026-12-15,,,unavailable
2026-09-26,KTW,OSL,2026-12-16,,,unavailable
2026-09-26,KTW,OSL,2026-12-17,,,unavailable
2026-09-26,KTW,OSL,2026-12-18,,,unavailable
2026-09-26,KTW,OSL,2026-12-19,,,unavailable
2026-09-26,KTW,OSL,2026-12-20,,,unavailable
2026-09-26,KTW,OSL,2026-12-21,,,unavailable
2026-09-26,KTW,OSL,2026-12-22,,,unavailable
2026-09-26,KTW,OSL,2026-12-23,,,unavailable
2026-09-26,KTW,OSL,2026-12-24,,,unavailable
2026-09-26,KTW,OSL,2026-12-25,,,unavailable
2026-09-26,KTW,OSL,2026-12-26,,,unavailable
2026-09-26,KTW,OSL,2026-12-27,,,unavailable
2026-09-26,KTW,OSL,2026-12-28,,,unavailable
2026-09-26,KTW,OSL,2026-12-29,,,unavailable
2026-09-26,KTW,OSL,2026-12-30,,,unavailable
2026-09-26,KTW,OSL,2026-12-31,,,unavailable
2026-09-26,KTW,OSL,2027-01-01,,,unavailable
2026-09-26,KTW,OSL,2027-01-02,,,unavailable
2026-09-26,KTW,OSL,2027-01-03,,,unavailable
2026-09-26,KTW,OSL,2027-01-04,,,unavailable
2026-09-26,KTW,OSL,2027-01-05,,,unavailable
2026-09-26,KTW,OSL,2027-01-06,,,unavailable
2026-09-26,KTW,OSL,2027-01-07,,,unavailable
2026-09-26,KTW,OSL,2027-01-08,,,unavailable
2026-09-26,KTW,OSL,2027-01-09,,,unavailable
2026-09-26,KTW,OSL,2027-01-10,,,unavailable
2026-09-26,KTW,OSL,2027-01-11,,,unavailable
2026-09-26,KTW,OSL,2027-01-12,,,unavailable
2026-09-26,KTW,OSL,2027-01-13,,,unavailable
2026-09-26,KTW,OSL,2027-01-14,,,unavailable
2026-09-26,KTW,OSL,2027-01-15,,,unavailable
2026-09-26,KTW,OSL,2027-01-16,,,unavailable
2026-09-26,KTW,OSL,2027-01-17,,,unavailable
2026-09-26,KTW,OSL,2027-01-18,,,unavailable
2026-09-26,KTW,OSL,2027-01-19,,,unavailable
2026-09-26,KTW,OSL,2027-01-20,,,unavailable
2026-09-26,KTW,OSL,2027-01-21,,,unavailable
2026-09-26,KTW,OSL,2027-01-22,,,unavailable
2026-09-26,KTW,OSL,2027-01-23,,,unavailable
2026-09-26,KTW,OSL,2027-01-24,,,unavailable
2026-09-26,KTW,OSL,2027-01-25,,,unavailable
2026-09-26,KTW,OSL,2027-01-26,,,unavailable
2026-09-26,KTW,OSL,2027-01-27,,,unavailable
2026-09-26,KTW,OSL,2027-01-28,,,unavailable
2026-09-26,KTW,OSL,2027-01-29,,,unavailable
2026-09-26,KTW,OSL,2027-01-30,,,unavailable
2026-09-26,KTW,OSL,2027-01-31,,,unavailable
2026-09-26,KTW,OSL,2027-02-01,,,unavailable
2026-09-26,KTW,OSL,2027-02-02,,,unavailable
2026-09-26,KTW,OSL,2027-02-03,,,unavailable
2026-09-26,KTW,OSL,2027-02-04,,,unavailable
2026-09-26,KTW,OSL,2027-02-05,,,unavailable
2026-09-26,KTW,OSL,2027-02-06,,,unavailable
2026-09-26,KTW,OSL,2027-02-07,,,unavailable
2026-09-26,KTW,OSL,2027-02-08,,,unavailable
2026-09-26,KTW,OSL,2027-02-09,,,unavailable
2026-09-26,KTW,OSL,2027-02-10,,,unavailable
2026-09-26,KTW,OSL,2027-02-11,,,unavailable
2026-09-26,KTW,OSL,2027-02-12,,,unavailable
2026-09-26,KTW,OSL,2027-02-13,,,unavailable
2026-09-26,KTW,OSL,2027-02-14,,,unavailable
2026-09-26,KTW,OSL,2027-02-15,,,unavailable
2026-09-26,KTW,OSL,2027-02-16,,,unavailable
2026-09-26,KTW,OSL,2027-02-17,,,unavailable
2026-09-26,KTW,OSL,2027-02-18,,,unavailable
2026-09-26,KTW,OSL,2027-02-19,,,unavailable
2026-09-26,KTW,OSL,2027-02-20,,,unavailable
2026-09-26,KTW,OSL,2027-02-21,,,unavailable
2026-09-26,KTW,OSL,2027-02-22,,,unavailable
2026-09-26,KTW,OSL,2027-02-23,,,unavailable
2026-09-26,KTW,OSL,2027-02-24,,,unavailable
2026-09-26,KTW,OSL,2027-02-25,,,unavailable
2026-09-26,KTW,OSL,2027-02-26,,,unavailable
2026-09-26,KTW,OSL,2027-02-27,,,unavailable
2026-09-26,KTW,OSL,2027-02-28,,,unavailable
2026-09-26,KTW,OSL,2027-03-01,,,unavailable
2026-09-26,KTW,OSL,2027-03-02,,,unavailable
2026-09-26,KTW,OSL,2027-03-03,,,unavailable
2026-09-26,KTW,OSL,2027-03-04,,,unavailable
2026-09-26,KTW,OSL,2027-03-05,,,unavailable
2026-09-26,KTW,OSL,2027-03-06,,,unavailable
2026-09-26,KTW,OSL,2027-03-07,,,unavailable
2026-09-26,KTW,OSL,2027-03-08,,,unavailable
2026-09-26,KTW,OSL,2027-03-09,,,unavailable
2026-09-26,KTW,OSL,2027-03-10,,,unavailable
2026-09-26,KTW,OSL,2027-03-11,,,unavailable
2026-09-26,KTW,OSL,2027-03-12,,,unavailable
2026-09-26,KTW,OSL,2027-03-13,,,unavailable
2026-09-26,KTW,OSL,2027-03-14,,,unavailable
2026-09-26,KTW,OSL,2027-03-15,,,unavailable
2026-09-26,KTW,OSL,2027-03-16,,,unavailable
2026-09-26,KTW,OSL,2027-03-17,,,unavailable
2026-09-26,KTW,OSL,2027-03-18,,,unavailable
2026-09-26,KTW,OSL,2027-03-19,,,unavailable
2026-09-26,KTW,OSL,2027-03-20,,,unavailable
2026-09-26,KTW,OSL,2027-03-21,,,unavailable
2026-09-26,KTW,OSL,2027-03-22,,,unavailable
2026-09-26,KTW,OSL,2027-03-23,,,unavailable
2026-09-26,KTW,OSL,2027-03-24,,,unavailable
2026-09-26,KTW,OSL,2027-03-25,,,unavailable
2026-09-26,KTW,OSL,2027-03-26,,,unavailable
2026-09-26,KTW,OSL,2027-03-27,,,unavailable
2026-09-26,KTW,OSL,2027-03-28,12:10,603.38,ok
2026-09-26,KTW,OSL,2027-03-29,,,unavailable
2026-09-26,KTW,OSL,2027-03-30,12:45,599.00,ok
2026-09-26,KTW,OSL,2027-03-31,,,unavailable
2026-09-26,KTW,OSL,2027-04-01,10:35,442.00,ok
2026-09-26,KTW,OSL,2027-04-02,06:10,442.00,ok
2026-09-26,KTW,OSL,2027-04-03,,,unavailable
2026-09-26,KTW,OSL,2027-04-04,12:10,442.00,ok
2026-09-26,KTW,OSL,2027-04-05,,,unavailable
2026-09-26,KTW,OSL,2027-04-06,12:45,361.00,ok
2026-09-26,KTW,OSL,2027-04-07,,,unavailable
2026-09-26,KTW,OSL,2027-04-08,10:35,489.00,ok
2026-09-26,KTW,OSL,2027-04-09,06:10,238.00,ok
2026-09-26,KTW,OSL,2027-04-10,,,unavailable
2026-09-26,KTW,OSL,2027-04-11,12:10,442.00,ok
2026-09-26,KTW,OSL,2027-04-12,,,unavailable
2026-09-26,KTW,OSL,2027-04-13,12:45,272.00,ok
2026-09-26,KTW,OSL,2027-04-14,,,unavailable
2026-09-26,KTW,OSL,2027-04-15,10:35,238.00,ok
2026-09-26,KTW,OSL,2027-04-16,06:10,238.00,ok
2026-09-26,KTW,OSL,2027-04-17,,,unavailable
2026-09-26,KTW,OSL,2027-04-18,12:10,663.00,ok
2026-09-26,KTW,OSL,2027-04-19,,,unavailable
2026-09-26,KTW,OSL,2027-04-20,12:45,238.00,ok
2026-09-26,KTW,OSL,2027-04-21,,,unavailable
2026-09-26,KTW,OSL,2027-04-22,10:35,238.00,ok
2026-09-26,KTW,OSL,2027-04-23,06:10,238.00,ok
2026-09-26,KTW,OSL,2027-04-24,,,unavailable
2026-09-26,KTW,OSL,2027-04-25,12:10,599.00,ok
2026-09-26,KTW,OSL,2027-04-26,,,unavailable
2026-09-26,KTW,OSL,2027-04-27,12:45,238.00,ok
2026-09-26,KTW,OSL,2027-04-28,,,unavailable
2026-09-26,KTW,OSL,2027-04-29,10:35,315.00,ok
2026-09-26,KTW,OSL,2027-04-30,06:10,400.00,ok
2026-09-26,KTW,OSL,2027-05-01,,,unavailable
2026-09-26,KTW,OSL,2027-05-02,12:10,816.00,ok
2026-09-26,KTW,OSL,2027-05-03,,,unavailable
2026-09-26,KTW,OSL,2027-05-04,12:45,272.00,ok
2026-09-26,KTW,OSL,2027-05-05,,,unavailable
2026-09-26,KTW,OSL,2027-05-06,10:35,238.00,ok
2026-09-26,KTW,OSL,2027-05-07,06:10,238.00,ok
2026-09-26,KTW,OSL,2027-05-08,,,unavailable
2026-09-26,KTW,OSL,2027-05-09,12:10,544.00,ok
2026-09-26,KTW,OSL,2027-05-10,,,unavailable
2026-09-26,KTW,OSL,2027-05-11,12:45,238.00,ok
2026-09-26,KTW,OSL,2027-05-12,,,unavailable
2026-09-26,KTW,OSL,2027-05-13,10:35,238.00,ok
2026-09-26,KTW,OSL,2027-05-14,06:10,238.00,ok
2026-09-26,KTW,OSL,2027-05-15,,,unavailable
2026-09-26,KTW,OSL,2027-05-16,12:10,599.00,ok
2026-09-26,KTW,OSL,2027-05-17,,,unavailable
2026-09-26,KTW,OSL,2027-05-18,12:45,272.00,ok
2026-09-26,KTW,OSL,2027-05-19,,,unavailable
2026-09-26,KTW,OSL,2027-05-20,10:35,238.00,ok
2026-09-26,KTW,OSL,2027-05-21,06:10,238.00,ok
2026-09-26,KTW,OSL,2027-05-22,,,unavailable
2026-09-26,KTW,OSL,2027-05-23,12:10,489.00,ok
2026-09-26,KTW,OSL,2027-05-24,,,unavailable
2026-09-26,KTW,OSL,2027-05-25,12:45,400.00,ok
2026-09-26,KTW,OSL,2027-05-26,,,unavailable
2026-09-26,KTW,OSL,2027-05-27,10:35,242.38,ok
2026-09-26,KTW,OSL,2027-05-28,06:10,238.00,ok
2026-09-26,KTW,OSL,2027-05-29,,,unavailable
2026-09-26,KTW,OSL,2027-05-30,12:10,599.00,ok
2026-09-26,KTW,OSL,2027-05-31,,,unavailable
2026-09-26,KTW,OSL,2027-06-01,12:45,238.00,ok
2026-09-26,KTW,OSL,2027-06-02,,,unavailable
2026-09-26,KTW,OSL,2027-06-03,10:35,272.00,ok
2026-09-26,KTW,OSL,2027-06-04,06:10,238.00,ok
2026-09-26,KTW,OSL,2027-06-05,,,unavailable
2026-09-26,KTW,OSL,2027-06-06,12:10,544.00,ok
2026-09-26,KTW,OSL,2027-06-07,,,unavailable
2026-09-26,KTW,OSL,2027-06-08,12:45,238.00,ok
2026-09-26,KTW,OSL,2027-06-09,,,unavailable
2026-09-26,KTW,OSL,2027-06-10,10:35,238.00,ok
2026-09-26,KTW,OSL,2027-06-11,06:10,272.00,ok
2026-09-26,KTW,OSL,2027-06-12,,,unavailable
2026-09-26,KTW,OSL,2027-06-13,12:10,489.00,ok
2026-09-26,KTW,OSL,2027-06-14,,,unavailable
2026-09-26,KTW,OSL,2027-06-15,12:45,238.00,ok
2026-09-26,KTW,OSL,2027-06-16,,,unavailable
2026-09-26,KTW,OSL,2027-06-17,10:35,238.00,ok
2026-09-26,KTW,OSL,2027-06-18,06:10,238.00,ok
2026-09-26,KTW,OSL,2027-06-19,,,unavailable
2026-09-26,KTW,OSL,2027-06-20,12:10,442.00,ok
2026-09-26,KTW,OSL,2027-06-21,,,unavailable
2026-09-26,KTW,OSL,2027-06-22,12:45,238.00,ok
2026-09-26,KTW,OSL,2027-06-23,,,unavailable
2026-09-26,KTW,OSL,2027-06-24,10:35,315.00,ok
2026-09-26,KTW,OSL,2027-06-25,06:10,238.00,ok
2026-09-26,KTW,OSL,2027-06-26,,,unavailable
2026-09-26,KTW,OSL,2027-06-27,12:10,442.00,ok
2026-09-26,KTW,OSL,2027-06-28,,,unavailable
2026-09-26,KTW,OSL,2027-06-29,12:45,238.00,ok
2026-09-26,KTW,OSL,2027-06-30,,,unavailable
2026-09-26,KTW,OSL,2027-07-01,10:35,238.00,ok
2026-09-26,KTW,OSL,2027-07-02,06:10,238.00,ok
2026-09-26,KTW,OSL,2027-07-03,,,unavailable
2026-09-26,KTW,OSL,2027-07-04,12:10,400.00,ok
2026-09-26,KTW,OSL,2027-07-05,,,unavailable
2026-09-26,KTW,OSL,2027-07-06,12:45,238.00,ok
2026-09-26,KTW,OSL,2027-07-07,,,unavailable
2026-09-26,KTW,OSL,2027-07-08,10:35,315.00,ok
2026-09-26,KTW,OSL,2027-07-09,06:10,238.00,ok
2026-09-26,KTW,OSL,2027-07-10,,,unavailable
2026-09-26,KTW,OSL,2027-07-11,12:10,489.00,ok
2026-09-26,KTW,OSL,2027-07-12,,,unavailable
2026-09-26,KTW,OSL,2027-07-13,12:45,238.00,ok
2026-09-26,KTW,OSL,2027-07-14,,,unavailable
2026-09-26,KTW,OSL,2027-07-15,10:35,442.00,ok
2026-09-26,KTW,OSL,2027-07-16,06:10,442.00,ok
2026-09-26,KTW,OSL,2027-07-17,,,unavailable
2026-09-26,KTW,OSL,2027-07-18,12:10,663.00,ok
2026-09-26,KTW,OSL,2027-07-19,,,unavailable
2026-09-26,KTW,OSL,2027-07-20,12:45,544.00,ok
2026-09-26,KTW,OSL,2027-07-21,,,unavailable
2026-09-26,KTW,OSL,2027-07-22,10:35,599.00,ok
2026-09-26,KTW,OSL,2027-07-23,06:10,663.00,ok
2026-09-26,KTW,OSL,2027-07-24,,,unavailable
2026-09-26,KTW,OSL,2027-07-25,12:10,1003.00,ok
2026-09-26,KTW,OSL,2027-07-26,,,unavailable
2026-09-26,KTW,OSL,2027-07-27,12:45,663.00,ok
2026-09-26,KTW,OSL,2027-07-28,,,unavailable
2026-09-26,KTW,OSL,2027-07-29,10:35,816.00,ok
2026-09-26,KTW,OSL,2027-07-30,06:10,905.00,ok
2026-09-26,KTW,OSL,2027-07-31,,,unavailable
2026-09-26,KTW,OSL,2027-08-01,12:10,1232.00,ok
2026-09-26,KTW,OSL,2027-08-02,,,unavailable
2026-09-26,KTW,OSL,2027-08-03,12:45,663.00,ok
2026-09-26,KTW,OSL,2027-08-04,,,unavailable
2026-09-26,KTW,OSL,2027-08-05,10:35,599.00,ok
2026-09-26,KTW,OSL,2027-08-06,06:10,663.00,ok
2026-09-26,KTW,OSL,2027-08-07,,,unavailable
2026-09-26,KTW,OSL,2027-08-08,12:10,905.00,ok
2026-09-26,KTW,OSL,2027-08-09,,,unavailable
2026-09-26,KTW,OSL,2027-08-10,12:45,663.00,ok
2026-09-26,KTW,OSL,2027-08-11,,,unavailable
2026-09-26,KTW,OSL,2027-08-12,10:35,544.00,ok
2026-09-26,KTW,OSL,2027-08-13,06:10,489.00,ok
2026-09-26,KTW,OSL,2027-08-14,,,unavailable
2026-09-26,KTW,OSL,2027-08-15,12:10,663.00,ok
2026-09-26,KTW,OSL,2027-08-16,,,unavailable
2026-09-26,KTW,OSL,2027-08-17,12:45,442.00,ok
2026-09-26,KTW,OSL,2027-08-18,,,unavailable
2026-09-26,KTW,OSL,2027-08-19,10:35,400.00,ok
2026-09-26,KTW,OSL,2027-08-20,06:10,361.00,ok
2026-09-26,KTW,OSL,2027-08-21,,,unavailable
2026-09-26,KTW,OSL,2027-08-22,12:10,663.00,ok
2026-09-26,KTW,OSL,2027-08-23,,,unavailable
2026-09-26,KTW,OSL,2027-08-24,12:45,238.00,ok
2026-09-26,KTW,OSL,2027-08-25,,,unavailable
2026-09-26,KTW,OSL,2027-08-26,10:35,238.00,ok
2026-09-26,KTW,OSL,2027-08-27,06:10,238.00,ok
2026-09-26,KTW,OSL,2027-08-28,,,unavailable
2026-09-26,KTW,OSL,2027-08-29,12:10,489.00,ok
2026-09-26,KTW,OSL,2027-08-30,,,unavailable
2026-09-26,KTW,OSL,2027-08-31,12:45,238.00,ok
2026-09-26,OSL,KTW,2026-09-26,,,unavailable
2026-09-26,OSL,KTW,2026-09-27,,,unavailable
2026-09-26,OSL,KTW,2026-09-28,09:45,996.12,ok
2026-09-26,OSL,KTW,2026-09-29,,,unavailable
2026-09-26,OSL,KTW,2026-09-30,09:30,483.88,ok
2026-09-26,OSL,KTW,2026-10-01,,,unavailable
2026-09-26,OSL,KTW,2026-10-02,,,unavailable
2026-09-26,OSL,KTW,2026-10-03,08:15,521.64,ok
2026-09-26,OSL,KTW,2026-10-04,09:10,281.86,ok
2026-09-26,OSL,KTW,2026-10-05,09:45,87.25,ok
2026-09-26,OSL,KTW,2026-10-06,,,unavailable
2026-09-26,OSL,KTW,2026-10-07,09:30,87.25,ok
2026-09-26,OSL,KTW,2026-10-08,,,unavailable
2026-09-26,OSL,KTW,2026-10-09,,,unavailable
2026-09-26,OSL,KTW,2026-10-10,08:15,166.39,ok
2026-09-26,OSL,KTW,2026-10-11,09:10,67.58,ok
2026-09-26,OSL,KTW,2026-10-12,09:45,65.00,ok
2026-09-26,OSL,KTW,2026-10-13,,,unavailable
2026-09-26,OSL,KTW,2026-10-14,10:00,76.22,ok
2026-09-26,OSL,KTW,2026-10-15,,,unavailable
2026-09-26,OSL,KTW,2026-10-16,,,unavailable
2026-09-26,OSL,KTW,2026-10-17,08:15,220.87,ok
2026-09-26,OSL,KTW,2026-10-18,09:10,108.62,ok
2026-09-26,OSL,KTW,2026-10-19,09:45,65.00,ok
2026-09-26,OSL,KTW,2026-10-20,,,unavailable
2026-09-26,OSL,KTW,2026-10-21,10:00,189.94,ok
2026-09-26,OSL,KTW,2026-10-22,,,unavailable
2026-09-26,OSL,KTW,2026-10-23,,,unavailable
2026-09-26,OSL,KTW,2026-10-24,08:15,124.69,ok
2026-09-26,OSL,KTW,2026-10-25,,,unavailable
2026-09-26,OSL,KTW,2026-10-26,,,unavailable
2026-09-26,OSL,KTW,2026-10-27,,,unavailable
2026-09-26,OSL,KTW,2026-10-28,,,unavailable
2026-09-26,OSL,KTW,2026-10-29,,,unavailable
2026-09-26,OSL,KTW,2026-10-30,,,unavailable
2026-09-26,OSL,KTW,2026-10-31,,,unavailable
2026-09-26,OSL,KTW,2026-11-01,,,unavailable
2026-09-26,OSL,KTW,2026-11-02,,,unavailable
2026-09-26,OSL,KTW,2026-11-03,,,unavailable
2026-09-26,OSL,KTW,2026-11-04,,,unavailable
2026-09-26,OSL,KTW,2026-11-05,,,unavailable
2026-09-26,OSL,KTW,2026-11-06,,,unavailable
2026-09-26,OSL,KTW,2026-11-07,,,unavailable
2026-09-26,OSL,KTW,2026-11-08,,,unavailable
2026-09-26,OSL,KTW,2026-11-09,,,unavailable
2026-09-26,OSL,KTW,2026-11-10,,,unavailable
2026-09-26,OSL,KTW,2026-11-11,,,unavailable
2026-09-26,OSL,KTW,2026-11-12,,,unavailable
2026-09-26,OSL,KTW,2026-11-13,,,unavailable
2026-09-26,OSL,KTW,2026-11-14,,,unavailable
2026-09-26,OSL,KTW,2026-11-15,,,unavailable
2026-09-26,OSL,KTW,2026-11-16,,,unavailable
2026-09-26,OSL,KTW,2026-11-17,,,unavailable
2026-09-26,OSL,KTW,2026-11-18,,,unavailable
2026-09-26,OSL,KTW,2026-11-19,,,unavailable
2026-09-26,OSL,KTW,2026-11-20,,,unavailable
2026-09-26,OSL,KTW,2026-11-21,,,unavailable
2026-09-26,OSL,KTW,2026-11-22,,,unavailable
2026-09-26,OSL,KTW,2026-11-23,,,unavailable
2026-09-26,OSL,KTW,2026-11-24,,,unavailable
2026-09-26,OSL,KTW,2026-11-25,,,unavailable
2026-09-26,OSL,KTW,2026-11-26,,,unavailable
2026-09-26,OSL,KTW,2026-11-27,,,unavailable
2026-09-26,OSL,KTW,2026-11-28,,,unavailable
2026-09-26,OSL,KTW,2026-11-29,,,unavailable
2026-09-26,OSL,KTW,2026-11-30,,,unavailable
2026-09-26,OSL,KTW,2026-12-01,,,unavailable
2026-09-26,OSL,KTW,2026-12-02,,,unavailable
2026-09-26,OSL,KTW,2026-12-03,,,unavailable
2026-09-26,OSL,KTW,2026-12-04,,,unavailable
2026-09-26,OSL,KTW,2026-12-05,,,unavailable
2026-09-26,OSL,KTW,2026-12-06,,,unavailable
2026-09-26,OSL,KTW,2026-12-07,,,unavailable
2026-09-26,OSL,KTW,2026-12-08,,,unavailable
2026-09-26,OSL,KTW,2026-12-09,,,unavailable
2026-09-26,OSL,KTW,2026-12-10,,,unavailable
2026-09-26,OSL,KTW,2026-12-11,,,unavailable
2026-09-26,OSL,KTW,2026-12-12,,,unavailable
2026-09-26,OSL,KTW,2026-12-13,,,unavailable
2026-09-26,OSL,KTW,2026-12-14,,,unavailable
2026-09-26,OSL,KTW,2026-12-15,,,unavailable
2026-09-26,OSL,KTW,2026-12-16,,,unavailable
2026-09-26,OSL,KTW,2026-12-17,,,unavailable
2026-09-26,OSL,KTW,2026-12-18,,,unavailable
2026-09-26,OSL,KTW,2026-12-19,,,unavailable
2026-09-26,OSL,KTW,2026-12-20,,,unavailable
2026-09-26,OSL,KTW,2026-12-21,,,unavailable
2026-09-26,OSL,KTW,2026-12-22,,,unavailable
2026-09-26,OSL,KTW,2026-12-23,,,unavailable
2026-09-26,OSL,KTW,2026-12-24,,,unavailable
2026-09-26,OSL,KTW,2026-12-25,,,unavailable
2026-09-26,OSL,KTW,2026-12-26,,,unavailable
2026-09-26,OSL,KTW,2026-12-27,,,unavailable
2026-09-26,OSL,KTW,2026-12-28,,,unavailable
2026-09-26,OSL,KTW,2026-12-29,,,unavailable
2026-09-26,OSL,KTW,2026-12-30,,,unavailable
2026-09-26,OSL,KTW,2026-12-31,,,unavailable
2026-09-26,OSL,KTW,2027-01-01,,,unavailable
2026-09-26,OSL,KTW,2027-01-02,,,unavailable
2026-09-26,OSL,KTW,2027-01-03,,,unavailable
2026-09-26,OSL,KTW,2027-01-04,,,unavailable
2026-09-26,OSL,KTW,2027-01-05,,,unavailable
2026-09-26,OSL,KTW,2027-01-06,,,unavailable
2026-09-26,OSL,KTW,2027-01-07,,,unavailable
2026-09-26,OSL,KTW,2027-01-08,,,unavailable
2026-09-26,OSL,KTW,2027-01-09,,,unavailable
2026-09-26,OSL,KTW,2027-01-10,,,unavailable
2026-09-26,OSL,KTW,2027-01-11,,,unavailable
2026-09-26,OSL,KTW,2027-01-12,,,unavailable
2026-09-26,OSL,KTW,2027-01-13,,,unavailable
2026-09-26,OSL,KTW,2027-01-14,,,unavailable
2026-09-26,OSL,KTW,2027-01-15,,,unavailable
2026-09-26,OSL,KTW,2027-01-16,,,unavailable
2026-09-26,OSL,KTW,2027-01-17,,,unavailable
2026-09-26,OSL,KTW,2027-01-18,,,unavailable
2026-09-26,OSL,KTW,2027-01-19,,,unavailable
2026-09-26,OSL,KTW,2027-01-20,,,unavailable
2026-09-26,OSL,KTW,2027-01-21,,,unavailable
2026-09-26,OSL,KTW,2027-01-22,,,unavailable
2026-09-26,OSL,KTW,2027-01-23,,,unavailable
2026-09-26,OSL,KTW,2027-01-24,,,unavailable
2026-09-26,OSL,KTW,2027-01-25,,,unavailable
2026-09-26,OSL,KTW,2027-01-26,,,unavailable
2026-09-26,OSL,KTW,2027-01-27,,,unavailable
2026-09-26,OSL,KTW,2027-01-28,,,unavailable
2026-09-26,OSL,KTW,2027-01-29,,,unavailable
2026-09-26,OSL,KTW,2027-01-30,,,unavailable
2026-09-26,OSL,KTW,2027-01-31,,,unavailable
2026-09-26,OSL,KTW,2027-02-01,,,unavailable
2026-09-26,OSL,KTW,2027-02-02,,,unavailable
2026-09-26,OSL,KTW,2027-02-03,,,unavailable
2026-09-26,OSL,KTW,2027-02-04,,,unavailable
2026-09-26,OSL,KTW,2027-02-05,,,unavailable
2026-09-26,OSL,KTW,2027-02-06,,,unavailable
2026-09-26,OSL,KTW,2027-02-07,,,unavailable
2026-09-26,OSL,KTW,2027-02-08,,,unavailable
2026-09-26,OSL,KTW,2027-02-09,,,unavailable
2026-09-26,OSL,KTW,2027-02-10,,,unavailable
2026-09-26,OSL,KTW,2027-02-11,,,unavailable
2026-09-26,OSL,KTW,2027-02-12,,,unavailable
2026-09-26,OSL,KTW,2027-02-13,,,unavailable
2026-09-26,OSL,KTW,2027-02-14,,,unavailable
2026-09-26,OSL,KTW,2027-02-15,,,unavailable
2026-09-26,OSL,KTW,2027-02-16,,,unavailable
2026-09-26,OSL,KTW,2027-02-17,,,unavailable
2026-09-26,OSL,KTW,2027-02-18,,,unavailable
2026-09-26,OSL,KTW,2027-02-19,,,unavailable
2026-09-26,OSL,KTW,2027-02-20,,,unavailable
2026-09-26,OSL,KTW,2027-02-21,,,unavailable
2026-09-26,OSL,KTW,2027-02-22,,,unavailable
2026-09-26,OSL,KTW,2027-02-23,,,unavailable
2026-09-26,OSL,KTW,2027-02-24,,,unavailable
2026-09-26,OSL,KTW,2027-02-25,,,unavailable
2026-09-26,OSL,KTW,2027-02-26,,,unavailable
2026-09-26,OSL,KTW,2027-02-27,,,unavailable
2026-09-26,OSL,KTW,2027-02-28,,,unavailable
2026-09-26,OSL,KTW,2027-03-01,,,unavailable
2026-09-26,OSL,KTW,2027-03-02,,,unavailable
2026-09-26,OSL,KTW,2027-03-03,,,unavailable
2026-09-26,OSL,KTW,2027-03-04,,,unavailable
2026-09-26,OSL,KTW,2027-03-05,,,unavailable
2026-09-26,OSL,KTW,2027-03-06,,,unavailable
2026-09-26,OSL,KTW,2027-03-07,,,unavailable
2026-09-26,OSL,KTW,2027-03-08,,,unavailable
2026-09-26,OSL,KTW,2027-03-09,,,unavailable
2026-09-26,OSL,KTW,2027-03-10,,,unavailable
2026-09-26,OSL,KTW,2027-03-11,,,unavailable
2026-09-26,OSL,KTW,2027-03-12,,,unavailable
2026-09-26,OSL,KTW,2027-03-13,,,unavailable
2026-09-26,OSL,KTW,2027-03-14,,,unavailable
2026-09-26,OSL,KTW,2027-03-15,,,unavailable
2026-09-26,OSL,KTW,2027-03-16,,,unavailable
2026-09-26,OSL,KTW,2027-03-17,,,unavailable
2026-09-26,OSL,KTW,2027-03-18,,,unavailable
2026-09-26,OSL,KTW,2027-03-19,,,unavailable
2026-09-26,OSL,KTW,2027-03-20,,,unavailable
2026-09-26,OSL,KTW,2027-03-21,,,unavailable
2026-09-26,OSL,KTW,2027-03-22,,,unavailable
2026-09-26,OSL,KTW,2027-03-23,,,unavailable
2026-09-26,OSL,KTW,2027-03-24,,,unavailable
2026-09-26,OSL,KTW,2027-03-25,,,unavailable
2026-09-26,OSL,KTW,2027-03-26,,,unavailable
2026-09-26,OSL,KTW,2027-03-27,,,unavailable
2026-09-26,OSL,KTW,2027-03-28,14:45,242.38,ok
2026-09-26,OSL,KTW,2027-03-29,,,unavailable
2026-09-26,OSL,KTW,2027-03-30,15:20,238.00,ok
2026-09-26,OSL,KTW,2027-03-31,,,unavailable
2026-09-26,OSL,KTW,2027-04-01,13:10,238.00,ok
2026-09-26,OSL,KTW,2027-04-02,08:45,238.00,ok
2026-09-26,OSL,KTW,2027-04-03,,,unavailable
2026-09-26,OSL,KTW,2027-04-04,14:45,238.00,ok
2026-09-26,OSL,KTW,2027-04-05,,,unavailable
2026-09-26,OSL,KTW,2027-04-06,15:20,238.00,ok
2026-09-26,OSL,KTW,2027-04-07,,,unavailable
2026-09-26,OSL,KTW,2027-04-08,13:10,238.00,ok
2026-09-26,OSL,KTW,2027-04-09,08:45,238.00,ok
2026-09-26,OSL,KTW,2027-04-10,,,unavailable
2026-09-26,OSL,KTW,2027-04-11,14:45,238.00,ok
2026-09-26,OSL,KTW,2027-04-12,,,unavailable
2026-09-26,OSL,KTW,2027-04-13,15:20,238.00,ok
2026-09-26,OSL,KTW,2027-04-14,,,unavailable
2026-09-26,OSL,KTW,2027-04-15,13:10,238.00,ok
2026-09-26,OSL,KTW,2027-04-16,08:45,361.00,ok
2026-09-26,OSL,KTW,2027-04-17,,,unavailable
2026-09-26,OSL,KTW,2027-04-18,14:45,238.00,ok
2026-09-26,OSL,KTW,2027-04-19,,,unavailable
2026-09-26,OSL,KTW,2027-04-20,15:20,238.00,ok
2026-09-26,OSL,KTW,2027-04-21,,,unavailable
2026-09-26,OSL,KTW,2027-04-22,13:10,238.00,ok
2026-09-26,OSL,KTW,2027-04-23,08:45,272.00,ok
2026-09-26,OSL,KTW,2027-04-24,,,unavailable
2026-09-26,OSL,KTW,2027-04-25,14:45,238.00,ok
2026-09-26,OSL,KTW,2027-04-26,,,unavailable
2026-09-26,OSL,KTW,2027-04-27,15:20,238.00,ok
2026-09-26,OSL,KTW,2027-04-28,,,unavailable
2026-09-26,OSL,KTW,2027-04-29,13:10,489.00,ok
2026-09-26,OSL,KTW,2027-04-30,08:45,489.00,ok
2026-09-26,OSL,KTW,2027-05-01,,,unavailable
2026-09-26,OSL,KTW,2027-05-02,14:45,400.00,ok
2026-09-26,OSL,KTW,2027-05-03,,,unavailable
2026-09-26,OSL,KTW,2027-05-04,15:20,238.00,ok
2026-09-26,OSL,KTW,2027-05-05,,,unavailable
2026-09-26,OSL,KTW,2027-05-06,13:10,238.00,ok
2026-09-26,OSL,KTW,2027-05-07,08:45,361.00,ok
2026-09-26,OSL,KTW,2027-05-08,,,unavailable
2026-09-26,OSL,KTW,2027-05-09,14:45,238.00,ok
2026-09-26,OSL,KTW,2027-05-10,,,unavailable
2026-09-26,OSL,KTW,2027-05-11,15:20,238.00,ok
2026-09-26,OSL,KTW,2027-05-12,,,unavailable
2026-09-26,OSL,KTW,2027-05-13,13:10,400.00,ok
2026-09-26,OSL,KTW,2027-05-14,08:45,272.00,ok
2026-09-26,OSL,KTW,2027-05-15,,,unavailable
2026-09-26,OSL,KTW,2027-05-16,14:45,238.00,ok
2026-09-26,OSL,KTW,2027-05-17,,,unavailable
2026-09-26,OSL,KTW,2027-05-18,15:20,238.00,ok
2026-09-26,OSL,KTW,2027-05-19,,,unavailable
2026-09-26,OSL,KTW,2027-05-20,13:10,315.00,ok
2026-09-26,OSL,KTW,2027-05-21,08:45,442.00,ok
2026-09-26,OSL,KTW,2027-05-22,,,unavailable
2026-09-26,OSL,KTW,2027-05-23,14:45,361.00,ok
2026-09-26,OSL,KTW,2027-05-24,,,unavailable
2026-09-26,OSL,KTW,2027-05-25,15:20,238.00,ok
2026-09-26,OSL,KTW,2027-05-26,,,unavailable
2026-09-26,OSL,KTW,2027-05-27,13:10,276.38,ok
2026-09-26,OSL,KTW,2027-05-28,08:45,238.00,ok
2026-09-26,OSL,KTW,2027-05-29,,,unavailable
2026-09-26,OSL,KTW,2027-05-30,14:45,238.00,ok
2026-09-26,OSL,KTW,2027-05-31,,,unavailable
2026-09-26,OSL,KTW,2027-06-01,15:20,238.00,ok
2026-09-26,OSL,KTW,2027-06-02,,,unavailable
2026-09-26,OSL,KTW,2027-06-03,13:10,238.00,ok
2026-09-26,OSL,KTW,2027-06-04,08:45,315.00,ok
2026-09-26,OSL,KTW,2027-06-05,,,unavailable
2026-09-26,OSL,KTW,2027-06-06,14:45,442.00,ok
2026-09-26,OSL,KTW,2027-06-07,,,unavailable
2026-09-26,OSL,KTW,2027-06-08,15:20,238.00,ok
2026-09-26,OSL,KTW,2027-06-09,,,unavailable
2026-09-26,OSL,KTW,2027-06-10,13:10,315.00,ok
2026-09-26,OSL,KTW,2027-06-11,08:45,361.00,ok
2026-09-26,OSL,KTW,2027-06-12,,,unavailable
2026-09-26,OSL,KTW,2027-06-13,14:45,238.00,ok
2026-09-26,OSL,KTW,2027-06-14,,,unavailable
2026-09-26,OSL,KTW,2027-06-15,15:20,238.00,ok
2026-09-26,OSL,KTW,2027-06-16,,,unavailable
2026-09-26,OSL,KTW,2027-06-17,13:10,489.00,ok
2026-09-26,OSL,KTW,2027-06-18,08:45,544.00,ok
2026-09-26,OSL,KTW,2027-06-19,,,unavailable
2026-09-26,OSL,KTW,2027-06-20,14:45,544.00,ok
2026-09-26,OSL,KTW,2027-06-21,,,unavailable
2026-09-26,OSL,KTW,2027-06-22,15:20,544.00,ok
2026-09-26,OSL,KTW,2027-06-23,,,unavailable
2026-09-26,OSL,KTW,2027-06-24,13:10,599.00,ok
2026-09-26,OSL,KTW,2027-06-25,08:45,663.00,ok
2026-09-26,OSL,KTW,2027-06-26,,,unavailable
2026-09-26,OSL,KTW,2027-06-27,14:45,599.00,ok
2026-09-26,OSL,KTW,2027-06-28,,,unavailable
2026-09-26,OSL,KTW,2027-06-29,15:20,599.00,ok
2026-09-26,OSL,KTW,2027-06-30,,,unavailable
2026-09-26,OSL,KTW,2027-07-01,13:10,663.00,ok
2026-09-26,OSL,KTW,2027-07-02,08:45,816.00,ok
2026-09-26,OSL,KTW,2027-07-03,,,unavailable
2026-09-26,OSL,KTW,2027-07-04,14:45,816.00,ok
2026-09-26,OSL,KTW,2027-07-05,,,unavailable
2026-09-26,OSL,KTW,2027-07-06,15:20,663.00,ok
2026-09-26,OSL,KTW,2027-07-07,,,unavailable
2026-09-26,OSL,KTW,2027-07-08,13:10,599.00,ok
2026-09-26,OSL,KTW,2027-07-09,08:45,663.00,ok
2026-09-26,OSL,KTW,2027-07-10,,,unavailable
2026-09-26,OSL,KTW,2027-07-11,14:45,663.00,ok
2026-09-26,OSL,KTW,2027-07-12,,,unavailable
2026-09-26,OSL,KTW,2027-07-13,15:20,544.00,ok
2026-09-26,OSL,KTW,2027-07-14,,,unavailable
2026-09-26,OSL,KTW,2027-07-15,13:10,489.00,ok
2026-09-26,OSL,KTW,2027-07-16,08:45,489.00,ok
2026-09-26,OSL,KTW,2027-07-17,,,unavailable
2026-09-26,OSL,KTW,2027-07-18,14:45,489.00,ok
2026-09-26,OSL,KTW,2027-07-19,,,unavailable
2026-09-26,OSL,KTW,2027-07-20,15:20,361.00,ok
2026-09-26,OSL,KTW,2027-07-21,,,unavailable
2026-09-26,OSL,KTW,2027-07-22,13:10,315.00,ok
2026-09-26,OSL,KTW,2027-07-23,08:45,315.00,ok
2026-09-26,OSL,KTW,2027-07-24,,,unavailable
2026-09-26,OSL,KTW,2027-07-25,14:45,400.00,ok
2026-09-26,OSL,KTW,2027-07-26,,,unavailable
2026-09-26,OSL,KTW,2027-07-27,15:20,238.00,ok
2026-09-26,OSL,KTW,2027-07-28,,,unavailable
2026-09-26,OSL,KTW,2027-07-29,13:10,272.00,ok
2026-09-26,OSL,KTW,2027-07-30,08:45,272.00,ok
2026-09-26,OSL,KTW,2027-07-31,,,unavailable
2026-09-26,OSL,KTW,2027-08-01,14:45,272.00,ok
2026-09-26,OSL,KTW,2027-08-02,,,unavailable
2026-09-26,OSL,KTW,2027-08-03,15:20,238.00,ok
2026-09-26,OSL,KTW,2027-08-04,,,unavailable
2026-09-26,OSL,KTW,2027-08-05,13:10,272.00,ok
2026-09-26,OSL,KTW,2027-08-06,08:45,361.00,ok
2026-09-26,OSL,KTW,2027-08-07,,,unavailable
2026-09-26,OSL,KTW,2027-08-08,14:45,400.00,ok
2026-09-26,OSL,KTW,2027-08-09,,,unavailable
2026-09-26,OSL,KTW,2027-08-10,15:20,238.00,ok
2026-09-26,OSL,KTW,2027-08-11,,,unavailable
2026-09-26,OSL,KTW,2027-08-12,13:10,238.00,ok
2026-09-26,OSL,KTW,2027-08-13,08:45,272.00,ok
2026-09-26,OSL,KTW,2027-08-14,,,unavailable
2026-09-26,OSL,KTW,2027-08-15,14:45,238.00,ok
2026-09-26,OSL,KTW,2027-08-16,,,unavailable
2026-09-26,OSL,KTW,2027-08-17,15:20,238.00,ok
2026-09-26,OSL,KTW,2027-08-18,,,unavailable
2026-09-26,OSL,KTW,2027-08-19,13:10,272.00,ok
2026-09-26,OSL,KTW,2027-08-20,08:45,272.00,ok
2026-09-26,OSL,KTW,2027-08-21,,,unavailable
2026-09-26,OSL,KTW,2027-08-22,14:45,361.00,ok
2026-09-26,OSL,KTW,2027-08-23,,,unavailable
2026-09-26,OSL,KTW,2027-08-24,15:20,400.00,ok
2026-09-26,OSL,KTW,2027-08-25,,,unavailable
2026-09-26,OSL,KTW,2027-08-26,13:10,442.00,ok
2026-09-26,OSL,KTW,2027-08-27,08:45,400.00,ok
2026-09-26,OSL,KTW,2027-08-28,,,unavailable
2026-09-26,OSL,KTW,2027-08-29,14:45,400.00,ok
2026-09-26,OSL,KTW,2027-08-30,,,unavailable
2026-09-26,OSL,KTW,2027-08-31,15:20,361.00,ok
2026-09-26,KTW,PFO,2026-09-26,,,unavailable
2026-09-26,KTW,PFO,2026-09-27,,,unavailable
2026-09-26,KTW,PFO,2026-09-28,,,unavailable
2026-09-26,KTW,PFO,2026-09-29,08:25,243.58,ok
2026-09-26,KTW,PFO,2026-09-30,,,unavailable
2026-09-26,KTW,PFO,2026-10-01,,,unavailable
2026-09-26,KTW,PFO,2026-10-02,,,unavailable
2026-09-26,KTW,PFO,2026-10-03,,,unavailable
2026-09-26,KTW,PFO,2026-10-04,,,unavailable
2026-09-26,KTW,PFO,2026-10-05,,,unavailable
2026-09-26,KTW,PFO,2026-10-06,08:25,946.23,ok
2026-09-26,KTW,PFO,2026-10-07,,,unavailable
2026-09-26,KTW,PFO,2026-10-08,,,unavailable
2026-09-26,KTW,PFO,2026-10-09,,,unavailable
2026-09-26,KTW,PFO,2026-10-10,08:45,486.24,ok
2026-09-26,KTW,PFO,2026-10-11,,,unavailable
2026-09-26,KTW,PFO,2026-10-12,,,unavailable
2026-09-26,KTW,PFO,2026-10-13,08:25,481.86,ok
2026-09-26,KTW,PFO,2026-10-14,,,unavailable
2026-09-26,KTW,PFO,2026-10-15,,,unavailable
2026-09-26,KTW,PFO,2026-10-16,,,unavailable
2026-09-26,KTW,PFO,2026-10-17,08:45,437.29,ok
2026-09-26,KTW,PFO,2026-10-18,,,unavailable
2026-09-26,KTW,PFO,2026-10-19,,,unavailable
2026-09-26,KTW,PFO,2026-10-20,08:25,429.28,ok
2026-09-26,KTW,PFO,2026-10-21,,,unavailable
2026-09-26,KTW,PFO,2026-10-22,,,unavailable
2026-09-26,KTW,PFO,2026-10-23,,,unavailable
2026-09-26,KTW,PFO,2026-10-24,08:45,516.90,ok
2026-09-26,KTW,PFO,2026-10-25,,,unavailable
2026-09-26,KTW,PFO,2026-10-26,06:20,178.39,ok
2026-09-26,KTW,PFO,2026-10-27,14:20,190.92,ok
2026-09-26,KTW,PFO,2026-10-28,06:05,254.26,ok
2026-09-26,KTW,PFO,2026-10-29,,,unavailable
2026-09-26,KTW,PFO,2026-10-30,,,unavailable
2026-09-26,KTW,PFO,2026-10-31,15:15,125.84,ok
2026-09-26,KTW,PFO,2026-11-01,,,unavailable
2026-09-26,KTW,PFO,2026-11-02,06:20,220.55,ok
2026-09-26,KTW,PFO,2026-11-03,,,unavailable
2026-09-26,KTW,PFO,2026-11-04,06:05,135.34,ok
2026-09-26,KTW,PFO,2026-11-05,,,unavailable
2026-09-26,KTW,PFO,2026-11-06,,,unavailable
2026-09-26,KTW,PFO,2026-11-07,15:15,446.81,ok
2026-09-26,KTW,PFO,2026-11-08,,,unavailable
2026-09-26,KTW,PFO,2026-11-09,06:20,354.81,ok
2026-09-26,KTW,PFO,2026-11-10,,,unavailable
2026-09-26,KTW,PFO,2026-11-11,,,unavailable
2026-09-26,KTW,PFO,2026-11-12,,,unavailable
2026-09-26,KTW,PFO,2026-11-13,,,unavailable
2026-09-26,KTW,PFO,2026-11-14,15:15,95.00,ok
2026-09-26,KTW,PFO,2026-11-15,,,unavailable
2026-09-26,KTW,PFO,2026-11-16,06:20,192.63,ok
2026-09-26,KTW,PFO,2026-11-17,,,unavailable
2026-09-26,KTW,PFO,2026-11-18,,,unavailable
2026-09-26,KTW,PFO,2026-11-19,,,unavailable
2026-09-26,KTW,PFO,2026-11-20,,,unavailable
2026-09-26,KTW,PFO,2026-11-21,15:15,153.29,ok
2026-09-26,KTW,PFO,2026-11-22,,,unavailable
2026-09-26,KTW,PFO,2026-11-23,06:20,116.39,ok
2026-09-26,KTW,PFO,2026-11-24,,,unavailable
2026-09-26,KTW,PFO,2026-11-25,,,unavailable
2026-09-26,KTW,PFO,2026-11-26,,,unavailable
2026-09-26,KTW,PFO,2026-11-27,,,unavailable
2026-09-26,KTW,PFO,2026-11-28,15:15,95.00,ok
2026-09-26,KTW,PFO,2026-11-29,,,unavailable
2026-09-26,KTW,PFO,2026-11-30,06:20,95.00,ok
2026-09-26,KTW,PFO,2026-12-01,,,unavailable
2026-09-26,KTW,PFO,2026-12-02,,,unavailable
2026-09-26,KTW,PFO,2026-12-03,,,unavailable
2026-09-26,KTW,PFO,2026-12-04,,,unavailable
2026-09-26,KTW,PFO,2026-12-05,15:15,95.00,ok
2026-09-26,KTW,PFO,2026-12-06,,,unavailable
2026-09-26,KTW,PFO,2026-12-07,06:20,105.03,ok
2026-09-26,KTW,PFO,2026-12-08,,,unavailable
2026-09-26,KTW,PFO,2026-12-09,,,unavailable
2026-09-26,KTW,PFO,2026-12-10,,,unavailable
2026-09-26,KTW,PFO,2026-12-11,,,unavailable
2026-09-26,KTW,PFO,2026-12-12,15:15,74.43,ok
2026-09-26,KTW,PFO,2026-12-13,,,unavailable
2026-09-26,KTW,PFO,2026-12-14,06:20,95.00,ok
2026-09-26,KTW,PFO,2026-12-15,,,unavailable
2026-09-26,KTW,PFO,2026-12-16,,,unavailable
2026-09-26,KTW,PFO,2026-12-17,,,unavailable
2026-09-26,KTW,PFO,2026-12-18,,,unavailable
2026-09-26,KTW,PFO,2026-12-19,15:15,302.24,ok
2026-09-26,KTW,PFO,2026-12-20,,,unavailable
2026-09-26,KTW,PFO,2026-12-21,06:20,284.71,ok
2026-09-26,KTW,PFO,2026-12-22,06:20,431.96,ok
2026-09-26,KTW,PFO,2026-12-23,,,unavailable
2026-09-26,KTW,PFO,2026-12-24,,,unavailable
2026-09-26,KTW,PFO,2026-12-25,,,unavailable
2026-09-26,KTW,PFO,2026-12-26,15:15,547.57,ok
2026-09-26,KTW,PFO,2026-12-27,,,unavailable
2026-09-26,KTW,PFO,2026-12-28,06:20,456.87,ok
2026-09-26,KTW,PFO,2026-12-29,06:20,381.09,ok
2026-09-26,KTW,PFO,2026-12-30,,,unavailable
2026-09-26,KTW,PFO,2026-12-31,,,unavailable
2026-09-26,KTW,PFO,2027-01-01,,,unavailable
2026-09-26,KTW,PFO,2027-01-02,15:15,183.00,ok
2026-09-26,KTW,PFO,2027-01-03,,,unavailable
2026-09-26,KTW,PFO,2027-01-04,06:20,140.14,ok
2026-09-26,KTW,PFO,2027-01-05,,,unavailable
2026-09-26,KTW,PFO,2027-01-06,,,unavailable
2026-09-26,KTW,PFO,2027-01-07,,,unavailable
2026-09-26,KTW,PFO,2027-01-08,,,unavailable
2026-09-26,KTW,PFO,2027-01-09,15:15,148.91,ok
2026-09-26,KTW,PFO,2027-01-10,,,unavailable
2026-09-26,KTW,PFO,2027-01-11,06:20,139.61,ok
2026-09-26,KTW,PFO,2027-01-12,,,unavailable
2026-09-26,KTW,PFO,2027-01-13,,,unavailable
2026-09-26,KTW,PFO,2027-01-14,,,unavailable
2026-09-26,KTW,PFO,2027-01-15,,,unavailable
2026-09-26,KTW,PFO,2027-01-16,15:15,406.20,ok
2026-09-26,KTW,PFO,2027-01-17,,,unavailable
2026-09-26,KTW,PFO,2027-01-18,06:20,372.33,ok
2026-09-26,KTW,PFO,2027-01-19,,,unavailable
2026-09-26,KTW,PFO,2027-01-20,,,unavailable
2026-09-26,KTW,PFO,2027-01-21,,,unavailable
2026-09-26,KTW,PFO,2027-01-22,,,unavailable
2026-09-26,KTW,PFO,2027-01-23,15:15,324.14,ok
2026-09-26,KTW,PFO,2027-01-24,,,unavailable
2026-09-26,KTW,PFO,2027-01-25,06:20,332.90,ok
2026-09-26,KTW,PFO,2027-01-26,,,unavailable
2026-09-26,KTW,PFO,2027-01-27,,,unavailable
2026-09-26,KTW,PFO,2027-01-28,,,unavailable
2026-09-26,KTW,PFO,2027-01-29,,,unavailable
2026-09-26,KTW,PFO,2027-01-30,15:15,153.29,ok
2026-09-26,KTW,PFO,2027-01-31,,,unavailable
2026-09-26,KTW,PFO,2027-02-01,06:20,153.00,ok
2026-09-26,KTW,PFO,2027-02-02,,,unavailable
2026-09-26,KTW,PFO,2027-02-03,,,unavailable
2026-09-26,KTW,PFO,2027-02-04,,,unavailable
2026-09-26,KTW,PFO,2027-02-05,17:00,205.86,ok
2026-09-26,KTW,PFO,2027-02-06,15:15,153.00,ok
2026-09-26,KTW,PFO,2027-02-07,,,unavailable
2026-09-26,KTW,PFO,2027-02-08,06:20,183.00,ok
2026-09-26,KTW,PFO,2027-02-09,,,unavailable
2026-09-26,KTW,PFO,2027-02-10,,,unavailable
2026-09-26,KTW,PFO,2027-02-11,,,unavailable
2026-09-26,KTW,PFO,2027-02-12,17:00,341.67,ok
2026-09-26,KTW,PFO,2027-02-13,15:15,233.41,ok
2026-09-26,KTW,PFO,2027-02-14,,,unavailable
2026-09-26,KTW,PFO,2027-02-15,06:20,200.96,ok
2026-09-26,KTW,PFO,2027-02-16,,,unavailable
2026-09-26,KTW,PFO,2027-02-17,,,unavailable
2026-09-26,KTW,PFO,2027-02-18,,,unavailable
2026-09-26,KTW,PFO,2027-02-19,17:00,223.38,ok
2026-09-26,KTW,PFO,2027-02-20,15:15,200.96,ok
2026-09-26,KTW,PFO,2027-02-21,,,unavailable
2026-09-26,KTW,PFO,2027-02-22,06:20,332.90,ok
2026-09-26,KTW,PFO,2027-02-23,,,unavailable
2026-09-26,KTW,PFO,2027-02-24,,,unavailable
2026-09-26,KTW,PFO,2027-02-25,,,unavailable
2026-09-26,KTW,PFO,2027-02-26,17:00,306.62,ok
2026-09-26,KTW,PFO,2027-02-27,15:15,192.72,ok
2026-09-26,KTW,PFO,2027-02-28,,,unavailable
2026-09-26,KTW,PFO,2027-03-01,06:20,197.10,ok
2026-09-26,KTW,PFO,2027-03-02,,,unavailable
2026-09-26,KTW,PFO,2027-03-03,,,unavailable
2026-09-26,KTW,PFO,2027-03-04,,,unavailable
2026-09-26,KTW,PFO,2027-03-05,17:00,166.58,ok
2026-09-26,KTW,PFO,2027-03-06,15:15,200.96,ok
2026-09-26,KTW,PFO,2027-03-07,,,unavailable
2026-09-26,KTW,PFO,2027-03-08,06:20,192.72,ok
2026-09-26,KTW,PFO,2027-03-09,,,unavailable
2026-09-26,KTW,PFO,2027-03-10,,,unavailable
2026-09-26,KTW,PFO,2027-03-11,,,unavailable
2026-09-26,KTW,PFO,2027-03-12,17:00,200.96,ok
2026-09-26,KTW,PFO,2027-03-13,15:15,153.00,ok
2026-09-26,KTW,PFO,2027-03-14,,,unavailable
2026-09-26,KTW,PFO,2027-03-15,06:20,153.00,ok
2026-09-26,KTW,PFO,2027-03-16,,,unavailable
2026-09-26,KTW,PFO,2027-03-17,,,unavailable
2026-09-26,KTW,PFO,2027-03-18,,,unavailable
2026-09-26,KTW,PFO,2027-03-19,17:00,306.62,ok
2026-09-26,KTW,PFO,2027-03-20,15:15,192.72,ok
2026-09-26,KTW,PFO,2027-03-21,,,unavailable
2026-09-26,KTW,PFO,2027-03-22,06:20,183.00,ok
2026-09-26,KTW,PFO,2027-03-23,,,unavailable
2026-09-26,KTW,PFO,2027-03-24,14:30,183.00,ok
2026-09-26,KTW,PFO,2027-03-25,,,unavailable
2026-09-26,KTW,PFO,2027-03-26,17:00,183.00,ok
2026-09-26,KTW,PFO,2027-03-27,15:15,213.00,ok
2026-09-26,KTW,PFO,2027-03-28,17:45,378.38,ok
2026-09-26,KTW,PFO,2027-03-29,,,unavailable
2026-09-26,KTW,PFO,2027-03-30,,,unavailable
2026-09-26,KTW,PFO,2027-03-31,,,unavailable
2026-09-26,KTW,PFO,2027-04-01,06:05,514.00,ok
2026-09-26,KTW,PFO,2027-04-02,,,unavailable
2026-09-26,KTW,PFO,2027-04-03,,,unavailable
2026-09-26,KTW,PFO,2027-04-04,17:45,514.00,ok
2026-09-26,KTW,PFO,2027-04-05,,,unavailable
2026-09-26,KTW,PFO,2027-04-06,,,unavailable
2026-09-26,KTW,PFO,2027-04-07,,,unavailable
2026-09-26,KTW,PFO,2027-04-08,06:05,327.00,ok
2026-09-26,KTW,PFO,2027-04-09,,,unavailable
2026-09-26,KTW,PFO,2027-04-10,,,unavailable
2026-09-26,KTW,PFO,2027-04-11,17:45,289.00,ok
2026-09-26,KTW,PFO,2027-04-12,,,unavailable
2026-09-26,KTW,PFO,2027-04-13,,,unavailable
2026-09-26,KTW,PFO,2027-04-14,,,unavailable
2026-09-26,KTW,PFO,2027-04-15,06:05,293.38,ok
2026-09-26,KTW,PFO,2027-04-16,,,unavailable
2026-09-26,KTW,PFO,2027-04-17,,,unavailable
2026-09-26,KTW,PFO,2027-04-18,17:45,378.38,ok
2026-09-26,KTW,PFO,2027-04-19,,,unavailable
2026-09-26,KTW,PFO,2027-04-20,,,unavailable
2026-09-26,KTW,PFO,2027-04-21,,,unavailable
2026-09-26,KTW,PFO,2027-04-22,06:05,327.00,ok
2026-09-26,KTW,PFO,2027-04-23,,,unavailable
2026-09-26,KTW,PFO,2027-04-24,,,unavailable
2026-09-26,KTW,PFO,2027-04-25,17:45,374.00,ok
2026-09-26,KTW,PFO,2027-04-26,,,unavailable
2026-09-26,KTW,PFO,2027-04-27,,,unavailable
2026-09-26,KTW,PFO,2027-04-28,,,unavailable
2026-09-26,KTW,PFO,2027-04-29,06:05,468.00,ok
2026-09-26,KTW,PFO,2027-04-30,,,unavailable
2026-09-26,KTW,PFO,2027-05-01,,,unavailable
2026-09-26,KTW,PFO,2027-05-02,17:45,374.00,ok
2026-09-26,KTW,PFO,2027-05-03,,,unavailable
2026-09-26,KTW,PFO,2027-05-04,,,unavailable
2026-09-26,KTW,PFO,2027-05-05,,,unavailable
2026-09-26,KTW,PFO,2027-05-06,06:05,331.38,ok
2026-09-26,KTW,PFO,2027-05-07,,,unavailable
2026-09-26,KTW,PFO,2027-05-08,,,unavailable
2026-09-26,KTW,PFO,2027-05-09,17:45,378.38,ok
2026-09-26,KTW,PFO,2027-05-10,,,unavailable
2026-09-26,KTW,PFO,2027-05-11,,,unavailable
2026-09-26,KTW,PFO,2027-05-12,,,unavailable
2026-09-26,KTW,PFO,2027-05-13,06:05,289.00,ok
2026-09-26,KTW,PFO,2027-05-14,,,unavailable
2026-09-26,KTW,PFO,2027-05-15,,,unavailable
2026-09-26,KTW,PFO,2027-05-16,17:45,327.00,ok
2026-09-26,KTW,PFO,2027-05-17,,,unavailable
2026-09-26,KTW,PFO,2027-05-18,,,unavailable
2026-09-26,KTW,PFO,2027-05-19,,,unavailable
2026-09-26,KTW,PFO,2027-05-20,06:05,289.00,ok
2026-09-26,KTW,PFO,2027-05-21,,,unavailable
2026-09-26,KTW,PFO,2027-05-22,,,unavailable
2026-09-26,KTW,PFO,2027-05-23,17:45,374.00,ok
2026-09-26,KTW,PFO,2027-05-24,,,unavailable
2026-09-26,KTW,PFO,2027-05-25,,,unavailable
2026-09-26,KTW,PFO,2027-05-26,,,unavailable
2026-09-26,KTW,PFO,2027-05-27,06:05,289.00,ok
2026-09-26,KTW,PFO,2027-05-28,,,unavailable
2026-09-26,KTW,PFO,2027-05-29,,,unavailable
2026-09-26,KTW,PFO,2027-05-30,17:45,289.00,ok
2026-09-26,KTW,PFO,2027-05-31,,,unavailable
2026-09-26,KTW,PFO,2027-06-01,,,unavailable
2026-09-26,KTW,PFO,2027-06-02,,,unavailable
2026-09-26,KTW,PFO,2027-06-03,06:05,289.00,ok
2026-09-26,KTW,PFO,2027-06-04,,,unavailable
2026-09-26,KTW,PFO,2027-06-05,,,unavailable
2026-09-26,KTW,PFO,2027-06-06,17:45,327.00,ok
2026-09-26,KTW,PFO,2027-06-07,,,unavailable
2026-09-26,KTW,PFO,2027-06-08,,,unavailable
2026-09-26,KTW,PFO,2027-06-09,,,unavailable
2026-09-26,KTW,PFO,2027-06-10,06:05,289.00,ok
2026-09-26,KTW,PFO,2027-06-11,,,unavailable
2026-09-26,KTW,PFO,2027-06-12,,,unavailable
2026-09-26,KTW,PFO,2027-06-13,17:45,374.00,ok
2026-09-26,KTW,PFO,2027-06-14,,,unavailable
2026-09-26,KTW,PFO,2027-06-15,,,unavailable
2026-09-26,KTW,PFO,2027-06-16,,,unavailable
2026-09-26,KTW,PFO,2027-06-17,06:05,289.00,ok
2026-09-26,KTW,PFO,2027-06-18,,,unavailable
2026-09-26,KTW,PFO,2027-06-19,,,unavailable
2026-09-26,KTW,PFO,2027-06-20,17:45,374.00,ok
2026-09-26,KTW,PFO,2027-06-21,,,unavailable
2026-09-26,KTW,PFO,2027-06-22,,,unavailable
2026-09-26,KTW,PFO,2027-06-23,,,unavailable
2026-09-26,KTW,PFO,2027-06-24,06:05,293.38,ok
2026-09-26,KTW,PFO,2027-06-25,,,unavailable
2026-09-26,KTW,PFO,2027-06-26,,,unavailable
2026-09-26,KTW,PFO,2027-06-27,17:45,565.00,ok
2026-09-26,KTW,PFO,2027-06-28,,,unavailable
2026-09-26,KTW,PFO,2027-06-29,,,unavailable
2026-09-26,KTW,PFO,2027-06-30,,,unavailable
2026-09-26,KTW,PFO,2027-07-01,06:05,289.00,ok
2026-09-26,KTW,PFO,2027-07-02,,,unavailable
2026-09-26,KTW,PFO,2027-07-03,,,unavailable
2026-09-26,KTW,PFO,2027-07-04,17:45,468.00,ok
2026-09-26,KTW,PFO,2027-07-05,,,unavailable
2026-09-26,KTW,PFO,2027-07-06,,,unavailable
2026-09-26,KTW,PFO,2027-07-07,,,unavailable
2026-09-26,KTW,PFO,2027-07-08,06:05,289.00,ok
2026-09-26,KTW,PFO,2027-07-09,,,unavailable
2026-09-26,KTW,PFO,2027-07-10,,,unavailable
2026-09-26,KTW,PFO,2027-07-11,17:45,514.00,ok
2026-09-26,KTW,PFO,2027-07-12,,,unavailable
2026-09-26,KTW,PFO,2027-07-13,,,unavailable
2026-09-26,KTW,PFO,2027-07-14,,,unavailable
2026-09-26,KTW,PFO,2027-07-15,06:05,289.00,ok
2026-09-26,KTW,PFO,2027-07-16,,,unavailable
2026-09-26,KTW,PFO,2027-07-17,,,unavailable
2026-09-26,KTW,PFO,2027-07-18,17:45,468.00,ok
2026-09-26,KTW,PFO,2027-07-19,,,unavailable
2026-09-26,KTW,PFO,2027-07-20,,,unavailable
2026-09-26,KTW,PFO,2027-07-21,,,unavailable
2026-09-26,KTW,PFO,2027-07-22,06:05,289.00,ok
2026-09-26,KTW,PFO,2027-07-23,,,unavailable
2026-09-26,KTW,PFO,2027-07-24,,,unavailable
2026-09-26,KTW,PFO,2027-07-25,17:45,468.00,ok
2026-09-26,KTW,PFO,2027-07-26,,,unavailable
2026-09-26,KTW,PFO,2027-07-27,,,unavailable
2026-09-26,KTW,PFO,2027-07-28,,,unavailable
2026-09-26,KTW,PFO,2027-07-29,06:05,289.00,ok
2026-09-26,KTW,PFO,2027-07-30,,,unavailable
2026-09-26,KTW,PFO,2027-07-31,,,unavailable
2026-09-26,KTW,PFO,2027-08-01,17:45,468.00,ok
2026-09-26,KTW,PFO,2027-08-02,,,unavailable
2026-09-26,KTW,PFO,2027-08-03,,,unavailable
2026-09-26,KTW,PFO,2027-08-04,,,unavailable
2026-09-26,KTW,PFO,2027-08-05,06:05,289.00,ok
2026-09-26,KTW,PFO,2027-08-06,,,unavailable
2026-09-26,KTW,PFO,2027-08-07,,,unavailable
2026-09-26,KTW,PFO,2027-08-08,17:45,425.00,ok
2026-09-26,KTW,PFO,2027-08-09,,,unavailable
2026-09-26,KTW,PFO,2027-08-10,,,unavailable
2026-09-26,KTW,PFO,2027-08-11,,,unavailable
2026-09-26,KTW,PFO,2027-08-12,06:05,289.00,ok
2026-09-26,KTW,PFO,2027-08-13,,,unavailable
2026-09-26,KTW,PFO,2027-08-14,,,unavailable
2026-09-26,KTW,PFO,2027-08-15,17:45,468.00,ok
2026-09-26,KTW,PFO,2027-08-16,,,unavailable
2026-09-26,KTW,PFO,2027-08-17,,,unavailable
2026-09-26,KTW,PFO,2027-08-18,,,unavailable
2026-09-26,KTW,PFO,2027-08-19,06:05,289.00,ok
2026-09-26,KTW,PFO,2027-08-20,,,unavailable
2026-09-26,KTW,PFO,2027-08-21,,,unavailable
2026-09-26,KTW,PFO,2027-08-22,17:45,468.00,ok
2026-09-26,KTW,PFO,2027-08-23,,,unavailable
2026-09-26,KTW,PFO,2027-08-24,,,unavailable
2026-09-26,KTW,PFO,2027-08-25,,,unavailable
2026-09-26,KTW,PFO,2027-08-26,06:05,289.00,ok
2026-09-26,KTW,PFO,2027-08-27,,,unavailable
2026-09-26,KTW,PFO,2027-08-28,,,unavailable
2026-09-26,KTW,PFO,2027-08-29,17:45,425.00,ok
2026-09-26,KTW,PFO,2027-08-30,,,unavailable
2026-09-26,KTW,PFO,2027-08-31,,,unavailable
2026-09-26,PFO,KTW,2026-09-26,,,unavailable
2026-09-26,PFO,KTW,2026-09-27,,,unavailable
2026-09-26,PFO,KTW,2026-09-28,,,unavailable
2026-09-26,PFO,KTW,2026-09-29,05:45,665.85,ok
2026-09-26,PFO,KTW,2026-09-30,,,unavailable
2026-09-26,PFO,KTW,2026-10-01,,,unavailable
2026-09-26,PFO,KTW,2026-10-02,,,unavailable
2026-09-26,PFO,KTW,2026-10-03,06:05,446.81,ok
2026-09-26,PFO,KTW,2026-10-04,,,unavailable
2026-09-26,PFO,KTW,2026-10-05,,,unavailable
2026-09-26,PFO,KTW,2026-10-06,05:45,398.62,ok
2026-09-26,PFO,KTW,2026-10-07,,,unavailable
2026-09-26,PFO,KTW,2026-10-08,,,unavailable
2026-09-26,PFO,KTW,2026-10-09,,,unavailable
2026-09-26,PFO,KTW,2026-10-10,06:05,876.14,ok
2026-09-26,PFO,KTW,2026-10-11,,,unavailable
2026-09-26,PFO,KTW,2026-10-12,,,unavailable
2026-09-26,PFO,KTW,2026-10-13,05:45,604.52,ok
2026-09-26,PFO,KTW,2026-10-14,,,unavailable
2026-09-26,PFO,KTW,2026-10-15,,,unavailable
2026-09-26,PFO,KTW,2026-10-16,,,unavailable
2026-09-26,PFO,KTW,2026-10-17,06:05,604.52,ok
2026-09-26,PFO,KTW,2026-10-18,,,unavailable
2026-09-26,PFO,KTW,2026-10-19,,,unavailable
2026-09-26,PFO,KTW,2026-10-20,05:45,547.57,ok
2026-09-26,PFO,KTW,2026-10-21,,,unavailable
2026-09-26,PFO,KTW,2026-10-22,,,unavailable
2026-09-26,PFO,KTW,2026-10-23,,,unavailable
2026-09-26,PFO,KTW,2026-10-24,06:05,455.34,ok
2026-09-26,PFO,KTW,2026-10-25,,,unavailable
2026-09-26,PFO,KTW,2026-10-26,10:55,735.52,ok
2026-09-26,PFO,KTW,2026-10-27,18:55,783.02,ok
2026-09-26,PFO,KTW,2026-10-28,10:40,541.12,ok
2026-09-26,PFO,KTW,2026-10-29,,,unavailable
2026-09-26,PFO,KTW,2026-10-30,,,unavailable
2026-09-26,PFO,KTW,2026-10-31,19:50,1381.43,ok
2026-09-26,PFO,KTW,2026-11-01,,,unavailable
2026-09-26,PFO,KTW,2026-11-02,10:55,696.52,ok
2026-09-26,PFO,KTW,2026-11-03,,,unavailable
2026-09-26,PFO,KTW,2026-11-04,10:40,275.95,ok
2026-09-26,PFO,KTW,2026-11-05,,,unavailable
2026-09-26,PFO,KTW,2026-11-06,,,unavailable
2026-09-26,PFO,KTW,2026-11-07,19:50,630.81,ok
2026-09-26,PFO,KTW,2026-11-08,,,unavailable
2026-09-26,PFO,KTW,2026-11-09,10:55,389.86,ok
2026-09-26,PFO,KTW,2026-11-10,,,unavailable
2026-09-26,PFO,KTW,2026-11-11,,,unavailable
2026-09-26,PFO,KTW,2026-11-12,,,unavailable
2026-09-26,PFO,KTW,2026-11-13,,,unavailable
2026-09-26,PFO,KTW,2026-11-14,19:50,393.32,ok
2026-09-26,PFO,KTW,2026-11-15,,,unavailable
2026-09-26,PFO,KTW,2026-11-16,10:55,258.05,ok
2026-09-26,PFO,KTW,2026-11-17,,,unavailable
2026-09-26,PFO,KTW,2026-11-18,,,unavailable
2026-09-26,PFO,KTW,2026-11-19,,,unavailable
2026-09-26,PFO,KTW,2026-11-20,,,unavailable
2026-09-26,PFO,KTW,2026-11-21,19:50,481.86,ok
2026-09-26,PFO,KTW,2026-11-22,,,unavailable
2026-09-26,PFO,KTW,2026-11-23,10:55,275.95,ok
2026-09-26,PFO,KTW,2026-11-24,,,unavailable
2026-09-26,PFO,KTW,2026-11-25,,,unavailable
2026-09-26,PFO,KTW,2026-11-26,,,unavailable
2026-09-26,PFO,KTW,2026-11-27,,,unavailable
2026-09-26,PFO,KTW,2026-11-28,19:50,165.53,ok
2026-09-26,PFO,KTW,2026-11-29,,,unavailable
2026-09-26,PFO,KTW,2026-11-30,10:55,127.00,ok
2026-09-26,PFO,KTW,2026-12-01,,,unavailable
2026-09-26,PFO,KTW,2026-12-02,,,unavailable
2026-09-26,PFO,KTW,2026-12-03,,,unavailable
2026-09-26,PFO,KTW,2026-12-04,,,unavailable
2026-09-26,PFO,KTW,2026-12-05,19:50,245.29,ok
2026-09-26,PFO,KTW,2026-12-06,,,unavailable
2026-09-26,PFO,KTW,2026-12-07,10:55,106.70,ok
2026-09-26,PFO,KTW,2026-12-08,,,unavailable
2026-09-26,PFO,KTW,2026-12-09,,,unavailable
2026-09-26,PFO,KTW,2026-12-10,,,unavailable
2026-09-26,PFO,KTW,2026-12-11,,,unavailable
2026-09-26,PFO,KTW,2026-12-12,19:50,135.76,ok
2026-09-26,PFO,KTW,2026-12-13,,,unavailable
2026-09-26,PFO,KTW,2026-12-14,10:55,95.00,ok
2026-09-26,PFO,KTW,2026-12-15,,,unavailable
2026-09-26,PFO,KTW,2026-12-16,,,unavailable
2026-09-26,PFO,KTW,2026-12-17,,,unavailable
2026-09-26,PFO,KTW,2026-12-18,,,unavailable
2026-09-26,PFO,KTW,2026-12-19,19:50,123.36,ok
2026-09-26,PFO,KTW,2026-12-20,,,unavailable
2026-09-26,PFO,KTW,2026-12-21,10:55,117.57,ok
2026-09-26,PFO,KTW,2026-12-22,10:55,157.67,ok
2026-09-26,PFO,KTW,2026-12-23,,,unavailable
2026-09-26,PFO,KTW,2026-12-24,,,unavailable
2026-09-26,PFO,KTW,2026-12-25,,,unavailable
2026-09-26,PFO,KTW,2026-12-26,19:50,315.38,ok
2026-09-26,PFO,KTW,2026-12-27,,,unavailable
2026-09-26,PFO,KTW,2026-12-28,10:55,385.40,ok
2026-09-26,PFO,KTW,2026-12-29,10:55,324.14,ok
2026-09-26,PFO,KTW,2026-12-30,,,unavailable
2026-09-26,PFO,KTW,2026-12-31,,,unavailable
2026-09-26,PFO,KTW,2027-01-01,,,unavailable
2026-09-26,PFO,KTW,2027-01-02,19:50,559.12,ok
2026-09-26,PFO,KTW,2027-01-03,,,unavailable
2026-09-26,PFO,KTW,2027-01-04,10:55,490.62,ok
2026-09-26,PFO,KTW,2027-01-05,,,unavailable
2026-09-26,PFO,KTW,2027-01-06,,,unavailable
2026-09-26,PFO,KTW,2027-01-07,,,unavailable
2026-09-26,PFO,KTW,2027-01-08,,,unavailable
2026-09-26,PFO,KTW,2027-01-09,19:50,233.41,ok
2026-09-26,PFO,KTW,2027-01-10,,,unavailable
2026-09-26,PFO,KTW,2027-01-11,10:55,197.10,ok
2026-09-26,PFO,KTW,2027-01-12,,,unavailable
2026-09-26,PFO,KTW,2027-01-13,,,unavailable
2026-09-26,PFO,KTW,2027-01-14,,,unavailable
2026-09-26,PFO,KTW,2027-01-15,,,unavailable
2026-09-26,PFO,KTW,2027-01-16,19:50,131.38,ok
2026-09-26,PFO,KTW,2027-01-17,,,unavailable
2026-09-26,PFO,KTW,2027-01-18,10:55,128.00,ok
2026-09-26,PFO,KTW,2027-01-19,,,unavailable
2026-09-26,PFO,KTW,2027-01-20,,,unavailable
2026-09-26,PFO,KTW,2027-01-21,,,unavailable
2026-09-26,PFO,KTW,2027-01-22,,,unavailable
2026-09-26,PFO,KTW,2027-01-23,19:50,459.39,ok
2026-09-26,PFO,KTW,2027-01-24,,,unavailable
2026-09-26,PFO,KTW,2027-01-25,10:55,274.44,ok
2026-09-26,PFO,KTW,2027-01-26,,,unavailable
2026-09-26,PFO,KTW,2027-01-27,,,unavailable
2026-09-26,PFO,KTW,2027-01-28,,,unavailable
2026-09-26,PFO,KTW,2027-01-29,,,unavailable
2026-09-26,PFO,KTW,2027-01-30,19:50,406.20,ok
2026-09-26,PFO,KTW,2027-01-31,,,unavailable
2026-09-26,PFO,KTW,2027-02-01,10:55,170.81,ok
2026-09-26,PFO,KTW,2027-02-02,,,unavailable
2026-09-26,PFO,KTW,2027-02-03,,,unavailable
2026-09-26,PFO,KTW,2027-02-04,,,unavailable
2026-09-26,PFO,KTW,2027-02-05,21:35,139.61,ok
2026-09-26,PFO,KTW,2027-02-06,19:50,315.38,ok
2026-09-26,PFO,KTW,2027-02-07,,,unavailable
2026-09-26,PFO,KTW,2027-02-08,10:55,319.76,ok
2026-09-26,PFO,KTW,2027-02-09,,,unavailable
2026-09-26,PFO,KTW,2027-02-10,,,unavailable
2026-09-26,PFO,KTW,2027-02-11,,,unavailable
2026-09-26,PFO,KTW,2027-02-12,21:35,153.00,ok
2026-09-26,PFO,KTW,2027-02-13,19:50,213.00,ok
2026-09-26,PFO,KTW,2027-02-14,,,unavailable
2026-09-26,PFO,KTW,2027-02-15,10:55,153.00,ok
2026-09-26,PFO,KTW,2027-02-16,,,unavailable
2026-09-26,PFO,KTW,2027-02-17,,,unavailable
2026-09-26,PFO,KTW,2027-02-18,,,unavailable
2026-09-26,PFO,KTW,2027-02-19,21:35,357.01,ok
2026-09-26,PFO,KTW,2027-02-20,19:50,490.62,ok
2026-09-26,PFO,KTW,2027-02-21,,,unavailable
2026-09-26,PFO,KTW,2027-02-22,10:55,289.00,ok
2026-09-26,PFO,KTW,2027-02-23,,,unavailable
2026-09-26,PFO,KTW,2027-02-24,,,unavailable
2026-09-26,PFO,KTW,2027-02-25,,,unavailable
2026-09-26,PFO,KTW,2027-02-26,21:35,359.19,ok
2026-09-26,PFO,KTW,2027-02-27,19:50,464.33,ok
2026-09-26,PFO,KTW,2027-02-28,,,unavailable
2026-09-26,PFO,KTW,2027-03-01,10:55,267.19,ok
2026-09-26,PFO,KTW,2027-03-02,,,unavailable
2026-09-26,PFO,KTW,2027-03-03,,,unavailable
2026-09-26,PFO,KTW,2027-03-04,,,unavailable
2026-09-26,PFO,KTW,2027-03-05,21:35,332.90,ok
2026-09-26,PFO,KTW,2027-03-06,19:50,183.00,ok
2026-09-26,PFO,KTW,2027-03-07,,,unavailable
2026-09-26,PFO,KTW,2027-03-08,10:55,200.96,ok
2026-09-26,PFO,KTW,2027-03-09,,,unavailable
2026-09-26,PFO,KTW,2027-03-10,,,unavailable
2026-09-26,PFO,KTW,2027-03-11,,,unavailable
2026-09-26,PFO,KTW,2027-03-12,21:35,359.19,ok
2026-09-26,PFO,KTW,2027-03-13,19:50,200.96,ok
2026-09-26,PFO,KTW,2027-03-14,,,unavailable
2026-09-26,PFO,KTW,2027-03-15,10:55,293.48,ok
2026-09-26,PFO,KTW,2027-03-16,,,unavailable
2026-09-26,PFO,KTW,2027-03-17,,,unavailable
2026-09-26,PFO,KTW,2027-03-18,,,unavailable
2026-09-26,PFO,KTW,2027-03-19,21:35,389.86,ok
2026-09-26,PFO,KTW,2027-03-20,19:50,267.19,ok
2026-09-26,PFO,KTW,2027-03-21,,,unavailable
2026-09-26,PFO,KTW,2027-03-22,10:55,183.00,ok
2026-09-26,PFO,KTW,2027-03-23,,,unavailable
2026-09-26,PFO,KTW,2027-03-24,19:05,183.00,ok
2026-09-26,PFO,KTW,2027-03-25,,,unavailable
2026-09-26,PFO,KTW,2027-03-26,21:35,183.00,ok
2026-09-26,PFO,KTW,2027-03-27,19:50,315.72,ok
2026-09-26,PFO,KTW,2027-03-28,22:15,293.38,ok
2026-09-26,PFO,KTW,2027-03-29,,,unavailable
2026-09-26,PFO,KTW,2027-03-30,,,unavailable
2026-09-26,PFO,KTW,2027-03-31,,,unavailable
2026-09-26,PFO,KTW,2027-04-01,10:35,468.00,ok
2026-09-26,PFO,KTW,2027-04-02,,,unavailable
2026-09-26,PFO,KTW,2027-04-03,,,unavailable
2026-09-26,PFO,KTW,2027-04-04,22:15,468.00,ok
2026-09-26,PFO,KTW,2027-04-05,,,unavailable
2026-09-26,PFO,KTW,2027-04-06,,,unavailable
2026-09-26,PFO,KTW,2027-04-07,,,unavailable
2026-09-26,PFO,KTW,2027-04-08,10:35,374.00,ok
2026-09-26,PFO,KTW,2027-04-09,,,unavailable
2026-09-26,PFO,KTW,2027-04-10,,,unavailable
2026-09-26,PFO,KTW,2027-04-11,22:15,327.00,ok
2026-09-26,PFO,KTW,2027-04-12,,,unavailable
2026-09-26,PFO,KTW,2027-04-13,,,unavailable
2026-09-26,PFO,KTW,2027-04-14,,,unavailable
2026-09-26,PFO,KTW,2027-04-15,10:35,331.38,ok
2026-09-26,PFO,KTW,2027-04-16,,,unavailable
2026-09-26,PFO,KTW,2027-04-17,,,unavailable
2026-09-26,PFO,KTW,2027-04-18,22:15,293.38,ok
2026-09-26,PFO,KTW,2027-04-19,,,unavailable
2026-09-26,PFO,KTW,2027-04-20,,,unavailable
2026-09-26,PFO,KTW,2027-04-21,,,unavailable
2026-09-26,PFO,KTW,2027-04-22,10:35,289.00,ok
2026-09-26,PFO,KTW,2027-04-23,,,unavailable
2026-09-26,PFO,KTW,2027-04-24,,,unavailable
2026-09-26,PFO,KTW,2027-04-25,22:15,289.00,ok
2026-09-26,PFO,KTW,2027-04-26,,,unavailable
2026-09-26,PFO,KTW,2027-04-27,,,unavailable
2026-09-26,PFO,KTW,2027-04-28,,,unavailable
2026-09-26,PFO,KTW,2027-04-29,10:35,327.00,ok
2026-09-26,PFO,KTW,2027-04-30,,,unavailable
2026-09-26,PFO,KTW,2027-05-01,,,unavailable
2026-09-26,PFO,KTW,2027-05-02,22:15,425.00,ok
2026-09-26,PFO,KTW,2027-05-03,,,unavailable
2026-09-26,PFO,KTW,2027-05-04,,,unavailable
2026-09-26,PFO,KTW,2027-05-05,,,unavailable
2026-09-26,PFO,KTW,2027-05-06,10:35,378.38,ok
2026-09-26,PFO,KTW,2027-05-07,,,unavailable
2026-09-26,PFO,KTW,2027-05-08,,,unavailable
2026-09-26,PFO,KTW,2027-05-09,22:15,378.38,ok
2026-09-26,PFO,KTW,2027-05-10,,,unavailable
2026-09-26,PFO,KTW,2027-05-11,,,unavailable
2026-09-26,PFO,KTW,2027-05-12,,,unavailable
2026-09-26,PFO,KTW,2027-05-13,10:35,374.00,ok
2026-09-26,PFO,KTW,2027-05-14,,,unavailable
2026-09-26,PFO,KTW,2027-05-15,,,unavailable
2026-09-26,PFO,KTW,2027-05-16,22:15,468.00,ok
2026-09-26,PFO,KTW,2027-05-17,,,unavailable
2026-09-26,PFO,KTW,2027-05-18,,,unavailable
2026-09-26,PFO,KTW,2027-05-19,,,unavailable
2026-09-26,PFO,KTW,2027-05-20,10:35,327.00,ok
2026-09-26,PFO,KTW,2027-05-21,,,unavailable
2026-09-26,PFO,KTW,2027-05-22,,,unavailable
2026-09-26,PFO,KTW,2027-05-23,22:15,374.00,ok
2026-09-26,PFO,KTW,2027-05-24,,,unavailable
2026-09-26,PFO,KTW,2027-05-25,,,unavailable
2026-09-26,PFO,KTW,2027-05-26,,,unavailable
2026-09-26,PFO,KTW,2027-05-27,10:35,327.00,ok
2026-09-26,PFO,KTW,2027-05-28,,,unavailable
2026-09-26,PFO,KTW,2027-05-29,,,unavailable
2026-09-26,PFO,KTW,2027-05-30,22:15,374.00,ok
2026-09-26,PFO,KTW,2027-05-31,,,unavailable
2026-09-26,PFO,KTW,2027-06-01,,,unavailable
2026-09-26,PFO,KTW,2027-06-02,,,unavailable
2026-09-26,PFO,KTW,2027-06-03,10:35,289.00,ok
2026-09-26,PFO,KTW,2027-06-04,,,unavailable
2026-09-26,PFO,KTW,2027-06-05,,,unavailable
2026-09-26,PFO,KTW,2027-06-06,22:15,565.00,ok
2026-09-26,PFO,KTW,2027-06-07,,,unavailable
2026-09-26,PFO,KTW,2027-06-08,,,unavailable
2026-09-26,PFO,KTW,2027-06-09,,,unavailable
2026-09-26,PFO,KTW,2027-06-10,10:35,289.00,ok
2026-09-26,PFO,KTW,2027-06-11,,,unavailable
2026-09-26,PFO,KTW,2027-06-12,,,unavailable
2026-09-26,PFO,KTW,2027-06-13,22:15,327.00,ok
2026-09-26,PFO,KTW,2027-06-14,,,unavailable
2026-09-26,PFO,KTW,2027-06-15,,,unavailable
2026-09-26,PFO,KTW,2027-06-16,,,unavailable
2026-09-26,PFO,KTW,2027-06-17,10:35,289.00,ok
2026-09-26,PFO,KTW,2027-06-18,,,unavailable
2026-09-26,PFO,KTW,2027-06-19,,,unavailable
2026-09-26,PFO,KTW,2027-06-20,22:15,374.00,ok
2026-09-26,PFO,KTW,2027-06-21,,,unavailable
2026-09-26,PFO,KTW,2027-06-22,,,unavailable
2026-09-26,PFO,KTW,2027-06-23,,,unavailable
2026-09-26,PFO,KTW,2027-06-24,10:35,293.38,ok
2026-09-26,PFO,KTW,2027-06-25,,,unavailable
2026-09-26,PFO,KTW,2027-06-26,,,unavailable
2026-09-26,PFO,KTW,2027-06-27,22:15,374.00,ok
2026-09-26,PFO,KTW,2027-06-28,,,unavailable
2026-09-26,PFO,KTW,2027-06-29,,,unavailable
2026-09-26,PFO,KTW,2027-06-30,,,unavailable
2026-09-26,PFO,KTW,2027-07-01,10:35,289.00,ok
2026-09-26,PFO,KTW,2027-07-02,,,unavailable
2026-09-26,PFO,KTW,2027-07-03,,,unavailable
2026-09-26,PFO,KTW,2027-07-04,22:15,425.00,ok
2026-09-26,PFO,KTW,2027-07-05,,,unavailable
2026-09-26,PFO,KTW,2027-07-06,,,unavailable
2026-09-26,PFO,KTW,2027-07-07,,,unavailable
2026-09-26,PFO,KTW,2027-07-08,10:35,289.00,ok
2026-09-26,PFO,KTW,2027-07-09,,,unavailable
2026-09-26,PFO,KTW,2027-07-10,,,unavailable
2026-09-26,PFO,KTW,2027-07-11,22:15,565.00,ok
2026-09-26,PFO,KTW,2027-07-12,,,unavailable
2026-09-26,PFO,KTW,2027-07-13,,,unavailable
2026-09-26,PFO,KTW,2027-07-14,,,unavailable
2026-09-26,PFO,KTW,2027-07-15,10:35,289.00,ok
2026-09-26,PFO,KTW,2027-07-16,,,unavailable
2026-09-26,PFO,KTW,2027-07-17,,,unavailable
2026-09-26,PFO,KTW,2027-07-18,22:15,565.00,ok
2026-09-26,PFO,KTW,2027-07-19,,,unavailable
2026-09-26,PFO,KTW,2027-07-20,,,unavailable
2026-09-26,PFO,KTW,2027-07-21,,,unavailable
2026-09-26,PFO,KTW,2027-07-22,10:35,289.00,ok
2026-09-26,PFO,KTW,2027-07-23,,,unavailable
2026-09-26,PFO,KTW,2027-07-24,,,unavailable
2026-09-26,PFO,KTW,2027-07-25,22:15,514.00,ok
2026-09-26,PFO,KTW,2027-07-26,,,unavailable
2026-09-26,PFO,KTW,2027-07-27,,,unavailable
2026-09-26,PFO,KTW,2027-07-28,,,unavailable
2026-09-26,PFO,KTW,2027-07-29,10:35,289.00,ok
2026-09-26,PFO,KTW,2027-07-30,,,unavailable
2026-09-26,PFO,KTW,2027-07-31,,,unavailable
2026-09-26,PFO,KTW,2027-08-01,22:15,684.00,ok
2026-09-26,PFO,KTW,2027-08-02,,,unavailable
2026-09-26,PFO,KTW,2027-08-03,,,unavailable
2026-09-26,PFO,KTW,2027-08-04,,,unavailable
2026-09-26,PFO,KTW,2027-08-05,10:35,289.00,ok
2026-09-26,PFO,KTW,2027-08-06,,,unavailable
2026-09-26,PFO,KTW,2027-08-07,,,unavailable
2026-09-26,PFO,KTW,2027-08-08,22:15,684.00,ok
2026-09-26,PFO,KTW,2027-08-09,,,unavailable
2026-09-26,PFO,KTW,2027-08-10,,,unavailable
2026-09-26,PFO,KTW,2027-08-11,,,unavailable
2026-09-26,PFO,KTW,2027-08-12,10:35,289.00,ok
2026-09-26,PFO,KTW,2027-08-13,,,unavailable
2026-09-26,PFO,KTW,2027-08-14,,,unavailable
2026-09-26,PFO,KTW,2027-08-15,22:15,684.00,ok
2026-09-26,PFO,KTW,2027-08-16,,,unavailable
2026-09-26,PFO,KTW,2027-08-17,,,unavailable
2026-09-26,PFO,KTW,2027-08-18,,,unavailable
2026-09-26,PFO,KTW,2027-08-19,10:35,289.00,ok
2026-09-26,PFO,KTW,2027-08-20,,,unavailable
2026-09-26,PFO,KTW,2027-08-21,,,unavailable
2026-09-26,PFO,KTW,2027-08-22,22:15,620.00,ok
2026-09-26,PFO,KTW,2027-08-23,,,unavailable
2026-09-26,PFO,KTW,2027-08-24,,,unavailable
2026-09-26,PFO,KTW,2027-08-25,,,unavailable
2026-09-26,PFO,KTW,2027-08-26,10:35,289.00,ok
2026-09-26,PFO,KTW,2027-08-27,,,unavailable
2026-09-26,PFO,KTW,2027-08-28,,,unavailable
2026-09-26,PFO,KTW,2027-08-29,22:15,565.00,ok
2026-09-26,PFO,KTW,2027-08-30,,,unavailable
2026-09-26,PFO,KTW,2027-08-31,,,unavailable
2026-09-26,KTW,PUY,2026-09-26,,,unavailable
2026-09-26,KTW,PUY,2026-09-27,,,unavailable
2026-09-26,KTW,PUY,2026-09-28,20:30,74.39,ok
2026-09-26,KTW,PUY,2026-09-29,,,unavailable
2026-09-26,KTW,PUY,2026-09-30,15:25,74.00,ok
2026-09-26,KTW,PUY,2026-10-01,,,unavailable
2026-09-26,KTW,PUY,2026-10-02,,,unavailable
2026-09-26,KTW,PUY,2026-10-03,,,unavailable
2026-09-26,KTW,PUY,2026-10-04,,,unavailable
2026-09-26,KTW,PUY,2026-10-05,,,unavailable
2026-09-26,KTW,PUY,2026-10-06,,,unavailable
2026-09-26,KTW,PUY,2026-10-07,,,unavailable
2026-09-26,KTW,PUY,2026-10-08,,,unavailable
2026-09-26,KTW,PUY,2026-10-09,,,unavailable
2026-09-26,KTW,PUY,2026-10-10,,,unavailable
2026-09-26,KTW,PUY,2026-10-11,,,unavailable
2026-09-26,KTW,PUY,2026-10-12,,,unavailable
2026-09-26,KTW,PUY,2026-10-13,,,unavailable
2026-09-26,KTW,PUY,2026-10-14,,,unavailable
2026-09-26,KTW,PUY,2026-10-15,,,unavailable
2026-09-26,KTW,PUY,2026-10-16,,,unavailable
2026-09-26,KTW,PUY,2026-10-17,,,unavailable
2026-09-26,KTW,PUY,2026-10-18,,,unavailable
2026-09-26,KTW,PUY,2026-10-19,,,unavailable
2026-09-26,KTW,PUY,2026-10-20,,,unavailable
2026-09-26,KTW,PUY,2026-10-21,,,unavailable
2026-09-26,KTW,PUY,2026-10-22,,,unavailable
2026-09-26,KTW,PUY,2026-10-23,,,unavailable
2026-09-26,KTW,PUY,2026-10-24,,,unavailable
2026-09-26,KTW,PUY,2026-10-25,,,unavailable
2026-09-26,KTW,PUY,2026-10-26,,,unavailable
2026-09-26,KTW,PUY,2026-10-27,,,unavailable
2026-09-26,KTW,PUY,2026-10-28,,,unavailable
2026-09-26,KTW,PUY,2026-10-29,,,unavailable
2026-09-26,KTW,PUY,2026-10-30,,,unavailable
2026-09-26,KTW,PUY,2026-10-31,,,unavailable
2026-09-26,KTW,PUY,2026-11-01,,,unavailable
2026-09-26,KTW,PUY,2026-11-02,,,unavailable
2026-09-26,KTW,PUY,2026-11-03,,,unavailable
2026-09-26,KTW,PUY,2026-11-04,,,unavailable
2026-09-26,KTW,PUY,2026-11-05,,,unavailable
2026-09-26,KTW,PUY,2026-11-06,,,unavailable
2026-09-26,KTW,PUY,2026-11-07,,,unavailable
2026-09-26,KTW,PUY,2026-11-08,,,unavailable
2026-09-26,KTW,PUY,2026-11-09,,,unavailable
2026-09-26,KTW,PUY,2026-11-10,,,unavailable
2026-09-26,KTW,PUY,2026-11-11,,,unavailable
2026-09-26,KTW,PUY,2026-11-12,,,unavailable
2026-09-26,KTW,PUY,2026-11-13,,,unavailable
2026-09-26,KTW,PUY,2026-11-14,,,unavailable
2026-09-26,KTW,PUY,2026-11-15,,,unavailable
2026-09-26,KTW,PUY,2026-11-16,,,unavailable
2026-09-26,KTW,PUY,2026-11-17,,,unavailable
2026-09-26,KTW,PUY,2026-11-18,,,unavailable
2026-09-26,KTW,PUY,2026-11-19,,,unavailable
2026-09-26,KTW,PUY,2026-11-20,,,unavailable
2026-09-26,KTW,PUY,2026-11-21,,,unavailable
2026-09-26,KTW,PUY,2026-11-22,,,unavailable
2026-09-26,KTW,PUY,2026-11-23,,,unavailable
2026-09-26,KTW,PUY,2026-11-24,,,unavailable
2026-09-26,KTW,PUY,2026-11-25,,,unavailable
2026-09-26,KTW,PUY,2026-11-26,,,unavailable
2026-09-26,KTW,PUY,2026-11-27,,,unavailable
2026-09-26,KTW,PUY,2026-11-28,,,unavailable
2026-09-26,KTW,PUY,2026-11-29,,,unavailable
2026-09-26,KTW,PUY,2026-11-30,,,unavailable
2026-09-26,KTW,PUY,2026-12-01,,,unavailable
2026-09-26,KTW,PUY,2026-12-02,,,unavailable
2026-09-26,KTW,PUY,2026-12-03,,,unavailable
2026-09-26,KTW,PUY,2026-12-04,,,unavailable
2026-09-26,KTW,PUY,2026-12-05,,,unavailable
2026-09-26,KTW,PUY,2026-12-06,,,unavailable
2026-09-26,KTW,PUY,2026-12-07,,,unavailable
2026-09-26,KTW,PUY,2026-12-08,,,unavailable
2026-09-26,KTW,PUY,2026-12-09,,,unavailable
2026-09-26,KTW,PUY,2026-12-10,,,unavailable
2026-09-26,KTW,PUY,2026-12-11,,,unavailable
2026-09-26,KTW,PUY,2026-12-12,,,unavailable
2026-09-26,KTW,PUY,2026-12-13,,,unavailable
2026-09-26,KTW,PUY,2026-12-14,,,unavailable
2026-09-26,KTW,PUY,2026-12-15,,,unavailable
2026-09-26,KTW,PUY,2026-12-16,,,unavailable
2026-09-26,KTW,PUY,2026-12-17,,,unavailable
2026-09-26,KTW,PUY,2026-12-18,,,unavailable
2026-09-26,KTW,PUY,2026-12-19,,,unavailable
2026-09-26,KTW,PUY,2026-12-20,,,unavailable
2026-09-26,KTW,PUY,2026-12-21,,,unavailable
2026-09-26,KTW,PUY,2026-12-22,,,unavailable
2026-09-26,KTW,PUY,2026-12-23,,,unavailable
2026-09-26,KTW,PUY,2026-12-24,,,unavailable
2026-09-26,KTW,PUY,2026-12-25,,,unavailable
2026-09-26,KTW,PUY,2026-12-26,,,unavailable
2026-09-26,KTW,PUY,2026-12-27,,,unavailable
2026-09-26,KTW,PUY,2026-12-28,,,unavailable
2026-09-26,KTW,PUY,2026-12-29,,,unavailable
2026-09-26,KTW,PUY,2026-12-30,,,unavailable
2026-09-26,KTW,PUY,2026-12-31,,,unavailable
2026-09-26,KTW,PUY,2027-01-01,,,unavailable
2026-09-26,KTW,PUY,2027-01-02,,,unavailable
2026-09-26,KTW,PUY,2027-01-03,,,unavailable
2026-09-26,KTW,PUY,2027-01-04,,,unavailable
2026-09-26,KTW,PUY,2027-01-05,,,unavailable
2026-09-26,KTW,PUY,2027-01-06,,,unavailable
2026-09-26,KTW,PUY,2027-01-07,,,unavailable
2026-09-26,KTW,PUY,2027-01-08,,,unavailable
2026-09-26,KTW,PUY,2027-01-09,,,unavailable
2026-09-26,KTW,PUY,2027-01-10,,,unavailable
2026-09-26,KTW,PUY,2027-01-11,,,unavailable
2026-09-26,KTW,PUY,2027-01-12,,,unavailable
2026-09-26,KTW,PUY,2027-01-13,,,unavailable
2026-09-26,KTW,PUY,2027-01-14,,,unavailable
2026-09-26,KTW,PUY,2027-01-15,,,unavailable
2026-09-26,KTW,PUY,2027-01-16,,,unavailable
2026-09-26,KTW,PUY,2027-01-17,,,unavailable
2026-09-26,KTW,PUY,2027-01-18,,,unavailable
2026-09-26,KTW,PUY,2027-01-19,,,unavailable
2026-09-26,KTW,PUY,2027-01-20,,,unavailable
2026-09-26,KTW,PUY,2027-01-21,,,unavailable
2026-09-26,KTW,PUY,2027-01-22,,,unavailable
2026-09-26,KTW,PUY,2027-01-23,,,unavailable
2026-09-26,KTW,PUY,2027-01-24,,,unavailable
2026-09-26,KTW,PUY,2027-01-25,,,unavailable
2026-09-26,KTW,PUY,2027-01-26,,,unavailable
2026-09-26,KTW,PUY,2027-01-27,,,unavailable
2026-09-26,KTW,PUY,2027-01-28,,,unavailable
2026-09-26,KTW,PUY,2027-01-29,,,unavailable
2026-09-26,KTW,PUY,2027-01-30,,,unavailable
2026-09-26,KTW,PUY,2027-01-31,,,unavailable
2026-09-26,KTW,PUY,2027-02-01,,,unavailable
2026-09-26,KTW,PUY,2027-02-02,,,unavailable
2026-09-26,KTW,PUY,2027-02-03,,,unavailable
2026-09-26,KTW,PUY,2027-02-04,,,unavailable
2026-09-26,KTW,PUY,2027-02-05,,,unavailable
2026-09-26,KTW,PUY,2027-02-06,,,unavailable
2026-09-26,KTW,PUY,2027-02-07,,,unavailable
2026-09-26,KTW,PUY,2027-02-08,,,unavailable
2026-09-26,KTW,PUY,2027-02-09,,,unavailable
2026-09-26,KTW,PUY,2027-02-10,,,unavailable
2026-09-26,KTW,PUY,2027-02-11,,,unavailable
2026-09-26,KTW,PUY,2027-02-12,,,unavailable
2026-09-26,KTW,PUY,2027-02-13,,,unavailable
2026-09-26,KTW,PUY,2027-02-14,,,unavailable
2026-09-26,KTW,PUY,2027-02-15,,,unavailable
2026-09-26,KTW,PUY,2027-02-16,,,unavailable
2026-09-26,KTW,PUY,2027-02-17,,,unavailable
2026-09-26,KTW,PUY,2027-02-18,,,unavailable
2026-09-26,KTW,PUY,2027-02-19,,,unavailable
2026-09-26,KTW,PUY,2027-02-20,,,unavailable
2026-09-26,KTW,PUY,2027-02-21,,,unavailable
2026-09-26,KTW,PUY,2027-02-22,,,unavailable
2026-09-26,KTW,PUY,2027-02-23,,,unavailable
2026-09-26,KTW,PUY,2027-02-24,,,unavailable
2026-09-26,KTW,PUY,2027-02-25,,,unavailable
2026-09-26,KTW,PUY,2027-02-26,,,unavailable
2026-09-26,KTW,PUY,2027-02-27,,,unavailable
2026-09-26,KTW,PUY,2027-02-28,,,unavailable
2026-09-26,KTW,PUY,2027-03-01,,,unavailable
2026-09-26,KTW,PUY,2027-03-02,,,unavailable
2026-09-26,KTW,PUY,2027-03-03,,,unavailable
2026-09-26,KTW,PUY,2027-03-04,,,unavailable
2026-09-26,KTW,PUY,2027-03-05,,,unavailable
2026-09-26,KTW,PUY,2027-03-06,,,unavailable
2026-09-26,KTW,PUY,2027-03-07,,,unavailable
2026-09-26,KTW,PUY,2027-03-08,,,unavailable
2026-09-26,KTW,PUY,2027-03-09,,,unavailable
2026-09-26,KTW,PUY,2027-03-10,,,unavailable
2026-09-26,KTW,PUY,2027-03-11,,,unavailable
2026-09-26,KTW,PUY,2027-03-12,,,unavailable
2026-09-26,KTW,PUY,2027-03-13,,,unavailable
2026-09-26,KTW,PUY,2027-03-14,,,unavailable
2026-09-26,KTW,PUY,2027-03-15,,,unavailable
2026-09-26,KTW,PUY,2027-03-16,,,unavailable
2026-09-26,KTW,PUY,2027-03-17,,,unavailable
2026-09-26,KTW,PUY,2027-03-18,,,unavailable
2026-09-26,KTW,PUY,2027-03-19,,,unavailable
2026-09-26,KTW,PUY,2027-03-20,,,unavailable
2026-09-26,KTW,PUY,2027-03-21,,,unavailable
2026-09-26,KTW,PUY,2027-03-22,,,unavailable
2026-09-26,KTW,PUY,2027-03-23,,,unavailable
2026-09-26,KTW,PUY,2027-03-24,,,unavailable
2026-09-26,KTW,PUY,2027-03-25,,,unavailable
2026-09-26,KTW,PUY,2027-03-26,,,unavailable
2026-09-26,KTW,PUY,2027-03-27,,,unavailable
2026-09-26,KTW,PUY,2027-03-28,,,unavailable
2026-09-26,KTW,PUY,2027-03-29,,,unavailable
2026-09-26,KTW,PUY,2027-03-30,,,unavailable
2026-09-26,KTW,PUY,2027-03-31,,,unavailable
2026-09-26,KTW,PUY,2027-04-01,,,unavailable
2026-09-26,KTW,PUY,2027-04-02,,,unavailable
2026-09-26,KTW,PUY,2027-04-03,,,unavailable
2026-09-26,KTW,PUY,2027-04-04,,,unavailable
2026-09-26,KTW,PUY,2027-04-05,,,unavailable
2026-09-26,KTW,PUY,2027-04-06,,,unavailable
2026-09-26,KTW,PUY,2027-04-07,,,unavailable
2026-09-26,KTW,PUY,2027-04-08,,,unavailable
2026-09-26,KTW,PUY,2027-04-09,,,unavailable
2026-09-26,KTW,PUY,2027-04-10,,,unavailable
2026-09-26,KTW,PUY,2027-04-11,,,unavailable
2026-09-26,KTW,PUY,2027-04-12,,,unavailable
2026-09-26,KTW,PUY,2027-04-13,,,unavailable
2026-09-26,KTW,PUY,2027-04-14,,,unavailable
2026-09-26,KTW,PUY,2027-04-15,,,unavailable
2026-09-26,KTW,PUY,2027-04-16,,,unavailable
2026-09-26,KTW,PUY,2027-04-17,,,unavailable
2026-09-26,KTW,PUY,2027-04-18,,,unavailable
2026-09-26,KTW,PUY,2027-04-19,,,unavailable
2026-09-26,KTW,PUY,2027-04-20,,,unavailable
2026-09-26,KTW,PUY,2027-04-21,,,unavailable
2026-09-26,KTW,PUY,2027-04-22,,,unavailable
2026-09-26,KTW,PUY,2027-04-23,,,unavailable
2026-09-26,KTW,PUY,2027-04-24,,,unavailable
2026-09-26,KTW,PUY,2027-04-25,,,unavailable
2026-09-26,KTW,PUY,2027-04-26,,,unavailable
2026-09-26,KTW,PUY,2027-04-27,,,unavailable
2026-09-26,KTW,PUY,2027-04-28,,,unavailable
2026-09-26,KTW,PUY,2027-04-29,,,unavailable
2026-09-26,KTW,PUY,2027-04-30,,,unavailable
2026-09-26,KTW,PUY,2027-05-01,,,unavailable
2026-09-26,KTW,PUY,2027-05-02,,,unavailable
2026-09-26,KTW,PUY,2027-05-03,,,unavailable
2026-09-26,KTW,PUY,2027-05-04,,,unavailable
2026-09-26,KTW,PUY,2027-05-05,,,unavailable
2026-09-26,KTW,PUY,2027-05-06,,,unavailable
2026-09-26,KTW,PUY,2027-05-07,,,unavailable
2026-09-26,KTW,PUY,2027-05-08,,,unavailable
2026-09-26,KTW,PUY,2027-05-09,,,unavailable
2026-09-26,KTW,PUY,2027-05-10,,,unavailable
2026-09-26,KTW,PUY,2027-05-11,,,unavailable
2026-09-26,KTW,PUY,2027-05-12,,,unavailable
2026-09-26,KTW,PUY,2027-05-13,,,unavailable
2026-09-26,KTW,PUY,2027-05-14,,,unavailable
2026-09-26,KTW,PUY,2027-05-15,,,unavailable
2026-09-26,KTW,PUY,2027-05-16,,,unavailable
2026-09-26,KTW,PUY,2027-05-17,,,unavailable
2026-09-26,KTW,PUY,2027-05-18,,,unavailable
2026-09-26,KTW,PUY,2027-05-19,,,unavailable
2026-09-26,KTW,PUY,2027-05-20,,,unavailable
2026-09-26,KTW,PUY,2027-05-21,,,unavailable
2026-09-26,KTW,PUY,2027-05-22,,,unavailable
2026-09-26,KTW,PUY,2027-05-23,,,unavailable
2026-09-26,KTW,PUY,2027-05-24,,,unavailable
2026-09-26,KTW,PUY,2027-05-25,,,unavailable
2026-09-26,KTW,PUY,2027-05-26,,,unavailable
2026-09-26,KTW,PUY,2027-05-27,,,unavailable
2026-09-26,KTW,PUY,2027-05-28,,,unavailable
2026-09-26,KTW,PUY,2027-05-29,,,unavailable
2026-09-26,KTW,PUY,2027-05-30,,,unavailable
2026-09-26,KTW,PUY,2027-05-31,,,unavailable
2026-09-26,KTW,PUY,2027-06-01,,,unavailable
2026-09-26,KTW,PUY,2027-06-02,06:15,289.00,ok
2026-09-26,KTW,PUY,2027-06-03,,,unavailable
2026-09-26,KTW,PUY,2027-06-04,16:20,251.00,ok
2026-09-26,KTW,PUY,2027-06-05,06:00,251.00,ok
2026-09-26,KTW,PUY,2027-06-06,,,unavailable
2026-09-26,KTW,PUY,2027-06-07,06:00,251.00,ok
2026-09-26,KTW,PUY,2027-06-08,,,unavailable
2026-09-26,KTW,PUY,2027-06-09,06:15,251.00,ok
2026-09-26,KTW,PUY,2027-06-10,,,unavailable
2026-09-26,KTW,PUY,2027-06-11,16:20,289.00,ok
2026-09-26,KTW,PUY,2027-06-12,06:00,289.00,ok
2026-09-26,KTW,PUY,2027-06-13,,,unavailable
2026-09-26,KTW,PUY,2027-06-14,06:00,251.00,ok
2026-09-26,KTW,PUY,2027-06-15,,,unavailable
2026-09-26,KTW,PUY,2027-06-16,06:15,251.00,ok
2026-09-26,KTW,PUY,2027-06-17,,,unavailable
2026-09-26,KTW,PUY,2027-06-18,16:20,289.00,ok
2026-09-26,KTW,PUY,2027-06-19,06:00,289.00,ok
2026-09-26,KTW,PUY,2027-06-20,,,unavailable
2026-09-26,KTW,PUY,2027-06-21,06:00,251.00,ok
2026-09-26,KTW,PUY,2027-06-22,,,unavailable
2026-09-26,KTW,PUY,2027-06-23,06:15,255.38,ok
2026-09-26,KTW,PUY,2027-06-24,,,unavailable
2026-09-26,KTW,PUY,2027-06-25,16:20,289.00,ok
2026-09-26,KTW,PUY,2027-06-26,06:00,289.00,ok
2026-09-26,KTW,PUY,2027-06-27,,,unavailable
2026-09-26,KTW,PUY,2027-06-28,06:00,332.00,ok
2026-09-26,KTW,PUY,2027-06-29,,,unavailable
2026-09-26,KTW,PUY,2027-06-30,06:15,332.00,ok
2026-09-26,KTW,PUY,2027-07-01,,,unavailable
2026-09-26,KTW,PUY,2027-07-02,16:20,289.00,ok
2026-09-26,KTW,PUY,2027-07-03,06:00,289.00,ok
2026-09-26,KTW,PUY,2027-07-04,,,unavailable
2026-09-26,KTW,PUY,2027-07-05,06:00,289.00,ok
2026-09-26,KTW,PUY,2027-07-06,,,unavailable
2026-09-26,KTW,PUY,2027-07-07,06:15,251.00,ok
2026-09-26,KTW,PUY,2027-07-08,,,unavailable
2026-09-26,KTW,PUY,2027-07-09,16:20,251.00,ok
2026-09-26,KTW,PUY,2027-07-10,06:00,251.00,ok
2026-09-26,KTW,PUY,2027-07-11,,,unavailable
2026-09-26,KTW,PUY,2027-07-12,06:00,251.00,ok
2026-09-26,KTW,PUY,2027-07-13,,,unavailable
2026-09-26,KTW,PUY,2027-07-14,06:15,251.00,ok
2026-09-26,KTW,PUY,2027-07-15,,,unavailable
2026-09-26,KTW,PUY,2027-07-16,16:20,289.00,ok
2026-09-26,KTW,PUY,2027-07-17,06:00,289.00,ok
2026-09-26,KTW,PUY,2027-07-18,,,unavailable
2026-09-26,KTW,PUY,2027-07-19,06:00,289.00,ok
2026-09-26,KTW,PUY,2027-07-20,,,unavailable
2026-09-26,KTW,PUY,2027-07-21,06:15,251.00,ok
2026-09-26,KTW,PUY,2027-07-22,,,unavailable
2026-09-26,KTW,PUY,2027-07-23,16:20,332.00,ok
2026-09-26,KTW,PUY,2027-07-24,06:00,332.00,ok
2026-09-26,KTW,PUY,2027-07-25,,,unavailable
2026-09-26,KTW,PUY,2027-07-26,06:00,289.00,ok
2026-09-26,KTW,PUY,2027-07-27,,,unavailable
2026-09-26,KTW,PUY,2027-07-28,06:15,251.00,ok
2026-09-26,KTW,PUY,2027-07-29,,,unavailable
2026-09-26,KTW,PUY,2027-07-30,16:20,289.00,ok
2026-09-26,KTW,PUY,2027-07-31,06:00,289.00,ok
2026-09-26,KTW,PUY,2027-08-01,,,unavailable
2026-09-26,KTW,PUY,2027-08-02,06:00,289.00,ok
2026-09-26,KTW,PUY,2027-08-03,,,unavailable
2026-09-26,KTW,PUY,2027-08-04,06:15,251.00,ok
2026-09-26,KTW,PUY,2027-08-05,,,unavailable
2026-09-26,KTW,PUY,2027-08-06,16:20,289.00,ok
2026-09-26,KTW,PUY,2027-08-07,06:00,289.00,ok
2026-09-26,KTW,PUY,2027-08-08,,,unavailable
2026-09-26,KTW,PUY,2027-08-09,06:00,251.00,ok
2026-09-26,KTW,PUY,2027-08-10,,,unavailable
2026-09-26,KTW,PUY,2027-08-11,06:15,251.00,ok
2026-09-26,KTW,PUY,2027-08-12,,,unavailable
2026-09-26,KTW,PUY,2027-08-13,16:20,332.00,ok
2026-09-26,KTW,PUY,2027-08-14,06:00,332.00,ok
2026-09-26,KTW,PUY,2027-08-15,,,unavailable
2026-09-26,KTW,PUY,2027-08-16,06:00,332.00,ok
2026-09-26,KTW,PUY,2027-08-17,,,unavailable
2026-09-26,KTW,PUY,2027-08-18,06:15,289.00,ok
2026-09-26,KTW,PUY,2027-08-19,,,unavailable
2026-09-26,KTW,PUY,2027-08-20,16:20,332.00,ok
2026-09-26,KTW,PUY,2027-08-21,06:00,332.00,ok
2026-09-26,KTW,PUY,2027-08-22,,,unavailable
2026-09-26,KTW,PUY,2027-08-23,06:00,251.00,ok
2026-09-26,KTW,PUY,2027-08-24,,,unavailable
2026-09-26,KTW,PUY,2027-08-25,06:15,251.00,ok
2026-09-26,KTW,PUY,2027-08-26,,,unavailable
2026-09-26,KTW,PUY,2027-08-27,16:20,289.00,ok
2026-09-26,KTW,PUY,2027-08-28,06:00,289.00,ok
2026-09-26,KTW,PUY,2027-08-29,,,unavailable
2026-09-26,KTW,PUY,2027-08-30,06:00,251.00,ok
2026-09-26,KTW,PUY,2027-08-31,,,unavailable
2026-09-26,PUY,KTW,2026-09-26,,,unavailable
2026-09-26,PUY,KTW,2026-09-27,,,unavailable
2026-09-26,PUY,KTW,2026-09-28,22:30,557.98,ok
2026-09-26,PUY,KTW,2026-09-29,,,unavailable
2026-09-26,PUY,KTW,2026-09-30,17:25,306.22,ok
2026-09-26,PUY,KTW,2026-10-01,,,unavailable
2026-09-26,PUY,KTW,2026-10-02,,,unavailable
2026-09-26,PUY,KTW,2026-10-03,,,unavailable
2026-09-26,PUY,KTW,2026-10-04,,,unavailable
2026-09-26,PUY,KTW,2026-10-05,,,unavailable
2026-09-26,PUY,KTW,2026-10-06,,,unavailable
2026-09-26,PUY,KTW,2026-10-07,,,unavailable
2026-09-26,PUY,KTW,2026-10-08,,,unavailable
2026-09-26,PUY,KTW,2026-10-09,,,unavailable
2026-09-26,PUY,KTW,2026-10-10,,,unavailable
2026-09-26,PUY,KTW,2026-10-11,,,unavailable
2026-09-26,PUY,KTW,2026-10-12,,,unavailable
2026-09-26,PUY,KTW,2026-10-13,,,unavailable
2026-09-26,PUY,KTW,2026-10-14,,,unavailable
2026-09-26,PUY,KTW,2026-10-15,,,unavailable
2026-09-26,PUY,KTW,2026-10-16,,,unavailable
2026-09-26,PUY,KTW,2026-10-17,,,unavailable
2026-09-26,PUY,KTW,2026-10-18,,,unavailable
2026-09-26,PUY,KTW,2026-10-19,,,unavailable
2026-09-26,PUY,KTW,2026-10-20,,,unavailable
2026-09-26,PUY,KTW,2026-10-21,,,unavailable
2026-09-26,PUY,KTW,2026-10-22,,,unavailable
2026-09-26,PUY,KTW,2026-10-23,,,unavailable
2026-09-26,PUY,KTW,2026-10-24,,,unavailable
2026-09-26,PUY,KTW,2026-10-25,,,unavailable
2026-09-26,PUY,KTW,2026-10-26,,,unavailable
2026-09-26,PUY,KTW,2026-10-27,,,unavailable
2026-09-26,PUY,KTW,2026-10-28,,,unavailable
2026-09-26,PUY,KTW,2026-10-29,,,unavailable
2026-09-26,PUY,KTW,2026-10-30,,,unavailable
2026-09-26,PUY,KTW,2026-10-31,,,unavailable
2026-09-26,PUY,KTW,2026-11-01,,,unavailable
2026-09-26,PUY,KTW,2026-11-02,,,unavailable
2026-09-26,PUY,KTW,2026-11-03,,,unavailable
2026-09-26,PUY,KTW,2026-11-04,,,unavailable
2026-09-26,PUY,KTW,2026-11-05,,,unavailable
2026-09-26,PUY,KTW,2026-11-06,,,unavailable
2026-09-26,PUY,KTW,2026-11-07,,,unavailable
2026-09-26,PUY,KTW,2026-11-08,,,unavailable
2026-09-26,PUY,KTW,2026-11-09,,,unavailable
2026-09-26,PUY,KTW,2026-11-10,,,unavailable
2026-09-26,PUY,KTW,2026-11-11,,,unavailable
2026-09-26,PUY,KTW,2026-11-12,,,unavailable
2026-09-26,PUY,KTW,2026-11-13,,,unavailable
2026-09-26,PUY,KTW,2026-11-14,,,unavailable
2026-09-26,PUY,KTW,2026-11-15,,,unavailable
2026-09-26,PUY,KTW,2026-11-16,,,unavailable
2026-09-26,PUY,KTW,2026-11-17,,,unavailable
2026-09-26,PUY,KTW,2026-11-18,,,unavailable
2026-09-26,PUY,KTW,2026-11-19,,,unavailable
2026-09-26,PUY,KTW,2026-11-20,,,unavailable
2026-09-26,PUY,KTW,2026-11-21,,,unavailable
2026-09-26,PUY,KTW,2026-11-22,,,unavailable
2026-09-26,PUY,KTW,2026-11-23,,,unavailable
2026-09-26,PUY,KTW,2026-11-24,,,unavailable
2026-09-26,PUY,KTW,2026-11-25,,,unavailable
2026-09-26,PUY,KTW,2026-11-26,,,unavailable
2026-09-26,PUY,KTW,2026-11-27,,,unavailable
2026-09-26,PUY,KTW,2026-11-28,,,unavailable
2026-09-26,PUY,KTW,2026-11-29,,,unavailable
2026-09-26,PUY,KTW,2026-11-30,,,unavailable
2026-09-26,PUY,KTW,2026-12-01,,,unavailable
2026-09-26,PUY,KTW,2026-12-02,,,unavailable
2026-09-26,PUY,KTW,2026-12-03,,,unavailable
2026-09-26,PUY,KTW,2026-12-04,,,unavailable
2026-09-26,PUY,KTW,2026-12-05,,,unavailable
2026-09-26,PUY,KTW,2026-12-06,,,unavailable
2026-09-26,PUY,KTW,2026-12-07,,,unavailable
2026-09-26,PUY,KTW,2026-12-08,,,unavailable
2026-09-26,PUY,KTW,2026-12-09,,,unavailable
2026-09-26,PUY,KTW,2026-12-10,,,unavailable
2026-09-26,PUY,KTW,2026-12-11,,,unavailable
2026-09-26,PUY,KTW,2026-12-12,,,unavailable
2026-09-26,PUY,KTW,2026-12-13,,,unavailable
2026-09-26,PUY,KTW,2026-12-14,,,unavailable
2026-09-26,PUY,KTW,2026-12-15,,,unavailable
2026-09-26,PUY,KTW,2026-12-16,,,unavailable
2026-09-26,PUY,KTW,2026-12-17,,,unavailable
2026-09-26,PUY,KTW,2026-12-18,,,unavailable
2026-09-26,PUY,KTW,2026-12-19,,,unavailable
2026-09-26,PUY,KTW,2026-12-20,,,unavailable
2026-09-26,PUY,KTW,2026-12-21,,,unavailable
2026-09-26,PUY,KTW,2026-12-22,,,unavailable
2026-09-26,PUY,KTW,2026-12-23,,,unavailable
2026-09-26,PUY,KTW,2026-12-24,,,unavailable
2026-09-26,PUY,KTW,2026-12-25,,,unavailable
2026-09-26,PUY,KTW,2026-12-26,,,unavailable
2026-09-26,PUY,KTW,2026-12-27,,,unavailable
2026-09-26,PUY,KTW,2026-12-28,,,unavailable
2026-09-26,PUY,KTW,2026-12-29,,,unavailable
2026-09-26,PUY,KTW,2026-12-30,,,unavailable
2026-09-26,PUY,KTW,2026-12-31,,,unavailable
2026-09-26,PUY,KTW,2027-01-01,,,unavailable
2026-09-26,PUY,KTW,2027-01-02,,,unavailable
2026-09-26,PUY,KTW,2027-01-03,,,unavailable
2026-09-26,PUY,KTW,2027-01-04,,,unavailable
2026-09-26,PUY,KTW,2027-01-05,,,unavailable
2026-09-26,PUY,KTW,2027-01-06,,,unavailable
2026-09-26,PUY,KTW,2027-01-07,,,unavailable
2026-09-26,PUY,KTW,2027-01-08,,,unavailable
2026-09-26,PUY,KTW,2027-01-09,,,unavailable
2026-09-26,PUY,KTW,2027-01-10,,,unavailable
2026-09-26,PUY,KTW,2027-01-11,,,unavailable
2026-09-26,PUY,KTW,2027-01-12,,,unavailable
2026-09-26,PUY,KTW,2027-01-13,,,unavailable
2026-09-26,PUY,KTW,2027-01-14,,,unavailable
2026-09-26,PUY,KTW,2027-01-15,,,unavailable
2026-09-26,PUY,KTW,2027-01-16,,,unavailable
2026-09-26,PUY,KTW,2027-01-17,,,unavailable
2026-09-26,PUY,KTW,2027-01-18,,,unavailable
2026-09-26,PUY,KTW,2027-01-19,,,unavailable
2026-09-26,PUY,KTW,2027-01-20,,,unavailable
2026-09-26,PUY,KTW,2027-01-21,,,unavailable
2026-09-26,PUY,KTW,2027-01-22,,,unavailable
2026-09-26,PUY,KTW,2027-01-23,,,unavailable
2026-09-26,PUY,KTW,2027-01-24,,,unavailable
2026-09-26,PUY,KTW,2027-01-25,,,unavailable
2026-09-26,PUY,KTW,2027-01-26,,,unavailable
2026-09-26,PUY,KTW,2027-01-27,,,unavailable
2026-09-26,PUY,KTW,2027-01-28,,,unavailable
2026-09-26,PUY,KTW,2027-01-29,,,unavailable
2026-09-26,PUY,KTW,2027-01-30,,,unavailable
2026-09-26,PUY,KTW,2027-01-31,,,unavailable
2026-09-26,PUY,KTW,2027-02-01,,,unavailable
2026-09-26,PUY,KTW,2027-02-02,,,unavailable
2026-09-26,PUY,KTW,2027-02-03,,,unavailable
2026-09-26,PUY,KTW,2027-02-04,,,unavailable
2026-09-26,PUY,KTW,2027-02-05,,,unavailable
2026-09-26,PUY,KTW,2027-02-06,,,unavailable
2026-09-26,PUY,KTW,2027-02-07,,,unavailable
2026-09-26,PUY,KTW,2027-02-08,,,unavailable
2026-09-26,PUY,KTW,2027-02-09,,,unavailable
2026-09-26,PUY,KTW,2027-02-10,,,unavailable
2026-09-26,PUY,KTW,2027-02-11,,,unavailable
2026-09-26,PUY,KTW,2027-02-12,,,unavailable
2026-09-26,PUY,KTW,2027-02-13,,,unavailable
2026-09-26,PUY,KTW,2027-02-14,,,unavailable
2026-09-26,PUY,KTW,2027-02-15,,,unavailable
2026-09-26,PUY,KTW,2027-02-16,,,unavailable
2026-09-26,PUY,KTW,2027-02-17,,,unavailable
2026-09-26,PUY,KTW,2027-02-18,,,unavailable
2026-09-26,PUY,KTW,2027-02-19,,,unavailable
2026-09-26,PUY,KTW,2027-02-20,,,unavailable
2026-09-26,PUY,KTW,2027-02-21,,,unavailable
2026-09-26,PUY,KTW,2027-02-22,,,unavailable
2026-09-26,PUY,KTW,2027-02-23,,,unavailable
2026-09-26,PUY,KTW,2027-02-24,,,unavailable
2026-09-26,PUY,KTW,2027-02-25,,,unavailable
2026-09-26,PUY,KTW,2027-02-26,,,unavailable
2026-09-26,PUY,KTW,2027-02-27,,,unavailable
2026-09-26,PUY,KTW,2027-02-28,,,unavailable
2026-09-26,PUY,KTW,2027-03-01,,,unavailable
2026-09-26,PUY,KTW,2027-03-02,,,unavailable
2026-09-26,PUY,KTW,2027-03-03,,,unavailable
2026-09-26,PUY,KTW,2027-03-04,,,unavailable
2026-09-26,PUY,KTW,2027-03-05,,,unavailable
2026-09-26,PUY,KTW,2027-03-06,,,unavailable
2026-09-26,PUY,KTW,2027-03-07,,,unavailable
2026-09-26,PUY,KTW,2027-03-08,,,unavailable
2026-09-26,PUY,KTW,2027-03-09,,,unavailable
2026-09-26,PUY,KTW,2027-03-10,,,unavailable
2026-09-26,PUY,KTW,2027-03-11,,,unavailable
2026-09-26,PUY,KTW,2027-03-12,,,unavailable
2026-09-26,PUY,KTW,2027-03-13,,,unavailable
2026-09-26,PUY,KTW,2027-03-14,,,unavailable
2026-09-26,PUY,KTW,2027-03-15,,,unavailable
2026-09-26,PUY,KTW,2027-03-16,,,unavailable
2026-09-26,PUY,KTW,2027-03-17,,,unavailable
2026-09-26,PUY,KTW,2027-03-18,,,unavailable
2026-09-26,PUY,KTW,2027-03-19,,,unavailable
2026-09-26,PUY,KTW,2027-03-20,,,unavailable
2026-09-26,PUY,KTW,2027-03-21,,,unavailable
2026-09-26,PUY,KTW,2027-03-22,,,unavailable
2026-09-26,PUY,KTW,2027-03-23,,,unavailable
2026-09-26,PUY,KTW,2027-03-24,,,unavailable
2026-09-26,PUY,KTW,2027-03-25,,,unavailable
2026-09-26,PUY,KTW,2027-03-26,,,unavailable
2026-09-26,PUY,KTW,2027-03-27,,,unavailable
2026-09-26,PUY,KTW,2027-03-28,,,unavailable
2026-09-26,PUY,KTW,2027-03-29,,,unavailable
2026-09-26,PUY,KTW,2027-03-30,,,unavailable
2026-09-26,PUY,KTW,2027-03-31,,,unavailable
2026-09-26,PUY,KTW,2027-04-01,,,unavailable
2026-09-26,PUY,KTW,2027-04-02,,,unavailable
2026-09-26,PUY,KTW,2027-04-03,,,unavailable
2026-09-26,PUY,KTW,2027-04-04,,,unavailable
2026-09-26,PUY,KTW,2027-04-05,,,unavailable
2026-09-26,PUY,KTW,2027-04-06,,,unavailable
2026-09-26,PUY,KTW,2027-04-07,,,unavailable
2026-09-26,PUY,KTW,2027-04-08,,,unavailable
2026-09-26,PUY,KTW,2027-04-09,,,unavailable
2026-09-26,PUY,KTW,2027-04-10,,,unavailable
2026-09-26,PUY,KTW,2027-04-11,,,unavailable
2026-09-26,PUY,KTW,2027-04-12,,,unavailable
2026-09-26,PUY,KTW,2027-04-13,,,unavailable
2026-09-26,PUY,KTW,2027-04-14,,,unavailable
2026-09-26,PUY,KTW,2027-04-15,,,unavailable
2026-09-26,PUY,KTW,2027-04-16,,,unavailable
2026-09-26,PUY,KTW,2027-04-17,,,unavailable
2026-09-26,PUY,KTW,2027-04-18,,,unavailable
2026-09-26,PUY,KTW,2027-04-19,,,unavailable
2026-09-26,PUY,KTW,2027-04-20,,,unavailable
2026-09-26,PUY,KTW,2027-04-21,,,unavailable
2026-09-26,PUY,KTW,2027-04-22,,,unavailable
2026-09-26,PUY,KTW,2027-04-23,,,unavailable
2026-09-26,PUY,KTW,2027-04-24,,,unavailable
2026-09-26,PUY,KTW,2027-04-25,,,unavailable
2026-09-26,PUY,KTW,2027-04-26,,,unavailable
2026-09-26,PUY,KTW,2027-04-27,,,unavailable
2026-09-26,PUY,KTW,2027-04-28,,,unavailable
2026-09-26,PUY,KTW,2027-04-29,,,unavailable
2026-09-26,PUY,KTW,2027-04-30,,,unavailable
2026-09-26,PUY,KTW,2027-05-01,,,unavailable
2026-09-26,PUY,KTW,2027-05-02,,,unavailable
2026-09-26,PUY,KTW,2027-05-03,,,unavailable
2026-09-26,PUY,KTW,2027-05-04,,,unavailable
2026-09-26,PUY,KTW,2027-05-05,,,unavailable
2026-09-26,PUY,KTW,2027-05-06,,,unavailable
2026-09-26,PUY,KTW,2027-05-07,,,unavailable
2026-09-26,PUY,KTW,2027-05-08,,,unavailable
2026-09-26,PUY,KTW,2027-05-09,,,unavailable
2026-09-26,PUY,KTW,2027-05-10,,,unavailable
2026-09-26,PUY,KTW,2027-05-11,,,unavailable
2026-09-26,PUY,KTW,2027-05-12,,,unavailable
2026-09-26,PUY,KTW,2027-05-13,,,unavailable
2026-09-26,PUY,KTW,2027-05-14,,,unavailable
2026-09-26,PUY,KTW,2027-05-15,,,unavailable
2026-09-26,PUY,KTW,2027-05-16,,,unavailable
2026-09-26,PUY,KTW,2027-05-17,,,unavailable
2026-09-26,PUY,KTW,2027-05-18,,,unavailable
2026-09-26,PUY,KTW,2027-05-19,,,unavailable
2026-09-26,PUY,KTW,2027-05-20,,,unavailable
2026-09-26,PUY,KTW,2027-05-21,,,unavailable
2026-09-26,PUY,KTW,2027-05-22,,,unavailable
2026-09-26,PUY,KTW,2027-05-23,,,unavailable
2026-09-26,PUY,KTW,2027-05-24,,,unavailable
2026-09-26,PUY,KTW,2027-05-25,,,unavailable
2026-09-26,PUY,KTW,2027-05-26,,,unavailable
2026-09-26,PUY,KTW,2027-05-27,,,unavailable
2026-09-26,PUY,KTW,2027-05-28,,,unavailable
2026-09-26,PUY,KTW,2027-05-29,,,unavailable
2026-09-26,PUY,KTW,2027-05-30,,,unavailable
2026-09-26,PUY,KTW,2027-05-31,,,unavailable
2026-09-26,PUY,KTW,2027-06-01,,,unavailable
2026-09-26,PUY,KTW,2027-06-02,08:15,251.00,ok
2026-09-26,PUY,KTW,2027-06-03,,,unavailable
2026-09-26,PUY,KTW,2027-06-04,18:20,251.00,ok
2026-09-26,PUY,KTW,2027-06-05,08:00,251.00,ok
2026-09-26,PUY,KTW,2027-06-06,,,unavailable
2026-09-26,PUY,KTW,2027-06-07,08:00,468.00,ok
2026-09-26,PUY,KTW,2027-06-08,,,unavailable
2026-09-26,PUY,KTW,2027-06-09,08:15,251.00,ok
2026-09-26,PUY,KTW,2027-06-10,,,unavailable
2026-09-26,PUY,KTW,2027-06-11,18:20,251.00,ok
2026-09-26,PUY,KTW,2027-06-12,08:00,251.00,ok
2026-09-26,PUY,KTW,2027-06-13,,,unavailable
2026-09-26,PUY,KTW,2027-06-14,08:00,332.00,ok
2026-09-26,PUY,KTW,2027-06-15,,,unavailable
2026-09-26,PUY,KTW,2027-06-16,08:15,251.00,ok
2026-09-26,PUY,KTW,2027-06-17,,,unavailable
2026-09-26,PUY,KTW,2027-06-18,18:20,251.00,ok
2026-09-26,PUY,KTW,2027-06-19,08:00,251.00,ok
2026-09-26,PUY,KTW,2027-06-20,,,unavailable
2026-09-26,PUY,KTW,2027-06-21,08:00,332.00,ok
2026-09-26,PUY,KTW,2027-06-22,,,unavailable
2026-09-26,PUY,KTW,2027-06-23,08:15,255.38,ok
2026-09-26,PUY,KTW,2027-06-24,,,unavailable
2026-09-26,PUY,KTW,2027-06-25,18:20,251.00,ok
2026-09-26,PUY,KTW,2027-06-26,08:00,251.00,ok
2026-09-26,PUY,KTW,2027-06-27,,,unavailable
2026-09-26,PUY,KTW,2027-06-28,08:00,332.00,ok
2026-09-26,PUY,KTW,2027-06-29,,,unavailable
2026-09-26,PUY,KTW,2027-06-30,08:15,251.00,ok
2026-09-26,PUY,KTW,2027-07-01,,,unavailable
2026-09-26,PUY,KTW,2027-07-02,18:20,251.00,ok
2026-09-26,PUY,KTW,2027-07-03,08:00,251.00,ok
2026-09-26,PUY,KTW,2027-07-04,,,unavailable
2026-09-26,PUY,KTW,2027-07-05,08:00,378.00,ok
2026-09-26,PUY,KTW,2027-07-06,,,unavailable
2026-09-26,PUY,KTW,2027-07-07,08:15,289.00,ok
2026-09-26,PUY,KTW,2027-07-08,,,unavailable
2026-09-26,PUY,KTW,2027-07-09,18:20,251.00,ok
2026-09-26,PUY,KTW,2027-07-10,08:00,251.00,ok
2026-09-26,PUY,KTW,2027-07-11,,,unavailable
2026-09-26,PUY,KTW,2027-07-12,08:00,378.00,ok
2026-09-26,PUY,KTW,2027-07-13,,,unavailable
2026-09-26,PUY,KTW,2027-07-14,08:15,289.00,ok
2026-09-26,PUY,KTW,2027-07-15,,,unavailable
2026-09-26,PUY,KTW,2027-07-16,18:20,251.00,ok
2026-09-26,PUY,KTW,2027-07-17,08:00,251.00,ok
2026-09-26,PUY,KTW,2027-07-18,,,unavailable
2026-09-26,PUY,KTW,2027-07-19,08:00,332.00,ok
2026-09-26,PUY,KTW,2027-07-20,,,unavailable
2026-09-26,PUY,KTW,2027-07-21,08:15,289.00,ok
2026-09-26,PUY,KTW,2027-07-22,,,unavailable
2026-09-26,PUY,KTW,2027-07-23,18:20,251.00,ok
2026-09-26,PUY,KTW,2027-07-24,08:00,251.00,ok
2026-09-26,PUY,KTW,2027-07-25,,,unavailable
2026-09-26,PUY,KTW,2027-07-26,08:00,332.00,ok
2026-09-26,PUY,KTW,2027-07-27,,,unavailable
2026-09-26,PUY,KTW,2027-07-28,08:15,289.00,ok
2026-09-26,PUY,KTW,2027-07-29,,,unavailable
2026-09-26,PUY,KTW,2027-07-30,18:20,289.00,ok
2026-09-26,PUY,KTW,2027-07-31,08:00,289.00,ok
2026-09-26,PUY,KTW,2027-08-01,,,unavailable
2026-09-26,PUY,KTW,2027-08-02,08:00,332.00,ok
2026-09-26,PUY,KTW,2027-08-03,,,unavailable
2026-09-26,PUY,KTW,2027-08-04,08:15,289.00,ok
2026-09-26,PUY,KTW,2027-08-05,,,unavailable
2026-09-26,PUY,KTW,2027-08-06,18:20,251.00,ok
2026-09-26,PUY,KTW,2027-08-07,08:00,251.00,ok
2026-09-26,PUY,KTW,2027-08-08,,,unavailable
2026-09-26,PUY,KTW,2027-08-09,08:00,378.00,ok
2026-09-26,PUY,KTW,2027-08-10,,,unavailable
2026-09-26,PUY,KTW,2027-08-11,08:15,289.00,ok
2026-09-26,PUY,KTW,2027-08-12,,,unavailable
2026-09-26,PUY,KTW,2027-08-13,18:20,289.00,ok
2026-09-26,PUY,KTW,2027-08-14,08:00,289.00,ok
2026-09-26,PUY,KTW,2027-08-15,,,unavailable
2026-09-26,PUY,KTW,2027-08-16,08:00,378.00,ok
2026-09-26,PUY,KTW,2027-08-17,,,unavailable
2026-09-26,PUY,KTW,2027-08-18,08:15,332.00,ok
2026-09-26,PUY,KTW,2027-08-19,,,unavailable
2026-09-26,PUY,KTW,2027-08-20,18:20,251.00,ok
2026-09-26,PUY,KTW,2027-08-21,08:00,251.00,ok
2026-09-26,PUY,KTW,2027-08-22,,,unavailable
2026-09-26,PUY,KTW,2027-08-23,08:00,378.00,ok
2026-09-26,PUY,KTW,2027-08-24,,,unavailable
2026-09-26,PUY,KTW,2027-08-25,08:15,332.00,ok
2026-09-26,PUY,KTW,2027-08-26,,,unavailable
2026-09-26,PUY,KTW,2027-08-27,18:20,332.00,ok
2026-09-26,PUY,KTW,2027-08-28,08:00,332.00,ok
2026-09-26,PUY,KTW,2027-08-29,,,unavailable
2026-09-26,PUY,KTW,2027-08-30,08:00,378.00,ok
2026-09-26,PUY,KTW,2027-08-31,,,unavailable
2026-09-26,KTW,REG,2026-09-26,,,unavailable
2026-09-26,KTW,REG,2026-09-27,,,unavailable
2026-09-26,KTW,REG,2026-09-28,11:40,135.76,ok
2026-09-26,KTW,REG,2026-09-29,,,unavailable
2026-09-26,KTW,REG,2026-09-30,,,unavailable
2026-09-26,KTW,REG,2026-10-01,11:40,179.57,ok
2026-09-26,KTW,REG,2026-10-02,,,unavailable
2026-09-26,KTW,REG,2026-10-03,,,unavailable
2026-09-26,KTW,REG,2026-10-04,,,unavailable
2026-09-26,KTW,REG,2026-10-05,11:40,96.34,ok
2026-09-26,KTW,REG,2026-10-06,,,unavailable
2026-09-26,KTW,REG,2026-10-07,,,unavailable
2026-09-26,KTW,REG,2026-10-08,11:40,87.00,ok
2026-09-26,KTW,REG,2026-10-09,,,unavailable
2026-09-26,KTW,REG,2026-10-10,,,unavailable
2026-09-26,KTW,REG,2026-10-11,,,unavailable
2026-09-26,KTW,REG,2026-10-12,11:40,227.76,ok
2026-09-26,KTW,REG,2026-10-13,,,unavailable
2026-09-26,KTW,REG,2026-10-14,,,unavailable
2026-09-26,KTW,REG,2026-10-15,11:40,223.38,ok
2026-09-26,KTW,REG,2026-10-16,,,unavailable
2026-09-26,KTW,REG,2026-10-17,,,unavailable
2026-09-26,KTW,REG,2026-10-18,,,unavailable
2026-09-26,KTW,REG,2026-10-19,11:40,87.00,ok
2026-09-26,KTW,REG,2026-10-20,,,unavailable
2026-09-26,KTW,REG,2026-10-21,,,unavailable
2026-09-26,KTW,REG,2026-10-22,11:40,65.67,ok
2026-09-26,KTW,REG,2026-10-23,,,unavailable
2026-09-26,KTW,REG,2026-10-24,,,unavailable
2026-09-26,KTW,REG,2026-10-25,,,unavailable
2026-09-26,KTW,REG,2026-10-26,,,unavailable
2026-09-26,KTW,REG,2026-10-27,,,unavailable
2026-09-26,KTW,REG,2026-10-28,,,unavailable
2026-09-26,KTW,REG,2026-10-29,,,unavailable
2026-09-26,KTW,REG,2026-10-30,,,unavailable
2026-09-26,KTW,REG,2026-10-31,,,unavailable
2026-09-26,KTW,REG,2026-11-01,,,unavailable
2026-09-26,KTW,REG,2026-11-02,,,unavailable
2026-09-26,KTW,REG,2026-11-03,,,unavailable
2026-09-26,KTW,REG,2026-11-04,,,unavailable
2026-09-26,KTW,REG,2026-11-05,,,unavailable
2026-09-26,KTW,REG,2026-11-06,,,unavailable
2026-09-26,KTW,REG,2026-11-07,,,unavailable
2026-09-26,KTW,REG,2026-11-08,,,unavailable
2026-09-26,KTW,REG,2026-11-09,,,unavailable
2026-09-26,KTW,REG,2026-11-10,,,unavailable
2026-09-26,KTW,REG,2026-11-11,,,unavailable
2026-09-26,KTW,REG,2026-11-12,,,unavailable
2026-09-26,KTW,REG,2026-11-13,,,unavailable
2026-09-26,KTW,REG,2026-11-14,,,unavailable
2026-09-26,KTW,REG,2026-11-15,,,unavailable
2026-09-26,KTW,REG,2026-11-16,,,unavailable
2026-09-26,KTW,REG,2026-11-17,,,unavailable
2026-09-26,KTW,REG,2026-11-18,,,unavailable
2026-09-26,KTW,REG,2026-11-19,,,unavailable
2026-09-26,KTW,REG,2026-11-20,,,unavailable
2026-09-26,KTW,REG,2026-11-21,,,unavailable
2026-09-26,KTW,REG,2026-11-22,,,unavailable
2026-09-26,KTW,REG,2026-11-23,,,unavailable
2026-09-26,KTW,REG,2026-11-24,,,unavailable
2026-09-26,KTW,REG,2026-11-25,,,unavailable
2026-09-26,KTW,REG,2026-11-26,,,unavailable
2026-09-26,KTW,REG,2026-11-27,,,unavailable
2026-09-26,KTW,REG,2026-11-28,,,unavailable
2026-09-26,KTW,REG,2026-11-29,,,unavailable
2026-09-26,KTW,REG,2026-11-30,,,unavailable
2026-09-26,KTW,REG,2026-12-01,,,unavailable
2026-09-26,KTW,REG,2026-12-02,,,unavailable
2026-09-26,KTW,REG,2026-12-03,,,unavailable
2026-09-26,KTW,REG,2026-12-04,,,unavailable
2026-09-26,KTW,REG,2026-12-05,,,unavailable
2026-09-26,KTW,REG,2026-12-06,,,unavailable
2026-09-26,KTW,REG,2026-12-07,,,unavailable
2026-09-26,KTW,REG,2026-12-08,,,unavailable
2026-09-26,KTW,REG,2026-12-09,,,unavailable
2026-09-26,KTW,REG,2026-12-10,,,unavailable
2026-09-26,KTW,REG,2026-12-11,,,unavailable
2026-09-26,KTW,REG,2026-12-12,,,unavailable
2026-09-26,KTW,REG,2026-12-13,,,unavailable
2026-09-26,KTW,REG,2026-12-14,,,unavailable
2026-09-26,KTW,REG,2026-12-15,,,unavailable
2026-09-26,KTW,REG,2026-12-16,,,unavailable
2026-09-26,KTW,REG,2026-12-17,,,unavailable
2026-09-26,KTW,REG,2026-12-18,,,unavailable
2026-09-26,KTW,REG,2026-12-19,,,unavailable
2026-09-26,KTW,REG,2026-12-20,,,unavailable
2026-09-26,KTW,REG,2026-12-21,,,unavailable
2026-09-26,KTW,REG,2026-12-22,,,unavailable
2026-09-26,KTW,REG,2026-12-23,,,unavailable
2026-09-26,KTW,REG,2026-12-24,,,unavailable
2026-09-26,KTW,REG,2026-12-25,,,unavailable
2026-09-26,KTW,REG,2026-12-26,,,unavailable
2026-09-26,KTW,REG,2026-12-27,,,unavailable
2026-09-26,KTW,REG,2026-12-28,,,unavailable
2026-09-26,KTW,REG,2026-12-29,,,unavailable
2026-09-26,KTW,REG,2026-12-30,,,unavailable
2026-09-26,KTW,REG,2026-12-31,,,unavailable
2026-09-26,KTW,REG,2027-01-01,,,unavailable
2026-09-26,KTW,REG,2027-01-02,,,unavailable
2026-09-26,KTW,REG,2027-01-03,,,unavailable
2026-09-26,KTW,REG,2027-01-04,,,unavailable
2026-09-26,KTW,REG,2027-01-05,,,unavailable
2026-09-26,KTW,REG,2027-01-06,,,unavailable
2026-09-26,KTW,REG,2027-01-07,,,unavailable
2026-09-26,KTW,REG,2027-01-08,,,unavailable
2026-09-26,KTW,REG,2027-01-09,,,unavailable
2026-09-26,KTW,REG,2027-01-10,,,unavailable
2026-09-26,KTW,REG,2027-01-11,,,unavailable
2026-09-26,KTW,REG,2027-01-12,,,unavailable
2026-09-26,KTW,REG,2027-01-13,,,unavailable
2026-09-26,KTW,REG,2027-01-14,,,unavailable
2026-09-26,KTW,REG,2027-01-15,,,unavailable
2026-09-26,KTW,REG,2027-01-16,,,unavailable
2026-09-26,KTW,REG,2027-01-17,,,unavailable
2026-09-26,KTW,REG,2027-01-18,,,unavailable
2026-09-26,KTW,REG,2027-01-19,,,unavailable
2026-09-26,KTW,REG,2027-01-20,,,unavailable
2026-09-26,KTW,REG,2027-01-21,,,unavailable
2026-09-26,KTW,REG,2027-01-22,,,unavailable
2026-09-26,KTW,REG,2027-01-23,,,unavailable
2026-09-26,KTW,REG,2027-01-24,,,unavailable
2026-09-26,KTW,REG,2027-01-25,,,unavailable
2026-09-26,KTW,REG,2027-01-26,,,unavailable
2026-09-26,KTW,REG,2027-01-27,,,unavailable
2026-09-26,KTW,REG,2027-01-28,,,unavailable
2026-09-26,KTW,REG,2027-01-29,,,unavailable
2026-09-26,KTW,REG,2027-01-30,,,unavailable
2026-09-26,KTW,REG,2027-01-31,,,unavailable
2026-09-26,KTW,REG,2027-02-01,,,unavailable
2026-09-26,KTW,REG,2027-02-02,,,unavailable
2026-09-26,KTW,REG,2027-02-03,,,unavailable
2026-09-26,KTW,REG,2027-02-04,,,unavailable
2026-09-26,KTW,REG,2027-02-05,,,unavailable
2026-09-26,KTW,REG,2027-02-06,,,unavailable
2026-09-26,KTW,REG,2027-02-07,,,unavailable
2026-09-26,KTW,REG,2027-02-08,,,unavailable
2026-09-26,KTW,REG,2027-02-09,,,unavailable
2026-09-26,KTW,REG,2027-02-10,,,unavailable
2026-09-26,KTW,REG,2027-02-11,,,unavailable
2026-09-26,KTW,REG,2027-02-12,,,unavailable
2026-09-26,KTW,REG,2027-02-13,,,unavailable
2026-09-26,KTW,REG,2027-02-14,,,unavailable
2026-09-26,KTW,REG,2027-02-15,,,unavailable
2026-09-26,KTW,REG,2027-02-16,,,unavailable
2026-09-26,KTW,REG,2027-02-17,,,unavailable
2026-09-26,KTW,REG,2027-02-18,,,unavailable
2026-09-26,KTW,REG,2027-02-19,,,unavailable
2026-09-26,KTW,REG,2027-02-20,,,unavailable
2026-09-26,KTW,REG,2027-02-21,,,unavailable
2026-09-26,KTW,REG,2027-02-22,,,unavailable
2026-09-26,KTW,REG,2027-02-23,,,unavailable
2026-09-26,KTW,REG,2027-02-24,,,unavailable
2026-09-26,KTW,REG,2027-02-25,,,unavailable
2026-09-26,KTW,REG,2027-02-26,,,unavailable
2026-09-26,KTW,REG,2027-02-27,,,unavailable
2026-09-26,KTW,REG,2027-02-28,,,unavailable
2026-09-26,KTW,REG,2027-03-01,,,unavailable
2026-09-26,KTW,REG,2027-03-02,,,unavailable
2026-09-26,KTW,REG,2027-03-03,,,unavailable
2026-09-26,KTW,REG,2027-03-04,,,unavailable
2026-09-26,KTW,REG,2027-03-05,,,unavailable
2026-09-26,KTW,REG,2027-03-06,,,unavailable
2026-09-26,KTW,REG,2027-03-07,,,unavailable
2026-09-26,KTW,REG,2027-03-08,,,unavailable
2026-09-26,KTW,REG,2027-03-09,,,unavailable
2026-09-26,KTW,REG,2027-03-10,,,unavailable
2026-09-26,KTW,REG,2027-03-11,,,unavailable
2026-09-26,KTW,REG,2027-03-12,,,unavailable
2026-09-26,KTW,REG,2027-03-13,,,unavailable
2026-09-26,KTW,REG,2027-03-14,,,unavailable
2026-09-26,KTW,REG,2027-03-15,,,unavailable
2026-09-26,KTW,REG,2027-03-16,,,unavailable
2026-09-26,KTW,REG,2027-03-17,,,unavailable
2026-09-26,KTW,REG,2027-03-18,,,unavailable
2026-09-26,KTW,REG,2027-03-19,,,unavailable
2026-09-26,KTW,REG,2027-03-20,,,unavailable
2026-09-26,KTW,REG,2027-03-21,,,unavailable
2026-09-26,KTW,REG,2027-03-22,,,unavailable
2026-09-26,KTW,REG,2027-03-23,,,unavailable
2026-09-26,KTW,REG,2027-03-24,,,unavailable
2026-09-26,KTW,REG,2027-03-25,,,unavailable
2026-09-26,KTW,REG,2027-03-26,,,unavailable
2026-09-26,KTW,REG,2027-03-27,,,unavailable
2026-09-26,KTW,REG,2027-03-28,12:25,289.00,ok
2026-09-26,KTW,REG,2027-03-29,,,unavailable
2026-09-26,KTW,REG,2027-03-30,,,unavailable
2026-09-26,KTW,REG,2027-03-31,,,unavailable
2026-09-26,KTW,REG,2027-04-01,12:35,327.00,ok
2026-09-26,KTW,REG,2027-04-02,,,unavailable
2026-09-26,KTW,REG,2027-04-03,,,unavailable
2026-09-26,KTW,REG,2027-04-04,12:25,468.00,ok
2026-09-26,KTW,REG,2027-04-05,,,unavailable
2026-09-26,KTW,REG,2027-04-06,,,unavailable
2026-09-26,KTW,REG,2027-04-07,,,unavailable
2026-09-26,KTW,REG,2027-04-08,12:35,289.00,ok
2026-09-26,KTW,REG,2027-04-09,,,unavailable
2026-09-26,KTW,REG,2027-04-10,,,unavailable
2026-09-26,KTW,REG,2027-04-11,12:25,289.00,ok
2026-09-26,KTW,REG,2027-04-12,,,unavailable
2026-09-26,KTW,REG,2027-04-13,,,unavailable
2026-09-26,KTW,REG,2027-04-14,,,unavailable
2026-09-26,KTW,REG,2027-04-15,12:35,289.00,ok
2026-09-26,KTW,REG,2027-04-16,,,unavailable
2026-09-26,KTW,REG,2027-04-17,,,unavailable
2026-09-26,KTW,REG,2027-04-18,12:25,289.00,ok
2026-09-26,KTW,REG,2027-04-19,,,unavailable
2026-09-26,KTW,REG,2027-04-20,,,unavailable
2026-09-26,KTW,REG,2027-04-21,,,unavailable
2026-09-26,KTW,REG,2027-04-22,12:35,289.00,ok
2026-09-26,KTW,REG,2027-04-23,,,unavailable
2026-09-26,KTW,REG,2027-04-24,,,unavailable
2026-09-26,KTW,REG,2027-04-25,12:25,289.00,ok
2026-09-26,KTW,REG,2027-04-26,,,unavailable
2026-09-26,KTW,REG,2027-04-27,,,unavailable
2026-09-26,KTW,REG,2027-04-28,,,unavailable
2026-09-26,KTW,REG,2027-04-29,12:35,468.00,ok
2026-09-26,KTW,REG,2027-04-30,,,unavailable
2026-09-26,KTW,REG,2027-05-01,,,unavailable
2026-09-26,KTW,REG,2027-05-02,12:25,289.00,ok
2026-09-26,KTW,REG,2027-05-03,,,unavailable
2026-09-26,KTW,REG,2027-05-04,,,unavailable
2026-09-26,KTW,REG,2027-05-05,,,unavailable
2026-09-26,KTW,REG,2027-05-06,12:35,293.38,ok
2026-09-26,KTW,REG,2027-05-07,,,unavailable
2026-09-26,KTW,REG,2027-05-08,,,unavailable
2026-09-26,KTW,REG,2027-05-09,12:25,289.00,ok
2026-09-26,KTW,REG,2027-05-10,,,unavailable
2026-09-26,KTW,REG,2027-05-11,,,unavailable
2026-09-26,KTW,REG,2027-05-12,,,unavailable
2026-09-26,KTW,REG,2027-05-13,12:35,289.00,ok
2026-09-26,KTW,REG,2027-05-14,,,unavailable
2026-09-26,KTW,REG,2027-05-15,,,unavailable
2026-09-26,KTW,REG,2027-05-16,12:25,289.00,ok
2026-09-26,KTW,REG,2027-05-17,,,unavailable
2026-09-26,KTW,REG,2027-05-18,,,unavailable
2026-09-26,KTW,REG,2027-05-19,,,unavailable
2026-09-26,KTW,REG,2027-05-20,12:35,289.00,ok
2026-09-26,KTW,REG,2027-05-21,,,unavailable
2026-09-26,KTW,REG,2027-05-22,,,unavailable
2026-09-26,KTW,REG,2027-05-23,12:25,289.00,ok
2026-09-26,KTW,REG,2027-05-24,,,unavailable
2026-09-26,KTW,REG,2027-05-25,,,unavailable
2026-09-26,KTW,REG,2027-05-26,,,unavailable
2026-09-26,KTW,REG,2027-05-27,12:35,293.38,ok
2026-09-26,KTW,REG,2027-05-28,,,unavailable
2026-09-26,KTW,REG,2027-05-29,,,unavailable
2026-09-26,KTW,REG,2027-05-30,12:25,293.38,ok
2026-09-26,KTW,REG,2027-05-31,,,unavailable
2026-09-26,KTW,REG,2027-06-01,,,unavailable
2026-09-26,KTW,REG,2027-06-02,,,unavailable
2026-09-26,KTW,REG,2027-06-03,12:35,468.00,ok
2026-09-26,KTW,REG,2027-06-04,,,unavailable
2026-09-26,KTW,REG,2027-06-05,,,unavailable
2026-09-26,KTW,REG,2027-06-06,12:25,289.00,ok
2026-09-26,KTW,REG,2027-06-07,,,unavailable
2026-09-26,KTW,REG,2027-06-08,,,unavailable
2026-09-26,KTW,REG,2027-06-09,,,unavailable
2026-09-26,KTW,REG,2027-06-10,12:35,327.00,ok
2026-09-26,KTW,REG,2027-06-11,,,unavailable
2026-09-26,KTW,REG,2027-06-12,,,unavailable
2026-09-26,KTW,REG,2027-06-13,12:25,327.00,ok
2026-09-26,KTW,REG,2027-06-14,,,unavailable
2026-09-26,KTW,REG,2027-06-15,,,unavailable
2026-09-26,KTW,REG,2027-06-16,,,unavailable
2026-09-26,KTW,REG,2027-06-17,12:35,289.00,ok
2026-09-26,KTW,REG,2027-06-18,,,unavailable
2026-09-26,KTW,REG,2027-06-19,,,unavailable
2026-09-26,KTW,REG,2027-06-20,12:25,327.00,ok
2026-09-26,KTW,REG,2027-06-21,,,unavailable
2026-09-26,KTW,REG,2027-06-22,,,unavailable
2026-09-26,KTW,REG,2027-06-23,,,unavailable
2026-09-26,KTW,REG,2027-06-24,12:35,327.00,ok
2026-09-26,KTW,REG,2027-06-25,,,unavailable
2026-09-26,KTW,REG,2027-06-26,,,unavailable
2026-09-26,KTW,REG,2027-06-27,12:25,374.00,ok
2026-09-26,KTW,REG,2027-06-28,,,unavailable
2026-09-26,KTW,REG,2027-06-29,,,unavailable
2026-09-26,KTW,REG,2027-06-30,,,unavailable
2026-09-26,KTW,REG,2027-07-01,12:35,331.38,ok
2026-09-26,KTW,REG,2027-07-02,,,unavailable
2026-09-26,KTW,REG,2027-07-03,,,unavailable
2026-09-26,KTW,REG,2027-07-04,12:25,374.00,ok
2026-09-26,KTW,REG,2027-07-05,,,unavailable
2026-09-26,KTW,REG,2027-07-06,,,unavailable
2026-09-26,KTW,REG,2027-07-07,,,unavailable
2026-09-26,KTW,REG,2027-07-08,12:35,374.00,ok
2026-09-26,KTW,REG,2027-07-09,,,unavailable
2026-09-26,KTW,REG,2027-07-10,,,unavailable
2026-09-26,KTW,REG,2027-07-11,12:25,374.00,ok
2026-09-26,KTW,REG,2027-07-12,,,unavailable
2026-09-26,KTW,REG,2027-07-13,,,unavailable
2026-09-26,KTW,REG,2027-07-14,,,unavailable
2026-09-26,KTW,REG,2027-07-15,12:35,327.00,ok
2026-09-26,KTW,REG,2027-07-16,,,unavailable
2026-09-26,KTW,REG,2027-07-17,,,unavailable
2026-09-26,KTW,REG,2027-07-18,12:25,374.00,ok
2026-09-26,KTW,REG,2027-07-19,,,unavailable
2026-09-26,KTW,REG,2027-07-20,,,unavailable
2026-09-26,KTW,REG,2027-07-21,,,unavailable
2026-09-26,KTW,REG,2027-07-22,12:35,327.00,ok
2026-09-26,KTW,REG,2027-07-23,,,unavailable
2026-09-26,KTW,REG,2027-07-24,,,unavailable
2026-09-26,KTW,REG,2027-07-25,12:25,374.00,ok
2026-09-26,KTW,REG,2027-07-26,,,unavailable
2026-09-26,KTW,REG,2027-07-27,,,unavailable
2026-09-26,KTW,REG,2027-07-28,,,unavailable
2026-09-26,KTW,REG,2027-07-29,12:35,327.00,ok
2026-09-26,KTW,REG,2027-07-30,,,unavailable
2026-09-26,KTW,REG,2027-07-31,,,unavailable
2026-09-26,KTW,REG,2027-08-01,12:25,374.00,ok
2026-09-26,KTW,REG,2027-08-02,,,unavailable
2026-09-26,KTW,REG,2027-08-03,,,unavailable
2026-09-26,KTW,REG,2027-08-04,,,unavailable
2026-09-26,KTW,REG,2027-08-05,12:35,327.00,ok
2026-09-26,KTW,REG,2027-08-06,,,unavailable
2026-09-26,KTW,REG,2027-08-07,,,unavailable
2026-09-26,KTW,REG,2027-08-08,12:25,289.00,ok
2026-09-26,KTW,REG,2027-08-09,,,unavailable
2026-09-26,KTW,REG,2027-08-10,,,unavailable
2026-09-26,KTW,REG,2027-08-11,,,unavailable
2026-09-26,KTW,REG,2027-08-12,12:35,289.00,ok
2026-09-26,KTW,REG,2027-08-13,,,unavailable
2026-09-26,KTW,REG,2027-08-14,,,unavailable
2026-09-26,KTW,REG,2027-08-15,12:25,327.00,ok
2026-09-26,KTW,REG,2027-08-16,,,unavailable
2026-09-26,KTW,REG,2027-08-17,,,unavailable
2026-09-26,KTW,REG,2027-08-18,,,unavailable
2026-09-26,KTW,REG,2027-08-19,12:35,374.00,ok
2026-09-26,KTW,REG,2027-08-20,,,unavailable
2026-09-26,KTW,REG,2027-08-21,,,unavailable
2026-09-26,KTW,REG,2027-08-22,12:25,289.00,ok
2026-09-26,KTW,REG,2027-08-23,,,unavailable
2026-09-26,KTW,REG,2027-08-24,,,unavailable
2026-09-26,KTW,REG,2027-08-25,,,unavailable
2026-09-26,KTW,REG,2027-08-26,12:35,327.00,ok
2026-09-26,KTW,REG,2027-08-27,,,unavailable
2026-09-26,KTW,REG,2027-08-28,,,unavailable
2026-09-26,KTW,REG,2027-08-29,12:25,327.00,ok
2026-09-26,KTW,REG,2027-08-30,,,unavailable
2026-09-26,KTW,REG,2027-08-31,,,unavailable
2026-09-26,REG,KTW,2026-09-26,,,unavailable
2026-09-26,REG,KTW,2026-09-27,,,unavailable
2026-09-26,REG,KTW,2026-09-28,,,unavailable
2026-09-26,REG,KTW,2026-09-29,,,unavailable
2026-09-26,REG,KTW,2026-09-30,,,unavailable
2026-09-26,REG,KTW,2026-10-01,08:55,217.38,ok
2026-09-26,REG,KTW,2026-10-02,,,unavailable
2026-09-26,REG,KTW,2026-10-03,,,unavailable
2026-09-26,REG,KTW,2026-10-04,,,unavailable
2026-09-26,REG,KTW,2026-10-05,08:55,308.63,ok
2026-09-26,REG,KTW,2026-10-06,,,unavailable
2026-09-26,REG,KTW,2026-10-07,,,unavailable
2026-09-26,REG,KTW,2026-10-08,08:55,189.83,ok
2026-09-26,REG,KTW,2026-10-09,,,unavailable
2026-09-26,REG,KTW,2026-10-10,,,unavailable
2026-09-26,REG,KTW,2026-10-11,,,unavailable
2026-09-26,REG,KTW,2026-10-12,08:55,227.76,ok
2026-09-26,REG,KTW,2026-10-13,,,unavailable
2026-09-26,REG,KTW,2026-10-14,,,unavailable
2026-09-26,REG,KTW,2026-10-15,08:55,153.29,ok
2026-09-26,REG,KTW,2026-10-16,,,unavailable
2026-09-26,REG,KTW,2026-10-17,,,unavailable
2026-09-26,REG,KTW,2026-10-18,,,unavailable
2026-09-26,REG,KTW,2026-10-19,08:55,304.25,ok
2026-09-26,REG,KTW,2026-10-20,,,unavailable
2026-09-26,REG,KTW,2026-10-21,,,unavailable
2026-09-26,REG,KTW,2026-10-22,08:55,192.72,ok
2026-09-26,REG,KTW,2026-10-23,,,unavailable
2026-09-26,REG,KTW,2026-10-24,,,unavailable
2026-09-26,REG,KTW,2026-10-25,,,unavailable
2026-09-26,REG,KTW,2026-10-26,,,unavailable
2026-09-26,REG,KTW,2026-10-27,,,unavailable
2026-09-26,REG,KTW,2026-10-28,,,unavailable
2026-09-26,REG,KTW,2026-10-29,,,unavailable
2026-09-26,REG,KTW,2026-10-30,,,unavailable
2026-09-26,REG,KTW,2026-10-31,,,unavailable
2026-09-26,REG,KTW,2026-11-01,,,unavailable
2026-09-26,REG,KTW,2026-11-02,,,unavailable
2026-09-26,REG,KTW,2026-11-03,,,unavailable
2026-09-26,REG,KTW,2026-11-04,,,unavailable
2026-09-26,REG,KTW,2026-11-05,,,unavailable
2026-09-26,REG,KTW,2026-11-06,,,unavailable
2026-09-26,REG,KTW,2026-11-07,,,unavailable
2026-09-26,REG,KTW,2026-11-08,,,unavailable
2026-09-26,REG,KTW,2026-11-09,,,unavailable
2026-09-26,REG,KTW,2026-11-10,,,unavailable
2026-09-26,REG,KTW,2026-11-11,,,unavailable
2026-09-26,REG,KTW,2026-11-12,,,unavailable
2026-09-26,REG,KTW,2026-11-13,,,unavailable
2026-09-26,REG,KTW,2026-11-14,,,unavailable
2026-09-26,REG,KTW,2026-11-15,,,unavailable
2026-09-26,REG,KTW,2026-11-16,,,unavailable
2026-09-26,REG,KTW,2026-11-17,,,unavailable
2026-09-26,REG,KTW,2026-11-18,,,unavailable
2026-09-26,REG,KTW,2026-11-19,,,unavailable
2026-09-26,REG,KTW,2026-11-20,,,unavailable
2026-09-26,REG,KTW,2026-11-21,,,unavailable
2026-09-26,REG,KTW,2026-11-22,,,unavailable
2026-09-26,REG,KTW,2026-11-23,,,unavailable
2026-09-26,REG,KTW,2026-11-24,,,unavailable
2026-09-26,REG,KTW,2026-11-25,,,unavailable
2026-09-26,REG,KTW,2026-11-26,,,unavailable
2026-09-26,REG,KTW,2026-11-27,,,unavailable
2026-09-26,REG,KTW,2026-11-28,,,unavailable
2026-09-26,REG,KTW,2026-11-29,,,unavailable
2026-09-26,REG,KTW,2026-11-30,,,unavailable
2026-09-26,REG,KTW,2026-12-01,,,unavailable
2026-09-26,REG,KTW,2026-12-02,,,unavailable
2026-09-26,REG,KTW,2026-12-03,,,unavailable
2026-09-26,REG,KTW,2026-12-04,,,unavailable
2026-09-26,REG,KTW,2026-12-05,,,unavailable
2026-09-26,REG,KTW,2026-12-06,,,unavailable
2026-09-26,REG,KTW,2026-12-07,,,unavailable
2026-09-26,REG,KTW,2026-12-08,,,unavailable
2026-09-26,REG,KTW,2026-12-09,,,unavailable
2026-09-26,REG,KTW,2026-12-10,,,unavailable
2026-09-26,REG,KTW,2026-12-11,,,unavailable
2026-09-26,REG,KTW,2026-12-12,,,unavailable
2026-09-26,REG,KTW,2026-12-13,,,unavailable
2026-09-26,REG,KTW,2026-12-14,,,unavailable
2026-09-26,REG,KTW,2026-12-15,,,unavailable
2026-09-26,REG,KTW,2026-12-16,,,unavailable
2026-09-26,REG,KTW,2026-12-17,,,unavailable
2026-09-26,REG,KTW,2026-12-18,,,unavailable
2026-09-26,REG,KTW,2026-12-19,,,unavailable
2026-09-26,REG,KTW,2026-12-20,,,unavailable
2026-09-26,REG,KTW,2026-12-21,,,unavailable
2026-09-26,REG,KTW,2026-12-22,,,unavailable
2026-09-26,REG,KTW,2026-12-23,,,unavailable
2026-09-26,REG,KTW,2026-12-24,,,unavailable
2026-09-26,REG,KTW,2026-12-25,,,unavailable
2026-09-26,REG,KTW,2026-12-26,,,unavailable
2026-09-26,REG,KTW,2026-12-27,,,unavailable
2026-09-26,REG,KTW,2026-12-28,,,unavailable
2026-09-26,REG,KTW,2026-12-29,,,unavailable
2026-09-26,REG,KTW,2026-12-30,,,unavailable
2026-09-26,REG,KTW,2026-12-31,,,unavailable
2026-09-26,REG,KTW,2027-01-01,,,unavailable
2026-09-26,REG,KTW,2027-01-02,,,unavailable
2026-09-26,REG,KTW,2027-01-03,,,unavailable
2026-09-26,REG,KTW,2027-01-04,,,unavailable
2026-09-26,REG,KTW,2027-01-05,,,unavailable
2026-09-26,REG,KTW,2027-01-06,,,unavailable
2026-09-26,REG,KTW,2027-01-07,,,unavailable
2026-09-26,REG,KTW,2027-01-08,,,unavailable
2026-09-26,REG,KTW,2027-01-09,,,unavailable
2026-09-26,REG,KTW,2027-01-10,,,unavailable
2026-09-26,REG,KTW,2027-01-11,,,unavailable
2026-09-26,REG,KTW,2027-01-12,,,unavailable
2026-09-26,REG,KTW,2027-01-13,,,unavailable
2026-09-26,REG,KTW,2027-01-14,,,unavailable
2026-09-26,REG,KTW,2027-01-15,,,unavailable
2026-09-26,REG,KTW,2027-01-16,,,unavailable
2026-09-26,REG,KTW,2027-01-17,,,unavailable
2026-09-26,REG,KTW,2027-01-18,,,unavailable
2026-09-26,REG,KTW,2027-01-19,,,unavailable
2026-09-26,REG,KTW,2027-01-20,,,unavailable
2026-09-26,REG,KTW,2027-01-21,,,unavailable
2026-09-26,REG,KTW,2027-01-22,,,unavailable
2026-09-26,REG,KTW,2027-01-23,,,unavailable
2026-09-26,REG,KTW,2027-01-24,,,unavailable
2026-09-26,REG,KTW,2027-01-25,,,unavailable
2026-09-26,REG,KTW,2027-01-26,,,unavailable
2026-09-26,REG,KTW,2027-01-27,,,unavailable
2026-09-26,REG,KTW,2027-01-28,,,unavailable
2026-09-26,REG,KTW,2027-01-29,,,unavailable
2026-09-26,REG,KTW,2027-01-30,,,unavailable
2026-09-26,REG,KTW,2027-01-31,,,unavailable
2026-09-26,REG,KTW,2027-02-01,,,unavailable
2026-09-26,REG,KTW,2027-02-02,,,unavailable
2026-09-26,REG,KTW,2027-02-03,,,unavailable
2026-09-26,REG,KTW,2027-02-04,,,unavailable
2026-09-26,REG,KTW,2027-02-05,,,unavailable
2026-09-26,REG,KTW,2027-02-06,,,unavailable
2026-09-26,REG,KTW,2027-02-07,,,unavailable
2026-09-26,REG,KTW,2027-02-08,,,unavailable
2026-09-26,REG,KTW,2027-02-09,,,unavailable
2026-09-26,REG,KTW,2027-02-10,,,unavailable
2026-09-26,REG,KTW,2027-02-11,,,unavailable
2026-09-26,REG,KTW,2027-02-12,,,unavailable
2026-09-26,REG,KTW,2027-02-13,,,unavailable
2026-09-26,REG,KTW,2027-02-14,,,unavailable
2026-09-26,REG,KTW,2027-02-15,,,unavailable
2026-09-26,REG,KTW,2027-02-16,,,unavailable
2026-09-26,REG,KTW,2027-02-17,,,unavailable
2026-09-26,REG,KTW,2027-02-18,,,unavailable
2026-09-26,REG,KTW,2027-02-19,,,unavailable
2026-09-26,REG,KTW,2027-02-20,,,unavailable
2026-09-26,REG,KTW,2027-02-21,,,unavailable
2026-09-26,REG,KTW,2027-02-22,,,unavailable
2026-09-26,REG,KTW,2027-02-23,,,unavailable
2026-09-26,REG,KTW,2027-02-24,,,unavailable
2026-09-26,REG,KTW,2027-02-25,,,unavailable
2026-09-26,REG,KTW,2027-02-26,,,unavailable
2026-09-26,REG,KTW,2027-02-27,,,unavailable
2026-09-26,REG,KTW,2027-02-28,,,unavailable
2026-09-26,REG,KTW,2027-03-01,,,unavailable
2026-09-26,REG,KTW,2027-03-02,,,unavailable
2026-09-26,REG,KTW,2027-03-03,,,unavailable
2026-09-26,REG,KTW,2027-03-04,,,unavailable
2026-09-26,REG,KTW,2027-03-05,,,unavailable
2026-09-26,REG,KTW,2027-03-06,,,unavailable
2026-09-26,REG,KTW,2027-03-07,,,unavailable
2026-09-26,REG,KTW,2027-03-08,,,unavailable
2026-09-26,REG,KTW,2027-03-09,,,unavailable
2026-09-26,REG,KTW,2027-03-10,,,unavailable
2026-09-26,REG,KTW,2027-03-11,,,unavailable
2026-09-26,REG,KTW,2027-03-12,,,unavailable
2026-09-26,REG,KTW,2027-03-13,,,unavailable
2026-09-26,REG,KTW,2027-03-14,,,unavailable
2026-09-26,REG,KTW,2027-03-15,,,unavailable
2026-09-26,REG,KTW,2027-03-16,,,unavailable
2026-09-26,REG,KTW,2027-03-17,,,unavailable
2026-09-26,REG,KTW,2027-03-18,,,unavailable
2026-09-26,REG,KTW,2027-03-19,,,unavailable
2026-09-26,REG,KTW,2027-03-20,,,unavailable
2026-09-26,REG,KTW,2027-03-21,,,unavailable
2026-09-26,REG,KTW,2027-03-22,,,unavailable
2026-09-26,REG,KTW,2027-03-23,,,unavailable
2026-09-26,REG,KTW,2027-03-24,,,unavailable
2026-09-26,REG,KTW,2027-03-25,,,unavailable
2026-09-26,REG,KTW,2027-03-26,,,unavailable
2026-09-26,REG,KTW,2027-03-27,,,unavailable
2026-09-26,REG,KTW,2027-03-28,09:45,468.00,ok
2026-09-26,REG,KTW,2027-03-29,,,unavailable
2026-09-26,REG,KTW,2027-03-30,,,unavailable
2026-09-26,REG,KTW,2027-03-31,,,unavailable
2026-09-26,REG,KTW,2027-04-01,09:55,468.00,ok
2026-09-26,REG,KTW,2027-04-02,,,unavailable
2026-09-26,REG,KTW,2027-04-03,,,unavailable
2026-09-26,REG,KTW,2027-04-04,09:45,251.00,ok
2026-09-26,REG,KTW,2027-04-05,,,unavailable
2026-09-26,REG,KTW,2027-04-06,,,unavailable
2026-09-26,REG,KTW,2027-04-07,,,unavailable
2026-09-26,REG,KTW,2027-04-08,09:55,289.00,ok
2026-09-26,REG,KTW,2027-04-09,,,unavailable
2026-09-26,REG,KTW,2027-04-10,,,unavailable
2026-09-26,REG,KTW,2027-04-11,09:45,289.00,ok
2026-09-26,REG,KTW,2027-04-12,,,unavailable
2026-09-26,REG,KTW,2027-04-13,,,unavailable
2026-09-26,REG,KTW,2027-04-14,,,unavailable
2026-09-26,REG,KTW,2027-04-15,09:55,289.00,ok
2026-09-26,REG,KTW,2027-04-16,,,unavailable
2026-09-26,REG,KTW,2027-04-17,,,unavailable
2026-09-26,REG,KTW,2027-04-18,09:45,289.00,ok
2026-09-26,REG,KTW,2027-04-19,,,unavailable
2026-09-26,REG,KTW,2027-04-20,,,unavailable
2026-09-26,REG,KTW,2027-04-21,,,unavailable
2026-09-26,REG,KTW,2027-04-22,09:55,289.00,ok
2026-09-26,REG,KTW,2027-04-23,,,unavailable
2026-09-26,REG,KTW,2027-04-24,,,unavailable
2026-09-26,REG,KTW,2027-04-25,09:45,289.00,ok
2026-09-26,REG,KTW,2027-04-26,,,unavailable
2026-09-26,REG,KTW,2027-04-27,,,unavailable
2026-09-26,REG,KTW,2027-04-28,,,unavailable
2026-09-26,REG,KTW,2027-04-29,09:55,289.00,ok
2026-09-26,REG,KTW,2027-04-30,,,unavailable
2026-09-26,REG,KTW,2027-05-01,,,unavailable
2026-09-26,REG,KTW,2027-05-02,09:45,425.00,ok
2026-09-26,REG,KTW,2027-05-03,,,unavailable
2026-09-26,REG,KTW,2027-05-04,,,unavailable
2026-09-26,REG,KTW,2027-05-05,,,unavailable
2026-09-26,REG,KTW,2027-05-06,09:55,293.38,ok
2026-09-26,REG,KTW,2027-05-07,,,unavailable
2026-09-26,REG,KTW,2027-05-08,,,unavailable
2026-09-26,REG,KTW,2027-05-09,09:45,289.00,ok
2026-09-26,REG,KTW,2027-05-10,,,unavailable
2026-09-26,REG,KTW,2027-05-11,,,unavailable
2026-09-26,REG,KTW,2027-05-12,,,unavailable
2026-09-26,REG,KTW,2027-05-13,09:55,289.00,ok
2026-09-26,REG,KTW,2027-05-14,,,unavailable
2026-09-26,REG,KTW,2027-05-15,,,unavailable
2026-09-26,REG,KTW,2027-05-16,09:45,374.00,ok
2026-09-26,REG,KTW,2027-05-17,,,unavailable
2026-09-26,REG,KTW,2027-05-18,,,unavailable
2026-09-26,REG,KTW,2027-05-19,,,unavailable
2026-09-26,REG,KTW,2027-05-20,09:55,289.00,ok
2026-09-26,REG,KTW,2027-05-21,,,unavailable
2026-09-26,REG,KTW,2027-05-22,,,unavailable
2026-09-26,REG,KTW,2027-05-23,09:45,327.00,ok
2026-09-26,REG,KTW,2027-05-24,,,unavailable
2026-09-26,REG,KTW,2027-05-25,,,unavailable
2026-09-26,REG,KTW,2027-05-26,,,unavailable
2026-09-26,REG,KTW,2027-05-27,09:55,293.38,ok
2026-09-26,REG,KTW,2027-05-28,,,unavailable
2026-09-26,REG,KTW,2027-05-29,,,unavailable
2026-09-26,REG,KTW,2027-05-30,09:45,293.38,ok
2026-09-26,REG,KTW,2027-05-31,,,unavailable
2026-09-26,REG,KTW,2027-06-01,,,unavailable
2026-09-26,REG,KTW,2027-06-02,,,unavailable
2026-09-26,REG,KTW,2027-06-03,09:55,289.00,ok
2026-09-26,REG,KTW,2027-06-04,,,unavailable
2026-09-26,REG,KTW,2027-06-05,,,unavailable
2026-09-26,REG,KTW,2027-06-06,09:45,468.00,ok
2026-09-26,REG,KTW,2027-06-07,,,unavailable
2026-09-26,REG,KTW,2027-06-08,,,unavailable
2026-09-26,REG,KTW,2027-06-09,,,unavailable
2026-09-26,REG,KTW,2027-06-10,09:55,289.00,ok
2026-09-26,REG,KTW,2027-06-11,,,unavailable
2026-09-26,REG,KTW,2027-06-12,,,unavailable
2026-09-26,REG,KTW,2027-06-13,09:45,289.00,ok
2026-09-26,REG,KTW,2027-06-14,,,unavailable
2026-09-26,REG,KTW,2027-06-15,,,unavailable
2026-09-26,REG,KTW,2027-06-16,,,unavailable
2026-09-26,REG,KTW,2027-06-17,09:55,289.00,ok
2026-09-26,REG,KTW,2027-06-18,,,unavailable
2026-09-26,REG,KTW,2027-06-19,,,unavailable
2026-09-26,REG,KTW,2027-06-20,09:45,289.00,ok
2026-09-26,REG,KTW,2027-06-21,,,unavailable
2026-09-26,REG,KTW,2027-06-22,,,unavailable
2026-09-26,REG,KTW,2027-06-23,,,unavailable
2026-09-26,REG,KTW,2027-06-24,09:55,289.00,ok
2026-09-26,REG,KTW,2027-06-25,,,unavailable
2026-09-26,REG,KTW,2027-06-26,,,unavailable
2026-09-26,REG,KTW,2027-06-27,09:45,374.00,ok
2026-09-26,REG,KTW,2027-06-28,,,unavailable
2026-09-26,REG,KTW,2027-06-29,,,unavailable
2026-09-26,REG,KTW,2027-06-30,,,unavailable
2026-09-26,REG,KTW,2027-07-01,09:55,293.38,ok
2026-09-26,REG,KTW,2027-07-02,,,unavailable
2026-09-26,REG,KTW,2027-07-03,,,unavailable
2026-09-26,REG,KTW,2027-07-04,09:45,374.00,ok
2026-09-26,REG,KTW,2027-07-05,,,unavailable
2026-09-26,REG,KTW,2027-07-06,,,unavailable
2026-09-26,REG,KTW,2027-07-07,,,unavailable
2026-09-26,REG,KTW,2027-07-08,09:55,327.00,ok
2026-09-26,REG,KTW,2027-07-09,,,unavailable
2026-09-26,REG,KTW,2027-07-10,,,unavailable
2026-09-26,REG,KTW,2027-07-11,09:45,374.00,ok
2026-09-26,REG,KTW,2027-07-12,,,unavailable
2026-09-26,REG,KTW,2027-07-13,,,unavailable
2026-09-26,REG,KTW,2027-07-14,,,unavailable
2026-09-26,REG,KTW,2027-07-15,09:55,374.00,ok
2026-09-26,REG,KTW,2027-07-16,,,unavailable
2026-09-26,REG,KTW,2027-07-17,,,unavailable
2026-09-26,REG,KTW,2027-07-18,09:45,468.00,ok
2026-09-26,REG,KTW,2027-07-19,,,unavailable
2026-09-26,REG,KTW,2027-07-20,,,unavailable
2026-09-26,REG,KTW,2027-07-21,,,unavailable
2026-09-26,REG,KTW,2027-07-22,09:55,374.00,ok
2026-09-26,REG,KTW,2027-07-23,,,unavailable
2026-09-26,REG,KTW,2027-07-24,,,unavailable
2026-09-26,REG,KTW,2027-07-25,09:45,468.00,ok
2026-09-26,REG,KTW,2027-07-26,,,unavailable
2026-09-26,REG,KTW,2027-07-27,,,unavailable
2026-09-26,REG,KTW,2027-07-28,,,unavailable
2026-09-26,REG,KTW,2027-07-29,09:55,425.00,ok
2026-09-26,REG,KTW,2027-07-30,,,unavailable
2026-09-26,REG,KTW,2027-07-31,,,unavailable
2026-09-26,REG,KTW,2027-08-01,09:45,425.00,ok
2026-09-26,REG,KTW,2027-08-02,,,unavailable
2026-09-26,REG,KTW,2027-08-03,,,unavailable
2026-09-26,REG,KTW,2027-08-04,,,unavailable
2026-09-26,REG,KTW,2027-08-05,09:55,425.00,ok
2026-09-26,REG,KTW,2027-08-06,,,unavailable
2026-09-26,REG,KTW,2027-08-07,,,unavailable
2026-09-26,REG,KTW,2027-08-08,09:45,468.00,ok
2026-09-26,REG,KTW,2027-08-09,,,unavailable
2026-09-26,REG,KTW,2027-08-10,,,unavailable
2026-09-26,REG,KTW,2027-08-11,,,unavailable
2026-09-26,REG,KTW,2027-08-12,09:55,425.00,ok
2026-09-26,REG,KTW,2027-08-13,,,unavailable
2026-09-26,REG,KTW,2027-08-14,,,unavailable
2026-09-26,REG,KTW,2027-08-15,09:45,468.00,ok
2026-09-26,REG,KTW,2027-08-16,,,unavailable
2026-09-26,REG,KTW,2027-08-17,,,unavailable
2026-09-26,REG,KTW,2027-08-18,,,unavailable
2026-09-26,REG,KTW,2027-08-19,09:55,374.00,ok
2026-09-26,REG,KTW,2027-08-20,,,unavailable
2026-09-26,REG,KTW,2027-08-21,,,unavailable
2026-09-26,REG,KTW,2027-08-22,09:45,425.00,ok
2026-09-26,REG,KTW,2027-08-23,,,unavailable
2026-09-26,REG,KTW,2027-08-24,,,unavailable
2026-09-26,REG,KTW,2027-08-25,,,unavailable
2026-09-26,REG,KTW,2027-08-26,09:55,374.00,ok
2026-09-26,REG,KTW,2027-08-27,,,unavailable
2026-09-26,REG,KTW,2027-08-28,,,unavailable
2026-09-26,REG,KTW,2027-08-29,09:45,425.00,ok
2026-09-26,REG,KTW,2027-08-30,,,unavailable
2026-09-26,REG,KTW,2027-08-31,,,unavailable
2026-09-26,KTW,STN,2026-09-26,,,unavailable
2026-09-26,KTW,STN,2026-09-27,13:00,941.85,ok
2026-09-26,KTW,STN,2026-09-28,10:50,750.92,ok
2026-09-26,KTW,STN,2026-09-29,20:00,337.29,ok
2026-09-26,KTW,STN,2026-09-30,15:05,179.57,ok
2026-09-26,KTW,STN,2026-10-01,10:00,166.43,ok
2026-09-26,KTW,STN,2026-10-02,16:05,201.48,ok
2026-09-26,KTW,STN,2026-10-03,09:50,183.95,ok
2026-09-26,KTW,STN,2026-10-04,13:00,398.62,ok
2026-09-26,KTW,STN,2026-10-05,10:50,354.81,ok
2026-09-26,KTW,STN,2026-10-06,20:00,134.34,ok
2026-09-26,KTW,STN,2026-10-07,15:05,118.24,ok
2026-09-26,KTW,STN,2026-10-08,10:00,122.62,ok
2026-09-26,KTW,STN,2026-10-09,16:05,162.05,ok
2026-09-26,KTW,STN,2026-10-10,09:50,573.85,ok
2026-09-26,KTW,STN,2026-10-11,18:20,236.52,ok
2026-09-26,KTW,STN,2026-10-12,10:50,183.95,ok
2026-09-26,KTW,STN,2026-10-13,09:50,107.00,ok
2026-09-26,KTW,STN,2026-10-14,14:20,135.76,ok
2026-09-26,KTW,STN,2026-10-15,19:25,122.62,ok
2026-09-26,KTW,STN,2026-10-16,16:05,140.14,ok
2026-09-26,KTW,STN,2026-10-17,09:50,144.53,ok
2026-09-26,KTW,STN,2026-10-18,09:30,126.41,ok
2026-09-26,KTW,STN,2026-10-19,10:50,168.03,ok
2026-09-26,KTW,STN,2026-10-20,09:50,65.67,ok
2026-09-26,KTW,STN,2026-10-21,14:20,65.67,ok
2026-09-26,KTW,STN,2026-10-22,10:00,122.62,ok
2026-09-26,KTW,STN,2026-10-23,16:05,315.38,ok
2026-09-26,KTW,STN,2026-10-24,09:50,341.67,ok
2026-09-26,KTW,STN,2026-10-25,22:20,135.76,ok
2026-09-26,KTW,STN,2026-10-26,11:00,162.05,ok
2026-09-26,KTW,STN,2026-10-27,19:45,187.77,ok
2026-09-26,KTW,STN,2026-10-28,08:25,183.21,ok
2026-09-26,KTW,STN,2026-10-29,08:30,267.02,ok
2026-09-26,KTW,STN,2026-10-30,08:00,416.14,ok
2026-09-26,KTW,STN,2026-10-31,07:35,388.31,ok
2026-09-26,KTW,STN,2026-11-01,22:20,376.71,ok
2026-09-26,KTW,STN,2026-11-02,20:25,405.75,ok
2026-09-26,KTW,STN,2026-11-03,19:45,171.78,ok
2026-09-26,KTW,STN,2026-11-04,08:25,193.25,ok
2026-09-26,KTW,STN,2026-11-05,14:50,131.38,ok
2026-09-26,KTW,STN,2026-11-06,08:00,168.03,ok
2026-09-26,KTW,STN,2026-11-07,22:05,88.25,ok
2026-09-26,KTW,STN,2026-11-08,22:20,91.96,ok
2026-09-26,KTW,STN,2026-11-09,11:00,96.70,ok
2026-09-26,KTW,STN,2026-11-10,19:45,92.32,ok
2026-09-26,KTW,STN,2026-11-11,08:25,188.87,ok
2026-09-26,KTW,STN,2026-11-12,14:50,128.00,ok
2026-09-26,KTW,STN,2026-11-13,08:00,148.91,ok
2026-09-26,KTW,STN,2026-11-14,22:05,65.00,ok
2026-09-26,KTW,STN,2026-11-15,09:55,113.86,ok
2026-09-26,KTW,STN,2026-11-16,11:00,102.62,ok
2026-09-26,KTW,STN,2026-11-17,19:45,83.87,ok
2026-09-26,KTW,STN,2026-11-18,08:25,83.87,ok
2026-09-26,KTW,STN,2026-11-19,14:50,69.56,ok
2026-09-26,KTW,STN,2026-11-20,08:00,171.30,ok
2026-09-26,KTW,STN,2026-11-21,22:05,65.67,ok
2026-09-26,KTW,STN,2026-11-22,09:55,183.95,ok
2026-09-26,KTW,STN,2026-11-23,11:00,100.72,ok
2026-09-26,KTW,STN,2026-11-24,19:45,65.00,ok
2026-09-26,KTW,STN,2026-11-25,08:25,285.29,ok
2026-09-26,KTW,STN,2026-11-26,14:50,157.67,ok
2026-09-26,KTW,STN,2026-11-27,08:00,267.02,ok
2026-09-26,KTW,STN,2026-11-28,22:05,65.67,ok
2026-09-26,KTW,STN,2026-11-29,09:55,100.43,ok
2026-09-26,KTW,STN,2026-11-30,11:00,205.86,ok
2026-09-26,KTW,STN,2026-12-01,14:20,122.62,ok
2026-09-26,KTW,STN,2026-12-02,08:25,83.12,ok
2026-09-26,KTW,STN,2026-12-03,14:50,153.29,ok
2026-09-26,KTW,STN,2026-12-04,08:00,282.66,ok
2026-09-26,KTW,STN,2026-12-05,22:05,85.40,ok
2026-09-26,KTW,STN,2026-12-06,22:20,109.48,ok
2026-09-26,KTW,STN,2026-12-07,11:00,65.67,ok
2026-09-26,KTW,STN,2026-12-08,14:20,100.72,ok
2026-09-26,KTW,STN,2026-12-09,08:25,74.43,ok
2026-09-26,KTW,STN,2026-12-10,14:50,72.36,ok
2026-09-26,KTW,STN,2026-12-11,08:00,168.99,ok
2026-09-26,KTW,STN,2026-12-12,22:05,96.34,ok
2026-09-26,KTW,STN,2026-12-13,22:20,65.00,ok
2026-09-26,KTW,STN,2026-12-14,11:00,89.78,ok
2026-09-26,KTW,STN,2026-12-15,19:45,65.00,ok
2026-09-26,KTW,STN,2026-12-16,19:55,65.00,ok
2026-09-26,KTW,STN,2026-12-17,14:50,83.12,ok
2026-09-26,KTW,STN,2026-12-18,08:00,83.12,ok
2026-09-26,KTW,STN,2026-12-19,22:05,87.57,ok
2026-09-26,KTW,STN,2026-12-20,09:55,127.00,ok
2026-09-26,KTW,STN,2026-12-21,11:00,135.67,ok
2026-09-26,KTW,STN,2026-12-22,19:45,137.05,ok
2026-09-26,KTW,STN,2026-12-23,06:00,113.86,ok
2026-09-26,KTW,STN,2026-12-24,,,unavailable
2026-09-26,KTW,STN,2026-12-25,,,unavailable
2026-09-26,KTW,STN,2026-12-26,07:35,227.76,ok
2026-09-26,KTW,STN,2026-12-27,09:55,363.57,ok
2026-09-26,KTW,STN,2026-12-28,11:00,372.33,ok
2026-09-26,KTW,STN,2026-12-29,19:45,367.92,ok
2026-09-26,KTW,STN,2026-12-30,06:00,302.24,ok
2026-09-26,KTW,STN,2026-12-31,14:50,503.83,ok
2026-09-26,KTW,STN,2027-01-01,08:00,433.67,ok
2026-09-26,KTW,STN,2027-01-02,07:35,692.14,ok
2026-09-26,KTW,STN,2027-01-03,22:20,637.00,ok
2026-09-26,KTW,STN,2027-01-04,20:25,514.00,ok
2026-09-26,KTW,STN,2027-01-05,19:45,404.83,ok
2026-09-26,KTW,STN,2027-01-06,08:25,293.48,ok
2026-09-26,KTW,STN,2027-01-07,14:50,267.19,ok
2026-09-26,KTW,STN,2027-01-08,08:00,153.00,ok
2026-09-26,KTW,STN,2027-01-09,22:05,143.33,ok
2026-09-26,KTW,STN,2027-01-10,09:55,192.72,ok
2026-09-26,KTW,STN,2027-01-11,11:00,143.33,ok
2026-09-26,KTW,STN,2027-01-12,,,unavailable
2026-09-26,KTW,STN,2027-01-13,,,unavailable
2026-09-26,KTW,STN,2027-01-14,14:50,107.00,ok
2026-09-26,KTW,STN,2027-01-15,08:00,162.05,ok
2026-09-26,KTW,STN,2027-01-16,22:05,107.00,ok
2026-09-26,KTW,STN,2027-01-17,09:55,170.74,ok
2026-09-26,KTW,STN,2027-01-18,11:00,143.33,ok
2026-09-26,KTW,STN,2027-01-19,,,unavailable
2026-09-26,KTW,STN,2027-01-20,,,unavailable
2026-09-26,KTW,STN,2027-01-21,14:50,107.00,ok
2026-09-26,KTW,STN,2027-01-22,08:00,170.81,ok
2026-09-26,KTW,STN,2027-01-23,22:05,107.00,ok
2026-09-26,KTW,STN,2027-01-24,22:20,107.00,ok
2026-09-26,KTW,STN,2027-01-25,11:00,135.76,ok
2026-09-26,KTW,STN,2027-01-26,,,unavailable
2026-09-26,KTW,STN,2027-01-27,,,unavailable
2026-09-26,KTW,STN,2027-01-28,14:50,170.74,ok
2026-09-26,KTW,STN,2027-01-29,08:00,135.76,ok
2026-09-26,KTW,STN,2027-01-30,22:05,128.00,ok
2026-09-26,KTW,STN,2027-01-31,22:20,96.34,ok
2026-09-26,KTW,STN,2027-02-01,20:25,143.33,ok
2026-09-26,KTW,STN,2027-02-02,19:45,96.34,ok
2026-09-26,KTW,STN,2027-02-03,19:55,157.67,ok
2026-09-26,KTW,STN,2027-02-04,14:50,118.24,ok
2026-09-26,KTW,STN,2027-02-05,08:00,153.29,ok
2026-09-26,KTW,STN,2027-02-06,07:35,127.00,ok
2026-09-26,KTW,STN,2027-02-07,09:55,87.57,ok
2026-09-26,KTW,STN,2027-02-08,11:00,91.96,ok
2026-09-26,KTW,STN,2027-02-09,14:20,118.24,ok
2026-09-26,KTW,STN,2027-02-10,19:55,122.62,ok
2026-09-26,KTW,STN,2027-02-11,14:50,128.00,ok
2026-09-26,KTW,STN,2027-02-12,08:00,107.00,ok
2026-09-26,KTW,STN,2027-02-13,07:35,107.00,ok
2026-09-26,KTW,STN,2027-02-14,22:20,135.76,ok
2026-09-26,KTW,STN,2027-02-15,11:00,107.00,ok
2026-09-26,KTW,STN,2027-02-16,14:20,153.00,ok
2026-09-26,KTW,STN,2027-02-17,19:55,363.57,ok
2026-09-26,KTW,STN,2027-02-18,14:50,442.43,ok
2026-09-26,KTW,STN,2027-02-19,08:00,495.00,ok
2026-09-26,KTW,STN,2027-02-20,07:35,508.34,ok
2026-09-26,KTW,STN,2027-02-21,22:20,451.87,ok
2026-09-26,KTW,STN,2027-02-22,20:25,389.86,ok
2026-09-26,KTW,STN,2027-02-23,19:45,285.00,ok
2026-09-26,KTW,STN,2027-02-24,19:55,183.00,ok
2026-09-26,KTW,STN,2027-02-25,14:50,140.14,ok
2026-09-26,KTW,STN,2027-02-26,08:00,153.00,ok
2026-09-26,KTW,STN,2027-02-27,07:35,117.95,ok
2026-09-26,KTW,STN,2027-02-28,09:55,197.10,ok
2026-09-26,KTW,STN,2027-03-01,11:00,183.00,ok
2026-09-26,KTW,STN,2027-03-02,14:20,128.00,ok
2026-09-26,KTW,STN,2027-03-03,19:55,128.00,ok
2026-09-26,KTW,STN,2027-03-04,14:50,128.00,ok
2026-09-26,KTW,STN,2027-03-05,08:00,254.05,ok
2026-09-26,KTW,STN,2027-03-06,22:05,128.00,ok
2026-09-26,KTW,STN,2027-03-07,22:20,143.33,ok
2026-09-26,KTW,STN,2027-03-08,20:25,128.00,ok
2026-09-26,KTW,STN,2027-03-09,14:20,128.00,ok
2026-09-26,KTW,STN,2027-03-10,19:55,128.00,ok
2026-09-26,KTW,STN,2027-03-11,14:50,166.43,ok
2026-09-26,KTW,STN,2027-03-12,08:00,273.07,ok
2026-09-26,KTW,STN,2027-03-13,22:05,131.38,ok
2026-09-26,KTW,STN,2027-03-14,09:55,117.95,ok
2026-09-26,KTW,STN,2027-03-15,11:00,107.00,ok
2026-09-26,KTW,STN,2027-03-16,14:20,127.00,ok
2026-09-26,KTW,STN,2027-03-17,19:55,122.62,ok
2026-09-26,KTW,STN,2027-03-18,14:50,128.00,ok
2026-09-26,KTW,STN,2027-03-19,08:00,175.19,ok
2026-09-26,KTW,STN,2027-03-20,22:05,107.00,ok
2026-09-26,KTW,STN,2027-03-21,22:20,247.00,ok
2026-09-26,KTW,STN,2027-03-22,11:00,128.00,ok
2026-09-26,KTW,STN,2027-03-23,19:45,107.00,ok
2026-09-26,KTW,STN,2027-03-24,08:25,128.00,ok
2026-09-26,KTW,STN,2027-03-25,14:50,442.43,ok
2026-09-26,KTW,STN,2027-03-26,08:00,247.00,ok
2026-09-26,KTW,STN,2027-03-27,07:35,109.48,ok
2026-09-26,KTW,STN,2027-03-28,18:05,153.00,ok
2026-09-26,KTW,STN,2027-03-29,10:35,247.00,ok
2026-09-26,KTW,STN,2027-03-30,10:20,327.00,ok
2026-09-26,KTW,STN,2027-03-31,14:50,361.83,ok
2026-09-26,KTW,STN,2027-04-01,10:30,404.83,ok
2026-09-26,KTW,STN,2027-04-02,06:40,153.00,ok
2026-09-26,KTW,STN,2027-04-03,10:20,122.33,ok
2026-09-26,KTW,STN,2027-04-04,18:05,578.38,ok
2026-09-26,KTW,STN,2027-04-05,10:35,357.45,ok
2026-09-26,KTW,STN,2027-04-06,10:20,107.00,ok
2026-09-26,KTW,STN,2027-04-07,06:30,128.00,ok
2026-09-26,KTW,STN,2027-04-08,10:30,153.00,ok
2026-09-26,KTW,STN,2027-04-09,06:40,153.00,ok
2026-09-26,KTW,STN,2027-04-10,10:20,107.00,ok
2026-09-26,KTW,STN,2027-04-11,18:05,107.00,ok
2026-09-26,KTW,STN,2027-04-12,10:35,213.00,ok
2026-09-26,KTW,STN,2027-04-13,10:20,202.50,ok
2026-09-26,KTW,STN,2027-04-14,14:50,213.00,ok
2026-09-26,KTW,STN,2027-04-15,10:30,202.50,ok
2026-09-26,KTW,STN,2027-04-16,06:40,183.00,ok
2026-09-26,KTW,STN,2027-04-17,10:20,202.50,ok
2026-09-26,KTW,STN,2027-04-18,18:05,183.00,ok
2026-09-26,KTW,STN,2027-04-19,10:35,143.33,ok
2026-09-26,KTW,STN,2027-04-20,10:20,566.13,ok
2026-09-26,KTW,STN,2027-04-21,06:30,107.00,ok
2026-09-26,KTW,STN,2027-04-22,10:30,117.95,ok
2026-09-26,KTW,STN,2027-04-23,15:50,128.00,ok
2026-09-26,KTW,STN,2027-04-24,10:20,107.00,ok
2026-09-26,KTW,STN,2027-04-25,13:00,183.00,ok
2026-09-26,KTW,STN,2027-04-26,10:35,107.00,ok
2026-09-26,KTW,STN,2027-04-27,10:20,107.00,ok
2026-09-26,KTW,STN,2027-04-28,14:50,143.33,ok
2026-09-26,KTW,STN,2027-04-29,10:30,313.26,ok
2026-09-26,KTW,STN,2027-04-30,15:50,235.78,ok
2026-09-26,KTW,STN,2027-05-01,10:20,235.78,ok
2026-09-26,KTW,STN,2027-05-02,13:00,183.00,ok
2026-09-26,KTW,STN,2027-05-03,10:35,404.83,ok
2026-09-26,KTW,STN,2027-05-04,10:20,235.78,ok
2026-09-26,KTW,STN,2027-05-05,14:50,117.95,ok
2026-09-26,KTW,STN,2027-05-06,10:30,117.95,ok
2026-09-26,KTW,STN,2027-05-07,06:40,143.33,ok
2026-09-26,KTW,STN,2027-05-08,10:20,183.00,ok
2026-09-26,KTW,STN,2027-05-09,18:05,213.00,ok
2026-09-26,KTW,STN,2027-05-10,10:35,183.00,ok
2026-09-26,KTW,STN,2027-05-11,10:20,170.74,ok
2026-09-26,KTW,STN,2027-05-12,14:50,107.00,ok
2026-09-26,KTW,STN,2027-05-13,10:30,117.95,ok
2026-09-26,KTW,STN,2027-05-14,15:50,117.95,ok
2026-09-26,KTW,STN,2027-05-15,10:20,170.74,ok
2026-09-26,KTW,STN,2027-05-16,18:05,128.00,ok
2026-09-26,KTW,STN,2027-05-17,10:35,153.00,ok
2026-09-26,KTW,STN,2027-05-18,10:20,143.33,ok
2026-09-26,KTW,STN,2027-05-19,06:30,170.74,ok
2026-09-26,KTW,STN,2027-05-20,10:30,117.95,ok
2026-09-26,KTW,STN,2027-05-21,15:50,128.00,ok
2026-09-26,KTW,STN,2027-05-22,10:20,128.00,ok
2026-09-26,KTW,STN,2027-05-23,18:05,153.00,ok
2026-09-26,KTW,STN,2027-05-24,10:35,273.07,ok
2026-09-26,KTW,STN,2027-05-25,10:20,313.26,ok
2026-09-26,KTW,STN,2027-05-26,06:30,183.00,ok
2026-09-26,KTW,STN,2027-05-27,10:30,235.78,ok
2026-09-26,KTW,STN,2027-05-28,15:50,251.38,ok
2026-09-26,KTW,STN,2027-05-29,10:20,285.00,ok
2026-09-26,KTW,STN,2027-05-30,18:05,285.00,ok
2026-09-26,KTW,STN,2027-05-31,10:35,361.83,ok
2026-09-26,KTW,STN,2027-06-01,10:20,213.00,ok
2026-09-26,KTW,STN,2027-06-02,14:50,157.38,ok
2026-09-26,KTW,STN,2027-06-03,10:30,153.00,ok
2026-09-26,KTW,STN,2027-06-04,06:40,187.38,ok
2026-09-26,KTW,STN,2027-06-05,10:20,153.00,ok
2026-09-26,KTW,STN,2027-06-06,18:05,317.64,ok
2026-09-26,KTW,STN,2027-06-07,10:35,147.71,ok
2026-09-26,KTW,STN,2027-06-08,10:20,153.00,ok
2026-09-26,KTW,STN,2027-06-09,14:50,128.00,ok
2026-09-26,KTW,STN,2027-06-10,10:30,175.12,ok
2026-09-26,KTW,STN,2027-06-11,15:50,128.00,ok
2026-09-26,KTW,STN,2027-06-12,10:20,128.00,ok
2026-09-26,KTW,STN,2027-06-13,18:05,153.00,ok
2026-09-26,KTW,STN,2027-06-14,10:35,157.38,ok
2026-09-26,KTW,STN,2027-06-15,10:20,153.00,ok
2026-09-26,KTW,STN,2027-06-16,14:50,153.00,ok
2026-09-26,KTW,STN,2027-06-17,10:30,153.00,ok
2026-09-26,KTW,STN,2027-06-18,15:50,128.00,ok
2026-09-26,KTW,STN,2027-06-19,10:20,128.00,ok
2026-09-26,KTW,STN,2027-06-20,18:05,128.00,ok
2026-09-26,KTW,STN,2027-06-21,10:35,128.00,ok
2026-09-26,KTW,STN,2027-06-22,10:20,117.95,ok
2026-09-26,KTW,STN,2027-06-23,14:50,107.00,ok
2026-09-26,KTW,STN,2027-06-24,10:30,107.00,ok
2026-09-26,KTW,STN,2027-06-25,15:50,128.00,ok
2026-09-26,KTW,STN,2027-06-26,10:20,153.00,ok
2026-09-26,KTW,STN,2027-06-27,18:05,213.00,ok
2026-09-26,KTW,STN,2027-06-28,10:35,213.00,ok
2026-09-26,KTW,STN,2027-06-29,10:20,183.00,ok
2026-09-26,KTW,STN,2027-06-30,14:50,128.00,ok
2026-09-26,KTW,STN,2027-07-01,10:30,128.00,ok
2026-09-26,KTW,STN,2027-07-02,15:50,128.00,ok
2026-09-26,KTW,STN,2027-07-03,10:20,128.00,ok
2026-09-26,KTW,STN,2027-07-04,13:00,247.00,ok
2026-09-26,KTW,STN,2027-07-05,10:35,153.00,ok
2026-09-26,KTW,STN,2027-07-06,10:20,128.00,ok
2026-09-26,KTW,STN,2027-07-07,06:30,107.00,ok
2026-09-26,KTW,STN,2027-07-08,10:30,107.00,ok
2026-09-26,KTW,STN,2027-07-09,15:50,107.00,ok
2026-09-26,KTW,STN,2027-07-10,10:20,117.95,ok
2026-09-26,KTW,STN,2027-07-11,18:05,107.00,ok
2026-09-26,KTW,STN,2027-07-12,10:35,107.00,ok
2026-09-26,KTW,STN,2027-07-13,10:20,107.00,ok
2026-09-26,KTW,STN,2027-07-14,06:30,107.00,ok
2026-09-26,KTW,STN,2027-07-15,10:30,107.00,ok
2026-09-26,KTW,STN,2027-07-16,15:50,107.00,ok
2026-09-26,KTW,STN,2027-07-17,10:20,117.95,ok
2026-09-26,KTW,STN,2027-07-18,18:05,107.00,ok
2026-09-26,KTW,STN,2027-07-19,10:35,107.00,ok
2026-09-26,KTW,STN,2027-07-20,10:20,107.00,ok
2026-09-26,KTW,STN,2027-07-21,14:50,107.00,ok
2026-09-26,KTW,STN,2027-07-22,10:30,107.00,ok
2026-09-26,KTW,STN,2027-07-23,15:50,107.00,ok
2026-09-26,KTW,STN,2027-07-24,10:20,107.00,ok
2026-09-26,KTW,STN,2027-07-25,18:05,107.00,ok
2026-09-26,KTW,STN,2027-07-26,10:35,107.00,ok
2026-09-26,KTW,STN,2027-07-27,10:20,107.00,ok
2026-09-26,KTW,STN,2027-07-28,14:50,107.00,ok
2026-09-26,KTW,STN,2027-07-29,10:30,107.00,ok
2026-09-26,KTW,STN,2027-07-30,06:40,107.00,ok
2026-09-26,KTW,STN,2027-07-31,10:20,107.00,ok
2026-09-26,KTW,STN,2027-08-01,18:05,128.00,ok
2026-09-26,KTW,STN,2027-08-02,10:35,128.00,ok
2026-09-26,KTW,STN,2027-08-03,10:20,107.00,ok
2026-09-26,KTW,STN,2027-08-04,14:50,117.95,ok
2026-09-26,KTW,STN,2027-08-05,10:30,143.33,ok
2026-09-26,KTW,STN,2027-08-06,15:50,153.00,ok
2026-09-26,KTW,STN,2027-08-07,10:20,213.00,ok
2026-09-26,KTW,STN,2027-08-08,18:05,213.00,ok
2026-09-26,KTW,STN,2027-08-09,10:35,247.00,ok
2026-09-26,KTW,STN,2027-08-10,10:20,247.00,ok
2026-09-26,KTW,STN,2027-08-11,14:50,247.00,ok
2026-09-26,KTW,STN,2027-08-12,10:30,285.00,ok
2026-09-26,KTW,STN,2027-08-13,15:50,285.00,ok
2026-09-26,KTW,STN,2027-08-14,10:20,370.00,ok
2026-09-26,KTW,STN,2027-08-15,18:05,370.00,ok
2026-09-26,KTW,STN,2027-08-16,10:35,404.83,ok
2026-09-26,KTW,STN,2027-08-17,10:20,370.00,ok
2026-09-26,KTW,STN,2027-08-18,14:50,370.00,ok
2026-09-26,KTW,STN,2027-08-19,10:30,370.00,ok
2026-09-26,KTW,STN,2027-08-20,15:50,463.00,ok
2026-09-26,KTW,STN,2027-08-21,10:20,463.00,ok
2026-09-26,KTW,STN,2027-08-22,18:05,463.00,ok
2026-09-26,KTW,STN,2027-08-23,10:35,574.00,ok
2026-09-26,KTW,STN,2027-08-24,10:20,574.00,ok
2026-09-26,KTW,STN,2027-08-25,14:50,508.34,ok
2026-09-26,KTW,STN,2027-08-26,10:30,508.34,ok
2026-09-26,KTW,STN,2027-08-27,06:40,574.00,ok
2026-09-26,KTW,STN,2027-08-28,10:20,574.00,ok
2026-09-26,KTW,STN,2027-08-29,18:05,574.00,ok
2026-09-26,KTW,STN,2027-08-30,10:35,574.00,ok
2026-09-26,KTW,STN,2027-08-31,10:20,574.00,ok
2026-09-26,STN,KTW,2026-09-26,,,unavailable
2026-09-26,STN,KTW,2026-09-27,20:05,707.45,ok
2026-09-26,STN,KTW,2026-09-28,12:35,249.36,ok
2026-09-26,STN,KTW,2026-09-29,06:15,396.96,ok
2026-09-26,STN,KTW,2026-09-30,16:50,254.45,ok
2026-09-26,STN,KTW,2026-10-01,11:45,427.50,ok
2026-09-26,STN,KTW,2026-10-02,17:50,458.04,ok
2026-09-26,STN,KTW,2026-10-03,06:15,290.07,ok
2026-09-26,STN,KTW,2026-10-04,20:05,217.38,ok
2026-09-26,STN,KTW,2026-10-05,12:35,187.77,ok
2026-09-26,STN,KTW,2026-10-06,06:15,112.45,ok
2026-09-26,STN,KTW,2026-10-07,16:50,251.38,ok
2026-09-26,STN,KTW,2026-10-08,21:10,254.45,ok
2026-09-26,STN,KTW,2026-10-09,17:50,310.43,ok
2026-09-26,STN,KTW,2026-10-10,06:15,221.94,ok
2026-09-26,STN,KTW,2026-10-11,20:05,218.82,ok
2026-09-26,STN,KTW,2026-10-12,12:35,256.64,ok
2026-09-26,STN,KTW,2026-10-13,06:15,111.93,ok
2026-09-26,STN,KTW,2026-10-14,16:05,244.27,ok
2026-09-26,STN,KTW,2026-10-15,11:45,432.59,ok
2026-09-26,STN,KTW,2026-10-16,17:50,315.52,ok
2026-09-26,STN,KTW,2026-10-17,06:15,376.60,ok
2026-09-26,STN,KTW,2026-10-18,05:55,222.11,ok
2026-09-26,STN,KTW,2026-10-19,12:35,218.82,ok
2026-09-26,STN,KTW,2026-10-20,06:15,167.92,ok
2026-09-26,STN,KTW,2026-10-21,16:05,223.91,ok
2026-09-26,STN,KTW,2026-10-22,11:45,346.06,ok
2026-09-26,STN,KTW,2026-10-23,17:50,564.93,ok
2026-09-26,STN,KTW,2026-10-24,06:15,352.24,ok
2026-09-26,STN,KTW,2026-10-25,06:15,295.03,ok
2026-09-26,STN,KTW,2026-10-26,07:20,264.63,ok
2026-09-26,STN,KTW,2026-10-27,16:05,111.38,ok
2026-09-26,STN,KTW,2026-10-28,16:15,111.93,ok
2026-09-26,STN,KTW,2026-10-29,10:20,141.58,ok
2026-09-26,STN,KTW,2026-10-30,09:50,274.81,ok
2026-09-26,STN,KTW,2026-10-31,09:25,162.06,ok
2026-09-26,STN,KTW,2026-11-01,06:15,178.10,ok
2026-09-26,STN,KTW,2026-11-02,07:20,88.25,ok
2026-09-26,STN,KTW,2026-11-03,10:40,76.30,ok
2026-09-26,STN,KTW,2026-11-04,16:15,76.30,ok
2026-09-26,STN,KTW,2026-11-05,16:40,117.02,ok
2026-09-26,STN,KTW,2026-11-06,09:50,218.82,ok
2026-09-26,STN,KTW,2026-11-07,18:25,91.57,ok
2026-09-26,STN,KTW,2026-11-08,06:15,76.30,ok
2026-09-26,STN,KTW,2026-11-09,07:20,76.30,ok
2026-09-26,STN,KTW,2026-11-10,10:40,98.24,ok
2026-09-26,STN,KTW,2026-11-11,10:15,142.40,ok
2026-09-26,STN,KTW,2026-11-12,16:40,108.07,ok
2026-09-26,STN,KTW,2026-11-13,09:50,219.83,ok
2026-09-26,STN,KTW,2026-11-14,09:25,157.74,ok
2026-09-26,STN,KTW,2026-11-15,06:15,136.98,ok
2026-09-26,STN,KTW,2026-11-16,07:20,117.02,ok
2026-09-26,STN,KTW,2026-11-17,16:05,83.87,ok
2026-09-26,STN,KTW,2026-11-18,10:15,111.93,ok
2026-09-26,STN,KTW,2026-11-19,16:40,142.47,ok
2026-09-26,STN,KTW,2026-11-20,09:50,204.47,ok
2026-09-26,STN,KTW,2026-11-21,09:25,116.86,ok
2026-09-26,STN,KTW,2026-11-22,06:15,91.57,ok
2026-09-26,STN,KTW,2026-11-23,07:20,122.11,ok
2026-09-26,STN,KTW,2026-11-24,16:05,65.00,ok
2026-09-26,STN,KTW,2026-11-25,10:15,193.37,ok
2026-09-26,STN,KTW,2026-11-26,16:40,88.25,ok
2026-09-26,STN,KTW,2026-11-27,09:50,358.80,ok
2026-09-26,STN,KTW,2026-11-28,09:25,157.74,ok
2026-09-26,STN,KTW,2026-11-29,06:15,149.29,ok
2026-09-26,STN,KTW,2026-11-30,07:20,86.71,ok
2026-09-26,STN,KTW,2026-12-01,10:40,88.47,ok
2026-09-26,STN,KTW,2026-12-02,10:15,142.47,ok
2026-09-26,STN,KTW,2026-12-03,16:40,212.82,ok
2026-09-26,STN,KTW,2026-12-04,09:50,279.90,ok
2026-09-26,STN,KTW,2026-12-05,18:25,229.00,ok
2026-09-26,STN,KTW,2026-12-06,06:15,179.58,ok
2026-09-26,STN,KTW,2026-12-07,07:20,137.38,ok
2026-09-26,STN,KTW,2026-12-08,10:40,198.46,ok
2026-09-26,STN,KTW,2026-12-09,10:15,203.55,ok
2026-09-26,STN,KTW,2026-12-10,16:40,335.88,ok
2026-09-26,STN,KTW,2026-12-11,09:50,471.80,ok
2026-09-26,STN,KTW,2026-12-12,18:25,391.87,ok
2026-09-26,STN,KTW,2026-12-13,06:15,273.70,ok
2026-09-26,STN,KTW,2026-12-14,07:20,234.09,ok
2026-09-26,STN,KTW,2026-12-15,10:40,274.81,ok
2026-09-26,STN,KTW,2026-12-16,10:15,314.82,ok
2026-09-26,STN,KTW,2026-12-17,16:40,689.83,ok
2026-09-26,STN,KTW,2026-12-18,09:50,895.78,ok
2026-09-26,STN,KTW,2026-12-19,18:25,1084.10,ok
2026-09-26,STN,KTW,2026-12-20,06:15,707.44,ok
2026-09-26,STN,KTW,2026-12-21,07:20,560.92,ok
2026-09-26,STN,KTW,2026-12-22,06:20,671.82,ok
2026-09-26,STN,KTW,2026-12-23,16:15,592.24,ok
2026-09-26,STN,KTW,2026-12-24,,,unavailable
2026-09-26,STN,KTW,2026-12-25,,,unavailable
2026-09-26,STN,KTW,2026-12-26,18:25,346.06,ok
2026-09-26,STN,KTW,2026-12-27,06:15,368.55,ok
2026-09-26,STN,KTW,2026-12-28,07:20,320.61,ok
2026-09-26,STN,KTW,2026-12-29,16:05,208.64,ok
2026-09-26,STN,KTW,2026-12-30,16:15,183.19,ok
2026-09-26,STN,KTW,2026-12-31,16:40,102.62,ok
2026-09-26,STN,KTW,2027-01-01,09:50,90.00,ok
2026-09-26,STN,KTW,2027-01-02,09:25,147.56,ok
2026-09-26,STN,KTW,2027-01-03,06:15,152.65,ok
2026-09-26,STN,KTW,2027-01-04,07:20,90.00,ok
2026-09-26,STN,KTW,2027-01-05,10:40,90.00,ok
2026-09-26,STN,KTW,2027-01-06,10:15,90.00,ok
2026-09-26,STN,KTW,2027-01-07,16:40,167.92,ok
2026-09-26,STN,KTW,2027-01-08,09:50,202.50,ok
2026-09-26,STN,KTW,2027-01-09,18:25,137.38,ok
2026-09-26,STN,KTW,2027-01-10,06:15,111.93,ok
2026-09-26,STN,KTW,2027-01-11,07:20,128.00,ok
2026-09-26,STN,KTW,2027-01-12,,,unavailable
2026-09-26,STN,KTW,2027-01-13,,,unavailable
2026-09-26,STN,KTW,2027-01-14,16:40,111.93,ok
2026-09-26,STN,KTW,2027-01-15,09:50,97.67,ok
2026-09-26,STN,KTW,2027-01-16,18:25,170.74,ok
2026-09-26,STN,KTW,2027-01-17,06:15,90.00,ok
2026-09-26,STN,KTW,2027-01-18,07:20,107.00,ok
2026-09-26,STN,KTW,2027-01-19,,,unavailable
2026-09-26,STN,KTW,2027-01-20,,,unavailable
2026-09-26,STN,KTW,2027-01-21,16:40,170.74,ok
2026-09-26,STN,KTW,2027-01-22,09:50,107.00,ok
2026-09-26,STN,KTW,2027-01-23,18:25,111.93,ok
2026-09-26,STN,KTW,2027-01-24,06:15,107.00,ok
2026-09-26,STN,KTW,2027-01-25,07:20,111.93,ok
2026-09-26,STN,KTW,2027-01-26,,,unavailable
2026-09-26,STN,KTW,2027-01-27,,,unavailable
2026-09-26,STN,KTW,2027-01-28,16:40,143.33,ok
2026-09-26,STN,KTW,2027-01-29,09:50,290.07,ok
2026-09-26,STN,KTW,2027-01-30,18:25,111.93,ok
2026-09-26,STN,KTW,2027-01-31,18:40,111.93,ok
2026-09-26,STN,KTW,2027-02-01,07:20,127.20,ok
2026-09-26,STN,KTW,2027-02-02,16:05,127.20,ok
2026-09-26,STN,KTW,2027-02-03,16:15,178.10,ok
2026-09-26,STN,KTW,2027-02-04,16:40,128.00,ok
2026-09-26,STN,KTW,2027-02-05,09:50,234.09,ok
2026-09-26,STN,KTW,2027-02-06,18:25,127.20,ok
2026-09-26,STN,KTW,2027-02-07,18:40,128.00,ok
2026-09-26,STN,KTW,2027-02-08,07:20,142.47,ok
2026-09-26,STN,KTW,2027-02-09,10:40,107.00,ok
2026-09-26,STN,KTW,2027-02-10,16:15,183.00,ok
2026-09-26,STN,KTW,2027-02-11,16:40,285.00,ok
2026-09-26,STN,KTW,2027-02-12,09:50,615.83,ok
2026-09-26,STN,KTW,2027-02-13,18:25,310.43,ok
2026-09-26,STN,KTW,2027-02-14,06:15,330.79,ok
2026-09-26,STN,KTW,2027-02-15,07:20,247.00,ok
2026-09-26,STN,KTW,2027-02-16,10:40,183.00,ok
2026-09-26,STN,KTW,2027-02-17,16:15,183.00,ok
2026-09-26,STN,KTW,2027-02-18,16:40,279.90,ok
2026-09-26,STN,KTW,2027-02-19,09:50,153.00,ok
2026-09-26,STN,KTW,2027-02-20,09:25,107.00,ok
2026-09-26,STN,KTW,2027-02-21,06:15,132.29,ok
2026-09-26,STN,KTW,2027-02-22,16:45,142.47,ok
2026-09-26,STN,KTW,2027-02-23,10:40,107.00,ok
2026-09-26,STN,KTW,2027-02-24,16:15,218.82,ok
2026-09-26,STN,KTW,2027-02-25,16:40,203.55,ok
2026-09-26,STN,KTW,2027-02-26,09:50,143.33,ok
2026-09-26,STN,KTW,2027-02-27,18:25,153.00,ok
2026-09-26,STN,KTW,2027-02-28,06:15,107.00,ok
2026-09-26,STN,KTW,2027-03-01,07:20,107.00,ok
2026-09-26,STN,KTW,2027-03-02,10:40,117.95,ok
2026-09-26,STN,KTW,2027-03-03,16:15,213.73,ok
2026-09-26,STN,KTW,2027-03-04,16:40,153.00,ok
2026-09-26,STN,KTW,2027-03-05,09:50,234.09,ok
2026-09-26,STN,KTW,2027-03-06,09:25,127.20,ok
2026-09-26,STN,KTW,2027-03-07,06:15,157.74,ok
2026-09-26,STN,KTW,2027-03-08,07:20,107.00,ok
2026-09-26,STN,KTW,2027-03-09,10:40,117.95,ok
2026-09-26,STN,KTW,2027-03-10,16:15,198.46,ok
2026-09-26,STN,KTW,2027-03-11,16:40,357.45,ok
2026-09-26,STN,KTW,2027-03-12,09:50,290.07,ok
2026-09-26,STN,KTW,2027-03-13,18:25,128.00,ok
2026-09-26,STN,KTW,2027-03-14,06:15,142.47,ok
2026-09-26,STN,KTW,2027-03-15,07:20,142.47,ok
2026-09-26,STN,KTW,2027-03-16,10:40,107.00,ok
2026-09-26,STN,KTW,2027-03-17,16:15,235.78,ok
2026-09-26,STN,KTW,2027-03-18,16:40,203.55,ok
2026-09-26,STN,KTW,2027-03-19,09:50,117.95,ok
2026-09-26,STN,KTW,2027-03-20,18:25,327.00,ok
2026-09-26,STN,KTW,2027-03-21,06:15,247.00,ok
2026-09-26,STN,KTW,2027-03-22,07:20,213.00,ok
2026-09-26,STN,KTW,2027-03-23,16:05,247.00,ok
2026-09-26,STN,KTW,2027-03-24,10:15,235.78,ok
2026-09-26,STN,KTW,2027-03-25,16:40,370.00,ok
2026-09-26,STN,KTW,2027-03-26,09:50,451.87,ok
2026-09-26,STN,KTW,2027-03-27,18:25,285.00,ok
2026-09-26,STN,KTW,2027-03-28,14:30,213.00,ok
2026-09-26,STN,KTW,2027-03-29,07:00,183.00,ok
2026-09-26,STN,KTW,2027-03-30,06:45,183.00,ok
2026-09-26,STN,KTW,2027-03-31,08:15,157.38,ok
2026-09-26,STN,KTW,2027-04-01,12:15,107.00,ok
2026-09-26,STN,KTW,2027-04-02,17:35,128.00,ok
2026-09-26,STN,KTW,2027-04-03,06:45,111.38,ok
2026-09-26,STN,KTW,2027-04-04,09:25,157.38,ok
2026-09-26,STN,KTW,2027-04-05,07:00,170.74,ok
2026-09-26,STN,KTW,2027-04-06,06:45,107.00,ok
2026-09-26,STN,KTW,2027-04-07,11:15,107.00,ok
2026-09-26,STN,KTW,2027-04-08,12:15,107.00,ok
2026-09-26,STN,KTW,2027-04-09,17:35,213.00,ok
2026-09-26,STN,KTW,2027-04-10,06:45,247.00,ok
2026-09-26,STN,KTW,2027-04-11,14:30,285.00,ok
2026-09-26,STN,KTW,2027-04-12,07:00,107.00,ok
2026-09-26,STN,KTW,2027-04-13,06:45,107.00,ok
2026-09-26,STN,KTW,2027-04-14,11:15,107.00,ok
2026-09-26,STN,KTW,2027-04-15,12:15,117.95,ok
2026-09-26,STN,KTW,2027-04-16,17:35,107.00,ok
2026-09-26,STN,KTW,2027-04-17,06:45,107.00,ok
2026-09-26,STN,KTW,2027-04-18,09:25,153.00,ok
2026-09-26,STN,KTW,2027-04-19,07:00,107.00,ok
2026-09-26,STN,KTW,2027-04-20,06:45,107.00,ok
2026-09-26,STN,KTW,2027-04-21,11:15,107.00,ok
2026-09-26,STN,KTW,2027-04-22,12:15,107.00,ok
2026-09-26,STN,KTW,2027-04-23,17:35,117.95,ok
2026-09-26,STN,KTW,2027-04-24,06:45,107.00,ok
2026-09-26,STN,KTW,2027-04-25,09:25,153.00,ok
2026-09-26,STN,KTW,2027-04-26,07:00,117.95,ok
2026-09-26,STN,KTW,2027-04-27,06:45,107.00,ok
2026-09-26,STN,KTW,2027-04-28,11:15,117.95,ok
2026-09-26,STN,KTW,2027-04-29,12:15,143.33,ok
2026-09-26,STN,KTW,2027-04-30,17:35,357.45,ok
2026-09-26,STN,KTW,2027-05-01,06:45,202.50,ok
2026-09-26,STN,KTW,2027-05-02,14:30,143.33,ok
2026-09-26,STN,KTW,2027-05-03,07:00,153.00,ok
2026-09-26,STN,KTW,2027-05-04,06:45,202.50,ok
2026-09-26,STN,KTW,2027-05-05,08:15,183.00,ok
2026-09-26,STN,KTW,2027-05-06,12:15,235.78,ok
2026-09-26,STN,KTW,2027-05-07,08:25,285.00,ok
2026-09-26,STN,KTW,2027-05-08,06:45,273.07,ok
2026-09-26,STN,KTW,2027-05-09,09:25,327.00,ok
2026-09-26,STN,KTW,2027-05-10,07:00,107.00,ok
2026-09-26,STN,KTW,2027-05-11,06:45,117.95,ok
2026-09-26,STN,KTW,2027-05-12,11:15,170.74,ok
2026-09-26,STN,KTW,2027-05-13,12:15,117.95,ok
2026-09-26,STN,KTW,2027-05-14,08:25,370.00,ok
2026-09-26,STN,KTW,2027-05-15,06:45,117.95,ok
2026-09-26,STN,KTW,2027-05-16,09:25,247.00,ok
2026-09-26,STN,KTW,2027-05-17,07:00,107.00,ok
2026-09-26,STN,KTW,2027-05-18,06:45,107.00,ok
2026-09-26,STN,KTW,2027-05-19,11:15,143.33,ok
2026-09-26,STN,KTW,2027-05-20,12:15,128.00,ok
2026-09-26,STN,KTW,2027-05-21,17:35,128.00,ok
2026-09-26,STN,KTW,2027-05-22,06:45,630.51,ok
2026-09-26,STN,KTW,2027-05-23,14:30,128.00,ok
2026-09-26,STN,KTW,2027-05-24,07:00,213.00,ok
2026-09-26,STN,KTW,2027-05-25,06:45,404.83,ok
2026-09-26,STN,KTW,2027-05-26,11:15,213.00,ok
2026-09-26,STN,KTW,2027-05-27,12:15,153.00,ok
2026-09-26,STN,KTW,2027-05-28,17:35,277.45,ok
2026-09-26,STN,KTW,2027-05-29,06:45,235.78,ok
2026-09-26,STN,KTW,2027-05-30,09:25,183.00,ok
2026-09-26,STN,KTW,2027-05-31,07:00,122.33,ok
2026-09-26,STN,KTW,2027-06-01,06:45,107.00,ok
2026-09-26,STN,KTW,2027-06-02,11:15,111.38,ok
2026-09-26,STN,KTW,2027-06-03,12:15,107.00,ok
2026-09-26,STN,KTW,2027-06-04,08:25,217.38,ok
2026-09-26,STN,KTW,2027-06-05,06:45,128.00,ok
2026-09-26,STN,KTW,2027-06-06,14:30,240.16,ok
2026-09-26,STN,KTW,2027-06-07,07:00,111.38,ok
2026-09-26,STN,KTW,2027-06-08,06:45,107.00,ok
2026-09-26,STN,KTW,2027-06-09,11:15,107.00,ok
2026-09-26,STN,KTW,2027-06-10,12:15,132.38,ok
2026-09-26,STN,KTW,2027-06-11,17:35,128.00,ok
2026-09-26,STN,KTW,2027-06-12,06:45,153.00,ok
2026-09-26,STN,KTW,2027-06-13,14:30,128.00,ok
2026-09-26,STN,KTW,2027-06-14,07:00,111.38,ok
2026-09-26,STN,KTW,2027-06-15,06:45,128.00,ok
2026-09-26,STN,KTW,2027-06-16,11:15,128.00,ok
2026-09-26,STN,KTW,2027-06-17,12:15,143.33,ok
2026-09-26,STN,KTW,2027-06-18,17:35,213.00,ok
2026-09-26,STN,KTW,2027-06-19,06:45,213.00,ok
2026-09-26,STN,KTW,2027-06-20,14:30,247.00,ok
2026-09-26,STN,KTW,2027-06-21,07:00,213.00,ok
2026-09-26,STN,KTW,2027-06-22,06:45,153.00,ok
2026-09-26,STN,KTW,2027-06-23,11:15,153.00,ok
2026-09-26,STN,KTW,2027-06-24,12:15,153.00,ok
2026-09-26,STN,KTW,2027-06-25,17:35,153.00,ok
2026-09-26,STN,KTW,2027-06-26,06:45,153.00,ok
2026-09-26,STN,KTW,2027-06-27,14:30,170.74,ok
2026-09-26,STN,KTW,2027-06-28,07:00,153.00,ok
2026-09-26,STN,KTW,2027-06-29,06:45,153.00,ok
2026-09-26,STN,KTW,2027-06-30,11:15,153.00,ok
2026-09-26,STN,KTW,2027-07-01,12:15,235.78,ok
2026-09-26,STN,KTW,2027-07-02,17:35,285.00,ok
2026-09-26,STN,KTW,2027-07-03,06:45,247.00,ok
2026-09-26,STN,KTW,2027-07-04,14:30,247.00,ok
2026-09-26,STN,KTW,2027-07-05,07:00,285.00,ok
2026-09-26,STN,KTW,2027-07-06,06:45,213.00,ok
2026-09-26,STN,KTW,2027-07-07,11:15,285.00,ok
2026-09-26,STN,KTW,2027-07-08,12:15,285.00,ok
2026-09-26,STN,KTW,2027-07-09,17:35,285.00,ok
2026-09-26,STN,KTW,2027-07-10,06:45,285.00,ok
2026-09-26,STN,KTW,2027-07-11,14:30,285.00,ok
2026-09-26,STN,KTW,2027-07-12,07:00,285.00,ok
2026-09-26,STN,KTW,2027-07-13,06:45,285.00,ok
2026-09-26,STN,KTW,2027-07-14,11:15,370.00,ok
2026-09-26,STN,KTW,2027-07-15,12:15,370.00,ok
2026-09-26,STN,KTW,2027-07-16,17:35,463.00,ok
2026-09-26,STN,KTW,2027-07-17,06:45,574.00,ok
2026-09-26,STN,KTW,2027-07-18,14:30,574.00,ok
2026-09-26,STN,KTW,2027-07-19,07:00,574.00,ok
2026-09-26,STN,KTW,2027-07-20,06:45,574.00,ok
2026-09-26,STN,KTW,2027-07-21,11:15,574.00,ok
2026-09-26,STN,KTW,2027-07-22,12:15,574.00,ok
2026-09-26,STN,KTW,2027-07-23,17:35,574.00,ok
2026-09-26,STN,KTW,2027-07-24,06:45,574.00,ok
2026-09-26,STN,KTW,2027-07-25,14:30,574.00,ok
2026-09-26,STN,KTW,2027-07-26,07:00,514.00,ok
2026-09-26,STN,KTW,2027-07-27,06:45,463.00,ok
2026-09-26,STN,KTW,2027-07-28,11:15,463.00,ok
2026-09-26,STN,KTW,2027-07-29,12:15,574.00,ok
2026-09-26,STN,KTW,2027-07-30,08:25,574.00,ok
2026-09-26,STN,KTW,2027-07-31,06:45,574.00,ok
2026-09-26,STN,KTW,2027-08-01,14:30,463.00,ok
2026-09-26,STN,KTW,2027-08-02,07:00,463.00,ok
2026-09-26,STN,KTW,2027-08-03,06:45,370.00,ok
2026-09-26,STN,KTW,2027-08-04,11:15,370.00,ok
2026-09-26,STN,KTW,2027-08-05,12:15,370.00,ok
2026-09-26,STN,KTW,2027-08-06,17:35,370.00,ok
2026-09-26,STN,KTW,2027-08-07,06:45,370.00,ok
2026-09-26,STN,KTW,2027-08-08,14:30,285.00,ok
2026-09-26,STN,KTW,2027-08-09,07:00,285.00,ok
2026-09-26,STN,KTW,2027-08-10,06:45,285.00,ok
2026-09-26,STN,KTW,2027-08-11,11:15,285.00,ok
2026-09-26,STN,KTW,2027-08-12,12:15,313.26,ok
2026-09-26,STN,KTW,2027-08-13,17:35,247.00,ok
2026-09-26,STN,KTW,2027-08-14,06:45,247.00,ok
2026-09-26,STN,KTW,2027-08-15,14:30,247.00,ok
2026-09-26,STN,KTW,2027-08-16,07:00,213.00,ok
2026-09-26,STN,KTW,2027-08-17,06:45,170.74,ok
2026-09-26,STN,KTW,2027-08-18,11:15,170.74,ok
2026-09-26,STN,KTW,2027-08-19,12:15,153.00,ok
2026-09-26,STN,KTW,2027-08-20,17:35,235.78,ok
2026-09-26,STN,KTW,2027-08-21,06:45,213.00,ok
2026-09-26,STN,KTW,2027-08-22,14:30,153.00,ok
2026-09-26,STN,KTW,2027-08-23,07:00,107.00,ok
2026-09-26,STN,KTW,2027-08-24,06:45,107.00,ok
2026-09-26,STN,KTW,2027-08-25,11:15,107.00,ok
2026-09-26,STN,KTW,2027-08-26,12:15,107.00,ok
2026-09-26,STN,KTW,2027-08-27,17:35,117.95,ok
2026-09-26,STN,KTW,2027-08-28,06:45,107.00,ok
2026-09-26,STN,KTW,2027-08-29,14:30,117.95,ok
2026-09-26,STN,KTW,2027-08-30,07:00,107.00,ok
2026-09-26,STN,KTW,2027-08-31,06:45,107.00,ok
2026-09-26,KTW,SUF,2026-09-26,15:45,610.44,ok
2026-09-26,KTW,SUF,2026-09-27,,,unavailable
2026-09-26,KTW,SUF,2026-09-28,,,unavailable
2026-09-26,KTW,SUF,2026-09-29,06:40,65.00,ok
2026-09-26,KTW,SUF,2026-09-30,,,unavailable
2026-09-26,KTW,SUF,2026-10-01,17:40,74.00,ok
2026-09-26,KTW,SUF,2026-10-02,,,unavailable
2026-09-26,KTW,SUF,2026-10-03,15:45,118.32,ok
2026-09-26,KTW,SUF,2026-10-04,,,unavailable
2026-09-26,KTW,SUF,2026-10-05,,,unavailable
2026-09-26,KTW,SUF,2026-10-06,06:40,74.00,ok
2026-09-26,KTW,SUF,2026-10-07,,,unavailable
2026-09-26,KTW,SUF,2026-10-08,17:40,74.00,ok
2026-09-26,KTW,SUF,2026-10-09,,,unavailable
2026-09-26,KTW,SUF,2026-10-10,15:45,116.61,ok
2026-09-26,KTW,SUF,2026-10-11,,,unavailable
2026-09-26,KTW,SUF,2026-10-12,,,unavailable
2026-09-26,KTW,SUF,2026-10-13,06:40,74.00,ok
2026-09-26,KTW,SUF,2026-10-14,,,unavailable
2026-09-26,KTW,SUF,2026-10-15,17:40,74.00,ok
2026-09-26,KTW,SUF,2026-10-16,,,unavailable
2026-09-26,KTW,SUF,2026-10-17,15:45,154.96,ok
2026-09-26,KTW,SUF,2026-10-18,,,unavailable
2026-09-26,KTW,SUF,2026-10-19,,,unavailable
2026-09-26,KTW,SUF,2026-10-20,06:40,74.00,ok
2026-09-26,KTW,SUF,2026-10-21,,,unavailable
2026-09-26,KTW,SUF,2026-10-22,17:40,74.00,ok
2026-09-26,KTW,SUF,2026-10-23,,,unavailable
2026-09-26,KTW,SUF,2026-10-24,15:45,74.00,ok
2026-09-26,KTW,SUF,2026-10-25,,,unavailable
2026-09-26,KTW,SUF,2026-10-26,,,unavailable
2026-09-26,KTW,SUF,2026-10-27,,,unavailable
2026-09-26,KTW,SUF,2026-10-28,,,unavailable
2026-09-26,KTW,SUF,2026-10-29,,,unavailable
2026-09-26,KTW,SUF,2026-10-30,,,unavailable
2026-09-26,KTW,SUF,2026-10-31,,,unavailable
2026-09-26,KTW,SUF,2026-11-01,,,unavailable
2026-09-26,KTW,SUF,2026-11-02,,,unavailable
2026-09-26,KTW,SUF,2026-11-03,,,unavailable
2026-09-26,KTW,SUF,2026-11-04,,,unavailable
2026-09-26,KTW,SUF,2026-11-05,,,unavailable
2026-09-26,KTW,SUF,2026-11-06,,,unavailable
2026-09-26,KTW,SUF,2026-11-07,,,unavailable
2026-09-26,KTW,SUF,2026-11-08,,,unavailable
2026-09-26,KTW,SUF,2026-11-09,,,unavailable
2026-09-26,KTW,SUF,2026-11-10,,,unavailable
2026-09-26,KTW,SUF,2026-11-11,,,unavailable
2026-09-26,KTW,SUF,2026-11-12,,,unavailable
2026-09-26,KTW,SUF,2026-11-13,,,unavailable
2026-09-26,KTW,SUF,2026-11-14,,,unavailable
2026-09-26,KTW,SUF,2026-11-15,,,unavailable
2026-09-26,KTW,SUF,2026-11-16,,,unavailable
2026-09-26,KTW,SUF,2026-11-17,,,unavailable
2026-09-26,KTW,SUF,2026-11-18,,,unavailable
2026-09-26,KTW,SUF,2026-11-19,,,unavailable
2026-09-26,KTW,SUF,2026-11-20,,,unavailable
2026-09-26,KTW,SUF,2026-11-21,,,unavailable
2026-09-26,KTW,SUF,2026-11-22,,,unavailable
2026-09-26,KTW,SUF,2026-11-23,,,unavailable
2026-09-26,KTW,SUF,2026-11-24,,,unavailable
2026-09-26,KTW,SUF,2026-11-25,,,unavailable
2026-09-26,KTW,SUF,2026-11-26,,,unavailable
2026-09-26,KTW,SUF,2026-11-27,,,unavailable
2026-09-26,KTW,SUF,2026-11-28,,,unavailable
2026-09-26,KTW,SUF,2026-11-29,,,unavailable
2026-09-26,KTW,SUF,2026-11-30,,,unavailable
2026-09-26,KTW,SUF,2026-12-01,,,unavailable
2026-09-26,KTW,SUF,2026-12-02,,,unavailable
2026-09-26,KTW,SUF,2026-12-03,,,unavailable
2026-09-26,KTW,SUF,2026-12-04,,,unavailable
2026-09-26,KTW,SUF,2026-12-05,,,unavailable
2026-09-26,KTW,SUF,2026-12-06,,,unavailable
2026-09-26,KTW,SUF,2026-12-07,,,unavailable
2026-09-26,KTW,SUF,2026-12-08,,,unavailable
2026-09-26,KTW,SUF,2026-12-09,,,unavailable
2026-09-26,KTW,SUF,2026-12-10,,,unavailable
2026-09-26,KTW,SUF,2026-12-11,,,unavailable
2026-09-26,KTW,SUF,2026-12-12,,,unavailable
2026-09-26,KTW,SUF,2026-12-13,,,unavailable
2026-09-26,KTW,SUF,2026-12-14,,,unavailable
2026-09-26,KTW,SUF,2026-12-15,,,unavailable
2026-09-26,KTW,SUF,2026-12-16,,,unavailable
2026-09-26,KTW,SUF,2026-12-17,,,unavailable
2026-09-26,KTW,SUF,2026-12-18,,,unavailable
2026-09-26,KTW,SUF,2026-12-19,,,unavailable
2026-09-26,KTW,SUF,2026-12-20,,,unavailable
2026-09-26,KTW,SUF,2026-12-21,,,unavailable
2026-09-26,KTW,SUF,2026-12-22,,,unavailable
2026-09-26,KTW,SUF,2026-12-23,,,unavailable
2026-09-26,KTW,SUF,2026-12-24,,,unavailable
2026-09-26,KTW,SUF,2026-12-25,,,unavailable
2026-09-26,KTW,SUF,2026-12-26,,,unavailable
2026-09-26,KTW,SUF,2026-12-27,,,unavailable
2026-09-26,KTW,SUF,2026-12-28,,,unavailable
2026-09-26,KTW,SUF,2026-12-29,,,unavailable
2026-09-26,KTW,SUF,2026-12-30,,,unavailable
2026-09-26,KTW,SUF,2026-12-31,,,unavailable
2026-09-26,KTW,SUF,2027-01-01,,,unavailable
2026-09-26,KTW,SUF,2027-01-02,,,unavailable
2026-09-26,KTW,SUF,2027-01-03,,,unavailable
2026-09-26,KTW,SUF,2027-01-04,,,unavailable
2026-09-26,KTW,SUF,2027-01-05,,,unavailable
2026-09-26,KTW,SUF,2027-01-06,,,unavailable
2026-09-26,KTW,SUF,2027-01-07,,,unavailable
2026-09-26,KTW,SUF,2027-01-08,,,unavailable
2026-09-26,KTW,SUF,2027-01-09,,,unavailable
2026-09-26,KTW,SUF,2027-01-10,,,unavailable
2026-09-26,KTW,SUF,2027-01-11,,,unavailable
2026-09-26,KTW,SUF,2027-01-12,,,unavailable
2026-09-26,KTW,SUF,2027-01-13,,,unavailable
2026-09-26,KTW,SUF,2027-01-14,,,unavailable
2026-09-26,KTW,SUF,2027-01-15,,,unavailable
2026-09-26,KTW,SUF,2027-01-16,,,unavailable
2026-09-26,KTW,SUF,2027-01-17,,,unavailable
2026-09-26,KTW,SUF,2027-01-18,,,unavailable
2026-09-26,KTW,SUF,2027-01-19,,,unavailable
2026-09-26,KTW,SUF,2027-01-20,,,unavailable
2026-09-26,KTW,SUF,2027-01-21,,,unavailable
2026-09-26,KTW,SUF,2027-01-22,,,unavailable
2026-09-26,KTW,SUF,2027-01-23,,,unavailable
2026-09-26,KTW,SUF,2027-01-24,,,unavailable
2026-09-26,KTW,SUF,2027-01-25,,,unavailable
2026-09-26,KTW,SUF,2027-01-26,,,unavailable
2026-09-26,KTW,SUF,2027-01-27,,,unavailable
2026-09-26,KTW,SUF,2027-01-28,,,unavailable
2026-09-26,KTW,SUF,2027-01-29,,,unavailable
2026-09-26,KTW,SUF,2027-01-30,,,unavailable
2026-09-26,KTW,SUF,2027-01-31,,,unavailable
2026-09-26,KTW,SUF,2027-02-01,,,unavailable
2026-09-26,KTW,SUF,2027-02-02,,,unavailable
2026-09-26,KTW,SUF,2027-02-03,,,unavailable
2026-09-26,KTW,SUF,2027-02-04,,,unavailable
2026-09-26,KTW,SUF,2027-02-05,,,unavailable
2026-09-26,KTW,SUF,2027-02-06,,,unavailable
2026-09-26,KTW,SUF,2027-02-07,,,unavailable
2026-09-26,KTW,SUF,2027-02-08,,,unavailable
2026-09-26,KTW,SUF,2027-02-09,,,unavailable
2026-09-26,KTW,SUF,2027-02-10,,,unavailable
2026-09-26,KTW,SUF,2027-02-11,,,unavailable
2026-09-26,KTW,SUF,2027-02-12,,,unavailable
2026-09-26,KTW,SUF,2027-02-13,,,unavailable
2026-09-26,KTW,SUF,2027-02-14,,,unavailable
2026-09-26,KTW,SUF,2027-02-15,,,unavailable
2026-09-26,KTW,SUF,2027-02-16,,,unavailable
2026-09-26,KTW,SUF,2027-02-17,,,unavailable
2026-09-26,KTW,SUF,2027-02-18,,,unavailable
2026-09-26,KTW,SUF,2027-02-19,,,unavailable
2026-09-26,KTW,SUF,2027-02-20,,,unavailable
2026-09-26,KTW,SUF,2027-02-21,,,unavailable
2026-09-26,KTW,SUF,2027-02-22,,,unavailable
2026-09-26,KTW,SUF,2027-02-23,,,unavailable
2026-09-26,KTW,SUF,2027-02-24,,,unavailable
2026-09-26,KTW,SUF,2027-02-25,,,unavailable
2026-09-26,KTW,SUF,2027-02-26,,,unavailable
2026-09-26,KTW,SUF,2027-02-27,,,unavailable
2026-09-26,KTW,SUF,2027-02-28,,,unavailable
2026-09-26,KTW,SUF,2027-03-01,,,unavailable
2026-09-26,KTW,SUF,2027-03-02,,,unavailable
2026-09-26,KTW,SUF,2027-03-03,,,unavailable
2026-09-26,KTW,SUF,2027-03-04,,,unavailable
2026-09-26,KTW,SUF,2027-03-05,,,unavailable
2026-09-26,KTW,SUF,2027-03-06,,,unavailable
2026-09-26,KTW,SUF,2027-03-07,,,unavailable
2026-09-26,KTW,SUF,2027-03-08,,,unavailable
2026-09-26,KTW,SUF,2027-03-09,,,unavailable
2026-09-26,KTW,SUF,2027-03-10,,,unavailable
2026-09-26,KTW,SUF,2027-03-11,,,unavailable
2026-09-26,KTW,SUF,2027-03-12,,,unavailable
2026-09-26,KTW,SUF,2027-03-13,,,unavailable
2026-09-26,KTW,SUF,2027-03-14,,,unavailable
2026-09-26,KTW,SUF,2027-03-15,,,unavailable
2026-09-26,KTW,SUF,2027-03-16,,,unavailable
2026-09-26,KTW,SUF,2027-03-17,,,unavailable
2026-09-26,KTW,SUF,2027-03-18,,,unavailable
2026-09-26,KTW,SUF,2027-03-19,,,unavailable
2026-09-26,KTW,SUF,2027-03-20,,,unavailable
2026-09-26,KTW,SUF,2027-03-21,,,unavailable
2026-09-26,KTW,SUF,2027-03-22,,,unavailable
2026-09-26,KTW,SUF,2027-03-23,,,unavailable
2026-09-26,KTW,SUF,2027-03-24,,,unavailable
2026-09-26,KTW,SUF,2027-03-25,,,unavailable
2026-09-26,KTW,SUF,2027-03-26,,,unavailable
2026-09-26,KTW,SUF,2027-03-27,,,unavailable
2026-09-26,KTW,SUF,2027-03-28,,,unavailable
2026-09-26,KTW,SUF,2027-03-29,09:50,1109.00,ok
2026-09-26,KTW,SUF,2027-03-30,,,unavailable
2026-09-26,KTW,SUF,2027-03-31,10:45,514.00,ok
2026-09-26,KTW,SUF,2027-04-01,,,unavailable
2026-09-26,KTW,SUF,2027-04-02,16:10,514.00,ok
2026-09-26,KTW,SUF,2027-04-03,14:00,514.00,ok
2026-09-26,KTW,SUF,2027-04-04,,,unavailable
2026-09-26,KTW,SUF,2027-04-05,09:50,514.00,ok
2026-09-26,KTW,SUF,2027-04-06,,,unavailable
2026-09-26,KTW,SUF,2027-04-07,10:45,425.00,ok
2026-09-26,KTW,SUF,2027-04-08,,,unavailable
2026-09-26,KTW,SUF,2027-04-09,16:10,514.00,ok
2026-09-26,KTW,SUF,2027-04-10,14:00,468.00,ok
2026-09-26,KTW,SUF,2027-04-11,,,unavailable
2026-09-26,KTW,SUF,2027-04-12,09:50,468.00,ok
2026-09-26,KTW,SUF,2027-04-13,,,unavailable
2026-09-26,KTW,SUF,2027-04-14,10:45,374.00,ok
2026-09-26,KTW,SUF,2027-04-15,,,unavailable
2026-09-26,KTW,SUF,2027-04-16,16:10,468.00,ok
2026-09-26,KTW,SUF,2027-04-17,14:00,468.00,ok
2026-09-26,KTW,SUF,2027-04-18,,,unavailable
2026-09-26,KTW,SUF,2027-04-19,09:50,374.00,ok
2026-09-26,KTW,SUF,2027-04-20,,,unavailable
2026-09-26,KTW,SUF,2027-04-21,10:45,374.00,ok
2026-09-26,KTW,SUF,2027-04-22,,,unavailable
2026-09-26,KTW,SUF,2027-04-23,16:10,468.00,ok
2026-09-26,KTW,SUF,2027-04-24,14:00,468.00,ok
2026-09-26,KTW,SUF,2027-04-25,,,unavailable
2026-09-26,KTW,SUF,2027-04-26,09:50,374.00,ok
2026-09-26,KTW,SUF,2027-04-27,,,unavailable
2026-09-26,KTW,SUF,2027-04-28,10:45,374.00,ok
2026-09-26,KTW,SUF,2027-04-29,,,unavailable
2026-09-26,KTW,SUF,2027-04-30,16:10,472.38,ok
2026-09-26,KTW,SUF,2027-05-01,14:00,468.00,ok
2026-09-26,KTW,SUF,2027-05-02,,,unavailable
2026-09-26,KTW,SUF,2027-05-03,09:50,378.38,ok
2026-09-26,KTW,SUF,2027-05-04,,,unavailable
2026-09-26,KTW,SUF,2027-05-05,10:45,374.00,ok
2026-09-26,KTW,SUF,2027-05-06,,,unavailable
2026-09-26,KTW,SUF,2027-05-07,16:10,468.00,ok
2026-09-26,KTW,SUF,2027-05-08,14:00,468.00,ok
2026-09-26,KTW,SUF,2027-05-09,,,unavailable
2026-09-26,KTW,SUF,2027-05-10,09:50,374.00,ok
2026-09-26,KTW,SUF,2027-05-11,,,unavailable
2026-09-26,KTW,SUF,2027-05-12,10:45,378.38,ok
2026-09-26,KTW,SUF,2027-05-13,,,unavailable
2026-09-26,KTW,SUF,2027-05-14,16:10,468.00,ok
2026-09-26,KTW,SUF,2027-05-15,14:00,468.00,ok
2026-09-26,KTW,SUF,2027-05-16,,,unavailable
2026-09-26,KTW,SUF,2027-05-17,09:50,374.00,ok
2026-09-26,KTW,SUF,2027-05-18,,,unavailable
2026-09-26,KTW,SUF,2027-05-19,10:45,374.00,ok
2026-09-26,KTW,SUF,2027-05-20,,,unavailable
2026-09-26,KTW,SUF,2027-05-21,16:10,468.00,ok
2026-09-26,KTW,SUF,2027-05-22,14:00,468.00,ok
2026-09-26,KTW,SUF,2027-05-23,,,unavailable
2026-09-26,KTW,SUF,2027-05-24,09:50,289.00,ok
2026-09-26,KTW,SUF,2027-05-25,,,unavailable
2026-09-26,KTW,SUF,2027-05-26,10:45,289.00,ok
2026-09-26,KTW,SUF,2027-05-27,,,unavailable
2026-09-26,KTW,SUF,2027-05-28,16:10,289.00,ok
2026-09-26,KTW,SUF,2027-05-29,14:00,289.00,ok
2026-09-26,KTW,SUF,2027-05-30,,,unavailable
2026-09-26,KTW,SUF,2027-05-31,09:50,289.00,ok
2026-09-26,KTW,SUF,2027-06-01,,,unavailable
2026-09-26,KTW,SUF,2027-06-02,10:45,374.00,ok
2026-09-26,KTW,SUF,2027-06-03,,,unavailable
2026-09-26,KTW,SUF,2027-06-04,16:10,327.00,ok
2026-09-26,KTW,SUF,2027-06-05,14:00,289.00,ok
2026-09-26,KTW,SUF,2027-06-06,,,unavailable
2026-09-26,KTW,SUF,2027-06-07,09:50,289.00,ok
2026-09-26,KTW,SUF,2027-06-08,,,unavailable
2026-09-26,KTW,SUF,2027-06-09,10:45,289.00,ok
2026-09-26,KTW,SUF,2027-06-10,,,unavailable
2026-09-26,KTW,SUF,2027-06-11,16:10,289.00,ok
2026-09-26,KTW,SUF,2027-06-12,14:00,289.00,ok
2026-09-26,KTW,SUF,2027-06-13,,,unavailable
2026-09-26,KTW,SUF,2027-06-14,09:50,289.00,ok
2026-09-26,KTW,SUF,2027-06-15,,,unavailable
2026-09-26,KTW,SUF,2027-06-16,10:45,289.00,ok
2026-09-26,KTW,SUF,2027-06-17,,,unavailable
2026-09-26,KTW,SUF,2027-06-18,16:10,289.00,ok
2026-09-26,KTW,SUF,2027-06-19,14:00,289.00,ok
2026-09-26,KTW,SUF,2027-06-20,,,unavailable
2026-09-26,KTW,SUF,2027-06-21,09:50,289.00,ok
2026-09-26,KTW,SUF,2027-06-22,,,unavailable
2026-09-26,KTW,SUF,2027-06-23,10:45,331.38,ok
2026-09-26,KTW,SUF,2027-06-24,,,unavailable
2026-09-26,KTW,SUF,2027-06-25,16:10,289.00,ok
2026-09-26,KTW,SUF,2027-06-26,14:00,468.00,ok
2026-09-26,KTW,SUF,2027-06-27,,,unavailable
2026-09-26,KTW,SUF,2027-06-28,09:50,289.00,ok
2026-09-26,KTW,SUF,2027-06-29,,,unavailable
2026-09-26,KTW,SUF,2027-06-30,10:45,425.00,ok
2026-09-26,KTW,SUF,2027-07-01,,,unavailable
2026-09-26,KTW,SUF,2027-07-02,16:10,289.00,ok
2026-09-26,KTW,SUF,2027-07-03,14:00,374.00,ok
2026-09-26,KTW,SUF,2027-07-04,,,unavailable
2026-09-26,KTW,SUF,2027-07-05,09:50,289.00,ok
2026-09-26,KTW,SUF,2027-07-06,,,unavailable
2026-09-26,KTW,SUF,2027-07-07,10:45,374.00,ok
2026-09-26,KTW,SUF,2027-07-08,,,unavailable
2026-09-26,KTW,SUF,2027-07-09,16:10,289.00,ok
2026-09-26,KTW,SUF,2027-07-10,14:00,327.00,ok
2026-09-26,KTW,SUF,2027-07-11,,,unavailable
2026-09-26,KTW,SUF,2027-07-12,09:50,289.00,ok
2026-09-26,KTW,SUF,2027-07-13,,,unavailable
2026-09-26,KTW,SUF,2027-07-14,10:45,374.00,ok
2026-09-26,KTW,SUF,2027-07-15,,,unavailable
2026-09-26,KTW,SUF,2027-07-16,16:10,289.00,ok
2026-09-26,KTW,SUF,2027-07-17,14:00,374.00,ok
2026-09-26,KTW,SUF,2027-07-18,,,unavailable
2026-09-26,KTW,SUF,2027-07-19,09:50,289.00,ok
2026-09-26,KTW,SUF,2027-07-20,,,unavailable
2026-09-26,KTW,SUF,2027-07-21,10:45,425.00,ok
2026-09-26,KTW,SUF,2027-07-22,,,unavailable
2026-09-26,KTW,SUF,2027-07-23,16:10,327.00,ok
2026-09-26,KTW,SUF,2027-07-24,14:00,327.00,ok
2026-09-26,KTW,SUF,2027-07-25,,,unavailable
2026-09-26,KTW,SUF,2027-07-26,09:50,289.00,ok
2026-09-26,KTW,SUF,2027-07-27,,,unavailable
2026-09-26,KTW,SUF,2027-07-28,10:45,327.00,ok
2026-09-26,KTW,SUF,2027-07-29,,,unavailable
2026-09-26,KTW,SUF,2027-07-30,16:10,289.00,ok
2026-09-26,KTW,SUF,2027-07-31,14:00,374.00,ok
2026-09-26,KTW,SUF,2027-08-01,,,unavailable
2026-09-26,KTW,SUF,2027-08-02,09:50,289.00,ok
2026-09-26,KTW,SUF,2027-08-03,,,unavailable
2026-09-26,KTW,SUF,2027-08-04,10:45,289.00,ok
2026-09-26,KTW,SUF,2027-08-05,,,unavailable
2026-09-26,KTW,SUF,2027-08-06,16:10,289.00,ok
2026-09-26,KTW,SUF,2027-08-07,14:00,327.00,ok
2026-09-26,KTW,SUF,2027-08-08,,,unavailable
2026-09-26,KTW,SUF,2027-08-09,09:50,289.00,ok
2026-09-26,KTW,SUF,2027-08-10,,,unavailable
2026-09-26,KTW,SUF,2027-08-11,10:45,289.00,ok
2026-09-26,KTW,SUF,2027-08-12,,,unavailable
2026-09-26,KTW,SUF,2027-08-13,16:10,327.00,ok
2026-09-26,KTW,SUF,2027-08-14,14:00,327.00,ok
2026-09-26,KTW,SUF,2027-08-15,,,unavailable
2026-09-26,KTW,SUF,2027-08-16,09:50,289.00,ok
2026-09-26,KTW,SUF,2027-08-17,,,unavailable
2026-09-26,KTW,SUF,2027-08-18,10:45,289.00,ok
2026-09-26,KTW,SUF,2027-08-19,,,unavailable
2026-09-26,KTW,SUF,2027-08-20,16:10,327.00,ok
2026-09-26,KTW,SUF,2027-08-21,14:00,374.00,ok
2026-09-26,KTW,SUF,2027-08-22,,,unavailable
2026-09-26,KTW,SUF,2027-08-23,09:50,289.00,ok
2026-09-26,KTW,SUF,2027-08-24,,,unavailable
2026-09-26,KTW,SUF,2027-08-25,10:45,327.00,ok
2026-09-26,KTW,SUF,2027-08-26,,,unavailable
2026-09-26,KTW,SUF,2027-08-27,16:10,289.00,ok
2026-09-26,KTW,SUF,2027-08-28,14:00,374.00,ok
2026-09-26,KTW,SUF,2027-08-29,,,unavailable
2026-09-26,KTW,SUF,2027-08-30,09:50,289.00,ok
2026-09-26,KTW,SUF,2027-08-31,,,unavailable
2026-09-26,SUF,KTW,2026-09-26,,,unavailable
2026-09-26,SUF,KTW,2026-09-27,,,unavailable
2026-09-26,SUF,KTW,2026-09-28,,,unavailable
2026-09-26,SUF,KTW,2026-09-29,09:15,590.63,ok
2026-09-26,SUF,KTW,2026-09-30,,,unavailable
2026-09-26,SUF,KTW,2026-10-01,15:05,378.38,ok
2026-09-26,SUF,KTW,2026-10-02,,,unavailable
2026-09-26,SUF,KTW,2026-10-03,18:20,436.39,ok
2026-09-26,SUF,KTW,2026-10-04,,,unavailable
2026-09-26,SUF,KTW,2026-10-05,,,unavailable
2026-09-26,SUF,KTW,2026-10-06,09:15,188.65,ok
2026-09-26,SUF,KTW,2026-10-07,,,unavailable
2026-09-26,SUF,KTW,2026-10-08,15:05,261.51,ok
2026-09-26,SUF,KTW,2026-10-09,,,unavailable
2026-09-26,SUF,KTW,2026-10-10,18:20,224.71,ok
2026-09-26,SUF,KTW,2026-10-11,,,unavailable
2026-09-26,SUF,KTW,2026-10-12,,,unavailable
2026-09-26,SUF,KTW,2026-10-13,09:15,193.03,ok
2026-09-26,SUF,KTW,2026-10-14,,,unavailable
2026-09-26,SUF,KTW,2026-10-15,15:05,213.00,ok
2026-09-26,SUF,KTW,2026-10-16,,,unavailable
2026-09-26,SUF,KTW,2026-10-17,18:20,528.94,ok
2026-09-26,SUF,KTW,2026-10-18,,,unavailable
2026-09-26,SUF,KTW,2026-10-19,,,unavailable
2026-09-26,SUF,KTW,2026-10-20,09:15,222.86,ok
2026-09-26,SUF,KTW,2026-10-21,,,unavailable
2026-09-26,SUF,KTW,2026-10-22,15:05,183.00,ok
2026-09-26,SUF,KTW,2026-10-23,,,unavailable
2026-09-26,SUF,KTW,2026-10-24,18:20,389.77,ok
2026-09-26,SUF,KTW,2026-10-25,,,unavailable
2026-09-26,SUF,KTW,2026-10-26,,,unavailable
2026-09-26,SUF,KTW,2026-10-27,,,unavailable
2026-09-26,SUF,KTW,2026-10-28,,,unavailable
2026-09-26,SUF,KTW,2026-10-29,,,unavailable
2026-09-26,SUF,KTW,2026-10-30,,,unavailable
2026-09-26,SUF,KTW,2026-10-31,,,unavailable
2026-09-26,SUF,KTW,2026-11-01,,,unavailable
2026-09-26,SUF,KTW,2026-11-02,,,unavailable
2026-09-26,SUF,KTW,2026-11-03,,,unavailable
2026-09-26,SUF,KTW,2026-11-04,,,unavailable
2026-09-26,SUF,KTW,2026-11-05,,,unavailable
2026-09-26,SUF,KTW,2026-11-06,,,unavailable
2026-09-26,SUF,KTW,2026-11-07,,,unavailable
2026-09-26,SUF,KTW,2026-11-08,,,unavailable
2026-09-26,SUF,KTW,2026-11-09,,,unavailable
2026-09-26,SUF,KTW,2026-11-10,,,unavailable
2026-09-26,SUF,KTW,2026-11-11,,,unavailable
2026-09-26,SUF,KTW,2026-11-12,,,unavailable
2026-09-26,SUF,KTW,2026-11-13,,,unavailable
2026-09-26,SUF,KTW,2026-11-14,,,unavailable
2026-09-26,SUF,KTW,2026-11-15,,,unavailable
2026-09-26,SUF,KTW,2026-11-16,,,unavailable
2026-09-26,SUF,KTW,2026-11-17,,,unavailable
2026-09-26,SUF,KTW,2026-11-18,,,unavailable
2026-09-26,SUF,KTW,2026-11-19,,,unavailable
2026-09-26,SUF,KTW,2026-11-20,,,unavailable
2026-09-26,SUF,KTW,2026-11-21,,,unavailable
2026-09-26,SUF,KTW,2026-11-22,,,unavailable
2026-09-26,SUF,KTW,2026-11-23,,,unavailable
2026-09-26,SUF,KTW,2026-11-24,,,unavailable
2026-09-26,SUF,KTW,2026-11-25,,,unavailable
2026-09-26,SUF,KTW,2026-11-26,,,unavailable
2026-09-26,SUF,KTW,2026-11-27,,,unavailable
2026-09-26,SUF,KTW,2026-11-28,,,unavailable
2026-09-26,SUF,KTW,2026-11-29,,,unavailable
2026-09-26,SUF,KTW,2026-11-30,,,unavailable
2026-09-26,SUF,KTW,2026-12-01,,,unavailable
2026-09-26,SUF,KTW,2026-12-02,,,unavailable
2026-09-26,SUF,KTW,2026-12-03,,,unavailable
2026-09-26,SUF,KTW,2026-12-04,,,unavailable
2026-09-26,SUF,KTW,2026-12-05,,,unavailable
2026-09-26,SUF,KTW,2026-12-06,,,unavailable
2026-09-26,SUF,KTW,2026-12-07,,,unavailable
2026-09-26,SUF,KTW,2026-12-08,,,unavailable
2026-09-26,SUF,KTW,2026-12-09,,,unavailable
2026-09-26,SUF,KTW,2026-12-10,,,unavailable
2026-09-26,SUF,KTW,2026-12-11,,,unavailable
2026-09-26,SUF,KTW,2026-12-12,,,unavailable
2026-09-26,SUF,KTW,2026-12-13,,,unavailable
2026-09-26,SUF,KTW,2026-12-14,,,unavailable
2026-09-26,SUF,KTW,2026-12-15,,,unavailable
2026-09-26,SUF,KTW,2026-12-16,,,unavailable
2026-09-26,SUF,KTW,2026-12-17,,,unavailable
2026-09-26,SUF,KTW,2026-12-18,,,unavailable
2026-09-26,SUF,KTW,2026-12-19,,,unavailable
2026-09-26,SUF,KTW,2026-12-20,,,unavailable
2026-09-26,SUF,KTW,2026-12-21,,,unavailable
2026-09-26,SUF,KTW,2026-12-22,,,unavailable
2026-09-26,SUF,KTW,2026-12-23,,,unavailable
2026-09-26,SUF,KTW,2026-12-24,,,unavailable
2026-09-26,SUF,KTW,2026-12-25,,,unavailable
2026-09-26,SUF,KTW,2026-12-26,,,unavailable
2026-09-26,SUF,KTW,2026-12-27,,,unavailable
2026-09-26,SUF,KTW,2026-12-28,,,unavailable
2026-09-26,SUF,KTW,2026-12-29,,,unavailable
2026-09-26,SUF,KTW,2026-12-30,,,unavailable
2026-09-26,SUF,KTW,2026-12-31,,,unavailable
2026-09-26,SUF,KTW,2027-01-01,,,unavailable
2026-09-26,SUF,KTW,2027-01-02,,,unavailable
2026-09-26,SUF,KTW,2027-01-03,,,unavailable
2026-09-26,SUF,KTW,2027-01-04,,,unavailable
2026-09-26,SUF,KTW,2027-01-05,,,unavailable
2026-09-26,SUF,KTW,2027-01-06,,,unavailable
2026-09-26,SUF,KTW,2027-01-07,,,unavailable
2026-09-26,SUF,KTW,2027-01-08,,,unavailable
2026-09-26,SUF,KTW,2027-01-09,,,unavailable
2026-09-26,SUF,KTW,2027-01-10,,,unavailable
2026-09-26,SUF,KTW,2027-01-11,,,unavailable
2026-09-26,SUF,KTW,2027-01-12,,,unavailable
2026-09-26,SUF,KTW,2027-01-13,,,unavailable
2026-09-26,SUF,KTW,2027-01-14,,,unavailable
2026-09-26,SUF,KTW,2027-01-15,,,unavailable
2026-09-26,SUF,KTW,2027-01-16,,,unavailable
2026-09-26,SUF,KTW,2027-01-17,,,unavailable
2026-09-26,SUF,KTW,2027-01-18,,,unavailable
2026-09-26,SUF,KTW,2027-01-19,,,unavailable
2026-09-26,SUF,KTW,2027-01-20,,,unavailable
2026-09-26,SUF,KTW,2027-01-21,,,unavailable
2026-09-26,SUF,KTW,2027-01-22,,,unavailable
2026-09-26,SUF,KTW,2027-01-23,,,unavailable
2026-09-26,SUF,KTW,2027-01-24,,,unavailable
2026-09-26,SUF,KTW,2027-01-25,,,unavailable
2026-09-26,SUF,KTW,2027-01-26,,,unavailable
2026-09-26,SUF,KTW,2027-01-27,,,unavailable
2026-09-26,SUF,KTW,2027-01-28,,,unavailable
2026-09-26,SUF,KTW,2027-01-29,,,unavailable
2026-09-26,SUF,KTW,2027-01-30,,,unavailable
2026-09-26,SUF,KTW,2027-01-31,,,unavailable
2026-09-26,SUF,KTW,2027-02-01,,,unavailable
2026-09-26,SUF,KTW,2027-02-02,,,unavailable
2026-09-26,SUF,KTW,2027-02-03,,,unavailable
2026-09-26,SUF,KTW,2027-02-04,,,unavailable
2026-09-26,SUF,KTW,2027-02-05,,,unavailable
2026-09-26,SUF,KTW,2027-02-06,,,unavailable
2026-09-26,SUF,KTW,2027-02-07,,,unavailable
2026-09-26,SUF,KTW,2027-02-08,,,unavailable
2026-09-26,SUF,KTW,2027-02-09,,,unavailable
2026-09-26,SUF,KTW,2027-02-10,,,unavailable
2026-09-26,SUF,KTW,2027-02-11,,,unavailable
2026-09-26,SUF,KTW,2027-02-12,,,unavailable
2026-09-26,SUF,KTW,2027-02-13,,,unavailable
2026-09-26,SUF,KTW,2027-02-14,,,unavailable
2026-09-26,SUF,KTW,2027-02-15,,,unavailable
2026-09-26,SUF,KTW,2027-02-16,,,unavailable
2026-09-26,SUF,KTW,2027-02-17,,,unavailable
2026-09-26,SUF,KTW,2027-02-18,,,unavailable
2026-09-26,SUF,KTW,2027-02-19,,,unavailable
2026-09-26,SUF,KTW,2027-02-20,,,unavailable
2026-09-26,SUF,KTW,2027-02-21,,,unavailable
2026-09-26,SUF,KTW,2027-02-22,,,unavailable
2026-09-26,SUF,KTW,2027-02-23,,,unavailable
2026-09-26,SUF,KTW,2027-02-24,,,unavailable
2026-09-26,SUF,KTW,2027-02-25,,,unavailable
2026-09-26,SUF,KTW,2027-02-26,,,unavailable
2026-09-26,SUF,KTW,2027-02-27,,,unavailable
2026-09-26,SUF,KTW,2027-02-28,,,unavailable
2026-09-26,SUF,KTW,2027-03-01,,,unavailable
2026-09-26,SUF,KTW,2027-03-02,,,unavailable
2026-09-26,SUF,KTW,2027-03-03,,,unavailable
2026-09-26,SUF,KTW,2027-03-04,,,unavailable
2026-09-26,SUF,KTW,2027-03-05,,,unavailable
2026-09-26,SUF,KTW,2027-03-06,,,unavailable
2026-09-26,SUF,KTW,2027-03-07,,,unavailable
2026-09-26,SUF,KTW,2027-03-08,,,unavailable
2026-09-26,SUF,KTW,2027-03-09,,,unavailable
2026-09-26,SUF,KTW,2027-03-10,,,unavailable
2026-09-26,SUF,KTW,2027-03-11,,,unavailable
2026-09-26,SUF,KTW,2027-03-12,,,unavailable
2026-09-26,SUF,KTW,2027-03-13,,,unavailable
2026-09-26,SUF,KTW,2027-03-14,,,unavailable
2026-09-26,SUF,KTW,2027-03-15,,,unavailable
2026-09-26,SUF,KTW,2027-03-16,,,unavailable
2026-09-26,SUF,KTW,2027-03-17,,,unavailable
2026-09-26,SUF,KTW,2027-03-18,,,unavailable
2026-09-26,SUF,KTW,2027-03-19,,,unavailable
2026-09-26,SUF,KTW,2027-03-20,,,unavailable
2026-09-26,SUF,KTW,2027-03-21,,,unavailable
2026-09-26,SUF,KTW,2027-03-22,,,unavailable
2026-09-26,SUF,KTW,2027-03-23,,,unavailable
2026-09-26,SUF,KTW,2027-03-24,,,unavailable
2026-09-26,SUF,KTW,2027-03-25,,,unavailable
2026-09-26,SUF,KTW,2027-03-26,,,unavailable
2026-09-26,SUF,KTW,2027-03-27,,,unavailable
2026-09-26,SUF,KTW,2027-03-28,,,unavailable
2026-09-26,SUF,KTW,2027-03-29,12:30,1109.00,ok
2026-09-26,SUF,KTW,2027-03-30,,,unavailable
2026-09-26,SUF,KTW,2027-03-31,13:25,514.00,ok
2026-09-26,SUF,KTW,2027-04-01,,,unavailable
2026-09-26,SUF,KTW,2027-04-02,18:50,514.00,ok
2026-09-26,SUF,KTW,2027-04-03,16:40,514.00,ok
2026-09-26,SUF,KTW,2027-04-04,,,unavailable
2026-09-26,SUF,KTW,2027-04-05,12:30,514.00,ok
2026-09-26,SUF,KTW,2027-04-06,,,unavailable
2026-09-26,SUF,KTW,2027-04-07,13:25,425.00,ok
2026-09-26,SUF,KTW,2027-04-08,,,unavailable
2026-09-26,SUF,KTW,2027-04-09,18:50,514.00,ok
2026-09-26,SUF,KTW,2027-04-10,16:40,468.00,ok
2026-09-26,SUF,KTW,2027-04-11,,,unavailable
2026-09-26,SUF,KTW,2027-04-12,12:30,468.00,ok
2026-09-26,SUF,KTW,2027-04-13,,,unavailable
2026-09-26,SUF,KTW,2027-04-14,13:25,374.00,ok
2026-09-26,SUF,KTW,2027-04-15,,,unavailable
2026-09-26,SUF,KTW,2027-04-16,18:50,468.00,ok
2026-09-26,SUF,KTW,2027-04-17,16:40,468.00,ok
2026-09-26,SUF,KTW,2027-04-18,,,unavailable
2026-09-26,SUF,KTW,2027-04-19,12:30,374.00,ok
2026-09-26,SUF,KTW,2027-04-20,,,unavailable
2026-09-26,SUF,KTW,2027-04-21,13:25,374.00,ok
2026-09-26,SUF,KTW,2027-04-22,,,unavailable
2026-09-26,SUF,KTW,2027-04-23,18:50,468.00,ok
2026-09-26,SUF,KTW,2027-04-24,16:40,468.00,ok
2026-09-26,SUF,KTW,2027-04-25,,,unavailable
2026-09-26,SUF,KTW,2027-04-26,12:30,374.00,ok
2026-09-26,SUF,KTW,2027-04-27,,,unavailable
2026-09-26,SUF,KTW,2027-04-28,13:25,374.00,ok
2026-09-26,SUF,KTW,2027-04-29,,,unavailable
2026-09-26,SUF,KTW,2027-04-30,18:50,472.38,ok
2026-09-26,SUF,KTW,2027-05-01,16:40,468.00,ok
2026-09-26,SUF,KTW,2027-05-02,,,unavailable
2026-09-26,SUF,KTW,2027-05-03,12:30,378.38,ok
2026-09-26,SUF,KTW,2027-05-04,,,unavailable
2026-09-26,SUF,KTW,2027-05-05,13:25,374.00,ok
2026-09-26,SUF,KTW,2027-05-06,,,unavailable
2026-09-26,SUF,KTW,2027-05-07,18:50,468.00,ok
2026-09-26,SUF,KTW,2027-05-08,16:40,468.00,ok
2026-09-26,SUF,KTW,2027-05-09,,,unavailable
2026-09-26,SUF,KTW,2027-05-10,12:30,374.00,ok
2026-09-26,SUF,KTW,2027-05-11,,,unavailable
2026-09-26,SUF,KTW,2027-05-12,13:25,378.38,ok
2026-09-26,SUF,KTW,2027-05-13,,,unavailable
2026-09-26,SUF,KTW,2027-05-14,18:50,468.00,ok
2026-09-26,SUF,KTW,2027-05-15,16:40,468.00,ok
2026-09-26,SUF,KTW,2027-05-16,,,unavailable
2026-09-26,SUF,KTW,2027-05-17,12:30,374.00,ok
2026-09-26,SUF,KTW,2027-05-18,,,unavailable
2026-09-26,SUF,KTW,2027-05-19,13:25,374.00,ok
2026-09-26,SUF,KTW,2027-05-20,,,unavailable
2026-09-26,SUF,KTW,2027-05-21,18:50,468.00,ok
2026-09-26,SUF,KTW,2027-05-22,16:40,468.00,ok
2026-09-26,SUF,KTW,2027-05-23,,,unavailable
2026-09-26,SUF,KTW,2027-05-24,12:30,289.00,ok
2026-09-26,SUF,KTW,2027-05-25,,,unavailable
2026-09-26,SUF,KTW,2027-05-26,13:25,289.00,ok
2026-09-26,SUF,KTW,2027-05-27,,,unavailable
2026-09-26,SUF,KTW,2027-05-28,18:50,289.00,ok
2026-09-26,SUF,KTW,2027-05-29,16:40,289.00,ok
2026-09-26,SUF,KTW,2027-05-30,,,unavailable
2026-09-26,SUF,KTW,2027-05-31,12:30,289.00,ok
2026-09-26,SUF,KTW,2027-06-01,,,unavailable
2026-09-26,SUF,KTW,2027-06-02,13:25,289.00,ok
2026-09-26,SUF,KTW,2027-06-03,,,unavailable
2026-09-26,SUF,KTW,2027-06-04,18:50,289.00,ok
2026-09-26,SUF,KTW,2027-06-05,16:40,468.00,ok
2026-09-26,SUF,KTW,2027-06-06,,,unavailable
2026-09-26,SUF,KTW,2027-06-07,12:30,289.00,ok
2026-09-26,SUF,KTW,2027-06-08,,,unavailable
2026-09-26,SUF,KTW,2027-06-09,13:25,327.00,ok
2026-09-26,SUF,KTW,2027-06-10,,,unavailable
2026-09-26,SUF,KTW,2027-06-11,18:50,289.00,ok
2026-09-26,SUF,KTW,2027-06-12,16:40,289.00,ok
2026-09-26,SUF,KTW,2027-06-13,,,unavailable
2026-09-26,SUF,KTW,2027-06-14,12:30,289.00,ok
2026-09-26,SUF,KTW,2027-06-15,,,unavailable
2026-09-26,SUF,KTW,2027-06-16,13:25,289.00,ok
2026-09-26,SUF,KTW,2027-06-17,,,unavailable
2026-09-26,SUF,KTW,2027-06-18,18:50,289.00,ok
2026-09-26,SUF,KTW,2027-06-19,16:40,289.00,ok
2026-09-26,SUF,KTW,2027-06-20,,,unavailable
2026-09-26,SUF,KTW,2027-06-21,12:30,289.00,ok
2026-09-26,SUF,KTW,2027-06-22,,,unavailable
2026-09-26,SUF,KTW,2027-06-23,13:25,293.38,ok
2026-09-26,SUF,KTW,2027-06-24,,,unavailable
2026-09-26,SUF,KTW,2027-06-25,18:50,289.00,ok
2026-09-26,SUF,KTW,2027-06-26,16:40,468.00,ok
2026-09-26,SUF,KTW,2027-06-27,,,unavailable
2026-09-26,SUF,KTW,2027-06-28,12:30,289.00,ok
2026-09-26,SUF,KTW,2027-06-29,,,unavailable
2026-09-26,SUF,KTW,2027-06-30,13:25,327.00,ok
2026-09-26,SUF,KTW,2027-07-01,,,unavailable
2026-09-26,SUF,KTW,2027-07-02,18:50,289.00,ok
2026-09-26,SUF,KTW,2027-07-03,16:40,327.00,ok
2026-09-26,SUF,KTW,2027-07-04,,,unavailable
2026-09-26,SUF,KTW,2027-07-05,12:30,289.00,ok
2026-09-26,SUF,KTW,2027-07-06,,,unavailable
2026-09-26,SUF,KTW,2027-07-07,13:25,327.00,ok
2026-09-26,SUF,KTW,2027-07-08,,,unavailable
2026-09-26,SUF,KTW,2027-07-09,18:50,327.00,ok
2026-09-26,SUF,KTW,2027-07-10,16:40,374.00,ok
2026-09-26,SUF,KTW,2027-07-11,,,unavailable
2026-09-26,SUF,KTW,2027-07-12,12:30,289.00,ok
2026-09-26,SUF,KTW,2027-07-13,,,unavailable
2026-09-26,SUF,KTW,2027-07-14,13:25,327.00,ok
2026-09-26,SUF,KTW,2027-07-15,,,unavailable
2026-09-26,SUF,KTW,2027-07-16,18:50,289.00,ok
2026-09-26,SUF,KTW,2027-07-17,16:40,425.00,ok
2026-09-26,SUF,KTW,2027-07-18,,,unavailable
2026-09-26,SUF,KTW,2027-07-19,12:30,289.00,ok
2026-09-26,SUF,KTW,2027-07-20,,,unavailable
2026-09-26,SUF,KTW,2027-07-21,13:25,327.00,ok
2026-09-26,SUF,KTW,2027-07-22,,,unavailable
2026-09-26,SUF,KTW,2027-07-23,18:50,374.00,ok
2026-09-26,SUF,KTW,2027-07-24,16:40,468.00,ok
2026-09-26,SUF,KTW,2027-07-25,,,unavailable
2026-09-26,SUF,KTW,2027-07-26,12:30,289.00,ok
2026-09-26,SUF,KTW,2027-07-27,,,unavailable
2026-09-26,SUF,KTW,2027-07-28,13:25,374.00,ok
2026-09-26,SUF,KTW,2027-07-29,,,unavailable
2026-09-26,SUF,KTW,2027-07-30,18:50,514.00,ok
2026-09-26,SUF,KTW,2027-07-31,16:40,468.00,ok
2026-09-26,SUF,KTW,2027-08-01,,,unavailable
2026-09-26,SUF,KTW,2027-08-02,12:30,289.00,ok
2026-09-26,SUF,KTW,2027-08-03,,,unavailable
2026-09-26,SUF,KTW,2027-08-04,13:25,374.00,ok
2026-09-26,SUF,KTW,2027-08-05,,,unavailable
2026-09-26,SUF,KTW,2027-08-06,18:50,374.00,ok
2026-09-26,SUF,KTW,2027-08-07,16:40,425.00,ok
2026-09-26,SUF,KTW,2027-08-08,,,unavailable
2026-09-26,SUF,KTW,2027-08-09,12:30,289.00,ok
2026-09-26,SUF,KTW,2027-08-10,,,unavailable
2026-09-26,SUF,KTW,2027-08-11,13:25,374.00,ok
2026-09-26,SUF,KTW,2027-08-12,,,unavailable
2026-09-26,SUF,KTW,2027-08-13,18:50,425.00,ok
2026-09-26,SUF,KTW,2027-08-14,16:40,468.00,ok
2026-09-26,SUF,KTW,2027-08-15,,,unavailable
2026-09-26,SUF,KTW,2027-08-16,12:30,425.00,ok
2026-09-26,SUF,KTW,2027-08-17,,,unavailable
2026-09-26,SUF,KTW,2027-08-18,13:25,374.00,ok
2026-09-26,SUF,KTW,2027-08-19,,,unavailable
2026-09-26,SUF,KTW,2027-08-20,18:50,425.00,ok
2026-09-26,SUF,KTW,2027-08-21,16:40,425.00,ok
2026-09-26,SUF,KTW,2027-08-22,,,unavailable
2026-09-26,SUF,KTW,2027-08-23,12:30,289.00,ok
2026-09-26,SUF,KTW,2027-08-24,,,unavailable
2026-09-26,SUF,KTW,2027-08-25,13:25,374.00,ok
2026-09-26,SUF,KTW,2027-08-26,,,unavailable
2026-09-26,SUF,KTW,2027-08-27,18:50,374.00,ok
2026-09-26,SUF,KTW,2027-08-28,16:40,514.00,ok
2026-09-26,SUF,KTW,2027-08-29,,,unavailable
2026-09-26,SUF,KTW,2027-08-30,12:30,289.00,ok
2026-09-26,SUF,KTW,2027-08-31,,,unavailable
2026-09-26,KTW,TIA,2026-09-26,,,unavailable
2026-09-26,KTW,TIA,2026-09-27,,,unavailable
2026-09-26,KTW,TIA,2026-09-28,,,unavailable
2026-09-26,KTW,TIA,2026-09-29,10:05,74.00,ok
2026-09-26,KTW,TIA,2026-09-30,,,unavailable
2026-09-26,KTW,TIA,2026-10-01,19:35,107.61,ok
2026-09-26,KTW,TIA,2026-10-02,,,unavailable
2026-09-26,KTW,TIA,2026-10-03,07:20,113.70,ok
2026-09-26,KTW,TIA,2026-10-04,,,unavailable
2026-09-26,KTW,TIA,2026-10-05,,,unavailable
2026-09-26,KTW,TIA,2026-10-06,10:05,74.00,ok
2026-09-26,KTW,TIA,2026-10-07,,,unavailable
2026-09-26,KTW,TIA,2026-10-08,19:35,74.00,ok
2026-09-26,KTW,TIA,2026-10-09,,,unavailable
2026-09-26,KTW,TIA,2026-10-10,07:20,156.16,ok
2026-09-26,KTW,TIA,2026-10-11,,,unavailable
2026-09-26,KTW,TIA,2026-10-12,,,unavailable
2026-09-26,KTW,TIA,2026-10-13,10:05,74.00,ok
2026-09-26,KTW,TIA,2026-10-14,,,unavailable
2026-09-26,KTW,TIA,2026-10-15,19:35,74.00,ok
2026-09-26,KTW,TIA,2026-10-16,,,unavailable
2026-09-26,KTW,TIA,2026-10-17,07:20,133.00,ok
2026-09-26,KTW,TIA,2026-10-18,,,unavailable
2026-09-26,KTW,TIA,2026-10-19,,,unavailable
2026-09-26,KTW,TIA,2026-10-20,10:05,74.00,ok
2026-09-26,KTW,TIA,2026-10-21,,,unavailable
2026-09-26,KTW,TIA,2026-10-22,19:35,74.00,ok
2026-09-26,KTW,TIA,2026-10-23,,,unavailable
2026-09-26,KTW,TIA,2026-10-24,07:20,74.00,ok
2026-09-26,KTW,TIA,2026-10-25,,,unavailable
2026-09-26,KTW,TIA,2026-10-26,,,unavailable
2026-09-26,KTW,TIA,2026-10-27,,,unavailable
2026-09-26,KTW,TIA,2026-10-28,,,unavailable
2026-09-26,KTW,TIA,2026-10-29,,,unavailable
2026-09-26,KTW,TIA,2026-10-30,,,unavailable
2026-09-26,KTW,TIA,2026-10-31,,,unavailable
2026-09-26,KTW,TIA,2026-11-01,,,unavailable
2026-09-26,KTW,TIA,2026-11-02,,,unavailable
2026-09-26,KTW,TIA,2026-11-03,,,unavailable
2026-09-26,KTW,TIA,2026-11-04,,,unavailable
2026-09-26,KTW,TIA,2026-11-05,,,unavailable
2026-09-26,KTW,TIA,2026-11-06,,,unavailable
2026-09-26,KTW,TIA,2026-11-07,,,unavailable
2026-09-26,KTW,TIA,2026-11-08,,,unavailable
2026-09-26,KTW,TIA,2026-11-09,,,unavailable
2026-09-26,KTW,TIA,2026-11-10,,,unavailable
2026-09-26,KTW,TIA,2026-11-11,,,unavailable
2026-09-26,KTW,TIA,2026-11-12,,,unavailable
2026-09-26,KTW,TIA,2026-11-13,,,unavailable
2026-09-26,KTW,TIA,2026-11-14,,,unavailable
2026-09-26,KTW,TIA,2026-11-15,,,unavailable
2026-09-26,KTW,TIA,2026-11-16,,,unavailable
2026-09-26,KTW,TIA,2026-11-17,,,unavailable
2026-09-26,KTW,TIA,2026-11-18,,,unavailable
2026-09-26,KTW,TIA,2026-11-19,,,unavailable
2026-09-26,KTW,TIA,2026-11-20,,,unavailable
2026-09-26,KTW,TIA,2026-11-21,,,unavailable
2026-09-26,KTW,TIA,2026-11-22,,,unavailable
2026-09-26,KTW,TIA,2026-11-23,,,unavailable
2026-09-26,KTW,TIA,2026-11-24,,,unavailable
2026-09-26,KTW,TIA,2026-11-25,,,unavailable
2026-09-26,KTW,TIA,2026-11-26,,,unavailable
2026-09-26,KTW,TIA,2026-11-27,,,unavailable
2026-09-26,KTW,TIA,2026-11-28,,,unavailable
2026-09-26,KTW,TIA,2026-11-29,,,unavailable
2026-09-26,KTW,TIA,2026-11-30,,,unavailable
2026-09-26,KTW,TIA,2026-12-01,,,unavailable
2026-09-26,KTW,TIA,2026-12-02,,,unavailable
2026-09-26,KTW,TIA,2026-12-03,,,unavailable
2026-09-26,KTW,TIA,2026-12-04,,,unavailable
2026-09-26,KTW,TIA,2026-12-05,,,unavailable
2026-09-26,KTW,TIA,2026-12-06,,,unavailable
2026-09-26,KTW,TIA,2026-12-07,,,unavailable
2026-09-26,KTW,TIA,2026-12-08,,,unavailable
2026-09-26,KTW,TIA,2026-12-09,,,unavailable
2026-09-26,KTW,TIA,2026-12-10,,,unavailable
2026-09-26,KTW,TIA,2026-12-11,,,unavailable
2026-09-26,KTW,TIA,2026-12-12,,,unavailable
2026-09-26,KTW,TIA,2026-12-13,,,unavailable
2026-09-26,KTW,TIA,2026-12-14,,,unavailable
2026-09-26,KTW,TIA,2026-12-15,,,unavailable
2026-09-26,KTW,TIA,2026-12-16,,,unavailable
2026-09-26,KTW,TIA,2026-12-17,,,unavailable
2026-09-26,KTW,TIA,2026-12-18,,,unavailable
2026-09-26,KTW,TIA,2026-12-19,,,unavailable
2026-09-26,KTW,TIA,2026-12-20,,,unavailable
2026-09-26,KTW,TIA,2026-12-21,,,unavailable
2026-09-26,KTW,TIA,2026-12-22,,,unavailable
2026-09-26,KTW,TIA,2026-12-23,,,unavailable
2026-09-26,KTW,TIA,2026-12-24,,,unavailable
2026-09-26,KTW,TIA,2026-12-25,,,unavailable
2026-09-26,KTW,TIA,2026-12-26,,,unavailable
2026-09-26,KTW,TIA,2026-12-27,,,unavailable
2026-09-26,KTW,TIA,2026-12-28,,,unavailable
2026-09-26,KTW,TIA,2026-12-29,,,unavailable
2026-09-26,KTW,TIA,2026-12-30,,,unavailable
2026-09-26,KTW,TIA,2026-12-31,,,unavailable
2026-09-26,KTW,TIA,2027-01-01,,,unavailable
2026-09-26,KTW,TIA,2027-01-02,,,unavailable
2026-09-26,KTW,TIA,2027-01-03,,,unavailable
2026-09-26,KTW,TIA,2027-01-04,,,unavailable
2026-09-26,KTW,TIA,2027-01-05,,,unavailable
2026-09-26,KTW,TIA,2027-01-06,,,unavailable
2026-09-26,KTW,TIA,2027-01-07,,,unavailable
2026-09-26,KTW,TIA,2027-01-08,,,unavailable
2026-09-26,KTW,TIA,2027-01-09,,,unavailable
2026-09-26,KTW,TIA,2027-01-10,,,unavailable
2026-09-26,KTW,TIA,2027-01-11,,,unavailable
2026-09-26,KTW,TIA,2027-01-12,,,unavailable
2026-09-26,KTW,TIA,2027-01-13,,,unavailable
2026-09-26,KTW,TIA,2027-01-14,,,unavailable
2026-09-26,KTW,TIA,2027-01-15,,,unavailable
2026-09-26,KTW,TIA,2027-01-16,,,unavailable
2026-09-26,KTW,TIA,2027-01-17,,,unavailable
2026-09-26,KTW,TIA,2027-01-18,,,unavailable
2026-09-26,KTW,TIA,2027-01-19,,,unavailable
2026-09-26,KTW,TIA,2027-01-20,,,unavailable
2026-09-26,KTW,TIA,2027-01-21,,,unavailable
2026-09-26,KTW,TIA,2027-01-22,,,unavailable
2026-09-26,KTW,TIA,2027-01-23,,,unavailable
2026-09-26,KTW,TIA,2027-01-24,,,unavailable
2026-09-26,KTW,TIA,2027-01-25,,,unavailable
2026-09-26,KTW,TIA,2027-01-26,,,unavailable
2026-09-26,KTW,TIA,2027-01-27,,,unavailable
2026-09-26,KTW,TIA,2027-01-28,,,unavailable
2026-09-26,KTW,TIA,2027-01-29,,,unavailable
2026-09-26,KTW,TIA,2027-01-30,,,unavailable
2026-09-26,KTW,TIA,2027-01-31,,,unavailable
2026-09-26,KTW,TIA,2027-02-01,,,unavailable
2026-09-26,KTW,TIA,2027-02-02,,,unavailable
2026-09-26,KTW,TIA,2027-02-03,,,unavailable
2026-09-26,KTW,TIA,2027-02-04,,,unavailable
2026-09-26,KTW,TIA,2027-02-05,,,unavailable
2026-09-26,KTW,TIA,2027-02-06,,,unavailable
2026-09-26,KTW,TIA,2027-02-07,,,unavailable
2026-09-26,KTW,TIA,2027-02-08,,,unavailable
2026-09-26,KTW,TIA,2027-02-09,,,unavailable
2026-09-26,KTW,TIA,2027-02-10,,,unavailable
2026-09-26,KTW,TIA,2027-02-11,,,unavailable
2026-09-26,KTW,TIA,2027-02-12,,,unavailable
2026-09-26,KTW,TIA,2027-02-13,,,unavailable
2026-09-26,KTW,TIA,2027-02-14,,,unavailable
2026-09-26,KTW,TIA,2027-02-15,,,unavailable
2026-09-26,KTW,TIA,2027-02-16,,,unavailable
2026-09-26,KTW,TIA,2027-02-17,,,unavailable
2026-09-26,KTW,TIA,2027-02-18,,,unavailable
2026-09-26,KTW,TIA,2027-02-19,,,unavailable
2026-09-26,KTW,TIA,2027-02-20,,,unavailable
2026-09-26,KTW,TIA,2027-02-21,,,unavailable
2026-09-26,KTW,TIA,2027-02-22,,,unavailable
2026-09-26,KTW,TIA,2027-02-23,,,unavailable
2026-09-26,KTW,TIA,2027-02-24,,,unavailable
2026-09-26,KTW,TIA,2027-02-25,,,unavailable
2026-09-26,KTW,TIA,2027-02-26,,,unavailable
2026-09-26,KTW,TIA,2027-02-27,,,unavailable
2026-09-26,KTW,TIA,2027-02-28,,,unavailable
2026-09-26,KTW,TIA,2027-03-01,,,unavailable
2026-09-26,KTW,TIA,2027-03-02,,,unavailable
2026-09-26,KTW,TIA,2027-03-03,,,unavailable
2026-09-26,KTW,TIA,2027-03-04,,,unavailable
2026-09-26,KTW,TIA,2027-03-05,,,unavailable
2026-09-26,KTW,TIA,2027-03-06,,,unavailable
2026-09-26,KTW,TIA,2027-03-07,,,unavailable
2026-09-26,KTW,TIA,2027-03-08,,,unavailable
2026-09-26,KTW,TIA,2027-03-09,,,unavailable
2026-09-26,KTW,TIA,2027-03-10,,,unavailable
2026-09-26,KTW,TIA,2027-03-11,,,unavailable
2026-09-26,KTW,TIA,2027-03-12,,,unavailable
2026-09-26,KTW,TIA,2027-03-13,,,unavailable
2026-09-26,KTW,TIA,2027-03-14,,,unavailable
2026-09-26,KTW,TIA,2027-03-15,,,unavailable
2026-09-26,KTW,TIA,2027-03-16,,,unavailable
2026-09-26,KTW,TIA,2027-03-17,,,unavailable
2026-09-26,KTW,TIA,2027-03-18,,,unavailable
2026-09-26,KTW,TIA,2027-03-19,,,unavailable
2026-09-26,KTW,TIA,2027-03-20,,,unavailable
2026-09-26,KTW,TIA,2027-03-21,,,unavailable
2026-09-26,KTW,TIA,2027-03-22,,,unavailable
2026-09-26,KTW,TIA,2027-03-23,,,unavailable
2026-09-26,KTW,TIA,2027-03-24,,,unavailable
2026-09-26,KTW,TIA,2027-03-25,,,unavailable
2026-09-26,KTW,TIA,2027-03-26,,,unavailable
2026-09-26,KTW,TIA,2027-03-27,,,unavailable
2026-09-26,KTW,TIA,2027-03-28,06:20,238.00,ok
2026-09-26,KTW,TIA,2027-03-29,,,unavailable
2026-09-26,KTW,TIA,2027-03-30,08:20,170.00,ok
2026-09-26,KTW,TIA,2027-03-31,,,unavailable
2026-09-26,KTW,TIA,2027-04-01,08:20,208.38,ok
2026-09-26,KTW,TIA,2027-04-02,,,unavailable
2026-09-26,KTW,TIA,2027-04-03,,,unavailable
2026-09-26,KTW,TIA,2027-04-04,06:20,204.00,ok
2026-09-26,KTW,TIA,2027-04-05,,,unavailable
2026-09-26,KTW,TIA,2027-04-06,08:20,170.00,ok
2026-09-26,KTW,TIA,2027-04-07,,,unavailable
2026-09-26,KTW,TIA,2027-04-08,08:20,170.00,ok
2026-09-26,KTW,TIA,2027-04-09,,,unavailable
2026-09-26,KTW,TIA,2027-04-10,,,unavailable
2026-09-26,KTW,TIA,2027-04-11,06:20,204.00,ok
2026-09-26,KTW,TIA,2027-04-12,,,unavailable
2026-09-26,KTW,TIA,2027-04-13,08:20,170.00,ok
2026-09-26,KTW,TIA,2027-04-14,,,unavailable
2026-09-26,KTW,TIA,2027-04-15,08:20,170.00,ok
2026-09-26,KTW,TIA,2027-04-16,,,unavailable
2026-09-26,KTW,TIA,2027-04-17,,,unavailable
2026-09-26,KTW,TIA,2027-04-18,06:20,204.00,ok
2026-09-26,KTW,TIA,2027-04-19,,,unavailable
2026-09-26,KTW,TIA,2027-04-20,08:20,170.00,ok
2026-09-26,KTW,TIA,2027-04-21,,,unavailable
2026-09-26,KTW,TIA,2027-04-22,08:20,170.00,ok
2026-09-26,KTW,TIA,2027-04-23,,,unavailable
2026-09-26,KTW,TIA,2027-04-24,,,unavailable
2026-09-26,KTW,TIA,2027-04-25,06:20,204.00,ok
2026-09-26,KTW,TIA,2027-04-26,,,unavailable
2026-09-26,KTW,TIA,2027-04-27,08:20,170.00,ok
2026-09-26,KTW,TIA,2027-04-28,,,unavailable
2026-09-26,KTW,TIA,2027-04-29,08:20,170.00,ok
2026-09-26,KTW,TIA,2027-04-30,,,unavailable
2026-09-26,KTW,TIA,2027-05-01,,,unavailable
2026-09-26,KTW,TIA,2027-05-02,06:20,238.00,ok
2026-09-26,KTW,TIA,2027-05-03,,,unavailable
2026-09-26,KTW,TIA,2027-05-04,08:20,170.00,ok
2026-09-26,KTW,TIA,2027-05-05,,,unavailable
2026-09-26,KTW,TIA,2027-05-06,08:20,170.00,ok
2026-09-26,KTW,TIA,2027-05-07,,,unavailable
2026-09-26,KTW,TIA,2027-05-08,,,unavailable
2026-09-26,KTW,TIA,2027-05-09,06:20,204.00,ok
2026-09-26,KTW,TIA,2027-05-10,,,unavailable
2026-09-26,KTW,TIA,2027-05-11,08:20,170.00,ok
2026-09-26,KTW,TIA,2027-05-12,,,unavailable
2026-09-26,KTW,TIA,2027-05-13,08:20,170.00,ok
2026-09-26,KTW,TIA,2027-05-14,,,unavailable
2026-09-26,KTW,TIA,2027-05-15,,,unavailable
2026-09-26,KTW,TIA,2027-05-16,06:20,204.00,ok
2026-09-26,KTW,TIA,2027-05-17,,,unavailable
2026-09-26,KTW,TIA,2027-05-18,08:20,272.00,ok
2026-09-26,KTW,TIA,2027-05-19,,,unavailable
2026-09-26,KTW,TIA,2027-05-20,08:20,272.00,ok
2026-09-26,KTW,TIA,2027-05-21,,,unavailable
2026-09-26,KTW,TIA,2027-05-22,,,unavailable
2026-09-26,KTW,TIA,2027-05-23,06:20,272.00,ok
2026-09-26,KTW,TIA,2027-05-24,,,unavailable
2026-09-26,KTW,TIA,2027-05-25,08:20,272.00,ok
2026-09-26,KTW,TIA,2027-05-26,,,unavailable
2026-09-26,KTW,TIA,2027-05-27,08:20,310.00,ok
2026-09-26,KTW,TIA,2027-05-28,,,unavailable
2026-09-26,KTW,TIA,2027-05-29,,,unavailable
2026-09-26,KTW,TIA,2027-05-30,06:20,272.00,ok
2026-09-26,KTW,TIA,2027-05-31,,,unavailable
2026-09-26,KTW,TIA,2027-06-01,08:20,357.00,ok
2026-09-26,KTW,TIA,2027-06-02,,,unavailable
2026-09-26,KTW,TIA,2027-06-03,08:20,272.00,ok
2026-09-26,KTW,TIA,2027-06-04,,,unavailable
2026-09-26,KTW,TIA,2027-06-05,,,unavailable
2026-09-26,KTW,TIA,2027-06-06,06:20,272.00,ok
2026-09-26,KTW,TIA,2027-06-07,,,unavailable
2026-09-26,KTW,TIA,2027-06-08,08:20,276.38,ok
2026-09-26,KTW,TIA,2027-06-09,,,unavailable
2026-09-26,KTW,TIA,2027-06-10,08:20,272.00,ok
2026-09-26,KTW,TIA,2027-06-11,,,unavailable
2026-09-26,KTW,TIA,2027-06-12,,,unavailable
2026-09-26,KTW,TIA,2027-06-13,06:20,272.00,ok
2026-09-26,KTW,TIA,2027-06-14,,,unavailable
2026-09-26,KTW,TIA,2027-06-15,08:20,272.00,ok
2026-09-26,KTW,TIA,2027-06-16,,,unavailable
2026-09-26,KTW,TIA,2027-06-17,08:20,272.00,ok
2026-09-26,KTW,TIA,2027-06-18,,,unavailable
2026-09-26,KTW,TIA,2027-06-19,,,unavailable
2026-09-26,KTW,TIA,2027-06-20,06:20,314.38,ok
2026-09-26,KTW,TIA,2027-06-21,,,unavailable
2026-09-26,KTW,TIA,2027-06-22,08:20,272.00,ok
2026-09-26,KTW,TIA,2027-06-23,,,unavailable
2026-09-26,KTW,TIA,2027-06-24,08:20,272.00,ok
2026-09-26,KTW,TIA,2027-06-25,,,unavailable
2026-09-26,KTW,TIA,2027-06-26,,,unavailable
2026-09-26,KTW,TIA,2027-06-27,06:20,450.38,ok
2026-09-26,KTW,TIA,2027-06-28,,,unavailable
2026-09-26,KTW,TIA,2027-06-29,08:20,357.00,ok
2026-09-26,KTW,TIA,2027-06-30,,,unavailable
2026-09-26,KTW,TIA,2027-07-01,08:20,276.38,ok
2026-09-26,KTW,TIA,2027-07-02,,,unavailable
2026-09-26,KTW,TIA,2027-07-03,,,unavailable
2026-09-26,KTW,TIA,2027-07-04,06:20,357.00,ok
2026-09-26,KTW,TIA,2027-07-05,,,unavailable
2026-09-26,KTW,TIA,2027-07-06,08:20,310.00,ok
2026-09-26,KTW,TIA,2027-07-07,,,unavailable
2026-09-26,KTW,TIA,2027-07-08,08:20,272.00,ok
2026-09-26,KTW,TIA,2027-07-09,,,unavailable
2026-09-26,KTW,TIA,2027-07-10,,,unavailable
2026-09-26,KTW,TIA,2027-07-11,06:20,404.00,ok
2026-09-26,KTW,TIA,2027-07-12,,,unavailable
2026-09-26,KTW,TIA,2027-07-13,08:20,357.00,ok
2026-09-26,KTW,TIA,2027-07-14,,,unavailable
2026-09-26,KTW,TIA,2027-07-15,08:20,272.00,ok
2026-09-26,KTW,TIA,2027-07-16,,,unavailable
2026-09-26,KTW,TIA,2027-07-17,,,unavailable
2026-09-26,KTW,TIA,2027-07-18,06:20,404.00,ok
2026-09-26,KTW,TIA,2027-07-19,,,unavailable
2026-09-26,KTW,TIA,2027-07-20,08:20,357.00,ok
2026-09-26,KTW,TIA,2027-07-21,,,unavailable
2026-09-26,KTW,TIA,2027-07-22,08:20,272.00,ok
2026-09-26,KTW,TIA,2027-07-23,,,unavailable
2026-09-26,KTW,TIA,2027-07-24,,,unavailable
2026-09-26,KTW,TIA,2027-07-25,06:20,357.00,ok
2026-09-26,KTW,TIA,2027-07-26,,,unavailable
2026-09-26,KTW,TIA,2027-07-27,08:20,310.00,ok
2026-09-26,KTW,TIA,2027-07-28,,,unavailable
2026-09-26,KTW,TIA,2027-07-29,08:20,272.00,ok
2026-09-26,KTW,TIA,2027-07-30,,,unavailable
2026-09-26,KTW,TIA,2027-07-31,,,unavailable
2026-09-26,KTW,TIA,2027-08-01,06:20,446.00,ok
2026-09-26,KTW,TIA,2027-08-02,,,unavailable
2026-09-26,KTW,TIA,2027-08-03,08:20,357.00,ok
2026-09-26,KTW,TIA,2027-08-04,,,unavailable
2026-09-26,KTW,TIA,2027-08-05,08:20,272.00,ok
2026-09-26,KTW,TIA,2027-08-06,,,unavailable
2026-09-26,KTW,TIA,2027-08-07,,,unavailable
2026-09-26,KTW,TIA,2027-08-08,06:20,357.00,ok
2026-09-26,KTW,TIA,2027-08-09,,,unavailable
2026-09-26,KTW,TIA,2027-08-10,08:20,357.00,ok
2026-09-26,KTW,TIA,2027-08-11,,,unavailable
2026-09-26,KTW,TIA,2027-08-12,08:20,272.00,ok
2026-09-26,KTW,TIA,2027-08-13,,,unavailable
2026-09-26,KTW,TIA,2027-08-14,,,unavailable
2026-09-26,KTW,TIA,2027-08-15,06:20,404.00,ok
2026-09-26,KTW,TIA,2027-08-16,,,unavailable
2026-09-26,KTW,TIA,2027-08-17,08:20,310.00,ok
2026-09-26,KTW,TIA,2027-08-18,,,unavailable
2026-09-26,KTW,TIA,2027-08-19,08:20,272.00,ok
2026-09-26,KTW,TIA,2027-08-20,,,unavailable
2026-09-26,KTW,TIA,2027-08-21,,,unavailable
2026-09-26,KTW,TIA,2027-08-22,06:20,272.00,ok
2026-09-26,KTW,TIA,2027-08-23,,,unavailable
2026-09-26,KTW,TIA,2027-08-24,08:20,272.00,ok
2026-09-26,KTW,TIA,2027-08-25,,,unavailable
2026-09-26,KTW,TIA,2027-08-26,08:20,272.00,ok
2026-09-26,KTW,TIA,2027-08-27,,,unavailable
2026-09-26,KTW,TIA,2027-08-28,,,unavailable
2026-09-26,KTW,TIA,2027-08-29,06:20,272.00,ok
2026-09-26,KTW,TIA,2027-08-30,,,unavailable
2026-09-26,KTW,TIA,2027-08-31,08:20,272.00,ok
2026-09-26,TIA,KTW,2026-09-26,,,unavailable
2026-09-26,TIA,KTW,2026-09-27,,,unavailable
2026-09-26,TIA,KTW,2026-09-28,,,unavailable
2026-09-26,TIA,KTW,2026-09-29,12:20,280.69,ok
2026-09-26,TIA,KTW,2026-09-30,,,unavailable
2026-09-26,TIA,KTW,2026-10-01,21:50,238.00,ok
2026-09-26,TIA,KTW,2026-10-02,,,unavailable
2026-09-26,TIA,KTW,2026-10-03,09:35,219.60,ok
2026-09-26,TIA,KTW,2026-10-04,,,unavailable
2026-09-26,TIA,KTW,2026-10-05,,,unavailable
2026-09-26,TIA,KTW,2026-10-06,12:20,207.29,ok
2026-09-26,TIA,KTW,2026-10-07,,,unavailable
2026-09-26,TIA,KTW,2026-10-08,21:50,74.00,ok
2026-09-26,TIA,KTW,2026-10-09,,,unavailable
2026-09-26,TIA,KTW,2026-10-10,09:35,74.00,ok
2026-09-26,TIA,KTW,2026-10-11,,,unavailable
2026-09-26,TIA,KTW,2026-10-12,,,unavailable
2026-09-26,TIA,KTW,2026-10-13,12:20,109.32,ok
2026-09-26,TIA,KTW,2026-10-14,,,unavailable
2026-09-26,TIA,KTW,2026-10-15,21:50,74.00,ok
2026-09-26,TIA,KTW,2026-10-16,,,unavailable
2026-09-26,TIA,KTW,2026-10-17,09:35,74.00,ok
2026-09-26,TIA,KTW,2026-10-18,,,unavailable
2026-09-26,TIA,KTW,2026-10-19,,,unavailable
2026-09-26,TIA,KTW,2026-10-20,12:20,74.00,ok
2026-09-26,TIA,KTW,2026-10-21,,,unavailable
2026-09-26,TIA,KTW,2026-10-22,21:50,74.00,ok
2026-09-26,TIA,KTW,2026-10-23,,,unavailable
2026-09-26,TIA,KTW,2026-10-24,09:35,74.00,ok
2026-09-26,TIA,KTW,2026-10-25,,,unavailable
2026-09-26,TIA,KTW,2026-10-26,,,unavailable
2026-09-26,TIA,KTW,2026-10-27,,,unavailable
2026-09-26,TIA,KTW,2026-10-28,,,unavailable
2026-09-26,TIA,KTW,2026-10-29,,,unavailable
2026-09-26,TIA,KTW,2026-10-30,,,unavailable
2026-09-26,TIA,KTW,2026-10-31,,,unavailable
2026-09-26,TIA,KTW,2026-11-01,,,unavailable
2026-09-26,TIA,KTW,2026-11-02,,,unavailable
2026-09-26,TIA,KTW,2026-11-03,,,unavailable
2026-09-26,TIA,KTW,2026-11-04,,,unavailable
2026-09-26,TIA,KTW,2026-11-05,,,unavailable
2026-09-26,TIA,KTW,2026-11-06,,,unavailable
2026-09-26,TIA,KTW,2026-11-07,,,unavailable
2026-09-26,TIA,KTW,2026-11-08,,,unavailable
2026-09-26,TIA,KTW,2026-11-09,,,unavailable
2026-09-26,TIA,KTW,2026-11-10,,,unavailable
2026-09-26,TIA,KTW,2026-11-11,,,unavailable
2026-09-26,TIA,KTW,2026-11-12,,,unavailable
2026-09-26,TIA,KTW,2026-11-13,,,unavailable
2026-09-26,TIA,KTW,2026-11-14,,,unavailable
2026-09-26,TIA,KTW,2026-11-15,,,unavailable
2026-09-26,TIA,KTW,2026-11-16,,,unavailable
2026-09-26,TIA,KTW,2026-11-17,,,unavailable
2026-09-26,TIA,KTW,2026-11-18,,,unavailable
2026-09-26,TIA,KTW,2026-11-19,,,unavailable
2026-09-26,TIA,KTW,2026-11-20,,,unavailable
2026-09-26,TIA,KTW,2026-11-21,,,unavailable
2026-09-26,TIA,KTW,2026-11-22,,,unavailable
2026-09-26,TIA,KTW,2026-11-23,,,unavailable
2026-09-26,TIA,KTW,2026-11-24,,,unavailable
2026-09-26,TIA,KTW,2026-11-25,,,unavailable
2026-09-26,TIA,KTW,2026-11-26,,,unavailable
2026-09-26,TIA,KTW,2026-11-27,,,unavailable
2026-09-26,TIA,KTW,2026-11-28,,,unavailable
2026-09-26,TIA,KTW,2026-11-29,,,unavailable
2026-09-26,TIA,KTW,2026-11-30,,,unavailable
2026-09-26,TIA,KTW,2026-12-01,,,unavailable
2026-09-26,TIA,KTW,2026-12-02,,,unavailable
2026-09-26,TIA,KTW,2026-12-03,,,unavailable
2026-09-26,TIA,KTW,2026-12-04,,,unavailable
2026-09-26,TIA,KTW,2026-12-05,,,unavailable
2026-09-26,TIA,KTW,2026-12-06,,,unavailable
2026-09-26,TIA,KTW,2026-12-07,,,unavailable
2026-09-26,TIA,KTW,2026-12-08,,,unavailable
2026-09-26,TIA,KTW,2026-12-09,,,unavailable
2026-09-26,TIA,KTW,2026-12-10,,,unavailable
2026-09-26,TIA,KTW,2026-12-11,,,unavailable
2026-09-26,TIA,KTW,2026-12-12,,,unavailable
2026-09-26,TIA,KTW,2026-12-13,,,unavailable
2026-09-26,TIA,KTW,2026-12-14,,,unavailable
2026-09-26,TIA,KTW,2026-12-15,,,unavailable
2026-09-26,TIA,KTW,2026-12-16,,,unavailable
2026-09-26,TIA,KTW,2026-12-17,,,unavailable
2026-09-26,TIA,KTW,2026-12-18,,,unavailable
2026-09-26,TIA,KTW,2026-12-19,,,unavailable
2026-09-26,TIA,KTW,2026-12-20,,,unavailable
2026-09-26,TIA,KTW,2026-12-21,,,unavailable
2026-09-26,TIA,KTW,2026-12-22,,,unavailable
2026-09-26,TIA,KTW,2026-12-23,,,unavailable
2026-09-26,TIA,KTW,2026-12-24,,,unavailable
2026-09-26,TIA,KTW,2026-12-25,,,unavailable
2026-09-26,TIA,KTW,2026-12-26,,,unavailable
2026-09-26,TIA,KTW,2026-12-27,,,unavailable
2026-09-26,TIA,KTW,2026-12-28,,,unavailable
2026-09-26,TIA,KTW,2026-12-29,,,unavailable
2026-09-26,TIA,KTW,2026-12-30,,,unavailable
2026-09-26,TIA,KTW,2026-12-31,,,unavailable
2026-09-26,TIA,KTW,2027-01-01,,,unavailable
2026-09-26,TIA,KTW,2027-01-02,,,unavailable
2026-09-26,TIA,KTW,2027-01-03,,,unavailable
2026-09-26,TIA,KTW,2027-01-04,,,unavailable
2026-09-26,TIA,KTW,2027-01-05,,,unavailable
2026-09-26,TIA,KTW,2027-01-06,,,unavailable
2026-09-26,TIA,KTW,2027-01-07,,,unavailable
2026-09-26,TIA,KTW,2027-01-08,,,unavailable
2026-09-26,TIA,KTW,2027-01-09,,,unavailable
2026-09-26,TIA,KTW,2027-01-10,,,unavailable
2026-09-26,TIA,KTW,2027-01-11,,,unavailable
2026-09-26,TIA,KTW,2027-01-12,,,unavailable
2026-09-26,TIA,KTW,2027-01-13,,,unavailable
2026-09-26,TIA,KTW,2027-01-14,,,unavailable
2026-09-26,TIA,KTW,2027-01-15,,,unavailable
2026-09-26,TIA,KTW,2027-01-16,,,unavailable
2026-09-26,TIA,KTW,2027-01-17,,,unavailable
2026-09-26,TIA,KTW,2027-01-18,,,unavailable
2026-09-26,TIA,KTW,2027-01-19,,,unavailable
2026-09-26,TIA,KTW,2027-01-20,,,unavailable
2026-09-26,TIA,KTW,2027-01-21,,,unavailable
2026-09-26,TIA,KTW,2027-01-22,,,unavailable
2026-09-26,TIA,KTW,2027-01-23,,,unavailable
2026-09-26,TIA,KTW,2027-01-24,,,unavailable
2026-09-26,TIA,KTW,2027-01-25,,,unavailable
2026-09-26,TIA,KTW,2027-01-26,,,unavailable
2026-09-26,TIA,KTW,2027-01-27,,,unavailable
2026-09-26,TIA,KTW,2027-01-28,,,unavailable
2026-09-26,TIA,KTW,2027-01-29,,,unavailable
2026-09-26,TIA,KTW,2027-01-30,,,unavailable
2026-09-26,TIA,KTW,2027-01-31,,,unavailable
2026-09-26,TIA,KTW,2027-02-01,,,unavailable
2026-09-26,TIA,KTW,2027-02-02,,,unavailable
2026-09-26,TIA,KTW,2027-02-03,,,unavailable
2026-09-26,TIA,KTW,2027-02-04,,,unavailable
2026-09-26,TIA,KTW,2027-02-05,,,unavailable
2026-09-26,TIA,KTW,2027-02-06,,,unavailable
2026-09-26,TIA,KTW,2027-02-07,,,unavailable
2026-09-26,TIA,KTW,2027-02-08,,,unavailable
2026-09-26,TIA,KTW,2027-02-09,,,unavailable
2026-09-26,TIA,KTW,2027-02-10,,,unavailable
2026-09-26,TIA,KTW,2027-02-11,,,unavailable
2026-09-26,TIA,KTW,2027-02-12,,,unavailable
2026-09-26,TIA,KTW,2027-02-13,,,unavailable
2026-09-26,TIA,KTW,2027-02-14,,,unavailable
2026-09-26,TIA,KTW,2027-02-15,,,unavailable
2026-09-26,TIA,KTW,2027-02-16,,,unavailable
2026-09-26,TIA,KTW,2027-02-17,,,unavailable
2026-09-26,TIA,KTW,2027-02-18,,,unavailable
2026-09-26,TIA,KTW,2027-02-19,,,unavailable
2026-09-26,TIA,KTW,2027-02-20,,,unavailable
2026-09-26,TIA,KTW,2027-02-21,,,unavailable
2026-09-26,TIA,KTW,2027-02-22,,,unavailable
2026-09-26,TIA,KTW,2027-02-23,,,unavailable
2026-09-26,TIA,KTW,2027-02-24,,,unavailable
2026-09-26,TIA,KTW,2027-02-25,,,unavailable
2026-09-26,TIA,KTW,2027-02-26,,,unavailable
2026-09-26,TIA,KTW,2027-02-27,,,unavailable
2026-09-26,TIA,KTW,2027-02-28,,,unavailable
2026-09-26,TIA,KTW,2027-03-01,,,unavailable
2026-09-26,TIA,KTW,2027-03-02,,,unavailable
2026-09-26,TIA,KTW,2027-03-03,,,unavailable
2026-09-26,TIA,KTW,2027-03-04,,,unavailable
2026-09-26,TIA,KTW,2027-03-05,,,unavailable
2026-09-26,TIA,KTW,2027-03-06,,,unavailable
2026-09-26,TIA,KTW,2027-03-07,,,unavailable
2026-09-26,TIA,KTW,2027-03-08,,,unavailable
2026-09-26,TIA,KTW,2027-03-09,,,unavailable
2026-09-26,TIA,KTW,2027-03-10,,,unavailable
2026-09-26,TIA,KTW,2027-03-11,,,unavailable
2026-09-26,TIA,KTW,2027-03-12,,,unavailable
2026-09-26,TIA,KTW,2027-03-13,,,unavailable
2026-09-26,TIA,KTW,2027-03-14,,,unavailable
2026-09-26,TIA,KTW,2027-03-15,,,unavailable
2026-09-26,TIA,KTW,2027-03-16,,,unavailable
2026-09-26,TIA,KTW,2027-03-17,,,unavailable
2026-09-26,TIA,KTW,2027-03-18,,,unavailable
2026-09-26,TIA,KTW,2027-03-19,,,unavailable
2026-09-26,TIA,KTW,2027-03-20,,,unavailable
2026-09-26,TIA,KTW,2027-03-21,,,unavailable
2026-09-26,TIA,KTW,2027-03-22,,,unavailable
2026-09-26,TIA,KTW,2027-03-23,,,unavailable
2026-09-26,TIA,KTW,2027-03-24,,,unavailable
2026-09-26,TIA,KTW,2027-03-25,,,unavailable
2026-09-26,TIA,KTW,2027-03-26,,,unavailable
2026-09-26,TIA,KTW,2027-03-27,,,unavailable
2026-09-26,TIA,KTW,2027-03-28,08:35,238.00,ok
2026-09-26,TIA,KTW,2027-03-29,,,unavailable
2026-09-26,TIA,KTW,2027-03-30,06:00,238.00,ok
2026-09-26,TIA,KTW,2027-03-31,,,unavailable
2026-09-26,TIA,KTW,2027-04-01,06:00,174.38,ok
2026-09-26,TIA,KTW,2027-04-02,,,unavailable
2026-09-26,TIA,KTW,2027-04-03,,,unavailable
2026-09-26,TIA,KTW,2027-04-04,08:35,238.00,ok
2026-09-26,TIA,KTW,2027-04-05,,,unavailable
2026-09-26,TIA,KTW,2027-04-06,06:00,170.00,ok
2026-09-26,TIA,KTW,2027-04-07,,,unavailable
2026-09-26,TIA,KTW,2027-04-08,06:00,170.00,ok
2026-09-26,TIA,KTW,2027-04-09,,,unavailable
2026-09-26,TIA,KTW,2027-04-10,,,unavailable
2026-09-26,TIA,KTW,2027-04-11,08:35,238.00,ok
2026-09-26,TIA,KTW,2027-04-12,,,unavailable
2026-09-26,TIA,KTW,2027-04-13,06:00,170.00,ok
2026-09-26,TIA,KTW,2027-04-14,,,unavailable
2026-09-26,TIA,KTW,2027-04-15,06:00,170.00,ok
2026-09-26,TIA,KTW,2027-04-16,,,unavailable
2026-09-26,TIA,KTW,2027-04-17,,,unavailable
2026-09-26,TIA,KTW,2027-04-18,08:35,238.00,ok
2026-09-26,TIA,KTW,2027-04-19,,,unavailable
2026-09-26,TIA,KTW,2027-04-20,06:00,170.00,ok
2026-09-26,TIA,KTW,2027-04-21,,,unavailable
2026-09-26,TIA,KTW,2027-04-22,06:00,170.00,ok
2026-09-26,TIA,KTW,2027-04-23,,,unavailable
2026-09-26,TIA,KTW,2027-04-24,,,unavailable
2026-09-26,TIA,KTW,2027-04-25,08:35,238.00,ok
2026-09-26,TIA,KTW,2027-04-26,,,unavailable
2026-09-26,TIA,KTW,2027-04-27,06:00,170.00,ok
2026-09-26,TIA,KTW,2027-04-28,,,unavailable
2026-09-26,TIA,KTW,2027-04-29,06:00,170.00,ok
2026-09-26,TIA,KTW,2027-04-30,,,unavailable
2026-09-26,TIA,KTW,2027-05-01,,,unavailable
2026-09-26,TIA,KTW,2027-05-02,08:35,238.00,ok
2026-09-26,TIA,KTW,2027-05-03,,,unavailable
2026-09-26,TIA,KTW,2027-05-04,06:00,170.00,ok
2026-09-26,TIA,KTW,2027-05-05,,,unavailable
2026-09-26,TIA,KTW,2027-05-06,06:00,170.00,ok
2026-09-26,TIA,KTW,2027-05-07,,,unavailable
2026-09-26,TIA,KTW,2027-05-08,,,unavailable
2026-09-26,TIA,KTW,2027-05-09,08:35,238.00,ok
2026-09-26,TIA,KTW,2027-05-10,,,unavailable
2026-09-26,TIA,KTW,2027-05-11,06:00,170.00,ok
2026-09-26,TIA,KTW,2027-05-12,,,unavailable
2026-09-26,TIA,KTW,2027-05-13,06:00,170.00,ok
2026-09-26,TIA,KTW,2027-05-14,,,unavailable
2026-09-26,TIA,KTW,2027-05-15,,,unavailable
2026-09-26,TIA,KTW,2027-05-16,08:35,238.00,ok
2026-09-26,TIA,KTW,2027-05-17,,,unavailable
2026-09-26,TIA,KTW,2027-05-18,06:00,272.00,ok
2026-09-26,TIA,KTW,2027-05-19,,,unavailable
2026-09-26,TIA,KTW,2027-05-20,06:00,272.00,ok
2026-09-26,TIA,KTW,2027-05-21,,,unavailable
2026-09-26,TIA,KTW,2027-05-22,,,unavailable
2026-09-26,TIA,KTW,2027-05-23,08:35,272.00,ok
2026-09-26,TIA,KTW,2027-05-24,,,unavailable
2026-09-26,TIA,KTW,2027-05-25,06:00,272.00,ok
2026-09-26,TIA,KTW,2027-05-26,,,unavailable
2026-09-26,TIA,KTW,2027-05-27,06:00,272.00,ok
2026-09-26,TIA,KTW,2027-05-28,,,unavailable
2026-09-26,TIA,KTW,2027-05-29,,,unavailable
2026-09-26,TIA,KTW,2027-05-30,08:35,272.00,ok
2026-09-26,TIA,KTW,2027-05-31,,,unavailable
2026-09-26,TIA,KTW,2027-06-01,06:00,272.00,ok
2026-09-26,TIA,KTW,2027-06-02,,,unavailable
2026-09-26,TIA,KTW,2027-06-03,06:00,272.00,ok
2026-09-26,TIA,KTW,2027-06-04,,,unavailable
2026-09-26,TIA,KTW,2027-06-05,,,unavailable
2026-09-26,TIA,KTW,2027-06-06,08:35,272.00,ok
2026-09-26,TIA,KTW,2027-06-07,,,unavailable
2026-09-26,TIA,KTW,2027-06-08,06:00,276.38,ok
2026-09-26,TIA,KTW,2027-06-09,,,unavailable
2026-09-26,TIA,KTW,2027-06-10,06:00,272.00,ok
2026-09-26,TIA,KTW,2027-06-11,,,unavailable
2026-09-26,TIA,KTW,2027-06-12,,,unavailable
2026-09-26,TIA,KTW,2027-06-13,08:35,272.00,ok
2026-09-26,TIA,KTW,2027-06-14,,,unavailable
2026-09-26,TIA,KTW,2027-06-15,06:00,272.00,ok
2026-09-26,TIA,KTW,2027-06-16,,,unavailable
2026-09-26,TIA,KTW,2027-06-17,06:00,272.00,ok
2026-09-26,TIA,KTW,2027-06-18,,,unavailable
2026-09-26,TIA,KTW,2027-06-19,,,unavailable
2026-09-26,TIA,KTW,2027-06-20,08:35,276.38,ok
2026-09-26,TIA,KTW,2027-06-21,,,unavailable
2026-09-26,TIA,KTW,2027-06-22,06:00,272.00,ok
2026-09-26,TIA,KTW,2027-06-23,,,unavailable
2026-09-26,TIA,KTW,2027-06-24,06:00,272.00,ok
2026-09-26,TIA,KTW,2027-06-25,,,unavailable
2026-09-26,TIA,KTW,2027-06-26,,,unavailable
2026-09-26,TIA,KTW,2027-06-27,08:35,276.38,ok
2026-09-26,TIA,KTW,2027-06-28,,,unavailable
2026-09-26,TIA,KTW,2027-06-29,06:00,310.00,ok
2026-09-26,TIA,KTW,2027-06-30,,,unavailable
2026-09-26,TIA,KTW,2027-07-01,06:00,276.38,ok
2026-09-26,TIA,KTW,2027-07-02,,,unavailable
2026-09-26,TIA,KTW,2027-07-03,,,unavailable
2026-09-26,TIA,KTW,2027-07-04,08:35,272.00,ok
2026-09-26,TIA,KTW,2027-07-05,,,unavailable
2026-09-26,TIA,KTW,2027-07-06,06:00,357.00,ok
2026-09-26,TIA,KTW,2027-07-07,,,unavailable
2026-09-26,TIA,KTW,2027-07-08,06:00,272.00,ok
2026-09-26,TIA,KTW,2027-07-09,,,unavailable
2026-09-26,TIA,KTW,2027-07-10,,,unavailable
2026-09-26,TIA,KTW,2027-07-11,08:35,357.00,ok
2026-09-26,TIA,KTW,2027-07-12,,,unavailable
2026-09-26,TIA,KTW,2027-07-13,06:00,357.00,ok
2026-09-26,TIA,KTW,2027-07-14,,,unavailable
2026-09-26,TIA,KTW,2027-07-15,06:00,272.00,ok
2026-09-26,TIA,KTW,2027-07-16,,,unavailable
2026-09-26,TIA,KTW,2027-07-17,,,unavailable
2026-09-26,TIA,KTW,2027-07-18,08:35,357.00,ok
2026-09-26,TIA,KTW,2027-07-19,,,unavailable
2026-09-26,TIA,KTW,2027-07-20,06:00,357.00,ok
2026-09-26,TIA,KTW,2027-07-21,,,unavailable
2026-09-26,TIA,KTW,2027-07-22,06:00,272.00,ok
2026-09-26,TIA,KTW,2027-07-23,,,unavailable
2026-09-26,TIA,KTW,2027-07-24,,,unavailable
2026-09-26,TIA,KTW,2027-07-25,08:35,404.00,ok
2026-09-26,TIA,KTW,2027-07-26,,,unavailable
2026-09-26,TIA,KTW,2027-07-27,06:00,446.00,ok
2026-09-26,TIA,KTW,2027-07-28,,,unavailable
2026-09-26,TIA,KTW,2027-07-29,06:00,272.00,ok
2026-09-26,TIA,KTW,2027-07-30,,,unavailable
2026-09-26,TIA,KTW,2027-07-31,,,unavailable
2026-09-26,TIA,KTW,2027-08-01,08:35,489.00,ok
2026-09-26,TIA,KTW,2027-08-02,,,unavailable
2026-09-26,TIA,KTW,2027-08-03,06:00,489.00,ok
2026-09-26,TIA,KTW,2027-08-04,,,unavailable
2026-09-26,TIA,KTW,2027-08-05,06:00,272.00,ok
2026-09-26,TIA,KTW,2027-08-06,,,unavailable
2026-09-26,TIA,KTW,2027-08-07,,,unavailable
2026-09-26,TIA,KTW,2027-08-08,08:35,489.00,ok
2026-09-26,TIA,KTW,2027-08-09,,,unavailable
2026-09-26,TIA,KTW,2027-08-10,06:00,535.00,ok
2026-09-26,TIA,KTW,2027-08-11,,,unavailable
2026-09-26,TIA,KTW,2027-08-12,06:00,272.00,ok
2026-09-26,TIA,KTW,2027-08-13,,,unavailable
2026-09-26,TIA,KTW,2027-08-14,,,unavailable
2026-09-26,TIA,KTW,2027-08-15,08:35,535.00,ok
2026-09-26,TIA,KTW,2027-08-16,,,unavailable
2026-09-26,TIA,KTW,2027-08-17,06:00,489.00,ok
2026-09-26,TIA,KTW,2027-08-18,,,unavailable
2026-09-26,TIA,KTW,2027-08-19,06:00,535.00,ok
2026-09-26,TIA,KTW,2027-08-20,,,unavailable
2026-09-26,TIA,KTW,2027-08-21,,,unavailable
2026-09-26,TIA,KTW,2027-08-22,08:35,535.00,ok
2026-09-26,TIA,KTW,2027-08-23,,,unavailable
2026-09-26,TIA,KTW,2027-08-24,06:00,535.00,ok
2026-09-26,TIA,KTW,2027-08-25,,,unavailable
2026-09-26,TIA,KTW,2027-08-26,06:00,535.00,ok
2026-09-26,TIA,KTW,2027-08-27,,,unavailable
2026-09-26,TIA,KTW,2027-08-28,,,unavailable
2026-09-26,TIA,KTW,2027-08-29,08:35,591.00,ok
2026-09-26,TIA,KTW,2027-08-30,,,unavailable
2026-09-26,TIA,KTW,2027-08-31,06:00,446.00,ok
2026-09-26,KTW,TPS,2026-09-26,,,unavailable
2026-09-26,KTW,TPS,2026-09-27,09:00,265.06,ok
2026-09-26,KTW,TPS,2026-09-28,,,unavailable
2026-09-26,KTW,TPS,2026-09-29,,,unavailable
2026-09-26,KTW,TPS,2026-09-30,13:00,272.12,ok
2026-09-26,KTW,TPS,2026-10-01,06:25,160.44,ok
2026-09-26,KTW,TPS,2026-10-02,,,unavailable
2026-09-26,KTW,TPS,2026-10-03,,,unavailable
2026-09-26,KTW,TPS,2026-10-04,09:00,391.26,ok
2026-09-26,KTW,TPS,2026-10-05,,,unavailable
2026-09-26,KTW,TPS,2026-10-06,09:55,94.97,ok
2026-09-26,KTW,TPS,2026-10-07,13:00,87.00,ok
2026-09-26,KTW,TPS,2026-10-08,06:25,87.00,ok
2026-09-26,KTW,TPS,2026-10-09,,,unavailable
2026-09-26,KTW,TPS,2026-10-10,,,unavailable
2026-09-26,KTW,TPS,2026-10-11,09:00,156.06,ok
2026-09-26,KTW,TPS,2026-10-12,,,unavailable
2026-09-26,KTW,TPS,2026-10-13,09:55,87.00,ok
2026-09-26,KTW,TPS,2026-10-14,13:00,112.93,ok
2026-09-26,KTW,TPS,2026-10-15,06:25,159.65,ok
2026-09-26,KTW,TPS,2026-10-16,,,unavailable
2026-09-26,KTW,TPS,2026-10-17,,,unavailable
2026-09-26,KTW,TPS,2026-10-18,09:00,182.47,ok
2026-09-26,KTW,TPS,2026-10-19,,,unavailable
2026-09-26,KTW,TPS,2026-10-20,09:55,87.00,ok
2026-09-26,KTW,TPS,2026-10-21,13:00,87.00,ok
2026-09-26,KTW,TPS,2026-10-22,06:25,87.00,ok
2026-09-26,KTW,TPS,2026-10-23,,,unavailable
2026-09-26,KTW,TPS,2026-10-24,,,unavailable
2026-09-26,KTW,TPS,2026-10-25,,,unavailable
2026-09-26,KTW,TPS,2026-10-26,,,unavailable
2026-09-26,KTW,TPS,2026-10-27,,,unavailable
2026-09-26,KTW,TPS,2026-10-28,,,unavailable
2026-09-26,KTW,TPS,2026-10-29,,,unavailable
2026-09-26,KTW,TPS,2026-10-30,,,unavailable
2026-09-26,KTW,TPS,2026-10-31,,,unavailable
2026-09-26,KTW,TPS,2026-11-01,,,unavailable
2026-09-26,KTW,TPS,2026-11-02,,,unavailable
2026-09-26,KTW,TPS,2026-11-03,,,unavailable
2026-09-26,KTW,TPS,2026-11-04,,,unavailable
2026-09-26,KTW,TPS,2026-11-05,,,unavailable
2026-09-26,KTW,TPS,2026-11-06,,,unavailable
2026-09-26,KTW,TPS,2026-11-07,,,unavailable
2026-09-26,KTW,TPS,2026-11-08,,,unavailable
2026-09-26,KTW,TPS,2026-11-09,,,unavailable
2026-09-26,KTW,TPS,2026-11-10,,,unavailable
2026-09-26,KTW,TPS,2026-11-11,,,unavailable
2026-09-26,KTW,TPS,2026-11-12,,,unavailable
2026-09-26,KTW,TPS,2026-11-13,,,unavailable
2026-09-26,KTW,TPS,2026-11-14,,,unavailable
2026-09-26,KTW,TPS,2026-11-15,,,unavailable
2026-09-26,KTW,TPS,2026-11-16,,,unavailable
2026-09-26,KTW,TPS,2026-11-17,,,unavailable
2026-09-26,KTW,TPS,2026-11-18,,,unavailable
2026-09-26,KTW,TPS,2026-11-19,,,unavailable
2026-09-26,KTW,TPS,2026-11-20,,,unavailable
2026-09-26,KTW,TPS,2026-11-21,,,unavailable
2026-09-26,KTW,TPS,2026-11-22,,,unavailable
2026-09-26,KTW,TPS,2026-11-23,,,unavailable
2026-09-26,KTW,TPS,2026-11-24,,,unavailable
2026-09-26,KTW,TPS,2026-11-25,,,unavailable
2026-09-26,KTW,TPS,2026-11-26,,,unavailable
2026-09-26,KTW,TPS,2026-11-27,,,unavailable
2026-09-26,KTW,TPS,2026-11-28,,,unavailable
2026-09-26,KTW,TPS,2026-11-29,,,unavailable
2026-09-26,KTW,TPS,2026-11-30,,,unavailable
2026-09-26,KTW,TPS,2026-12-01,,,unavailable
2026-09-26,KTW,TPS,2026-12-02,,,unavailable
2026-09-26,KTW,TPS,2026-12-03,,,unavailable
2026-09-26,KTW,TPS,2026-12-04,,,unavailable
2026-09-26,KTW,TPS,2026-12-05,,,unavailable
2026-09-26,KTW,TPS,2026-12-06,,,unavailable
2026-09-26,KTW,TPS,2026-12-07,,,unavailable
2026-09-26,KTW,TPS,2026-12-08,,,unavailable
2026-09-26,KTW,TPS,2026-12-09,,,unavailable
2026-09-26,KTW,TPS,2026-12-10,,,unavailable
2026-09-26,KTW,TPS,2026-12-11,,,unavailable
2026-09-26,KTW,TPS,2026-12-12,,,unavailable
2026-09-26,KTW,TPS,2026-12-13,,,unavailable
2026-09-26,KTW,TPS,2026-12-14,,,unavailable
2026-09-26,KTW,TPS,2026-12-15,,,unavailable
2026-09-26,KTW,TPS,2026-12-16,,,unavailable
2026-09-26,KTW,TPS,2026-12-17,,,unavailable
2026-09-26,KTW,TPS,2026-12-18,,,unavailable
2026-09-26,KTW,TPS,2026-12-19,,,unavailable
2026-09-26,KTW,TPS,2026-12-20,,,unavailable
2026-09-26,KTW,TPS,2026-12-21,,,unavailable
2026-09-26,KTW,TPS,2026-12-22,,,unavailable
2026-09-26,KTW,TPS,2026-12-23,,,unavailable
2026-09-26,KTW,TPS,2026-12-24,,,unavailable
2026-09-26,KTW,TPS,2026-12-25,,,unavailable
2026-09-26,KTW,TPS,2026-12-26,,,unavailable
2026-09-26,KTW,TPS,2026-12-27,,,unavailable
2026-09-26,KTW,TPS,2026-12-28,,,unavailable
2026-09-26,KTW,TPS,2026-12-29,,,unavailable
2026-09-26,KTW,TPS,2026-12-30,,,unavailable
2026-09-26,KTW,TPS,2026-12-31,,,unavailable
2026-09-26,KTW,TPS,2027-01-01,,,unavailable
2026-09-26,KTW,TPS,2027-01-02,,,unavailable
2026-09-26,KTW,TPS,2027-01-03,,,unavailable
2026-09-26,KTW,TPS,2027-01-04,,,unavailable
2026-09-26,KTW,TPS,2027-01-05,,,unavailable
2026-09-26,KTW,TPS,2027-01-06,,,unavailable
2026-09-26,KTW,TPS,2027-01-07,,,unavailable
2026-09-26,KTW,TPS,2027-01-08,,,unavailable
2026-09-26,KTW,TPS,2027-01-09,,,unavailable
2026-09-26,KTW,TPS,2027-01-10,,,unavailable
2026-09-26,KTW,TPS,2027-01-11,,,unavailable
2026-09-26,KTW,TPS,2027-01-12,,,unavailable
2026-09-26,KTW,TPS,2027-01-13,,,unavailable
2026-09-26,KTW,TPS,2027-01-14,,,unavailable
2026-09-26,KTW,TPS,2027-01-15,,,unavailable
2026-09-26,KTW,TPS,2027-01-16,,,unavailable
2026-09-26,KTW,TPS,2027-01-17,,,unavailable
2026-09-26,KTW,TPS,2027-01-18,,,unavailable
2026-09-26,KTW,TPS,2027-01-19,,,unavailable
2026-09-26,KTW,TPS,2027-01-20,,,unavailable
2026-09-26,KTW,TPS,2027-01-21,,,unavailable
2026-09-26,KTW,TPS,2027-01-22,,,unavailable
2026-09-26,KTW,TPS,2027-01-23,,,unavailable
2026-09-26,KTW,TPS,2027-01-24,,,unavailable
2026-09-26,KTW,TPS,2027-01-25,,,unavailable
2026-09-26,KTW,TPS,2027-01-26,,,unavailable
2026-09-26,KTW,TPS,2027-01-27,,,unavailable
2026-09-26,KTW,TPS,2027-01-28,,,unavailable
2026-09-26,KTW,TPS,2027-01-29,,,unavailable
2026-09-26,KTW,TPS,2027-01-30,,,unavailable
2026-09-26,KTW,TPS,2027-01-31,,,unavailable
2026-09-26,KTW,TPS,2027-02-01,,,unavailable
2026-09-26,KTW,TPS,2027-02-02,,,unavailable
2026-09-26,KTW,TPS,2027-02-03,,,unavailable
2026-09-26,KTW,TPS,2027-02-04,,,unavailable
2026-09-26,KTW,TPS,2027-02-05,,,unavailable
2026-09-26,KTW,TPS,2027-02-06,,,unavailable
2026-09-26,KTW,TPS,2027-02-07,,,unavailable
2026-09-26,KTW,TPS,2027-02-08,,,unavailable
2026-09-26,KTW,TPS,2027-02-09,,,unavailable
2026-09-26,KTW,TPS,2027-02-10,,,unavailable
2026-09-26,KTW,TPS,2027-02-11,,,unavailable
2026-09-26,KTW,TPS,2027-02-12,,,unavailable
2026-09-26,KTW,TPS,2027-02-13,,,unavailable
2026-09-26,KTW,TPS,2027-02-14,,,unavailable
2026-09-26,KTW,TPS,2027-02-15,,,unavailable
2026-09-26,KTW,TPS,2027-02-16,,,unavailable
2026-09-26,KTW,TPS,2027-02-17,,,unavailable
2026-09-26,KTW,TPS,2027-02-18,,,unavailable
2026-09-26,KTW,TPS,2027-02-19,,,unavailable
2026-09-26,KTW,TPS,2027-02-20,,,unavailable
2026-09-26,KTW,TPS,2027-02-21,,,unavailable
2026-09-26,KTW,TPS,2027-02-22,,,unavailable
2026-09-26,KTW,TPS,2027-02-23,,,unavailable
2026-09-26,KTW,TPS,2027-02-24,,,unavailable
2026-09-26,KTW,TPS,2027-02-25,,,unavailable
2026-09-26,KTW,TPS,2027-02-26,,,unavailable
2026-09-26,KTW,TPS,2027-02-27,,,unavailable
2026-09-26,KTW,TPS,2027-02-28,,,unavailable
2026-09-26,KTW,TPS,2027-03-01,,,unavailable
2026-09-26,KTW,TPS,2027-03-02,,,unavailable
2026-09-26,KTW,TPS,2027-03-03,,,unavailable
2026-09-26,KTW,TPS,2027-03-04,,,unavailable
2026-09-26,KTW,TPS,2027-03-05,,,unavailable
2026-09-26,KTW,TPS,2027-03-06,,,unavailable
2026-09-26,KTW,TPS,2027-03-07,,,unavailable
2026-09-26,KTW,TPS,2027-03-08,,,unavailable
2026-09-26,KTW,TPS,2027-03-09,,,unavailable
2026-09-26,KTW,TPS,2027-03-10,,,unavailable
2026-09-26,KTW,TPS,2027-03-11,,,unavailable
2026-09-26,KTW,TPS,2027-03-12,,,unavailable
2026-09-26,KTW,TPS,2027-03-13,,,unavailable
2026-09-26,KTW,TPS,2027-03-14,,,unavailable
2026-09-26,KTW,TPS,2027-03-15,,,unavailable
2026-09-26,KTW,TPS,2027-03-16,,,unavailable
2026-09-26,KTW,TPS,2027-03-17,,,unavailable
2026-09-26,KTW,TPS,2027-03-18,,,unavailable
2026-09-26,KTW,TPS,2027-03-19,,,unavailable
2026-09-26,KTW,TPS,2027-03-20,,,unavailable
2026-09-26,KTW,TPS,2027-03-21,,,unavailable
2026-09-26,KTW,TPS,2027-03-22,,,unavailable
2026-09-26,KTW,TPS,2027-03-23,,,unavailable
2026-09-26,KTW,TPS,2027-03-24,,,unavailable
2026-09-26,KTW,TPS,2027-03-25,,,unavailable
2026-09-26,KTW,TPS,2027-03-26,,,unavailable
2026-09-26,KTW,TPS,2027-03-27,,,unavailable
2026-09-26,KTW,TPS,2027-03-28,,,unavailable
2026-09-26,KTW,TPS,2027-03-29,,,unavailable
2026-09-26,KTW,TPS,2027-03-30,,,unavailable
2026-09-26,KTW,TPS,2027-03-31,,,unavailable
2026-09-26,KTW,TPS,2027-04-01,,,unavailable
2026-09-26,KTW,TPS,2027-04-02,,,unavailable
2026-09-26,KTW,TPS,2027-04-03,,,unavailable
2026-09-26,KTW,TPS,2027-04-04,,,unavailable
2026-09-26,KTW,TPS,2027-04-05,,,unavailable
2026-09-26,KTW,TPS,2027-04-06,,,unavailable
2026-09-26,KTW,TPS,2027-04-07,,,unavailable
2026-09-26,KTW,TPS,2027-04-08,,,unavailable
2026-09-26,KTW,TPS,2027-04-09,,,unavailable
2026-09-26,KTW,TPS,2027-04-10,,,unavailable
2026-09-26,KTW,TPS,2027-04-11,,,unavailable
2026-09-26,KTW,TPS,2027-04-12,,,unavailable
2026-09-26,KTW,TPS,2027-04-13,,,unavailable
2026-09-26,KTW,TPS,2027-04-14,,,unavailable
2026-09-26,KTW,TPS,2027-04-15,,,unavailable
2026-09-26,KTW,TPS,2027-04-16,,,unavailable
2026-09-26,KTW,TPS,2027-04-17,,,unavailable
2026-09-26,KTW,TPS,2027-04-18,,,unavailable
2026-09-26,KTW,TPS,2027-04-19,,,unavailable
2026-09-26,KTW,TPS,2027-04-20,,,unavailable
2026-09-26,KTW,TPS,2027-04-21,,,unavailable
2026-09-26,KTW,TPS,2027-04-22,,,unavailable
2026-09-26,KTW,TPS,2027-04-23,,,unavailable
2026-09-26,KTW,TPS,2027-04-24,,,unavailable
2026-09-26,KTW,TPS,2027-04-25,,,unavailable
2026-09-26,KTW,TPS,2027-04-26,,,unavailable
2026-09-26,KTW,TPS,2027-04-27,,,unavailable
2026-09-26,KTW,TPS,2027-04-28,,,unavailable
2026-09-26,KTW,TPS,2027-04-29,,,unavailable
2026-09-26,KTW,TPS,2027-04-30,,,unavailable
2026-09-26,KTW,TPS,2027-05-01,12:55,289.00,ok
2026-09-26,KTW,TPS,2027-05-02,,,unavailable
2026-09-26,KTW,TPS,2027-05-03,,,unavailable
2026-09-26,KTW,TPS,2027-05-04,09:10,289.00,ok
2026-09-26,KTW,TPS,2027-05-05,,,unavailable
2026-09-26,KTW,TPS,2027-05-06,21:55,293.38,ok
2026-09-26,KTW,TPS,2027-05-07,,,unavailable
2026-09-26,KTW,TPS,2027-05-08,12:55,374.00,ok
2026-09-26,KTW,TPS,2027-05-09,,,unavailable
2026-09-26,KTW,TPS,2027-05-10,,,unavailable
2026-09-26,KTW,TPS,2027-05-11,09:10,289.00,ok
2026-09-26,KTW,TPS,2027-05-12,,,unavailable
2026-09-26,KTW,TPS,2027-05-13,21:55,289.00,ok
2026-09-26,KTW,TPS,2027-05-14,,,unavailable
2026-09-26,KTW,TPS,2027-05-15,12:55,289.00,ok
2026-09-26,KTW,TPS,2027-05-16,,,unavailable
2026-09-26,KTW,TPS,2027-05-17,,,unavailable
2026-09-26,KTW,TPS,2027-05-18,09:10,289.00,ok
2026-09-26,KTW,TPS,2027-05-19,,,unavailable
2026-09-26,KTW,TPS,2027-05-20,21:55,289.00,ok
2026-09-26,KTW,TPS,2027-05-21,,,unavailable
2026-09-26,KTW,TPS,2027-05-22,12:55,327.00,ok
2026-09-26,KTW,TPS,2027-05-23,,,unavailable
2026-09-26,KTW,TPS,2027-05-24,,,unavailable
2026-09-26,KTW,TPS,2027-05-25,09:10,289.00,ok
2026-09-26,KTW,TPS,2027-05-26,,,unavailable
2026-09-26,KTW,TPS,2027-05-27,21:55,293.38,ok
2026-09-26,KTW,TPS,2027-05-28,,,unavailable
2026-09-26,KTW,TPS,2027-05-29,12:55,425.00,ok
2026-09-26,KTW,TPS,2027-05-30,,,unavailable
2026-09-26,KTW,TPS,2027-05-31,,,unavailable
2026-09-26,KTW,TPS,2027-06-01,09:10,425.00,ok
2026-09-26,KTW,TPS,2027-06-02,,,unavailable
2026-09-26,KTW,TPS,2027-06-03,21:55,374.00,ok
2026-09-26,KTW,TPS,2027-06-04,,,unavailable
2026-09-26,KTW,TPS,2027-06-05,12:55,468.00,ok
2026-09-26,KTW,TPS,2027-06-06,,,unavailable
2026-09-26,KTW,TPS,2027-06-07,,,unavailable
2026-09-26,KTW,TPS,2027-06-08,09:10,289.00,ok
2026-09-26,KTW,TPS,2027-06-09,,,unavailable
2026-09-26,KTW,TPS,2027-06-10,21:55,289.00,ok
2026-09-26,KTW,TPS,2027-06-11,,,unavailable
2026-09-26,KTW,TPS,2027-06-12,12:55,374.00,ok
2026-09-26,KTW,TPS,2027-06-13,,,unavailable
2026-09-26,KTW,TPS,2027-06-14,,,unavailable
2026-09-26,KTW,TPS,2027-06-15,09:10,289.00,ok
2026-09-26,KTW,TPS,2027-06-16,,,unavailable
2026-09-26,KTW,TPS,2027-06-17,21:55,289.00,ok
2026-09-26,KTW,TPS,2027-06-18,,,unavailable
2026-09-26,KTW,TPS,2027-06-19,12:55,374.00,ok
2026-09-26,KTW,TPS,2027-06-20,,,unavailable
2026-09-26,KTW,TPS,2027-06-21,,,unavailable
2026-09-26,KTW,TPS,2027-06-22,09:10,327.00,ok
2026-09-26,KTW,TPS,2027-06-23,,,unavailable
2026-09-26,KTW,TPS,2027-06-24,21:55,289.00,ok
2026-09-26,KTW,TPS,2027-06-25,,,unavailable
2026-09-26,KTW,TPS,2027-06-26,12:55,468.00,ok
2026-09-26,KTW,TPS,2027-06-27,,,unavailable
2026-09-26,KTW,TPS,2027-06-28,,,unavailable
2026-09-26,KTW,TPS,2027-06-29,09:10,425.00,ok
2026-09-26,KTW,TPS,2027-06-30,,,unavailable
2026-09-26,KTW,TPS,2027-07-01,21:55,378.38,ok
2026-09-26,KTW,TPS,2027-07-02,,,unavailable
2026-09-26,KTW,TPS,2027-07-03,12:55,468.00,ok
2026-09-26,KTW,TPS,2027-07-04,,,unavailable
2026-09-26,KTW,TPS,2027-07-05,,,unavailable
2026-09-26,KTW,TPS,2027-07-06,09:10,374.00,ok
2026-09-26,KTW,TPS,2027-07-07,,,unavailable
2026-09-26,KTW,TPS,2027-07-08,21:55,327.00,ok
2026-09-26,KTW,TPS,2027-07-09,,,unavailable
2026-09-26,KTW,TPS,2027-07-10,12:55,425.00,ok
2026-09-26,KTW,TPS,2027-07-11,,,unavailable
2026-09-26,KTW,TPS,2027-07-12,,,unavailable
2026-09-26,KTW,TPS,2027-07-13,09:10,331.38,ok
2026-09-26,KTW,TPS,2027-07-14,,,unavailable
2026-09-26,KTW,TPS,2027-07-15,21:55,289.00,ok
2026-09-26,KTW,TPS,2027-07-16,,,unavailable
2026-09-26,KTW,TPS,2027-07-17,12:55,425.00,ok
2026-09-26,KTW,TPS,2027-07-18,,,unavailable
2026-09-26,KTW,TPS,2027-07-19,,,unavailable
2026-09-26,KTW,TPS,2027-07-20,09:10,327.00,ok
2026-09-26,KTW,TPS,2027-07-21,,,unavailable
2026-09-26,KTW,TPS,2027-07-22,21:55,327.00,ok
2026-09-26,KTW,TPS,2027-07-23,,,unavailable
2026-09-26,KTW,TPS,2027-07-24,12:55,425.00,ok
2026-09-26,KTW,TPS,2027-07-25,,,unavailable
2026-09-26,KTW,TPS,2027-07-26,,,unavailable
2026-09-26,KTW,TPS,2027-07-27,09:10,327.00,ok
2026-09-26,KTW,TPS,2027-07-28,,,unavailable
2026-09-26,KTW,TPS,2027-07-29,21:55,289.00,ok
2026-09-26,KTW,TPS,2027-07-30,,,unavailable
2026-09-26,KTW,TPS,2027-07-31,12:55,374.00,ok
2026-09-26,KTW,TPS,2027-08-01,,,unavailable
2026-09-26,KTW,TPS,2027-08-02,,,unavailable
2026-09-26,KTW,TPS,2027-08-03,09:10,289.00,ok
2026-09-26,KTW,TPS,2027-08-04,,,unavailable
2026-09-26,KTW,TPS,2027-08-05,21:55,289.00,ok
2026-09-26,KTW,TPS,2027-08-06,,,unavailable
2026-09-26,KTW,TPS,2027-08-07,12:55,327.00,ok
2026-09-26,KTW,TPS,2027-08-08,,,unavailable
2026-09-26,KTW,TPS,2027-08-09,,,unavailable
2026-09-26,KTW,TPS,2027-08-10,09:10,289.00,ok
2026-09-26,KTW,TPS,2027-08-11,,,unavailable
2026-09-26,KTW,TPS,2027-08-12,21:55,289.00,ok
2026-09-26,KTW,TPS,2027-08-13,,,unavailable
2026-09-26,KTW,TPS,2027-08-14,12:55,374.00,ok
2026-09-26,KTW,TPS,2027-08-15,,,unavailable
2026-09-26,KTW,TPS,2027-08-16,,,unavailable
2026-09-26,KTW,TPS,2027-08-17,09:10,374.00,ok
2026-09-26,KTW,TPS,2027-08-18,,,unavailable
2026-09-26,KTW,TPS,2027-08-19,21:55,289.00,ok
2026-09-26,KTW,TPS,2027-08-20,,,unavailable
2026-09-26,KTW,TPS,2027-08-21,12:55,374.00,ok
2026-09-26,KTW,TPS,2027-08-22,,,unavailable
2026-09-26,KTW,TPS,2027-08-23,,,unavailable
2026-09-26,KTW,TPS,2027-08-24,09:10,289.00,ok
2026-09-26,KTW,TPS,2027-08-25,,,unavailable
2026-09-26,KTW,TPS,2027-08-26,21:55,289.00,ok
2026-09-26,KTW,TPS,2027-08-27,,,unavailable
2026-09-26,KTW,TPS,2027-08-28,12:55,374.00,ok
2026-09-26,KTW,TPS,2027-08-29,,,unavailable
2026-09-26,KTW,TPS,2027-08-30,,,unavailable
2026-09-26,KTW,TPS,2027-08-31,09:10,374.00,ok
2026-09-26,TPS,KTW,2026-09-26,,,unavailable
2026-09-26,TPS,KTW,2026-09-27,,,unavailable
2026-09-26,TPS,KTW,2026-09-28,,,unavailable
2026-09-26,TPS,KTW,2026-09-29,,,unavailable
2026-09-26,TPS,KTW,2026-09-30,10:10,265.06,ok
2026-09-26,TPS,KTW,2026-10-01,09:20,336.54,ok
2026-09-26,TPS,KTW,2026-10-02,,,unavailable
2026-09-26,TPS,KTW,2026-10-03,,,unavailable
2026-09-26,TPS,KTW,2026-10-04,06:10,330.10,ok
2026-09-26,TPS,KTW,2026-10-05,,,unavailable
2026-09-26,TPS,KTW,2026-10-06,07:05,112.93,ok
2026-09-26,TPS,KTW,2026-10-07,10:10,158.48,ok
2026-09-26,TPS,KTW,2026-10-08,09:20,153.00,ok
2026-09-26,TPS,KTW,2026-10-09,,,unavailable
2026-09-26,TPS,KTW,2026-10-10,,,unavailable
2026-09-26,TPS,KTW,2026-10-11,06:10,399.76,ok
2026-09-26,TPS,KTW,2026-10-12,,,unavailable
2026-09-26,TPS,KTW,2026-10-13,07:05,112.67,ok
2026-09-26,TPS,KTW,2026-10-14,10:10,225.22,ok
2026-09-26,TPS,KTW,2026-10-15,09:20,217.12,ok
2026-09-26,TPS,KTW,2026-10-16,,,unavailable
2026-09-26,TPS,KTW,2026-10-17,,,unavailable
2026-09-26,TPS,KTW,2026-10-18,06:10,1381.45,ok
2026-09-26,TPS,KTW,2026-10-19,,,unavailable
2026-09-26,TPS,KTW,2026-10-20,07:05,159.65,ok
2026-09-26,TPS,KTW,2026-10-21,10:10,159.65,ok
2026-09-26,TPS,KTW,2026-10-22,09:20,217.12,ok
2026-09-26,TPS,KTW,2026-10-23,,,unavailable
2026-09-26,TPS,KTW,2026-10-24,,,unavailable
2026-09-26,TPS,KTW,2026-10-25,,,unavailable
2026-09-26,TPS,KTW,2026-10-26,,,unavailable
2026-09-26,TPS,KTW,2026-10-27,,,unavailable
2026-09-26,TPS,KTW,2026-10-28,,,unavailable
2026-09-26,TPS,KTW,2026-10-29,,,unavailable
2026-09-26,TPS,KTW,2026-10-30,,,unavailable
2026-09-26,TPS,KTW,2026-10-31,,,unavailable
2026-09-26,TPS,KTW,2026-11-01,,,unavailable
2026-09-26,TPS,KTW,2026-11-02,,,unavailable
2026-09-26,TPS,KTW,2026-11-03,,,unavailable
2026-09-26,TPS,KTW,2026-11-04,,,unavailable
2026-09-26,TPS,KTW,2026-11-05,,,unavailable
2026-09-26,TPS,KTW,2026-11-06,,,unavailable
2026-09-26,TPS,KTW,2026-11-07,,,unavailable
2026-09-26,TPS,KTW,2026-11-08,,,unavailable
2026-09-26,TPS,KTW,2026-11-09,,,unavailable
2026-09-26,TPS,KTW,2026-11-10,,,unavailable
2026-09-26,TPS,KTW,2026-11-11,,,unavailable
2026-09-26,TPS,KTW,2026-11-12,,,unavailable
2026-09-26,TPS,KTW,2026-11-13,,,unavailable
2026-09-26,TPS,KTW,2026-11-14,,,unavailable
2026-09-26,TPS,KTW,2026-11-15,,,unavailable
2026-09-26,TPS,KTW,2026-11-16,,,unavailable
2026-09-26,TPS,KTW,2026-11-17,,,unavailable
2026-09-26,TPS,KTW,2026-11-18,,,unavailable
2026-09-26,TPS,KTW,2026-11-19,,,unavailable
2026-09-26,TPS,KTW,2026-11-20,,,unavailable
2026-09-26,TPS,KTW,2026-11-21,,,unavailable
2026-09-26,TPS,KTW,2026-11-22,,,unavailable
2026-09-26,TPS,KTW,2026-11-23,,,unavailable
2026-09-26,TPS,KTW,2026-11-24,,,unavailable
2026-09-26,TPS,KTW,2026-11-25,,,unavailable
2026-09-26,TPS,KTW,2026-11-26,,,unavailable
2026-09-26,TPS,KTW,2026-11-27,,,unavailable
2026-09-26,TPS,KTW,2026-11-28,,,unavailable
2026-09-26,TPS,KTW,2026-11-29,,,unavailable
2026-09-26,TPS,KTW,2026-11-30,,,unavailable
2026-09-26,TPS,KTW,2026-12-01,,,unavailable
2026-09-26,TPS,KTW,2026-12-02,,,unavailable
2026-09-26,TPS,KTW,2026-12-03,,,unavailable
2026-09-26,TPS,KTW,2026-12-04,,,unavailable
2026-09-26,TPS,KTW,2026-12-05,,,unavailable
2026-09-26,TPS,KTW,2026-12-06,,,unavailable
2026-09-26,TPS,KTW,2026-12-07,,,unavailable
2026-09-26,TPS,KTW,2026-12-08,,,unavailable
2026-09-26,TPS,KTW,2026-12-09,,,unavailable
2026-09-26,TPS,KTW,2026-12-10,,,unavailable
2026-09-26,TPS,KTW,2026-12-11,,,unavailable
2026-09-26,TPS,KTW,2026-12-12,,,unavailable
2026-09-26,TPS,KTW,2026-12-13,,,unavailable
2026-09-26,TPS,KTW,2026-12-14,,,unavailable
2026-09-26,TPS,KTW,2026-12-15,,,unavailable
2026-09-26,TPS,KTW,2026-12-16,,,unavailable
2026-09-26,TPS,KTW,2026-12-17,,,unavailable
2026-09-26,TPS,KTW,2026-12-18,,,unavailable
2026-09-26,TPS,KTW,2026-12-19,,,unavailable
2026-09-26,TPS,KTW,2026-12-20,,,unavailable
2026-09-26,TPS,KTW,2026-12-21,,,unavailable
2026-09-26,TPS,KTW,2026-12-22,,,unavailable
2026-09-26,TPS,KTW,2026-12-23,,,unavailable
2026-09-26,TPS,KTW,2026-12-24,,,unavailable
2026-09-26,TPS,KTW,2026-12-25,,,unavailable
2026-09-26,TPS,KTW,2026-12-26,,,unavailable
2026-09-26,TPS,KTW,2026-12-27,,,unavailable
2026-09-26,TPS,KTW,2026-12-28,,,unavailable
2026-09-26,TPS,KTW,2026-12-29,,,unavailable
2026-09-26,TPS,KTW,2026-12-30,,,unavailable
2026-09-26,TPS,KTW,2026-12-31,,,unavailable
2026-09-26,TPS,KTW,2027-01-01,,,unavailable
2026-09-26,TPS,KTW,2027-01-02,,,unavailable
2026-09-26,TPS,KTW,2027-01-03,,,unavailable
2026-09-26,TPS,KTW,2027-01-04,,,unavailable
2026-09-26,TPS,KTW,2027-01-05,,,unavailable
2026-09-26,TPS,KTW,2027-01-06,,,unavailable
2026-09-26,TPS,KTW,2027-01-07,,,unavailable
2026-09-26,TPS,KTW,2027-01-08,,,unavailable
2026-09-26,TPS,KTW,2027-01-09,,,unavailable
2026-09-26,TPS,KTW,2027-01-10,,,unavailable
2026-09-26,TPS,KTW,2027-01-11,,,unavailable
2026-09-26,TPS,KTW,2027-01-12,,,unavailable
2026-09-26,TPS,KTW,2027-01-13,,,unavailable
2026-09-26,TPS,KTW,2027-01-14,,,unavailable
2026-09-26,TPS,KTW,2027-01-15,,,unavailable
2026-09-26,TPS,KTW,2027-01-16,,,unavailable
2026-09-26,TPS,KTW,2027-01-17,,,unavailable
2026-09-26,TPS,KTW,2027-01-18,,,unavailable
2026-09-26,TPS,KTW,2027-01-19,,,unavailable
2026-09-26,TPS,KTW,2027-01-20,,,unavailable
2026-09-26,TPS,KTW,2027-01-21,,,unavailable
2026-09-26,TPS,KTW,2027-01-22,,,unavailable
2026-09-26,TPS,KTW,2027-01-23,,,unavailable
2026-09-26,TPS,KTW,2027-01-24,,,unavailable
2026-09-26,TPS,KTW,2027-01-25,,,unavailable
2026-09-26,TPS,KTW,2027-01-26,,,unavailable
2026-09-26,TPS,KTW,2027-01-27,,,unavailable
2026-09-26,TPS,KTW,2027-01-28,,,unavailable
2026-09-26,TPS,KTW,2027-01-29,,,unavailable
2026-09-26,TPS,KTW,2027-01-30,,,unavailable
2026-09-26,TPS,KTW,2027-01-31,,,unavailable
2026-09-26,TPS,KTW,2027-02-01,,,unavailable
2026-09-26,TPS,KTW,2027-02-02,,,unavailable
2026-09-26,TPS,KTW,2027-02-03,,,unavailable
2026-09-26,TPS,KTW,2027-02-04,,,unavailable
2026-09-26,TPS,KTW,2027-02-05,,,unavailable
2026-09-26,TPS,KTW,2027-02-06,,,unavailable
2026-09-26,TPS,KTW,2027-02-07,,,unavailable
2026-09-26,TPS,KTW,2027-02-08,,,unavailable
2026-09-26,TPS,KTW,2027-02-09,,,unavailable
2026-09-26,TPS,KTW,2027-02-10,,,unavailable
2026-09-26,TPS,KTW,2027-02-11,,,unavailable
2026-09-26,TPS,KTW,2027-02-12,,,unavailable
2026-09-26,TPS,KTW,2027-02-13,,,unavailable
2026-09-26,TPS,KTW,2027-02-14,,,unavailable
2026-09-26,TPS,KTW,2027-02-15,,,unavailable
2026-09-26,TPS,KTW,2027-02-16,,,unavailable
2026-09-26,TPS,KTW,2027-02-17,,,unavailable
2026-09-26,TPS,KTW,2027-02-18,,,unavailable
2026-09-26,TPS,KTW,2027-02-19,,,unavailable
2026-09-26,TPS,KTW,2027-02-20,,,unavailable
2026-09-26,TPS,KTW,2027-02-21,,,unavailable
2026-09-26,TPS,KTW,2027-02-22,,,unavailable
2026-09-26,TPS,KTW,2027-02-23,,,unavailable
2026-09-26,TPS,KTW,2027-02-24,,,unavailable
2026-09-26,TPS,KTW,2027-02-25,,,unavailable
2026-09-26,TPS,KTW,2027-02-26,,,unavailable
2026-09-26,TPS,KTW,2027-02-27,,,unavailable
2026-09-26,TPS,KTW,2027-02-28,,,unavailable
2026-09-26,TPS,KTW,2027-03-01,,,unavailable
2026-09-26,TPS,KTW,2027-03-02,,,unavailable
2026-09-26,TPS,KTW,2027-03-03,,,unavailable
2026-09-26,TPS,KTW,2027-03-04,,,unavailable
2026-09-26,TPS,KTW,2027-03-05,,,unavailable
2026-09-26,TPS,KTW,2027-03-06,,,unavailable
2026-09-26,TPS,KTW,2027-03-07,,,unavailable
2026-09-26,TPS,KTW,2027-03-08,,,unavailable
2026-09-26,TPS,KTW,2027-03-09,,,unavailable
2026-09-26,TPS,KTW,2027-03-10,,,unavailable
2026-09-26,TPS,KTW,2027-03-11,,,unavailable
2026-09-26,TPS,KTW,2027-03-12,,,unavailable
2026-09-26,TPS,KTW,2027-03-13,,,unavailable
2026-09-26,TPS,KTW,2027-03-14,,,unavailable
2026-09-26,TPS,KTW,2027-03-15,,,unavailable
2026-09-26,TPS,KTW,2027-03-16,,,unavailable
2026-09-26,TPS,KTW,2027-03-17,,,unavailable
2026-09-26,TPS,KTW,2027-03-18,,,unavailable
2026-09-26,TPS,KTW,2027-03-19,,,unavailable
2026-09-26,TPS,KTW,2027-03-20,,,unavailable
2026-09-26,TPS,KTW,2027-03-21,,,unavailable
2026-09-26,TPS,KTW,2027-03-22,,,unavailable
2026-09-26,TPS,KTW,2027-03-23,,,unavailable
2026-09-26,TPS,KTW,2027-03-24,,,unavailable
2026-09-26,TPS,KTW,2027-03-25,,,unavailable
2026-09-26,TPS,KTW,2027-03-26,,,unavailable
2026-09-26,TPS,KTW,2027-03-27,,,unavailable
2026-09-26,TPS,KTW,2027-03-28,,,unavailable
2026-09-26,TPS,KTW,2027-03-29,,,unavailable
2026-09-26,TPS,KTW,2027-03-30,,,unavailable
2026-09-26,TPS,KTW,2027-03-31,,,unavailable
2026-09-26,TPS,KTW,2027-04-01,,,unavailable
2026-09-26,TPS,KTW,2027-04-02,,,unavailable
2026-09-26,TPS,KTW,2027-04-03,,,unavailable
2026-09-26,TPS,KTW,2027-04-04,,,unavailable
2026-09-26,TPS,KTW,2027-04-05,,,unavailable
2026-09-26,TPS,KTW,2027-04-06,,,unavailable
2026-09-26,TPS,KTW,2027-04-07,,,unavailable
2026-09-26,TPS,KTW,2027-04-08,,,unavailable
2026-09-26,TPS,KTW,2027-04-09,,,unavailable
2026-09-26,TPS,KTW,2027-04-10,,,unavailable
2026-09-26,TPS,KTW,2027-04-11,,,unavailable
2026-09-26,TPS,KTW,2027-04-12,,,unavailable
2026-09-26,TPS,KTW,2027-04-13,,,unavailable
2026-09-26,TPS,KTW,2027-04-14,,,unavailable
2026-09-26,TPS,KTW,2027-04-15,,,unavailable
2026-09-26,TPS,KTW,2027-04-16,,,unavailable
2026-09-26,TPS,KTW,2027-04-17,,,unavailable
2026-09-26,TPS,KTW,2027-04-18,,,unavailable
2026-09-26,TPS,KTW,2027-04-19,,,unavailable
2026-09-26,TPS,KTW,2027-04-20,,,unavailable
2026-09-26,TPS,KTW,2027-04-21,,,unavailable
2026-09-26,TPS,KTW,2027-04-22,,,unavailable
2026-09-26,TPS,KTW,2027-04-23,,,unavailable
2026-09-26,TPS,KTW,2027-04-24,,,unavailable
2026-09-26,TPS,KTW,2027-04-25,,,unavailable
2026-09-26,TPS,KTW,2027-04-26,,,unavailable
2026-09-26,TPS,KTW,2027-04-27,,,unavailable
2026-09-26,TPS,KTW,2027-04-28,,,unavailable
2026-09-26,TPS,KTW,2027-04-29,,,unavailable
2026-09-26,TPS,KTW,2027-04-30,,,unavailable
2026-09-26,TPS,KTW,2027-05-01,10:05,468.00,ok
2026-09-26,TPS,KTW,2027-05-02,,,unavailable
2026-09-26,TPS,KTW,2027-05-03,,,unavailable
2026-09-26,TPS,KTW,2027-05-04,06:20,289.00,ok
2026-09-26,TPS,KTW,2027-05-05,,,unavailable
2026-09-26,TPS,KTW,2027-05-06,19:05,293.38,ok
2026-09-26,TPS,KTW,2027-05-07,,,unavailable
2026-09-26,TPS,KTW,2027-05-08,10:05,468.00,ok
2026-09-26,TPS,KTW,2027-05-09,,,unavailable
2026-09-26,TPS,KTW,2027-05-10,,,unavailable
2026-09-26,TPS,KTW,2027-05-11,06:20,289.00,ok
2026-09-26,TPS,KTW,2027-05-12,,,unavailable
2026-09-26,TPS,KTW,2027-05-13,19:05,289.00,ok
2026-09-26,TPS,KTW,2027-05-14,,,unavailable
2026-09-26,TPS,KTW,2027-05-15,10:05,468.00,ok
2026-09-26,TPS,KTW,2027-05-16,,,unavailable
2026-09-26,TPS,KTW,2027-05-17,,,unavailable
2026-09-26,TPS,KTW,2027-05-18,06:20,289.00,ok
2026-09-26,TPS,KTW,2027-05-19,,,unavailable
2026-09-26,TPS,KTW,2027-05-20,19:05,289.00,ok
2026-09-26,TPS,KTW,2027-05-21,,,unavailable
2026-09-26,TPS,KTW,2027-05-22,10:05,327.00,ok
2026-09-26,TPS,KTW,2027-05-23,,,unavailable
2026-09-26,TPS,KTW,2027-05-24,,,unavailable
2026-09-26,TPS,KTW,2027-05-25,06:20,289.00,ok
2026-09-26,TPS,KTW,2027-05-26,,,unavailable
2026-09-26,TPS,KTW,2027-05-27,19:05,293.38,ok
2026-09-26,TPS,KTW,2027-05-28,,,unavailable
2026-09-26,TPS,KTW,2027-05-29,10:05,425.00,ok
2026-09-26,TPS,KTW,2027-05-30,,,unavailable
2026-09-26,TPS,KTW,2027-05-31,,,unavailable
2026-09-26,TPS,KTW,2027-06-01,06:20,374.00,ok
2026-09-26,TPS,KTW,2027-06-02,,,unavailable
2026-09-26,TPS,KTW,2027-06-03,19:05,289.00,ok
2026-09-26,TPS,KTW,2027-06-04,,,unavailable
2026-09-26,TPS,KTW,2027-06-05,10:05,752.00,ok
2026-09-26,TPS,KTW,2027-06-06,,,unavailable
2026-09-26,TPS,KTW,2027-06-07,,,unavailable
2026-09-26,TPS,KTW,2027-06-08,06:20,289.00,ok
2026-09-26,TPS,KTW,2027-06-09,,,unavailable
2026-09-26,TPS,KTW,2027-06-10,19:05,289.00,ok
2026-09-26,TPS,KTW,2027-06-11,,,unavailable
2026-09-26,TPS,KTW,2027-06-12,10:05,374.00,ok
2026-09-26,TPS,KTW,2027-06-13,,,unavailable
2026-09-26,TPS,KTW,2027-06-14,,,unavailable
2026-09-26,TPS,KTW,2027-06-15,06:20,289.00,ok
2026-09-26,TPS,KTW,2027-06-16,,,unavailable
2026-09-26,TPS,KTW,2027-06-17,19:05,289.00,ok
2026-09-26,TPS,KTW,2027-06-18,,,unavailable
2026-09-26,TPS,KTW,2027-06-19,10:05,374.00,ok
2026-09-26,TPS,KTW,2027-06-20,,,unavailable
2026-09-26,TPS,KTW,2027-06-21,,,unavailable
2026-09-26,TPS,KTW,2027-06-22,06:20,289.00,ok
2026-09-26,TPS,KTW,2027-06-23,,,unavailable
2026-09-26,TPS,KTW,2027-06-24,19:05,289.00,ok
2026-09-26,TPS,KTW,2027-06-25,,,unavailable
2026-09-26,TPS,KTW,2027-06-26,10:05,374.00,ok
2026-09-26,TPS,KTW,2027-06-27,,,unavailable
2026-09-26,TPS,KTW,2027-06-28,,,unavailable
2026-09-26,TPS,KTW,2027-06-29,06:20,289.00,ok
2026-09-26,TPS,KTW,2027-06-30,,,unavailable
2026-09-26,TPS,KTW,2027-07-01,19:05,293.38,ok
2026-09-26,TPS,KTW,2027-07-02,,,unavailable
2026-09-26,TPS,KTW,2027-07-03,10:05,374.00,ok
2026-09-26,TPS,KTW,2027-07-04,,,unavailable
2026-09-26,TPS,KTW,2027-07-05,,,unavailable
2026-09-26,TPS,KTW,2027-07-06,06:20,327.00,ok
2026-09-26,TPS,KTW,2027-07-07,,,unavailable
2026-09-26,TPS,KTW,2027-07-08,19:05,327.00,ok
2026-09-26,TPS,KTW,2027-07-09,,,unavailable
2026-09-26,TPS,KTW,2027-07-10,10:05,425.00,ok
2026-09-26,TPS,KTW,2027-07-11,,,unavailable
2026-09-26,TPS,KTW,2027-07-12,,,unavailable
2026-09-26,TPS,KTW,2027-07-13,06:20,378.38,ok
2026-09-26,TPS,KTW,2027-07-14,,,unavailable
2026-09-26,TPS,KTW,2027-07-15,19:05,374.00,ok
2026-09-26,TPS,KTW,2027-07-16,,,unavailable
2026-09-26,TPS,KTW,2027-07-17,10:05,468.00,ok
2026-09-26,TPS,KTW,2027-07-18,,,unavailable
2026-09-26,TPS,KTW,2027-07-19,,,unavailable
2026-09-26,TPS,KTW,2027-07-20,06:20,468.00,ok
2026-09-26,TPS,KTW,2027-07-21,,,unavailable
2026-09-26,TPS,KTW,2027-07-22,19:05,425.00,ok
2026-09-26,TPS,KTW,2027-07-23,,,unavailable
2026-09-26,TPS,KTW,2027-07-24,10:05,468.00,ok
2026-09-26,TPS,KTW,2027-07-25,,,unavailable
2026-09-26,TPS,KTW,2027-07-26,,,unavailable
2026-09-26,TPS,KTW,2027-07-27,06:20,468.00,ok
2026-09-26,TPS,KTW,2027-07-28,,,unavailable
2026-09-26,TPS,KTW,2027-07-29,19:05,425.00,ok
2026-09-26,TPS,KTW,2027-07-30,,,unavailable
2026-09-26,TPS,KTW,2027-07-31,10:05,468.00,ok
2026-09-26,TPS,KTW,2027-08-01,,,unavailable
2026-09-26,TPS,KTW,2027-08-02,,,unavailable
2026-09-26,TPS,KTW,2027-08-03,06:20,374.00,ok
2026-09-26,TPS,KTW,2027-08-04,,,unavailable
2026-09-26,TPS,KTW,2027-08-05,19:05,374.00,ok
2026-09-26,TPS,KTW,2027-08-06,,,unavailable
2026-09-26,TPS,KTW,2027-08-07,10:05,425.00,ok
2026-09-26,TPS,KTW,2027-08-08,,,unavailable
2026-09-26,TPS,KTW,2027-08-09,,,unavailable
2026-09-26,TPS,KTW,2027-08-10,06:20,374.00,ok
2026-09-26,TPS,KTW,2027-08-11,,,unavailable
2026-09-26,TPS,KTW,2027-08-12,19:05,425.00,ok
2026-09-26,TPS,KTW,2027-08-13,,,unavailable
2026-09-26,TPS,KTW,2027-08-14,10:05,468.00,ok
2026-09-26,TPS,KTW,2027-08-15,,,unavailable
2026-09-26,TPS,KTW,2027-08-16,,,unavailable
2026-09-26,TPS,KTW,2027-08-17,06:20,374.00,ok
2026-09-26,TPS,KTW,2027-08-18,,,unavailable
2026-09-26,TPS,KTW,2027-08-19,19:05,374.00,ok
2026-09-26,TPS,KTW,2027-08-20,,,unavailable
2026-09-26,TPS,KTW,2027-08-21,10:05,468.00,ok
2026-09-26,TPS,KTW,2027-08-22,,,unavailable
2026-09-26,TPS,KTW,2027-08-23,,,unavailable
2026-09-26,TPS,KTW,2027-08-24,06:20,374.00,ok
2026-09-26,TPS,KTW,2027-08-25,,,unavailable
2026-09-26,TPS,KTW,2027-08-26,19:05,374.00,ok
2026-09-26,TPS,KTW,2027-08-27,,,unavailable
2026-09-26,TPS,KTW,2027-08-28,10:05,468.00,ok
2026-09-26,TPS,KTW,2027-08-29,,,unavailable
2026-09-26,TPS,KTW,2027-08-30,,,unavailable
2026-09-26,TPS,KTW,2027-08-31,06:20,289.00,ok
2026-09-26,KTW,TRN,2026-09-26,,,unavailable
2026-09-26,KTW,TRN,2026-09-27,,,unavailable
2026-09-26,KTW,TRN,2026-09-28,,,unavailable
2026-09-26,KTW,TRN,2026-09-29,,,unavailable
2026-09-26,KTW,TRN,2026-09-30,,,unavailable
2026-09-26,KTW,TRN,2026-10-01,,,unavailable
2026-09-26,KTW,TRN,2026-10-02,,,unavailable
2026-09-26,KTW,TRN,2026-10-03,,,unavailable
2026-09-26,KTW,TRN,2026-10-04,,,unavailable
2026-09-26,KTW,TRN,2026-10-05,,,unavailable
2026-09-26,KTW,TRN,2026-10-06,,,unavailable
2026-09-26,KTW,TRN,2026-10-07,,,unavailable
2026-09-26,KTW,TRN,2026-10-08,,,unavailable
2026-09-26,KTW,TRN,2026-10-09,,,unavailable
2026-09-26,KTW,TRN,2026-10-10,,,unavailable
2026-09-26,KTW,TRN,2026-10-11,,,unavailable
2026-09-26,KTW,TRN,2026-10-12,,,unavailable
2026-09-26,KTW,TRN,2026-10-13,,,unavailable
2026-09-26,KTW,TRN,2026-10-14,,,unavailable
2026-09-26,KTW,TRN,2026-10-15,,,unavailable
2026-09-26,KTW,TRN,2026-10-16,,,unavailable
2026-09-26,KTW,TRN,2026-10-17,,,unavailable
2026-09-26,KTW,TRN,2026-10-18,,,unavailable
2026-09-26,KTW,TRN,2026-10-19,,,unavailable
2026-09-26,KTW,TRN,2026-10-20,,,unavailable
2026-09-26,KTW,TRN,2026-10-21,,,unavailable
2026-09-26,KTW,TRN,2026-10-22,,,unavailable
2026-09-26,KTW,TRN,2026-10-23,,,unavailable
2026-09-26,KTW,TRN,2026-10-24,,,unavailable
2026-09-26,KTW,TRN,2026-10-25,,,unavailable
2026-09-26,KTW,TRN,2026-10-26,,,unavailable
2026-09-26,KTW,TRN,2026-10-27,,,unavailable
2026-09-26,KTW,TRN,2026-10-28,,,unavailable
2026-09-26,KTW,TRN,2026-10-29,,,unavailable
2026-09-26,KTW,TRN,2026-10-30,,,unavailable
2026-09-26,KTW,TRN,2026-10-31,,,unavailable
2026-09-26,KTW,TRN,2026-11-01,,,unavailable
2026-09-26,KTW,TRN,2026-11-02,,,unavailable
2026-09-26,KTW,TRN,2026-11-03,,,unavailable
2026-09-26,KTW,TRN,2026-11-04,,,unavailable
2026-09-26,KTW,TRN,2026-11-05,,,unavailable
2026-09-26,KTW,TRN,2026-11-06,,,unavailable
2026-09-26,KTW,TRN,2026-11-07,,,unavailable
2026-09-26,KTW,TRN,2026-11-08,,,unavailable
2026-09-26,KTW,TRN,2026-11-09,,,unavailable
2026-09-26,KTW,TRN,2026-11-10,,,unavailable
2026-09-26,KTW,TRN,2026-11-11,,,unavailable
2026-09-26,KTW,TRN,2026-11-12,,,unavailable
2026-09-26,KTW,TRN,2026-11-13,,,unavailable
2026-09-26,KTW,TRN,2026-11-14,,,unavailable
2026-09-26,KTW,TRN,2026-11-15,,,unavailable
2026-09-26,KTW,TRN,2026-11-16,,,unavailable
2026-09-26,KTW,TRN,2026-11-17,,,unavailable
2026-09-26,KTW,TRN,2026-11-18,,,unavailable
2026-09-26,KTW,TRN,2026-11-19,,,unavailable
2026-09-26,KTW,TRN,2026-11-20,,,unavailable
2026-09-26,KTW,TRN,2026-11-21,,,unavailable
2026-09-26,KTW,TRN,2026-11-22,,,unavailable
2026-09-26,KTW,TRN,2026-11-23,,,unavailable
2026-09-26,KTW,TRN,2026-11-24,,,unavailable
2026-09-26,KTW,TRN,2026-11-25,,,unavailable
2026-09-26,KTW,TRN,2026-11-26,,,unavailable
2026-09-26,KTW,TRN,2026-11-27,,,unavailable
2026-09-26,KTW,TRN,2026-11-28,,,unavailable
2026-09-26,KTW,TRN,2026-11-29,,,unavailable
2026-09-26,KTW,TRN,2026-11-30,,,unavailable
2026-09-26,KTW,TRN,2026-12-01,,,unavailable
2026-09-26,KTW,TRN,2026-12-02,,,unavailable
2026-09-26,KTW,TRN,2026-12-03,,,unavailable
2026-09-26,KTW,TRN,2026-12-04,,,unavailable
2026-09-26,KTW,TRN,2026-12-05,,,unavailable
2026-09-26,KTW,TRN,2026-12-06,,,unavailable
2026-09-26,KTW,TRN,2026-12-07,,,unavailable
2026-09-26,KTW,TRN,2026-12-08,,,unavailable
2026-09-26,KTW,TRN,2026-12-09,,,unavailable
2026-09-26,KTW,TRN,2026-12-10,,,unavailable
2026-09-26,KTW,TRN,2026-12-11,,,unavailable
2026-09-26,KTW,TRN,2026-12-12,,,unavailable
2026-09-26,KTW,TRN,2026-12-13,,,unavailable
2026-09-26,KTW,TRN,2026-12-14,,,unavailable
2026-09-26,KTW,TRN,2026-12-15,,,unavailable
2026-09-26,KTW,TRN,2026-12-16,,,unavailable
2026-09-26,KTW,TRN,2026-12-17,,,unavailable
2026-09-26,KTW,TRN,2026-12-18,,,unavailable
2026-09-26,KTW,TRN,2026-12-19,18:25,91.96,ok
2026-09-26,KTW,TRN,2026-12-20,,,unavailable
2026-09-26,KTW,TRN,2026-12-21,,,unavailable
2026-09-26,KTW,TRN,2026-12-22,,,unavailable
2026-09-26,KTW,TRN,2026-12-23,,,unavailable
2026-09-26,KTW,TRN,2026-12-24,,,unavailable
2026-09-26,KTW,TRN,2026-12-25,,,unavailable
2026-09-26,KTW,TRN,2026-12-26,18:25,245.29,ok
2026-09-26,KTW,TRN,2026-12-27,,,unavailable
2026-09-26,KTW,TRN,2026-12-28,,,unavailable
2026-09-26,KTW,TRN,2026-12-29,,,unavailable
2026-09-26,KTW,TRN,2026-12-30,,,unavailable
2026-09-26,KTW,TRN,2026-12-31,,,unavailable
2026-09-26,KTW,TRN,2027-01-01,,,unavailable
2026-09-26,KTW,TRN,2027-01-02,18:25,262.81,ok
2026-09-26,KTW,TRN,2027-01-03,,,unavailable
2026-09-26,KTW,TRN,2027-01-04,,,unavailable
2026-09-26,KTW,TRN,2027-01-05,,,unavailable
2026-09-26,KTW,TRN,2027-01-06,,,unavailable
2026-09-26,KTW,TRN,2027-01-07,,,unavailable
2026-09-26,KTW,TRN,2027-01-08,,,unavailable
2026-09-26,KTW,TRN,2027-01-09,18:25,332.00,ok
2026-09-26,KTW,TRN,2027-01-10,,,unavailable
2026-09-26,KTW,TRN,2027-01-11,,,unavailable
2026-09-26,KTW,TRN,2027-01-12,,,unavailable
2026-09-26,KTW,TRN,2027-01-13,,,unavailable
2026-09-26,KTW,TRN,2027-01-14,,,unavailable
2026-09-26,KTW,TRN,2027-01-15,,,unavailable
2026-09-26,KTW,TRN,2027-01-16,18:25,251.00,ok
2026-09-26,KTW,TRN,2027-01-17,,,unavailable
2026-09-26,KTW,TRN,2027-01-18,,,unavailable
2026-09-26,KTW,TRN,2027-01-19,,,unavailable
2026-09-26,KTW,TRN,2027-01-20,,,unavailable
2026-09-26,KTW,TRN,2027-01-21,,,unavailable
2026-09-26,KTW,TRN,2027-01-22,,,unavailable
2026-09-26,KTW,TRN,2027-01-23,18:25,170.81,ok
2026-09-26,KTW,TRN,2027-01-24,,,unavailable
2026-09-26,KTW,TRN,2027-01-25,,,unavailable
2026-09-26,KTW,TRN,2027-01-26,,,unavailable
2026-09-26,KTW,TRN,2027-01-27,,,unavailable
2026-09-26,KTW,TRN,2027-01-28,,,unavailable
2026-09-26,KTW,TRN,2027-01-29,,,unavailable
2026-09-26,KTW,TRN,2027-01-30,18:25,96.34,ok
2026-09-26,KTW,TRN,2027-01-31,,,unavailable
2026-09-26,KTW,TRN,2027-02-01,,,unavailable
2026-09-26,KTW,TRN,2027-02-02,,,unavailable
2026-09-26,KTW,TRN,2027-02-03,,,unavailable
2026-09-26,KTW,TRN,2027-02-04,,,unavailable
2026-09-26,KTW,TRN,2027-02-05,,,unavailable
2026-09-26,KTW,TRN,2027-02-06,18:25,179.57,ok
2026-09-26,KTW,TRN,2027-02-07,,,unavailable
2026-09-26,KTW,TRN,2027-02-08,,,unavailable
2026-09-26,KTW,TRN,2027-02-09,,,unavailable
2026-09-26,KTW,TRN,2027-02-10,,,unavailable
2026-09-26,KTW,TRN,2027-02-11,,,unavailable
2026-09-26,KTW,TRN,2027-02-12,,,unavailable
2026-09-26,KTW,TRN,2027-02-13,18:25,251.00,ok
2026-09-26,KTW,TRN,2027-02-14,,,unavailable
2026-09-26,KTW,TRN,2027-02-15,,,unavailable
2026-09-26,KTW,TRN,2027-02-16,,,unavailable
2026-09-26,KTW,TRN,2027-02-17,,,unavailable
2026-09-26,KTW,TRN,2027-02-18,,,unavailable
2026-09-26,KTW,TRN,2027-02-19,,,unavailable
2026-09-26,KTW,TRN,2027-02-20,18:25,289.00,ok
2026-09-26,KTW,TRN,2027-02-21,,,unavailable
2026-09-26,KTW,TRN,2027-02-22,,,unavailable
2026-09-26,KTW,TRN,2027-02-23,,,unavailable
2026-09-26,KTW,TRN,2027-02-24,,,unavailable
2026-09-26,KTW,TRN,2027-02-25,,,unavailable
2026-09-26,KTW,TRN,2027-02-26,,,unavailable
2026-09-26,KTW,TRN,2027-02-27,18:25,109.48,ok
2026-09-26,KTW,TRN,2027-02-28,,,unavailable
2026-09-26,KTW,TRN,2027-03-01,,,unavailable
2026-09-26,KTW,TRN,2027-03-02,,,unavailable
2026-09-26,KTW,TRN,2027-03-03,,,unavailable
2026-09-26,KTW,TRN,2027-03-04,,,unavailable
2026-09-26,KTW,TRN,2027-03-05,,,unavailable
2026-09-26,KTW,TRN,2027-03-06,18:25,251.00,ok
2026-09-26,KTW,TRN,2027-03-07,,,unavailable
2026-09-26,KTW,TRN,2027-03-08,,,unavailable
2026-09-26,KTW,TRN,2027-03-09,,,unavailable
2026-09-26,KTW,TRN,2027-03-10,,,unavailable
2026-09-26,KTW,TRN,2027-03-11,,,unavailable
2026-09-26,KTW,TRN,2027-03-12,,,unavailable
2026-09-26,KTW,TRN,2027-03-13,18:25,251.00,ok
2026-09-26,KTW,TRN,2027-03-14,,,unavailable
2026-09-26,KTW,TRN,2027-03-15,,,unavailable
2026-09-26,KTW,TRN,2027-03-16,,,unavailable
2026-09-26,KTW,TRN,2027-03-17,,,unavailable
2026-09-26,KTW,TRN,2027-03-18,,,unavailable
2026-09-26,KTW,TRN,2027-03-19,,,unavailable
2026-09-26,KTW,TRN,2027-03-20,18:25,118.24,ok
2026-09-26,KTW,TRN,2027-03-21,,,unavailable
2026-09-26,KTW,TRN,2027-03-22,,,unavailable
2026-09-26,KTW,TRN,2027-03-23,,,unavailable
2026-09-26,KTW,TRN,2027-03-24,,,unavailable
2026-09-26,KTW,TRN,2027-03-25,,,unavailable
2026-09-26,KTW,TRN,2027-03-26,,,unavailable
2026-09-26,KTW,TRN,2027-03-27,18:25,210.24,ok
2026-09-26,KTW,TRN,2027-03-28,,,unavailable
2026-09-26,KTW,TRN,2027-03-29,,,unavailable
2026-09-26,KTW,TRN,2027-03-30,,,unavailable
2026-09-26,KTW,TRN,2027-03-31,,,unavailable
2026-09-26,KTW,TRN,2027-04-01,,,unavailable
2026-09-26,KTW,TRN,2027-04-02,,,unavailable
2026-09-26,KTW,TRN,2027-04-03,,,unavailable
2026-09-26,KTW,TRN,2027-04-04,,,unavailable
2026-09-26,KTW,TRN,2027-04-05,,,unavailable
2026-09-26,KTW,TRN,2027-04-06,,,unavailable
2026-09-26,KTW,TRN,2027-04-07,,,unavailable
2026-09-26,KTW,TRN,2027-04-08,,,unavailable
2026-09-26,KTW,TRN,2027-04-09,,,unavailable
2026-09-26,KTW,TRN,2027-04-10,,,unavailable
2026-09-26,KTW,TRN,2027-04-11,,,unavailable
2026-09-26,KTW,TRN,2027-04-12,,,unavailable
2026-09-26,KTW,TRN,2027-04-13,,,unavailable
2026-09-26,KTW,TRN,2027-04-14,,,unavailable
2026-09-26,KTW,TRN,2027-04-15,,,unavailable
2026-09-26,KTW,TRN,2027-04-16,,,unavailable
2026-09-26,KTW,TRN,2027-04-17,,,unavailable
2026-09-26,KTW,TRN,2027-04-18,,,unavailable
2026-09-26,KTW,TRN,2027-04-19,,,unavailable
2026-09-26,KTW,TRN,2027-04-20,,,unavailable
2026-09-26,KTW,TRN,2027-04-21,,,unavailable
2026-09-26,KTW,TRN,2027-04-22,,,unavailable
2026-09-26,KTW,TRN,2027-04-23,,,unavailable
2026-09-26,KTW,TRN,2027-04-24,,,unavailable
2026-09-26,KTW,TRN,2027-04-25,,,unavailable
2026-09-26,KTW,TRN,2027-04-26,,,unavailable
2026-09-26,KTW,TRN,2027-04-27,,,unavailable
2026-09-26,KTW,TRN,2027-04-28,,,unavailable
2026-09-26,KTW,TRN,2027-04-29,,,unavailable
2026-09-26,KTW,TRN,2027-04-30,,,unavailable
2026-09-26,KTW,TRN,2027-05-01,,,unavailable
2026-09-26,KTW,TRN,2027-05-02,,,unavailable
2026-09-26,KTW,TRN,2027-05-03,,,unavailable
2026-09-26,KTW,TRN,2027-05-04,,,unavailable
2026-09-26,KTW,TRN,2027-05-05,,,unavailable
2026-09-26,KTW,TRN,2027-05-06,,,unavailable
2026-09-26,KTW,TRN,2027-05-07,,,unavailable
2026-09-26,KTW,TRN,2027-05-08,,,unavailable
2026-09-26,KTW,TRN,2027-05-09,,,unavailable
2026-09-26,KTW,TRN,2027-05-10,,,unavailable
2026-09-26,KTW,TRN,2027-05-11,,,unavailable
2026-09-26,KTW,TRN,2027-05-12,,,unavailable
2026-09-26,KTW,TRN,2027-05-13,,,unavailable
2026-09-26,KTW,TRN,2027-05-14,,,unavailable
2026-09-26,KTW,TRN,2027-05-15,,,unavailable
2026-09-26,KTW,TRN,2027-05-16,,,unavailable
2026-09-26,KTW,TRN,2027-05-17,,,unavailable
2026-09-26,KTW,TRN,2027-05-18,,,unavailable
2026-09-26,KTW,TRN,2027-05-19,,,unavailable
2026-09-26,KTW,TRN,2027-05-20,,,unavailable
2026-09-26,KTW,TRN,2027-05-21,,,unavailable
2026-09-26,KTW,TRN,2027-05-22,,,unavailable
2026-09-26,KTW,TRN,2027-05-23,,,unavailable
2026-09-26,KTW,TRN,2027-05-24,,,unavailable
2026-09-26,KTW,TRN,2027-05-25,,,unavailable
2026-09-26,KTW,TRN,2027-05-26,,,unavailable
2026-09-26,KTW,TRN,2027-05-27,,,unavailable
2026-09-26,KTW,TRN,2027-05-28,,,unavailable
2026-09-26,KTW,TRN,2027-05-29,,,unavailable
2026-09-26,KTW,TRN,2027-05-30,,,unavailable
2026-09-26,KTW,TRN,2027-05-31,,,unavailable
2026-09-26,KTW,TRN,2027-06-01,,,unavailable
2026-09-26,KTW,TRN,2027-06-02,,,unavailable
2026-09-26,KTW,TRN,2027-06-03,,,unavailable
2026-09-26,KTW,TRN,2027-06-04,,,unavailable
2026-09-26,KTW,TRN,2027-06-05,,,unavailable
2026-09-26,KTW,TRN,2027-06-06,,,unavailable
2026-09-26,KTW,TRN,2027-06-07,,,unavailable
2026-09-26,KTW,TRN,2027-06-08,,,unavailable
2026-09-26,KTW,TRN,2027-06-09,,,unavailable
2026-09-26,KTW,TRN,2027-06-10,,,unavailable
2026-09-26,KTW,TRN,2027-06-11,,,unavailable
2026-09-26,KTW,TRN,2027-06-12,,,unavailable
2026-09-26,KTW,TRN,2027-06-13,,,unavailable
2026-09-26,KTW,TRN,2027-06-14,,,unavailable
2026-09-26,KTW,TRN,2027-06-15,,,unavailable
2026-09-26,KTW,TRN,2027-06-16,,,unavailable
2026-09-26,KTW,TRN,2027-06-17,,,unavailable
2026-09-26,KTW,TRN,2027-06-18,,,unavailable
2026-09-26,KTW,TRN,2027-06-19,,,unavailable
2026-09-26,KTW,TRN,2027-06-20,,,unavailable
2026-09-26,KTW,TRN,2027-06-21,,,unavailable
2026-09-26,KTW,TRN,2027-06-22,,,unavailable
2026-09-26,KTW,TRN,2027-06-23,,,unavailable
2026-09-26,KTW,TRN,2027-06-24,,,unavailable
2026-09-26,KTW,TRN,2027-06-25,,,unavailable
2026-09-26,KTW,TRN,2027-06-26,,,unavailable
2026-09-26,KTW,TRN,2027-06-27,,,unavailable
2026-09-26,KTW,TRN,2027-06-28,,,unavailable
2026-09-26,KTW,TRN,2027-06-29,,,unavailable
2026-09-26,KTW,TRN,2027-06-30,,,unavailable
2026-09-26,KTW,TRN,2027-07-01,,,unavailable
2026-09-26,KTW,TRN,2027-07-02,,,unavailable
2026-09-26,KTW,TRN,2027-07-03,,,unavailable
2026-09-26,KTW,TRN,2027-07-04,,,unavailable
2026-09-26,KTW,TRN,2027-07-05,,,unavailable
2026-09-26,KTW,TRN,2027-07-06,,,unavailable
2026-09-26,KTW,TRN,2027-07-07,,,unavailable
2026-09-26,KTW,TRN,2027-07-08,,,unavailable
2026-09-26,KTW,TRN,2027-07-09,,,unavailable
2026-09-26,KTW,TRN,2027-07-10,,,unavailable
2026-09-26,KTW,TRN,2027-07-11,,,unavailable
2026-09-26,KTW,TRN,2027-07-12,,,unavailable
2026-09-26,KTW,TRN,2027-07-13,,,unavailable
2026-09-26,KTW,TRN,2027-07-14,,,unavailable
2026-09-26,KTW,TRN,2027-07-15,,,unavailable
2026-09-26,KTW,TRN,2027-07-16,,,unavailable
2026-09-26,KTW,TRN,2027-07-17,,,unavailable
2026-09-26,KTW,TRN,2027-07-18,,,unavailable
2026-09-26,KTW,TRN,2027-07-19,,,unavailable
2026-09-26,KTW,TRN,2027-07-20,,,unavailable
2026-09-26,KTW,TRN,2027-07-21,,,unavailable
2026-09-26,KTW,TRN,2027-07-22,,,unavailable
2026-09-26,KTW,TRN,2027-07-23,,,unavailable
2026-09-26,KTW,TRN,2027-07-24,,,unavailable
2026-09-26,KTW,TRN,2027-07-25,,,unavailable
2026-09-26,KTW,TRN,2027-07-26,,,unavailable
2026-09-26,KTW,TRN,2027-07-27,,,unavailable
2026-09-26,KTW,TRN,2027-07-28,,,unavailable
2026-09-26,KTW,TRN,2027-07-29,,,unavailable
2026-09-26,KTW,TRN,2027-07-30,,,unavailable
2026-09-26,KTW,TRN,2027-07-31,,,unavailable
2026-09-26,KTW,TRN,2027-08-01,,,unavailable
2026-09-26,KTW,TRN,2027-08-02,,,unavailable
2026-09-26,KTW,TRN,2027-08-03,,,unavailable
2026-09-26,KTW,TRN,2027-08-04,,,unavailable
2026-09-26,KTW,TRN,2027-08-05,,,unavailable
2026-09-26,KTW,TRN,2027-08-06,,,unavailable
2026-09-26,KTW,TRN,2027-08-07,,,unavailable
2026-09-26,KTW,TRN,2027-08-08,,,unavailable
2026-09-26,KTW,TRN,2027-08-09,,,unavailable
2026-09-26,KTW,TRN,2027-08-10,,,unavailable
2026-09-26,KTW,TRN,2027-08-11,,,unavailable
2026-09-26,KTW,TRN,2027-08-12,,,unavailable
2026-09-26,KTW,TRN,2027-08-13,,,unavailable
2026-09-26,KTW,TRN,2027-08-14,,,unavailable
2026-09-26,KTW,TRN,2027-08-15,,,unavailable
2026-09-26,KTW,TRN,2027-08-16,,,unavailable
2026-09-26,KTW,TRN,2027-08-17,,,unavailable
2026-09-26,KTW,TRN,2027-08-18,,,unavailable
2026-09-26,KTW,TRN,2027-08-19,,,unavailable
2026-09-26,KTW,TRN,2027-08-20,,,unavailable
2026-09-26,KTW,TRN,2027-08-21,,,unavailable
2026-09-26,KTW,TRN,2027-08-22,,,unavailable
2026-09-26,KTW,TRN,2027-08-23,,,unavailable
2026-09-26,KTW,TRN,2027-08-24,,,unavailable
2026-09-26,KTW,TRN,2027-08-25,,,unavailable
2026-09-26,KTW,TRN,2027-08-26,,,unavailable
2026-09-26,KTW,TRN,2027-08-27,,,unavailable
2026-09-26,KTW,TRN,2027-08-28,,,unavailable
2026-09-26,KTW,TRN,2027-08-29,,,unavailable
2026-09-26,KTW,TRN,2027-08-30,,,unavailable
2026-09-26,KTW,TRN,2027-08-31,,,unavailable
2026-09-26,TRN,KTW,2026-09-26,,,unavailable
2026-09-26,TRN,KTW,2026-09-27,,,unavailable
2026-09-26,TRN,KTW,2026-09-28,,,unavailable
2026-09-26,TRN,KTW,2026-09-29,,,unavailable
2026-09-26,TRN,KTW,2026-09-30,,,unavailable
2026-09-26,TRN,KTW,2026-10-01,,,unavailable
2026-09-26,TRN,KTW,2026-10-02,,,unavailable
2026-09-26,TRN,KTW,2026-10-03,,,unavailable
2026-09-26,TRN,KTW,2026-10-04,,,unavailable
2026-09-26,TRN,KTW,2026-10-05,,,unavailable
2026-09-26,TRN,KTW,2026-10-06,,,unavailable
2026-09-26,TRN,KTW,2026-10-07,,,unavailable
2026-09-26,TRN,KTW,2026-10-08,,,unavailable
2026-09-26,TRN,KTW,2026-10-09,,,unavailable
2026-09-26,TRN,KTW,2026-10-10,,,unavailable
2026-09-26,TRN,KTW,2026-10-11,,,unavailable
2026-09-26,TRN,KTW,2026-10-12,,,unavailable
2026-09-26,TRN,KTW,2026-10-13,,,unavailable
2026-09-26,TRN,KTW,2026-10-14,,,unavailable
2026-09-26,TRN,KTW,2026-10-15,,,unavailable
2026-09-26,TRN,KTW,2026-10-16,,,unavailable
2026-09-26,TRN,KTW,2026-10-17,,,unavailable
2026-09-26,TRN,KTW,2026-10-18,,,unavailable
2026-09-26,TRN,KTW,2026-10-19,,,unavailable
2026-09-26,TRN,KTW,2026-10-20,,,unavailable
2026-09-26,TRN,KTW,2026-10-21,,,unavailable
2026-09-26,TRN,KTW,2026-10-22,,,unavailable
2026-09-26,TRN,KTW,2026-10-23,,,unavailable
2026-09-26,TRN,KTW,2026-10-24,,,unavailable
2026-09-26,TRN,KTW,2026-10-25,,,unavailable
2026-09-26,TRN,KTW,2026-10-26,,,unavailable
2026-09-26,TRN,KTW,2026-10-27,,,unavailable
2026-09-26,TRN,KTW,2026-10-28,,,unavailable
2026-09-26,TRN,KTW,2026-10-29,,,unavailable
2026-09-26,TRN,KTW,2026-10-30,,,unavailable
2026-09-26,TRN,KTW,2026-10-31,,,unavailable
2026-09-26,TRN,KTW,2026-11-01,,,unavailable
2026-09-26,TRN,KTW,2026-11-02,,,unavailable
2026-09-26,TRN,KTW,2026-11-03,,,unavailable
2026-09-26,TRN,KTW,2026-11-04,,,unavailable
2026-09-26,TRN,KTW,2026-11-05,,,unavailable
2026-09-26,TRN,KTW,2026-11-06,,,unavailable
2026-09-26,TRN,KTW,2026-11-07,,,unavailable
2026-09-26,TRN,KTW,2026-11-08,,,unavailable
2026-09-26,TRN,KTW,2026-11-09,,,unavailable
2026-09-26,TRN,KTW,2026-11-10,,,unavailable
2026-09-26,TRN,KTW,2026-11-11,,,unavailable
2026-09-26,TRN,KTW,2026-11-12,,,unavailable
2026-09-26,TRN,KTW,2026-11-13,,,unavailable
2026-09-26,TRN,KTW,2026-11-14,,,unavailable
2026-09-26,TRN,KTW,2026-11-15,,,unavailable
2026-09-26,TRN,KTW,2026-11-16,,,unavailable
2026-09-26,TRN,KTW,2026-11-17,,,unavailable
2026-09-26,TRN,KTW,2026-11-18,,,unavailable
2026-09-26,TRN,KTW,2026-11-19,,,unavailable
2026-09-26,TRN,KTW,2026-11-20,,,unavailable
2026-09-26,TRN,KTW,2026-11-21,,,unavailable
2026-09-26,TRN,KTW,2026-11-22,,,unavailable
2026-09-26,TRN,KTW,2026-11-23,,,unavailable
2026-09-26,TRN,KTW,2026-11-24,,,unavailable
2026-09-26,TRN,KTW,2026-11-25,,,unavailable
2026-09-26,TRN,KTW,2026-11-26,,,unavailable
2026-09-26,TRN,KTW,2026-11-27,,,unavailable
2026-09-26,TRN,KTW,2026-11-28,,,unavailable
2026-09-26,TRN,KTW,2026-11-29,,,unavailable
2026-09-26,TRN,KTW,2026-11-30,,,unavailable
2026-09-26,TRN,KTW,2026-12-01,,,unavailable
2026-09-26,TRN,KTW,2026-12-02,,,unavailable
2026-09-26,TRN,KTW,2026-12-03,,,unavailable
2026-09-26,TRN,KTW,2026-12-04,,,unavailable
2026-09-26,TRN,KTW,2026-12-05,,,unavailable
2026-09-26,TRN,KTW,2026-12-06,,,unavailable
2026-09-26,TRN,KTW,2026-12-07,,,unavailable
2026-09-26,TRN,KTW,2026-12-08,,,unavailable
2026-09-26,TRN,KTW,2026-12-09,,,unavailable
2026-09-26,TRN,KTW,2026-12-10,,,unavailable
2026-09-26,TRN,KTW,2026-12-11,,,unavailable
2026-09-26,TRN,KTW,2026-12-12,,,unavailable
2026-09-26,TRN,KTW,2026-12-13,,,unavailable
2026-09-26,TRN,KTW,2026-12-14,,,unavailable
2026-09-26,TRN,KTW,2026-12-15,,,unavailable
2026-09-26,TRN,KTW,2026-12-16,,,unavailable
2026-09-26,TRN,KTW,2026-12-17,,,unavailable
2026-09-26,TRN,KTW,2026-12-18,,,unavailable
2026-09-26,TRN,KTW,2026-12-19,20:45,227.76,ok
2026-09-26,TRN,KTW,2026-12-20,,,unavailable
2026-09-26,TRN,KTW,2026-12-21,,,unavailable
2026-09-26,TRN,KTW,2026-12-22,,,unavailable
2026-09-26,TRN,KTW,2026-12-23,,,unavailable
2026-09-26,TRN,KTW,2026-12-24,,,unavailable
2026-09-26,TRN,KTW,2026-12-25,,,unavailable
2026-09-26,TRN,KTW,2026-12-26,20:45,188.33,ok
2026-09-26,TRN,KTW,2026-12-27,,,unavailable
2026-09-26,TRN,KTW,2026-12-28,,,unavailable
2026-09-26,TRN,KTW,2026-12-29,,,unavailable
2026-09-26,TRN,KTW,2026-12-30,,,unavailable
2026-09-26,TRN,KTW,2026-12-31,,,unavailable
2026-09-26,TRN,KTW,2027-01-01,,,unavailable
2026-09-26,TRN,KTW,2027-01-02,20:45,271.57,ok
2026-09-26,TRN,KTW,2027-01-03,,,unavailable
2026-09-26,TRN,KTW,2027-01-04,,,unavailable
2026-09-26,TRN,KTW,2027-01-05,,,unavailable
2026-09-26,TRN,KTW,2027-01-06,,,unavailable
2026-09-26,TRN,KTW,2027-01-07,,,unavailable
2026-09-26,TRN,KTW,2027-01-08,,,unavailable
2026-09-26,TRN,KTW,2027-01-09,20:45,378.00,ok
2026-09-26,TRN,KTW,2027-01-10,,,unavailable
2026-09-26,TRN,KTW,2027-01-11,,,unavailable
2026-09-26,TRN,KTW,2027-01-12,,,unavailable
2026-09-26,TRN,KTW,2027-01-13,,,unavailable
2026-09-26,TRN,KTW,2027-01-14,,,unavailable
2026-09-26,TRN,KTW,2027-01-15,,,unavailable
2026-09-26,TRN,KTW,2027-01-16,20:45,251.00,ok
2026-09-26,TRN,KTW,2027-01-17,,,unavailable
2026-09-26,TRN,KTW,2027-01-18,,,unavailable
2026-09-26,TRN,KTW,2027-01-19,,,unavailable
2026-09-26,TRN,KTW,2027-01-20,,,unavailable
2026-09-26,TRN,KTW,2027-01-21,,,unavailable
2026-09-26,TRN,KTW,2027-01-22,,,unavailable
2026-09-26,TRN,KTW,2027-01-23,20:45,162.05,ok
2026-09-26,TRN,KTW,2027-01-24,,,unavailable
2026-09-26,TRN,KTW,2027-01-25,,,unavailable
2026-09-26,TRN,KTW,2027-01-26,,,unavailable
2026-09-26,TRN,KTW,2027-01-27,,,unavailable
2026-09-26,TRN,KTW,2027-01-28,,,unavailable
2026-09-26,TRN,KTW,2027-01-29,,,unavailable
2026-09-26,TRN,KTW,2027-01-30,20:45,179.57,ok
2026-09-26,TRN,KTW,2027-01-31,,,unavailable
2026-09-26,TRN,KTW,2027-02-01,,,unavailable
2026-09-26,TRN,KTW,2027-02-02,,,unavailable
2026-09-26,TRN,KTW,2027-02-03,,,unavailable
2026-09-26,TRN,KTW,2027-02-04,,,unavailable
2026-09-26,TRN,KTW,2027-02-05,,,unavailable
2026-09-26,TRN,KTW,2027-02-06,20:45,166.43,ok
2026-09-26,TRN,KTW,2027-02-07,,,unavailable
2026-09-26,TRN,KTW,2027-02-08,,,unavailable
2026-09-26,TRN,KTW,2027-02-09,,,unavailable
2026-09-26,TRN,KTW,2027-02-10,,,unavailable
2026-09-26,TRN,KTW,2027-02-11,,,unavailable
2026-09-26,TRN,KTW,2027-02-12,,,unavailable
2026-09-26,TRN,KTW,2027-02-13,20:45,251.00,ok
2026-09-26,TRN,KTW,2027-02-14,,,unavailable
2026-09-26,TRN,KTW,2027-02-15,,,unavailable
2026-09-26,TRN,KTW,2027-02-16,,,unavailable
2026-09-26,TRN,KTW,2027-02-17,,,unavailable
2026-09-26,TRN,KTW,2027-02-18,,,unavailable
2026-09-26,TRN,KTW,2027-02-19,,,unavailable
2026-09-26,TRN,KTW,2027-02-20,20:45,289.00,ok
2026-09-26,TRN,KTW,2027-02-21,,,unavailable
2026-09-26,TRN,KTW,2027-02-22,,,unavailable
2026-09-26,TRN,KTW,2027-02-23,,,unavailable
2026-09-26,TRN,KTW,2027-02-24,,,unavailable
2026-09-26,TRN,KTW,2027-02-25,,,unavailable
2026-09-26,TRN,KTW,2027-02-26,,,unavailable
2026-09-26,TRN,KTW,2027-02-27,20:45,251.00,ok
2026-09-26,TRN,KTW,2027-02-28,,,unavailable
2026-09-26,TRN,KTW,2027-03-01,,,unavailable
2026-09-26,TRN,KTW,2027-03-02,,,unavailable
2026-09-26,TRN,KTW,2027-03-03,,,unavailable
2026-09-26,TRN,KTW,2027-03-04,,,unavailable
2026-09-26,TRN,KTW,2027-03-05,,,unavailable
2026-09-26,TRN,KTW,2027-03-06,20:45,306.62,ok
2026-09-26,TRN,KTW,2027-03-07,,,unavailable
2026-09-26,TRN,KTW,2027-03-08,,,unavailable
2026-09-26,TRN,KTW,2027-03-09,,,unavailable
2026-09-26,TRN,KTW,2027-03-10,,,unavailable
2026-09-26,TRN,KTW,2027-03-11,,,unavailable
2026-09-26,TRN,KTW,2027-03-12,,,unavailable
2026-09-26,TRN,KTW,2027-03-13,20:45,214.62,ok
2026-09-26,TRN,KTW,2027-03-14,,,unavailable
2026-09-26,TRN,KTW,2027-03-15,,,unavailable
2026-09-26,TRN,KTW,2027-03-16,,,unavailable
2026-09-26,TRN,KTW,2027-03-17,,,unavailable
2026-09-26,TRN,KTW,2027-03-18,,,unavailable
2026-09-26,TRN,KTW,2027-03-19,,,unavailable
2026-09-26,TRN,KTW,2027-03-20,20:45,289.00,ok
2026-09-26,TRN,KTW,2027-03-21,,,unavailable
2026-09-26,TRN,KTW,2027-03-22,,,unavailable
2026-09-26,TRN,KTW,2027-03-23,,,unavailable
2026-09-26,TRN,KTW,2027-03-24,,,unavailable
2026-09-26,TRN,KTW,2027-03-25,,,unavailable
2026-09-26,TRN,KTW,2027-03-26,,,unavailable
2026-09-26,TRN,KTW,2027-03-27,20:45,289.00,ok
2026-09-26,TRN,KTW,2027-03-28,,,unavailable
2026-09-26,TRN,KTW,2027-03-29,,,unavailable
2026-09-26,TRN,KTW,2027-03-30,,,unavailable
2026-09-26,TRN,KTW,2027-03-31,,,unavailable
2026-09-26,TRN,KTW,2027-04-01,,,unavailable
2026-09-26,TRN,KTW,2027-04-02,,,unavailable
2026-09-26,TRN,KTW,2027-04-03,,,unavailable
2026-09-26,TRN,KTW,2027-04-04,,,unavailable
2026-09-26,TRN,KTW,2027-04-05,,,unavailable
2026-09-26,TRN,KTW,2027-04-06,,,unavailable
2026-09-26,TRN,KTW,2027-04-07,,,unavailable
2026-09-26,TRN,KTW,2027-04-08,,,unavailable
2026-09-26,TRN,KTW,2027-04-09,,,unavailable
2026-09-26,TRN,KTW,2027-04-10,,,unavailable
2026-09-26,TRN,KTW,2027-04-11,,,unavailable
2026-09-26,TRN,KTW,2027-04-12,,,unavailable
2026-09-26,TRN,KTW,2027-04-13,,,unavailable
2026-09-26,TRN,KTW,2027-04-14,,,unavailable
2026-09-26,TRN,KTW,2027-04-15,,,unavailable
2026-09-26,TRN,KTW,2027-04-16,,,unavailable
2026-09-26,TRN,KTW,2027-04-17,,,unavailable
2026-09-26,TRN,KTW,2027-04-18,,,unavailable
2026-09-26,TRN,KTW,2027-04-19,,,unavailable
2026-09-26,TRN,KTW,2027-04-20,,,unavailable
2026-09-26,TRN,KTW,2027-04-21,,,unavailable
2026-09-26,TRN,KTW,2027-04-22,,,unavailable
2026-09-26,TRN,KTW,2027-04-23,,,unavailable
2026-09-26,TRN,KTW,2027-04-24,,,unavailable
2026-09-26,TRN,KTW,2027-04-25,,,unavailable
2026-09-26,TRN,KTW,2027-04-26,,,unavailable
2026-09-26,TRN,KTW,2027-04-27,,,unavailable
2026-09-26,TRN,KTW,2027-04-28,,,unavailable
2026-09-26,TRN,KTW,2027-04-29,,,unavailable
2026-09-26,TRN,KTW,2027-04-30,,,unavailable
2026-09-26,TRN,KTW,2027-05-01,,,unavailable
2026-09-26,TRN,KTW,2027-05-02,,,unavailable
2026-09-26,TRN,KTW,2027-05-03,,,unavailable
2026-09-26,TRN,KTW,2027-05-04,,,unavailable
2026-09-26,TRN,KTW,2027-05-05,,,unavailable
2026-09-26,TRN,KTW,2027-05-06,,,unavailable
2026-09-26,TRN,KTW,2027-05-07,,,unavailable
2026-09-26,TRN,KTW,2027-05-08,,,unavailable
2026-09-26,TRN,KTW,2027-05-09,,,unavailable
2026-09-26,TRN,KTW,2027-05-10,,,unavailable
2026-09-26,TRN,KTW,2027-05-11,,,unavailable
2026-09-26,TRN,KTW,2027-05-12,,,unavailable
2026-09-26,TRN,KTW,2027-05-13,,,unavailable
2026-09-26,TRN,KTW,2027-05-14,,,unavailable
2026-09-26,TRN,KTW,2027-05-15,,,unavailable
2026-09-26,TRN,KTW,2027-05-16,,,unavailable
2026-09-26,TRN,KTW,2027-05-17,,,unavailable
2026-09-26,TRN,KTW,2027-05-18,,,unavailable
2026-09-26,TRN,KTW,2027-05-19,,,unavailable
2026-09-26,TRN,KTW,2027-05-20,,,unavailable
2026-09-26,TRN,KTW,2027-05-21,,,unavailable
2026-09-26,TRN,KTW,2027-05-22,,,unavailable
2026-09-26,TRN,KTW,2027-05-23,,,unavailable
2026-09-26,TRN,KTW,2027-05-24,,,unavailable
2026-09-26,TRN,KTW,2027-05-25,,,unavailable
2026-09-26,TRN,KTW,2027-05-26,,,unavailable
2026-09-26,TRN,KTW,2027-05-27,,,unavailable
2026-09-26,TRN,KTW,2027-05-28,,,unavailable
2026-09-26,TRN,KTW,2027-05-29,,,unavailable
2026-09-26,TRN,KTW,2027-05-30,,,unavailable
2026-09-26,TRN,KTW,2027-05-31,,,unavailable
2026-09-26,TRN,KTW,2027-06-01,,,unavailable
2026-09-26,TRN,KTW,2027-06-02,,,unavailable
2026-09-26,TRN,KTW,2027-06-03,,,unavailable
2026-09-26,TRN,KTW,2027-06-04,,,unavailable
2026-09-26,TRN,KTW,2027-06-05,,,unavailable
2026-09-26,TRN,KTW,2027-06-06,,,unavailable
2026-09-26,TRN,KTW,2027-06-07,,,unavailable
2026-09-26,TRN,KTW,2027-06-08,,,unavailable
2026-09-26,TRN,KTW,2027-06-09,,,unavailable
2026-09-26,TRN,KTW,2027-06-10,,,unavailable
2026-09-26,TRN,KTW,2027-06-11,,,unavailable
2026-09-26,TRN,KTW,2027-06-12,,,unavailable
2026-09-26,TRN,KTW,2027-06-13,,,unavailable
2026-09-26,TRN,KTW,2027-06-14,,,unavailable
2026-09-26,TRN,KTW,2027-06-15,,,unavailable
2026-09-26,TRN,KTW,2027-06-16,,,unavailable
2026-09-26,TRN,KTW,2027-06-17,,,unavailable
2026-09-26,TRN,KTW,2027-06-18,,,unavailable
2026-09-26,TRN,KTW,2027-06-19,,,unavailable
2026-09-26,TRN,KTW,2027-06-20,,,unavailable
2026-09-26,TRN,KTW,2027-06-21,,,unavailable
2026-09-26,TRN,KTW,2027-06-22,,,unavailable
2026-09-26,TRN,KTW,2027-06-23,,,unavailable
2026-09-26,TRN,KTW,2027-06-24,,,unavailable
2026-09-26,TRN,KTW,2027-06-25,,,unavailable
2026-09-26,TRN,KTW,2027-06-26,,,unavailable
2026-09-26,TRN,KTW,2027-06-27,,,unavailable
2026-09-26,TRN,KTW,2027-06-28,,,unavailable
2026-09-26,TRN,KTW,2027-06-29,,,unavailable
2026-09-26,TRN,KTW,2027-06-30,,,unavailable
2026-09-26,TRN,KTW,2027-07-01,,,unavailable
2026-09-26,TRN,KTW,2027-07-02,,,unavailable
2026-09-26,TRN,KTW,2027-07-03,,,unavailable
2026-09-26,TRN,KTW,2027-07-04,,,unavailable
2026-09-26,TRN,KTW,2027-07-05,,,unavailable
2026-09-26,TRN,KTW,2027-07-06,,,unavailable
2026-09-26,TRN,KTW,2027-07-07,,,unavailable
2026-09-26,TRN,KTW,2027-07-08,,,unavailable
2026-09-26,TRN,KTW,2027-07-09,,,unavailable
2026-09-26,TRN,KTW,2027-07-10,,,unavailable
2026-09-26,TRN,KTW,2027-07-11,,,unavailable
2026-09-26,TRN,KTW,2027-07-12,,,unavailable
2026-09-26,TRN,KTW,2027-07-13,,,unavailable
2026-09-26,TRN,KTW,2027-07-14,,,unavailable
2026-09-26,TRN,KTW,2027-07-15,,,unavailable
2026-09-26,TRN,KTW,2027-07-16,,,unavailable
2026-09-26,TRN,KTW,2027-07-17,,,unavailable
2026-09-26,TRN,KTW,2027-07-18,,,unavailable
2026-09-26,TRN,KTW,2027-07-19,,,unavailable
2026-09-26,TRN,KTW,2027-07-20,,,unavailable
2026-09-26,TRN,KTW,2027-07-21,,,unavailable
2026-09-26,TRN,KTW,2027-07-22,,,unavailable
2026-09-26,TRN,KTW,2027-07-23,,,unavailable
2026-09-26,TRN,KTW,2027-07-24,,,unavailable
2026-09-26,TRN,KTW,2027-07-25,,,unavailable
2026-09-26,TRN,KTW,2027-07-26,,,unavailable
2026-09-26,TRN,KTW,2027-07-27,,,unavailable
2026-09-26,TRN,KTW,2027-07-28,,,unavailable
2026-09-26,TRN,KTW,2027-07-29,,,unavailable
2026-09-26,TRN,KTW,2027-07-30,,,unavailable
2026-09-26,TRN,KTW,2027-07-31,,,unavailable
2026-09-26,TRN,KTW,2027-08-01,,,unavailable
2026-09-26,TRN,KTW,2027-08-02,,,unavailable
2026-09-26,TRN,KTW,2027-08-03,,,unavailable
2026-09-26,TRN,KTW,2027-08-04,,,unavailable
2026-09-26,TRN,KTW,2027-08-05,,,unavailable
2026-09-26,TRN,KTW,2027-08-06,,,unavailable
2026-09-26,TRN,KTW,2027-08-07,,,unavailable
2026-09-26,TRN,KTW,2027-08-08,,,unavailable
2026-09-26,TRN,KTW,2027-08-09,,,unavailable
2026-09-26,TRN,KTW,2027-08-10,,,unavailable
2026-09-26,TRN,KTW,2027-08-11,,,unavailable
2026-09-26,TRN,KTW,2027-08-12,,,unavailable
2026-09-26,TRN,KTW,2027-08-13,,,unavailable
2026-09-26,TRN,KTW,2027-08-14,,,unavailable
2026-09-26,TRN,KTW,2027-08-15,,,unavailable
2026-09-26,TRN,KTW,2027-08-16,,,unavailable
2026-09-26,TRN,KTW,2027-08-17,,,unavailable
2026-09-26,TRN,KTW,2027-08-18,,,unavailable
2026-09-26,TRN,KTW,2027-08-19,,,unavailable
2026-09-26,TRN,KTW,2027-08-20,,,unavailable
2026-09-26,TRN,KTW,2027-08-21,,,unavailable
2026-09-26,TRN,KTW,2027-08-22,,,unavailable
2026-09-26,TRN,KTW,2027-08-23,,,unavailable
2026-09-26,TRN,KTW,2027-08-24,,,unavailable
2026-09-26,TRN,KTW,2027-08-25,,,unavailable
2026-09-26,TRN,KTW,2027-08-26,,,unavailable
2026-09-26,TRN,KTW,2027-08-27,,,unavailable
2026-09-26,TRN,KTW,2027-08-28,,,unavailable
2026-09-26,TRN,KTW,2027-08-29,,,unavailable
2026-09-26,TRN,KTW,2027-08-30,,,unavailable
2026-09-26,TRN,KTW,2027-08-31,,,unavailable
2026-09-26,KTW,TSF,2026-09-26,,,unavailable
2026-09-26,KTW,TSF,2026-09-27,,,unavailable
2026-09-26,KTW,TSF,2026-09-28,,,unavailable
2026-09-26,KTW,TSF,2026-09-29,19:25,65.00,ok
2026-09-26,KTW,TSF,2026-09-30,,,unavailable
2026-09-26,KTW,TSF,2026-10-01,,,unavailable
2026-09-26,KTW,TSF,2026-10-02,,,unavailable
2026-09-26,KTW,TSF,2026-10-03,11:55,96.00,ok
2026-09-26,KTW,TSF,2026-10-04,,,unavailable
2026-09-26,KTW,TSF,2026-10-05,,,unavailable
2026-09-26,KTW,TSF,2026-10-06,19:25,65.00,ok
2026-09-26,KTW,TSF,2026-10-07,,,unavailable
2026-09-26,KTW,TSF,2026-10-08,,,unavailable
2026-09-26,KTW,TSF,2026-10-09,,,unavailable
2026-09-26,KTW,TSF,2026-10-10,11:55,161.15,ok
2026-09-26,KTW,TSF,2026-10-11,,,unavailable
2026-09-26,KTW,TSF,2026-10-12,,,unavailable
2026-09-26,KTW,TSF,2026-10-13,19:25,65.00,ok
2026-09-26,KTW,TSF,2026-10-14,,,unavailable
2026-09-26,KTW,TSF,2026-10-15,,,unavailable
2026-09-26,KTW,TSF,2026-10-16,,,unavailable
2026-09-26,KTW,TSF,2026-10-17,11:55,87.72,ok
2026-09-26,KTW,TSF,2026-10-18,,,unavailable
2026-09-26,KTW,TSF,2026-10-19,,,unavailable
2026-09-26,KTW,TSF,2026-10-20,19:25,65.00,ok
2026-09-26,KTW,TSF,2026-10-21,,,unavailable
2026-09-26,KTW,TSF,2026-10-22,,,unavailable
2026-09-26,KTW,TSF,2026-10-23,,,unavailable
2026-09-26,KTW,TSF,2026-10-24,11:55,65.00,ok
2026-09-26,KTW,TSF,2026-10-25,,,unavailable
2026-09-26,KTW,TSF,2026-10-26,,,unavailable
2026-09-26,KTW,TSF,2026-10-27,,,unavailable
2026-09-26,KTW,TSF,2026-10-28,,,unavailable
2026-09-26,KTW,TSF,2026-10-29,,,unavailable
2026-09-26,KTW,TSF,2026-10-30,,,unavailable
2026-09-26,KTW,TSF,2026-10-31,,,unavailable
2026-09-26,KTW,TSF,2026-11-01,,,unavailable
2026-09-26,KTW,TSF,2026-11-02,,,unavailable
2026-09-26,KTW,TSF,2026-11-03,,,unavailable
2026-09-26,KTW,TSF,2026-11-04,,,unavailable
2026-09-26,KTW,TSF,2026-11-05,,,unavailable
2026-09-26,KTW,TSF,2026-11-06,,,unavailable
2026-09-26,KTW,TSF,2026-11-07,,,unavailable
2026-09-26,KTW,TSF,2026-11-08,,,unavailable
2026-09-26,KTW,TSF,2026-11-09,,,unavailable
2026-09-26,KTW,TSF,2026-11-10,,,unavailable
2026-09-26,KTW,TSF,2026-11-11,,,unavailable
2026-09-26,KTW,TSF,2026-11-12,,,unavailable
2026-09-26,KTW,TSF,2026-11-13,,,unavailable
2026-09-26,KTW,TSF,2026-11-14,,,unavailable
2026-09-26,KTW,TSF,2026-11-15,,,unavailable
2026-09-26,KTW,TSF,2026-11-16,,,unavailable
2026-09-26,KTW,TSF,2026-11-17,,,unavailable
2026-09-26,KTW,TSF,2026-11-18,,,unavailable
2026-09-26,KTW,TSF,2026-11-19,,,unavailable
2026-09-26,KTW,TSF,2026-11-20,,,unavailable
2026-09-26,KTW,TSF,2026-11-21,,,unavailable
2026-09-26,KTW,TSF,2026-11-22,,,unavailable
2026-09-26,KTW,TSF,2026-11-23,,,unavailable
2026-09-26,KTW,TSF,2026-11-24,,,unavailable
2026-09-26,KTW,TSF,2026-11-25,,,unavailable
2026-09-26,KTW,TSF,2026-11-26,,,unavailable
2026-09-26,KTW,TSF,2026-11-27,,,unavailable
2026-09-26,KTW,TSF,2026-11-28,,,unavailable
2026-09-26,KTW,TSF,2026-11-29,,,unavailable
2026-09-26,KTW,TSF,2026-11-30,,,unavailable
2026-09-26,KTW,TSF,2026-12-01,,,unavailable
2026-09-26,KTW,TSF,2026-12-02,,,unavailable
2026-09-26,KTW,TSF,2026-12-03,,,unavailable
2026-09-26,KTW,TSF,2026-12-04,,,unavailable
2026-09-26,KTW,TSF,2026-12-05,,,unavailable
2026-09-26,KTW,TSF,2026-12-06,,,unavailable
2026-09-26,KTW,TSF,2026-12-07,,,unavailable
2026-09-26,KTW,TSF,2026-12-08,,,unavailable
2026-09-26,KTW,TSF,2026-12-09,,,unavailable
2026-09-26,KTW,TSF,2026-12-10,,,unavailable
2026-09-26,KTW,TSF,2026-12-11,,,unavailable
2026-09-26,KTW,TSF,2026-12-12,,,unavailable
2026-09-26,KTW,TSF,2026-12-13,,,unavailable
2026-09-26,KTW,TSF,2026-12-14,,,unavailable
2026-09-26,KTW,TSF,2026-12-15,,,unavailable
2026-09-26,KTW,TSF,2026-12-16,,,unavailable
2026-09-26,KTW,TSF,2026-12-17,,,unavailable
2026-09-26,KTW,TSF,2026-12-18,,,unavailable
2026-09-26,KTW,TSF,2026-12-19,,,unavailable
2026-09-26,KTW,TSF,2026-12-20,,,unavailable
2026-09-26,KTW,TSF,2026-12-21,,,unavailable
2026-09-26,KTW,TSF,2026-12-22,,,unavailable
2026-09-26,KTW,TSF,2026-12-23,,,unavailable
2026-09-26,KTW,TSF,2026-12-24,,,unavailable
2026-09-26,KTW,TSF,2026-12-25,,,unavailable
2026-09-26,KTW,TSF,2026-12-26,,,unavailable
2026-09-26,KTW,TSF,2026-12-27,,,unavailable
2026-09-26,KTW,TSF,2026-12-28,,,unavailable
2026-09-26,KTW,TSF,2026-12-29,,,unavailable
2026-09-26,KTW,TSF,2026-12-30,,,unavailable
2026-09-26,KTW,TSF,2026-12-31,,,unavailable
2026-09-26,KTW,TSF,2027-01-01,,,unavailable
2026-09-26,KTW,TSF,2027-01-02,,,unavailable
2026-09-26,KTW,TSF,2027-01-03,,,unavailable
2026-09-26,KTW,TSF,2027-01-04,,,unavailable
2026-09-26,KTW,TSF,2027-01-05,,,unavailable
2026-09-26,KTW,TSF,2027-01-06,,,unavailable
2026-09-26,KTW,TSF,2027-01-07,,,unavailable
2026-09-26,KTW,TSF,2027-01-08,,,unavailable
2026-09-26,KTW,TSF,2027-01-09,,,unavailable
2026-09-26,KTW,TSF,2027-01-10,,,unavailable
2026-09-26,KTW,TSF,2027-01-11,,,unavailable
2026-09-26,KTW,TSF,2027-01-12,,,unavailable
2026-09-26,KTW,TSF,2027-01-13,,,unavailable
2026-09-26,KTW,TSF,2027-01-14,,,unavailable
2026-09-26,KTW,TSF,2027-01-15,,,unavailable
2026-09-26,KTW,TSF,2027-01-16,,,unavailable
2026-09-26,KTW,TSF,2027-01-17,,,unavailable
2026-09-26,KTW,TSF,2027-01-18,,,unavailable
2026-09-26,KTW,TSF,2027-01-19,,,unavailable
2026-09-26,KTW,TSF,2027-01-20,,,unavailable
2026-09-26,KTW,TSF,2027-01-21,,,unavailable
2026-09-26,KTW,TSF,2027-01-22,,,unavailable
2026-09-26,KTW,TSF,2027-01-23,,,unavailable
2026-09-26,KTW,TSF,2027-01-24,,,unavailable
2026-09-26,KTW,TSF,2027-01-25,,,unavailable
2026-09-26,KTW,TSF,2027-01-26,,,unavailable
2026-09-26,KTW,TSF,2027-01-27,,,unavailable
2026-09-26,KTW,TSF,2027-01-28,,,unavailable
2026-09-26,KTW,TSF,2027-01-29,,,unavailable
2026-09-26,KTW,TSF,2027-01-30,,,unavailable
2026-09-26,KTW,TSF,2027-01-31,,,unavailable
2026-09-26,KTW,TSF,2027-02-01,,,unavailable
2026-09-26,KTW,TSF,2027-02-02,,,unavailable
2026-09-26,KTW,TSF,2027-02-03,,,unavailable
2026-09-26,KTW,TSF,2027-02-04,,,unavailable
2026-09-26,KTW,TSF,2027-02-05,,,unavailable
2026-09-26,KTW,TSF,2027-02-06,,,unavailable
2026-09-26,KTW,TSF,2027-02-07,,,unavailable
2026-09-26,KTW,TSF,2027-02-08,,,unavailable
2026-09-26,KTW,TSF,2027-02-09,,,unavailable
2026-09-26,KTW,TSF,2027-02-10,,,unavailable
2026-09-26,KTW,TSF,2027-02-11,,,unavailable
2026-09-26,KTW,TSF,2027-02-12,,,unavailable
2026-09-26,KTW,TSF,2027-02-13,,,unavailable
2026-09-26,KTW,TSF,2027-02-14,,,unavailable
2026-09-26,KTW,TSF,2027-02-15,,,unavailable
2026-09-26,KTW,TSF,2027-02-16,,,unavailable
2026-09-26,KTW,TSF,2027-02-17,,,unavailable
2026-09-26,KTW,TSF,2027-02-18,,,unavailable
2026-09-26,KTW,TSF,2027-02-19,,,unavailable
2026-09-26,KTW,TSF,2027-02-20,,,unavailable
2026-09-26,KTW,TSF,2027-02-21,,,unavailable
2026-09-26,KTW,TSF,2027-02-22,,,unavailable
2026-09-26,KTW,TSF,2027-02-23,,,unavailable
2026-09-26,KTW,TSF,2027-02-24,,,unavailable
2026-09-26,KTW,TSF,2027-02-25,,,unavailable
2026-09-26,KTW,TSF,2027-02-26,,,unavailable
2026-09-26,KTW,TSF,2027-02-27,,,unavailable
2026-09-26,KTW,TSF,2027-02-28,,,unavailable
2026-09-26,KTW,TSF,2027-03-01,,,unavailable
2026-09-26,KTW,TSF,2027-03-02,,,unavailable
2026-09-26,KTW,TSF,2027-03-03,,,unavailable
2026-09-26,KTW,TSF,2027-03-04,,,unavailable
2026-09-26,KTW,TSF,2027-03-05,,,unavailable
2026-09-26,KTW,TSF,2027-03-06,,,unavailable
2026-09-26,KTW,TSF,2027-03-07,,,unavailable
2026-09-26,KTW,TSF,2027-03-08,,,unavailable
2026-09-26,KTW,TSF,2027-03-09,,,unavailable
2026-09-26,KTW,TSF,2027-03-10,,,unavailable
2026-09-26,KTW,TSF,2027-03-11,,,unavailable
2026-09-26,KTW,TSF,2027-03-12,,,unavailable
2026-09-26,KTW,TSF,2027-03-13,,,unavailable
2026-09-26,KTW,TSF,2027-03-14,,,unavailable
2026-09-26,KTW,TSF,2027-03-15,,,unavailable
2026-09-26,KTW,TSF,2027-03-16,,,unavailable
2026-09-26,KTW,TSF,2027-03-17,,,unavailable
2026-09-26,KTW,TSF,2027-03-18,,,unavailable
2026-09-26,KTW,TSF,2027-03-19,,,unavailable
2026-09-26,KTW,TSF,2027-03-20,,,unavailable
2026-09-26,KTW,TSF,2027-03-21,,,unavailable
2026-09-26,KTW,TSF,2027-03-22,,,unavailable
2026-09-26,KTW,TSF,2027-03-23,,,unavailable
2026-09-26,KTW,TSF,2027-03-24,,,unavailable
2026-09-26,KTW,TSF,2027-03-25,,,unavailable
2026-09-26,KTW,TSF,2027-03-26,,,unavailable
2026-09-26,KTW,TSF,2027-03-27,,,unavailable
2026-09-26,KTW,TSF,2027-03-28,,,unavailable
2026-09-26,KTW,TSF,2027-03-29,06:05,213.00,ok
2026-09-26,KTW,TSF,2027-03-30,,,unavailable
2026-09-26,KTW,TSF,2027-03-31,16:45,213.00,ok
2026-09-26,KTW,TSF,2027-04-01,,,unavailable
2026-09-26,KTW,TSF,2027-04-02,11:15,327.00,ok
2026-09-26,KTW,TSF,2027-04-03,,,unavailable
2026-09-26,KTW,TSF,2027-04-04,,,unavailable
2026-09-26,KTW,TSF,2027-04-05,06:05,285.00,ok
2026-09-26,KTW,TSF,2027-04-06,,,unavailable
2026-09-26,KTW,TSF,2027-04-07,16:45,213.00,ok
2026-09-26,KTW,TSF,2027-04-08,,,unavailable
2026-09-26,KTW,TSF,2027-04-09,11:15,213.00,ok
2026-09-26,KTW,TSF,2027-04-10,,,unavailable
2026-09-26,KTW,TSF,2027-04-11,,,unavailable
2026-09-26,KTW,TSF,2027-04-12,06:05,213.00,ok
2026-09-26,KTW,TSF,2027-04-13,,,unavailable
2026-09-26,KTW,TSF,2027-04-14,16:45,213.00,ok
2026-09-26,KTW,TSF,2027-04-15,,,unavailable
2026-09-26,KTW,TSF,2027-04-16,11:15,213.00,ok
2026-09-26,KTW,TSF,2027-04-17,,,unavailable
2026-09-26,KTW,TSF,2027-04-18,,,unavailable
2026-09-26,KTW,TSF,2027-04-19,06:05,213.00,ok
2026-09-26,KTW,TSF,2027-04-20,,,unavailable
2026-09-26,KTW,TSF,2027-04-21,16:45,213.00,ok
2026-09-26,KTW,TSF,2027-04-22,,,unavailable
2026-09-26,KTW,TSF,2027-04-23,11:15,247.00,ok
2026-09-26,KTW,TSF,2027-04-24,,,unavailable
2026-09-26,KTW,TSF,2027-04-25,,,unavailable
2026-09-26,KTW,TSF,2027-04-26,06:05,213.00,ok
2026-09-26,KTW,TSF,2027-04-27,,,unavailable
2026-09-26,KTW,TSF,2027-04-28,16:45,213.00,ok
2026-09-26,KTW,TSF,2027-04-29,,,unavailable
2026-09-26,KTW,TSF,2027-04-30,11:15,213.00,ok
2026-09-26,KTW,TSF,2027-05-01,,,unavailable
2026-09-26,KTW,TSF,2027-05-02,,,unavailable
2026-09-26,KTW,TSF,2027-05-03,06:05,213.00,ok
2026-09-26,KTW,TSF,2027-05-04,,,unavailable
2026-09-26,KTW,TSF,2027-05-05,16:45,213.00,ok
2026-09-26,KTW,TSF,2027-05-06,,,unavailable
2026-09-26,KTW,TSF,2027-05-07,11:15,285.00,ok
2026-09-26,KTW,TSF,2027-05-08,,,unavailable
2026-09-26,KTW,TSF,2027-05-09,,,unavailable
2026-09-26,KTW,TSF,2027-05-10,06:05,213.00,ok
2026-09-26,KTW,TSF,2027-05-11,,,unavailable
2026-09-26,KTW,TSF,2027-05-12,16:45,213.00,ok
2026-09-26,KTW,TSF,2027-05-13,,,unavailable
2026-09-26,KTW,TSF,2027-05-14,11:15,247.00,ok
2026-09-26,KTW,TSF,2027-05-15,,,unavailable
2026-09-26,KTW,TSF,2027-05-16,,,unavailable
2026-09-26,KTW,TSF,2027-05-17,06:05,213.00,ok
2026-09-26,KTW,TSF,2027-05-18,,,unavailable
2026-09-26,KTW,TSF,2027-05-19,16:45,213.00,ok
2026-09-26,KTW,TSF,2027-05-20,,,unavailable
2026-09-26,KTW,TSF,2027-05-21,11:15,213.00,ok
2026-09-26,KTW,TSF,2027-05-22,,,unavailable
2026-09-26,KTW,TSF,2027-05-23,,,unavailable
2026-09-26,KTW,TSF,2027-05-24,06:05,213.00,ok
2026-09-26,KTW,TSF,2027-05-25,,,unavailable
2026-09-26,KTW,TSF,2027-05-26,16:45,213.00,ok
2026-09-26,KTW,TSF,2027-05-27,,,unavailable
2026-09-26,KTW,TSF,2027-05-28,11:15,213.00,ok
2026-09-26,KTW,TSF,2027-05-29,,,unavailable
2026-09-26,KTW,TSF,2027-05-30,,,unavailable
2026-09-26,KTW,TSF,2027-05-31,06:05,327.00,ok
2026-09-26,KTW,TSF,2027-06-01,,,unavailable
2026-09-26,KTW,TSF,2027-06-02,16:45,327.00,ok
2026-09-26,KTW,TSF,2027-06-03,,,unavailable
2026-09-26,KTW,TSF,2027-06-04,11:15,247.00,ok
2026-09-26,KTW,TSF,2027-06-05,,,unavailable
2026-09-26,KTW,TSF,2027-06-06,,,unavailable
2026-09-26,KTW,TSF,2027-06-07,06:05,213.00,ok
2026-09-26,KTW,TSF,2027-06-08,,,unavailable
2026-09-26,KTW,TSF,2027-06-09,16:45,213.00,ok
2026-09-26,KTW,TSF,2027-06-10,,,unavailable
2026-09-26,KTW,TSF,2027-06-11,11:15,213.00,ok
2026-09-26,KTW,TSF,2027-06-12,,,unavailable
2026-09-26,KTW,TSF,2027-06-13,,,unavailable
2026-09-26,KTW,TSF,2027-06-14,06:05,213.00,ok
2026-09-26,KTW,TSF,2027-06-15,,,unavailable
2026-09-26,KTW,TSF,2027-06-16,16:45,213.00,ok
2026-09-26,KTW,TSF,2027-06-17,,,unavailable
2026-09-26,KTW,TSF,2027-06-18,11:15,247.00,ok
2026-09-26,KTW,TSF,2027-06-19,,,unavailable
2026-09-26,KTW,TSF,2027-06-20,,,unavailable
2026-09-26,KTW,TSF,2027-06-21,06:05,213.00,ok
2026-09-26,KTW,TSF,2027-06-22,,,unavailable
2026-09-26,KTW,TSF,2027-06-23,16:45,213.00,ok
2026-09-26,KTW,TSF,2027-06-24,,,unavailable
2026-09-26,KTW,TSF,2027-06-25,11:15,327.00,ok
2026-09-26,KTW,TSF,2027-06-26,,,unavailable
2026-09-26,KTW,TSF,2027-06-27,,,unavailable
2026-09-26,KTW,TSF,2027-06-28,06:05,213.00,ok
2026-09-26,KTW,TSF,2027-06-29,,,unavailable
2026-09-26,KTW,TSF,2027-06-30,16:45,213.00,ok
2026-09-26,KTW,TSF,2027-07-01,,,unavailable
2026-09-26,KTW,TSF,2027-07-02,11:15,247.00,ok
2026-09-26,KTW,TSF,2027-07-03,,,unavailable
2026-09-26,KTW,TSF,2027-07-04,,,unavailable
2026-09-26,KTW,TSF,2027-07-05,06:05,213.00,ok
2026-09-26,KTW,TSF,2027-07-06,,,unavailable
2026-09-26,KTW,TSF,2027-07-07,16:45,213.00,ok
2026-09-26,KTW,TSF,2027-07-08,,,unavailable
2026-09-26,KTW,TSF,2027-07-09,11:15,247.00,ok
2026-09-26,KTW,TSF,2027-07-10,,,unavailable
2026-09-26,KTW,TSF,2027-07-11,,,unavailable
2026-09-26,KTW,TSF,2027-07-12,06:05,213.00,ok
2026-09-26,KTW,TSF,2027-07-13,,,unavailable
2026-09-26,KTW,TSF,2027-07-14,16:45,213.00,ok
2026-09-26,KTW,TSF,2027-07-15,,,unavailable
2026-09-26,KTW,TSF,2027-07-16,11:15,247.00,ok
2026-09-26,KTW,TSF,2027-07-17,,,unavailable
2026-09-26,KTW,TSF,2027-07-18,,,unavailable
2026-09-26,KTW,TSF,2027-07-19,06:05,213.00,ok
2026-09-26,KTW,TSF,2027-07-20,,,unavailable
2026-09-26,KTW,TSF,2027-07-21,16:45,213.00,ok
2026-09-26,KTW,TSF,2027-07-22,,,unavailable
2026-09-26,KTW,TSF,2027-07-23,11:15,285.00,ok
2026-09-26,KTW,TSF,2027-07-24,,,unavailable
2026-09-26,KTW,TSF,2027-07-25,,,unavailable
2026-09-26,KTW,TSF,2027-07-26,06:05,213.00,ok
2026-09-26,KTW,TSF,2027-07-27,,,unavailable
2026-09-26,KTW,TSF,2027-07-28,16:45,213.00,ok
2026-09-26,KTW,TSF,2027-07-29,,,unavailable
2026-09-26,KTW,TSF,2027-07-30,11:15,247.00,ok
2026-09-26,KTW,TSF,2027-07-31,,,unavailable
2026-09-26,KTW,TSF,2027-08-01,,,unavailable
2026-09-26,KTW,TSF,2027-08-02,06:05,213.00,ok
2026-09-26,KTW,TSF,2027-08-03,,,unavailable
2026-09-26,KTW,TSF,2027-08-04,16:45,213.00,ok
2026-09-26,KTW,TSF,2027-08-05,,,unavailable
2026-09-26,KTW,TSF,2027-08-06,11:15,285.00,ok
2026-09-26,KTW,TSF,2027-08-07,,,unavailable
2026-09-26,KTW,TSF,2027-08-08,,,unavailable
2026-09-26,KTW,TSF,2027-08-09,06:05,213.00,ok
2026-09-26,KTW,TSF,2027-08-10,,,unavailable
2026-09-26,KTW,TSF,2027-08-11,16:45,213.00,ok
2026-09-26,KTW,TSF,2027-08-12,,,unavailable
2026-09-26,KTW,TSF,2027-08-13,11:15,327.00,ok
2026-09-26,KTW,TSF,2027-08-14,,,unavailable
2026-09-26,KTW,TSF,2027-08-15,,,unavailable
2026-09-26,KTW,TSF,2027-08-16,06:05,213.00,ok
2026-09-26,KTW,TSF,2027-08-17,,,unavailable
2026-09-26,KTW,TSF,2027-08-18,16:45,213.00,ok
2026-09-26,KTW,TSF,2027-08-19,,,unavailable
2026-09-26,KTW,TSF,2027-08-20,11:15,370.00,ok
2026-09-26,KTW,TSF,2027-08-21,,,unavailable
2026-09-26,KTW,TSF,2027-08-22,,,unavailable
2026-09-26,KTW,TSF,2027-08-23,06:05,213.00,ok
2026-09-26,KTW,TSF,2027-08-24,,,unavailable
2026-09-26,KTW,TSF,2027-08-25,16:45,213.00,ok
2026-09-26,KTW,TSF,2027-08-26,,,unavailable
2026-09-26,KTW,TSF,2027-08-27,11:15,285.00,ok
2026-09-26,KTW,TSF,2027-08-28,,,unavailable
2026-09-26,KTW,TSF,2027-08-29,,,unavailable
2026-09-26,KTW,TSF,2027-08-30,06:05,213.00,ok
2026-09-26,KTW,TSF,2027-08-31,,,unavailable
2026-09-26,TSF,KTW,2026-09-26,,,unavailable
2026-09-26,TSF,KTW,2026-09-27,,,unavailable
2026-09-26,TSF,KTW,2026-09-28,,,unavailable
2026-09-26,TSF,KTW,2026-09-29,21:35,231.84,ok
2026-09-26,TSF,KTW,2026-09-30,,,unavailable
2026-09-26,TSF,KTW,2026-10-01,,,unavailable
2026-09-26,TSF,KTW,2026-10-02,,,unavailable
2026-09-26,TSF,KTW,2026-10-03,13:55,152.48,ok
2026-09-26,TSF,KTW,2026-10-04,,,unavailable
2026-09-26,TSF,KTW,2026-10-05,,,unavailable
2026-09-26,TSF,KTW,2026-10-06,21:35,65.00,ok
2026-09-26,TSF,KTW,2026-10-07,,,unavailable
2026-09-26,TSF,KTW,2026-10-08,,,unavailable
2026-09-26,TSF,KTW,2026-10-09,,,unavailable
2026-09-26,TSF,KTW,2026-10-10,13:55,65.00,ok
2026-09-26,TSF,KTW,2026-10-11,,,unavailable
2026-09-26,TSF,KTW,2026-10-12,,,unavailable
2026-09-26,TSF,KTW,2026-10-13,21:35,111.38,ok
2026-09-26,TSF,KTW,2026-10-14,,,unavailable
2026-09-26,TSF,KTW,2026-10-15,,,unavailable
2026-09-26,TSF,KTW,2026-10-16,,,unavailable
2026-09-26,TSF,KTW,2026-10-17,13:55,96.18,ok
2026-09-26,TSF,KTW,2026-10-18,,,unavailable
2026-09-26,TSF,KTW,2026-10-19,,,unavailable
2026-09-26,TSF,KTW,2026-10-20,21:35,125.09,ok
2026-09-26,TSF,KTW,2026-10-21,,,unavailable
2026-09-26,TSF,KTW,2026-10-22,,,unavailable
2026-09-26,TSF,KTW,2026-10-23,,,unavailable
2026-09-26,TSF,KTW,2026-10-24,13:55,65.00,ok
2026-09-26,TSF,KTW,2026-10-25,,,unavailable
2026-09-26,TSF,KTW,2026-10-26,,,unavailable
2026-09-26,TSF,KTW,2026-10-27,,,unavailable
2026-09-26,TSF,KTW,2026-10-28,,,unavailable
2026-09-26,TSF,KTW,2026-10-29,,,unavailable
2026-09-26,TSF,KTW,2026-10-30,,,unavailable
2026-09-26,TSF,KTW,2026-10-31,,,unavailable
2026-09-26,TSF,KTW,2026-11-01,,,unavailable
2026-09-26,TSF,KTW,2026-11-02,,,unavailable
2026-09-26,TSF,KTW,2026-11-03,,,unavailable
2026-09-26,TSF,KTW,2026-11-04,,,unavailable
2026-09-26,TSF,KTW,2026-11-05,,,unavailable
2026-09-26,TSF,KTW,2026-11-06,,,unavailable
2026-09-26,TSF,KTW,2026-11-07,,,unavailable
2026-09-26,TSF,KTW,2026-11-08,,,unavailable
2026-09-26,TSF,KTW,2026-11-09,,,unavailable
2026-09-26,TSF,KTW,2026-11-10,,,unavailable
2026-09-26,TSF,KTW,2026-11-11,,,unavailable
2026-09-26,TSF,KTW,2026-11-12,,,unavailable
2026-09-26,TSF,KTW,2026-11-13,,,unavailable
2026-09-26,TSF,KTW,2026-11-14,,,unavailable
2026-09-26,TSF,KTW,2026-11-15,,,unavailable
2026-09-26,TSF,KTW,2026-11-16,,,unavailable
2026-09-26,TSF,KTW,2026-11-17,,,unavailable
2026-09-26,TSF,KTW,2026-11-18,,,unavailable
2026-09-26,TSF,KTW,2026-11-19,,,unavailable
2026-09-26,TSF,KTW,2026-11-20,,,unavailable
2026-09-26,TSF,KTW,2026-11-21,,,unavailable
2026-09-26,TSF,KTW,2026-11-22,,,unavailable
2026-09-26,TSF,KTW,2026-11-23,,,unavailable
2026-09-26,TSF,KTW,2026-11-24,,,unavailable
2026-09-26,TSF,KTW,2026-11-25,,,unavailable
2026-09-26,TSF,KTW,2026-11-26,,,unavailable
2026-09-26,TSF,KTW,2026-11-27,,,unavailable
2026-09-26,TSF,KTW,2026-11-28,,,unavailable
2026-09-26,TSF,KTW,2026-11-29,,,unavailable
2026-09-26,TSF,KTW,2026-11-30,,,unavailable
2026-09-26,TSF,KTW,2026-12-01,,,unavailable
2026-09-26,TSF,KTW,2026-12-02,,,unavailable
2026-09-26,TSF,KTW,2026-12-03,,,unavailable
2026-09-26,TSF,KTW,2026-12-04,,,unavailable
2026-09-26,TSF,KTW,2026-12-05,,,unavailable
2026-09-26,TSF,KTW,2026-12-06,,,unavailable
2026-09-26,TSF,KTW,2026-12-07,,,unavailable
2026-09-26,TSF,KTW,2026-12-08,,,unavailable
2026-09-26,TSF,KTW,2026-12-09,,,unavailable
2026-09-26,TSF,KTW,2026-12-10,,,unavailable
2026-09-26,TSF,KTW,2026-12-11,,,unavailable
2026-09-26,TSF,KTW,2026-12-12,,,unavailable
2026-09-26,TSF,KTW,2026-12-13,,,unavailable
2026-09-26,TSF,KTW,2026-12-14,,,unavailable
2026-09-26,TSF,KTW,2026-12-15,,,unavailable
2026-09-26,TSF,KTW,2026-12-16,,,unavailable
2026-09-26,TSF,KTW,2026-12-17,,,unavailable
2026-09-26,TSF,KTW,2026-12-18,,,unavailable
2026-09-26,TSF,KTW,2026-12-19,,,unavailable
2026-09-26,TSF,KTW,2026-12-20,,,unavailable
2026-09-26,TSF,KTW,2026-12-21,,,unavailable
2026-09-26,TSF,KTW,2026-12-22,,,unavailable
2026-09-26,TSF,KTW,2026-12-23,,,unavailable
2026-09-26,TSF,KTW,2026-12-24,,,unavailable
2026-09-26,TSF,KTW,2026-12-25,,,unavailable
2026-09-26,TSF,KTW,2026-12-26,,,unavailable
2026-09-26,TSF,KTW,2026-12-27,,,unavailable
2026-09-26,TSF,KTW,2026-12-28,,,unavailable
2026-09-26,TSF,KTW,2026-12-29,,,unavailable
2026-09-26,TSF,KTW,2026-12-30,,,unavailable
2026-09-26,TSF,KTW,2026-12-31,,,unavailable
2026-09-26,TSF,KTW,2027-01-01,,,unavailable
2026-09-26,TSF,KTW,2027-01-02,,,unavailable
2026-09-26,TSF,KTW,2027-01-03,,,unavailable
2026-09-26,TSF,KTW,2027-01-04,,,unavailable
2026-09-26,TSF,KTW,2027-01-05,,,unavailable
2026-09-26,TSF,KTW,2027-01-06,,,unavailable
2026-09-26,TSF,KTW,2027-01-07,,,unavailable
2026-09-26,TSF,KTW,2027-01-08,,,unavailable
2026-09-26,TSF,KTW,2027-01-09,,,unavailable
2026-09-26,TSF,KTW,2027-01-10,,,unavailable
2026-09-26,TSF,KTW,2027-01-11,,,unavailable
2026-09-26,TSF,KTW,2027-01-12,,,unavailable
2026-09-26,TSF,KTW,2027-01-13,,,unavailable
2026-09-26,TSF,KTW,2027-01-14,,,unavailable
2026-09-26,TSF,KTW,2027-01-15,,,unavailable
2026-09-26,TSF,KTW,2027-01-16,,,unavailable
2026-09-26,TSF,KTW,2027-01-17,,,unavailable
2026-09-26,TSF,KTW,2027-01-18,,,unavailable
2026-09-26,TSF,KTW,2027-01-19,,,unavailable
2026-09-26,TSF,KTW,2027-01-20,,,unavailable
2026-09-26,TSF,KTW,2027-01-21,,,unavailable
2026-09-26,TSF,KTW,2027-01-22,,,unavailable
2026-09-26,TSF,KTW,2027-01-23,,,unavailable
2026-09-26,TSF,KTW,2027-01-24,,,unavailable
2026-09-26,TSF,KTW,2027-01-25,,,unavailable
2026-09-26,TSF,KTW,2027-01-26,,,unavailable
2026-09-26,TSF,KTW,2027-01-27,,,unavailable
2026-09-26,TSF,KTW,2027-01-28,,,unavailable
2026-09-26,TSF,KTW,2027-01-29,,,unavailable
2026-09-26,TSF,KTW,2027-01-30,,,unavailable
2026-09-26,TSF,KTW,2027-01-31,,,unavailable
2026-09-26,TSF,KTW,2027-02-01,,,unavailable
2026-09-26,TSF,KTW,2027-02-02,,,unavailable
2026-09-26,TSF,KTW,2027-02-03,,,unavailable
2026-09-26,TSF,KTW,2027-02-04,,,unavailable
2026-09-26,TSF,KTW,2027-02-05,,,unavailable
2026-09-26,TSF,KTW,2027-02-06,,,unavailable
2026-09-26,TSF,KTW,2027-02-07,,,unavailable
2026-09-26,TSF,KTW,2027-02-08,,,unavailable
2026-09-26,TSF,KTW,2027-02-09,,,unavailable
2026-09-26,TSF,KTW,2027-02-10,,,unavailable
2026-09-26,TSF,KTW,2027-02-11,,,unavailable
2026-09-26,TSF,KTW,2027-02-12,,,unavailable
2026-09-26,TSF,KTW,2027-02-13,,,unavailable
2026-09-26,TSF,KTW,2027-02-14,,,unavailable
2026-09-26,TSF,KTW,2027-02-15,,,unavailable
2026-09-26,TSF,KTW,2027-02-16,,,unavailable
2026-09-26,TSF,KTW,2027-02-17,,,unavailable
2026-09-26,TSF,KTW,2027-02-18,,,unavailable
2026-09-26,TSF,KTW,2027-02-19,,,unavailable
2026-09-26,TSF,KTW,2027-02-20,,,unavailable
2026-09-26,TSF,KTW,2027-02-21,,,unavailable
2026-09-26,TSF,KTW,2027-02-22,,,unavailable
2026-09-26,TSF,KTW,2027-02-23,,,unavailable
2026-09-26,TSF,KTW,2027-02-24,,,unavailable
2026-09-26,TSF,KTW,2027-02-25,,,unavailable
2026-09-26,TSF,KTW,2027-02-26,,,unavailable
2026-09-26,TSF,KTW,2027-02-27,,,unavailable
2026-09-26,TSF,KTW,2027-02-28,,,unavailable
2026-09-26,TSF,KTW,2027-03-01,,,unavailable
2026-09-26,TSF,KTW,2027-03-02,,,unavailable
2026-09-26,TSF,KTW,2027-03-03,,,unavailable
2026-09-26,TSF,KTW,2027-03-04,,,unavailable
2026-09-26,TSF,KTW,2027-03-05,,,unavailable
2026-09-26,TSF,KTW,2027-03-06,,,unavailable
2026-09-26,TSF,KTW,2027-03-07,,,unavailable
2026-09-26,TSF,KTW,2027-03-08,,,unavailable
2026-09-26,TSF,KTW,2027-03-09,,,unavailable
2026-09-26,TSF,KTW,2027-03-10,,,unavailable
2026-09-26,TSF,KTW,2027-03-11,,,unavailable
2026-09-26,TSF,KTW,2027-03-12,,,unavailable
2026-09-26,TSF,KTW,2027-03-13,,,unavailable
2026-09-26,TSF,KTW,2027-03-14,,,unavailable
2026-09-26,TSF,KTW,2027-03-15,,,unavailable
2026-09-26,TSF,KTW,2027-03-16,,,unavailable
2026-09-26,TSF,KTW,2027-03-17,,,unavailable
2026-09-26,TSF,KTW,2027-03-18,,,unavailable
2026-09-26,TSF,KTW,2027-03-19,,,unavailable
2026-09-26,TSF,KTW,2027-03-20,,,unavailable
2026-09-26,TSF,KTW,2027-03-21,,,unavailable
2026-09-26,TSF,KTW,2027-03-22,,,unavailable
2026-09-26,TSF,KTW,2027-03-23,,,unavailable
2026-09-26,TSF,KTW,2027-03-24,,,unavailable
2026-09-26,TSF,KTW,2027-03-25,,,unavailable
2026-09-26,TSF,KTW,2027-03-26,,,unavailable
2026-09-26,TSF,KTW,2027-03-27,,,unavailable
2026-09-26,TSF,KTW,2027-03-28,,,unavailable
2026-09-26,TSF,KTW,2027-03-29,08:10,370.00,ok
2026-09-26,TSF,KTW,2027-03-30,,,unavailable
2026-09-26,TSF,KTW,2027-03-31,19:45,247.00,ok
2026-09-26,TSF,KTW,2027-04-01,,,unavailable
2026-09-26,TSF,KTW,2027-04-02,13:20,213.00,ok
2026-09-26,TSF,KTW,2027-04-03,,,unavailable
2026-09-26,TSF,KTW,2027-04-04,,,unavailable
2026-09-26,TSF,KTW,2027-04-05,08:10,213.00,ok
2026-09-26,TSF,KTW,2027-04-06,,,unavailable
2026-09-26,TSF,KTW,2027-04-07,19:45,370.00,ok
2026-09-26,TSF,KTW,2027-04-08,,,unavailable
2026-09-26,TSF,KTW,2027-04-09,13:20,213.00,ok
2026-09-26,TSF,KTW,2027-04-10,,,unavailable
2026-09-26,TSF,KTW,2027-04-11,,,unavailable
2026-09-26,TSF,KTW,2027-04-12,08:10,247.00,ok
2026-09-26,TSF,KTW,2027-04-13,,,unavailable
2026-09-26,TSF,KTW,2027-04-14,19:45,247.00,ok
2026-09-26,TSF,KTW,2027-04-15,,,unavailable
2026-09-26,TSF,KTW,2027-04-16,13:20,213.00,ok
2026-09-26,TSF,KTW,2027-04-17,,,unavailable
2026-09-26,TSF,KTW,2027-04-18,,,unavailable
2026-09-26,TSF,KTW,2027-04-19,08:10,213.00,ok
2026-09-26,TSF,KTW,2027-04-20,,,unavailable
2026-09-26,TSF,KTW,2027-04-21,19:45,213.00,ok
2026-09-26,TSF,KTW,2027-04-22,,,unavailable
2026-09-26,TSF,KTW,2027-04-23,13:20,213.00,ok
2026-09-26,TSF,KTW,2027-04-24,,,unavailable
2026-09-26,TSF,KTW,2027-04-25,,,unavailable
2026-09-26,TSF,KTW,2027-04-26,08:10,213.00,ok
2026-09-26,TSF,KTW,2027-04-27,,,unavailable
2026-09-26,TSF,KTW,2027-04-28,19:45,213.00,ok
2026-09-26,TSF,KTW,2027-04-29,,,unavailable
2026-09-26,TSF,KTW,2027-04-30,13:20,285.00,ok
2026-09-26,TSF,KTW,2027-05-01,,,unavailable
2026-09-26,TSF,KTW,2027-05-02,,,unavailable
2026-09-26,TSF,KTW,2027-05-03,08:10,247.00,ok
2026-09-26,TSF,KTW,2027-05-04,,,unavailable
2026-09-26,TSF,KTW,2027-05-05,19:45,247.00,ok
2026-09-26,TSF,KTW,2027-05-06,,,unavailable
2026-09-26,TSF,KTW,2027-05-07,13:20,213.00,ok
2026-09-26,TSF,KTW,2027-05-08,,,unavailable
2026-09-26,TSF,KTW,2027-05-09,,,unavailable
2026-09-26,TSF,KTW,2027-05-10,08:10,213.00,ok
2026-09-26,TSF,KTW,2027-05-11,,,unavailable
2026-09-26,TSF,KTW,2027-05-12,19:45,213.00,ok
2026-09-26,TSF,KTW,2027-05-13,,,unavailable
2026-09-26,TSF,KTW,2027-05-14,13:20,213.00,ok
2026-09-26,TSF,KTW,2027-05-15,,,unavailable
2026-09-26,TSF,KTW,2027-05-16,,,unavailable
2026-09-26,TSF,KTW,2027-05-17,08:10,213.00,ok
2026-09-26,TSF,KTW,2027-05-18,,,unavailable
2026-09-26,TSF,KTW,2027-05-19,19:45,213.00,ok
2026-09-26,TSF,KTW,2027-05-20,,,unavailable
2026-09-26,TSF,KTW,2027-05-21,13:20,213.00,ok
2026-09-26,TSF,KTW,2027-05-22,,,unavailable
2026-09-26,TSF,KTW,2027-05-23,,,unavailable
2026-09-26,TSF,KTW,2027-05-24,08:10,213.00,ok
2026-09-26,TSF,KTW,2027-05-25,,,unavailable
2026-09-26,TSF,KTW,2027-05-26,19:45,213.00,ok
2026-09-26,TSF,KTW,2027-05-27,,,unavailable
2026-09-26,TSF,KTW,2027-05-28,13:20,247.00,ok
2026-09-26,TSF,KTW,2027-05-29,,,unavailable
2026-09-26,TSF,KTW,2027-05-30,,,unavailable
2026-09-26,TSF,KTW,2027-05-31,08:10,213.00,ok
2026-09-26,TSF,KTW,2027-06-01,,,unavailable
2026-09-26,TSF,KTW,2027-06-02,19:45,213.00,ok
2026-09-26,TSF,KTW,2027-06-03,,,unavailable
2026-09-26,TSF,KTW,2027-06-04,13:20,213.00,ok
2026-09-26,TSF,KTW,2027-06-05,,,unavailable
2026-09-26,TSF,KTW,2027-06-06,,,unavailable
2026-09-26,TSF,KTW,2027-06-07,08:10,213.00,ok
2026-09-26,TSF,KTW,2027-06-08,,,unavailable
2026-09-26,TSF,KTW,2027-06-09,19:45,213.00,ok
2026-09-26,TSF,KTW,2027-06-10,,,unavailable
2026-09-26,TSF,KTW,2027-06-11,13:20,213.00,ok
2026-09-26,TSF,KTW,2027-06-12,,,unavailable
2026-09-26,TSF,KTW,2027-06-13,,,unavailable
2026-09-26,TSF,KTW,2027-06-14,08:10,213.00,ok
2026-09-26,TSF,KTW,2027-06-15,,,unavailable
2026-09-26,TSF,KTW,2027-06-16,19:45,213.00,ok
2026-09-26,TSF,KTW,2027-06-17,,,unavailable
2026-09-26,TSF,KTW,2027-06-18,13:20,213.00,ok
2026-09-26,TSF,KTW,2027-06-19,,,unavailable
2026-09-26,TSF,KTW,2027-06-20,,,unavailable
2026-09-26,TSF,KTW,2027-06-21,08:10,213.00,ok
2026-09-26,TSF,KTW,2027-06-22,,,unavailable
2026-09-26,TSF,KTW,2027-06-23,19:45,213.00,ok
2026-09-26,TSF,KTW,2027-06-24,,,unavailable
2026-09-26,TSF,KTW,2027-06-25,13:20,213.00,ok
2026-09-26,TSF,KTW,2027-06-26,,,unavailable
2026-09-26,TSF,KTW,2027-06-27,,,unavailable
2026-09-26,TSF,KTW,2027-06-28,08:10,213.00,ok
2026-09-26,TSF,KTW,2027-06-29,,,unavailable
2026-09-26,TSF,KTW,2027-06-30,19:45,213.00,ok
2026-09-26,TSF,KTW,2027-07-01,,,unavailable
2026-09-26,TSF,KTW,2027-07-02,13:20,213.00,ok
2026-09-26,TSF,KTW,2027-07-03,,,unavailable
2026-09-26,TSF,KTW,2027-07-04,,,unavailable
2026-09-26,TSF,KTW,2027-07-05,08:10,213.00,ok
2026-09-26,TSF,KTW,2027-07-06,,,unavailable
2026-09-26,TSF,KTW,2027-07-07,19:45,213.00,ok
2026-09-26,TSF,KTW,2027-07-08,,,unavailable
2026-09-26,TSF,KTW,2027-07-09,13:20,247.00,ok
2026-09-26,TSF,KTW,2027-07-10,,,unavailable
2026-09-26,TSF,KTW,2027-07-11,,,unavailable
2026-09-26,TSF,KTW,2027-07-12,08:10,247.00,ok
2026-09-26,TSF,KTW,2027-07-13,,,unavailable
2026-09-26,TSF,KTW,2027-07-14,19:45,247.00,ok
2026-09-26,TSF,KTW,2027-07-15,,,unavailable
2026-09-26,TSF,KTW,2027-07-16,13:20,285.00,ok
2026-09-26,TSF,KTW,2027-07-17,,,unavailable
2026-09-26,TSF,KTW,2027-07-18,,,unavailable
2026-09-26,TSF,KTW,2027-07-19,08:10,213.00,ok
2026-09-26,TSF,KTW,2027-07-20,,,unavailable
2026-09-26,TSF,KTW,2027-07-21,19:45,213.00,ok
2026-09-26,TSF,KTW,2027-07-22,,,unavailable
2026-09-26,TSF,KTW,2027-07-23,13:20,247.00,ok
2026-09-26,TSF,KTW,2027-07-24,,,unavailable
2026-09-26,TSF,KTW,2027-07-25,,,unavailable
2026-09-26,TSF,KTW,2027-07-26,08:10,213.00,ok
2026-09-26,TSF,KTW,2027-07-27,,,unavailable
2026-09-26,TSF,KTW,2027-07-28,19:45,213.00,ok
2026-09-26,TSF,KTW,2027-07-29,,,unavailable
2026-09-26,TSF,KTW,2027-07-30,13:20,327.00,ok
2026-09-26,TSF,KTW,2027-07-31,,,unavailable
2026-09-26,TSF,KTW,2027-08-01,,,unavailable
2026-09-26,TSF,KTW,2027-08-02,08:10,247.00,ok
2026-09-26,TSF,KTW,2027-08-03,,,unavailable
2026-09-26,TSF,KTW,2027-08-04,19:45,247.00,ok
2026-09-26,TSF,KTW,2027-08-05,,,unavailable
2026-09-26,TSF,KTW,2027-08-06,13:20,370.00,ok
2026-09-26,TSF,KTW,2027-08-07,,,unavailable
2026-09-26,TSF,KTW,2027-08-08,,,unavailable
2026-09-26,TSF,KTW,2027-08-09,08:10,285.00,ok
2026-09-26,TSF,KTW,2027-08-10,,,unavailable
2026-09-26,TSF,KTW,2027-08-11,19:45,285.00,ok
2026-09-26,TSF,KTW,2027-08-12,,,unavailable
2026-09-26,TSF,KTW,2027-08-13,13:20,327.00,ok
2026-09-26,TSF,KTW,2027-08-14,,,unavailable
2026-09-26,TSF,KTW,2027-08-15,,,unavailable
2026-09-26,TSF,KTW,2027-08-16,08:10,247.00,ok
2026-09-26,TSF,KTW,2027-08-17,,,unavailable
2026-09-26,TSF,KTW,2027-08-18,19:45,247.00,ok
2026-09-26,TSF,KTW,2027-08-19,,,unavailable
2026-09-26,TSF,KTW,2027-08-20,13:20,247.00,ok
2026-09-26,TSF,KTW,2027-08-21,,,unavailable
2026-09-26,TSF,KTW,2027-08-22,,,unavailable
2026-09-26,TSF,KTW,2027-08-23,08:10,213.00,ok
2026-09-26,TSF,KTW,2027-08-24,,,unavailable
2026-09-26,TSF,KTW,2027-08-25,19:45,213.00,ok
2026-09-26,TSF,KTW,2027-08-26,,,unavailable
2026-09-26,TSF,KTW,2027-08-27,13:20,247.00,ok
2026-09-26,TSF,KTW,2027-08-28,,,unavailable
2026-09-26,TSF,KTW,2027-08-29,,,unavailable
2026-09-26,TSF,KTW,2027-08-30,08:10,213.00,ok
2026-09-26,TSF,KTW,2027-08-31,,,unavailable
2026-09-26,KTW,VAR,2026-09-26,18:00,358.76,ok
2026-09-26,KTW,VAR,2026-09-27,06:40,87.57,ok
2026-09-26,KTW,VAR,2026-09-28,,,unavailable
2026-09-26,KTW,VAR,2026-09-29,15:25,65.67,ok
2026-09-26,KTW,VAR,2026-09-30,20:35,65.67,ok
2026-09-26,KTW,VAR,2026-10-01,,,unavailable
2026-09-26,KTW,VAR,2026-10-02,,,unavailable
2026-09-26,KTW,VAR,2026-10-03,,,unavailable
2026-09-26,KTW,VAR,2026-10-04,,,unavailable
2026-09-26,KTW,VAR,2026-10-05,,,unavailable
2026-09-26,KTW,VAR,2026-10-06,,,unavailable
2026-09-26,KTW,VAR,2026-10-07,,,unavailable
2026-09-26,KTW,VAR,2026-10-08,,,unavailable
2026-09-26,KTW,VAR,2026-10-09,,,unavailable
2026-09-26,KTW,VAR,2026-10-10,,,unavailable
2026-09-26,KTW,VAR,2026-10-11,,,unavailable
2026-09-26,KTW,VAR,2026-10-12,,,unavailable
2026-09-26,KTW,VAR,2026-10-13,,,unavailable
2026-09-26,KTW,VAR,2026-10-14,,,unavailable
2026-09-26,KTW,VAR,2026-10-15,,,unavailable
2026-09-26,KTW,VAR,2026-10-16,,,unavailable
2026-09-26,KTW,VAR,2026-10-17,,,unavailable
2026-09-26,KTW,VAR,2026-10-18,,,unavailable
2026-09-26,KTW,VAR,2026-10-19,,,unavailable
2026-09-26,KTW,VAR,2026-10-20,,,unavailable
2026-09-26,KTW,VAR,2026-10-21,,,unavailable
2026-09-26,KTW,VAR,2026-10-22,,,unavailable
2026-09-26,KTW,VAR,2026-10-23,,,unavailable
2026-09-26,KTW,VAR,2026-10-24,,,unavailable
2026-09-26,KTW,VAR,2026-10-25,,,unavailable
2026-09-26,KTW,VAR,2026-10-26,,,unavailable
2026-09-26,KTW,VAR,2026-10-27,,,unavailable
2026-09-26,KTW,VAR,2026-10-28,,,unavailable
2026-09-26,KTW,VAR,2026-10-29,,,unavailable
2026-09-26,KTW,VAR,2026-10-30,,,unavailable
2026-09-26,KTW,VAR,2026-10-31,,,unavailable
2026-09-26,KTW,VAR,2026-11-01,,,unavailable
2026-09-26,KTW,VAR,2026-11-02,,,unavailable
2026-09-26,KTW,VAR,2026-11-03,,,unavailable
2026-09-26,KTW,VAR,2026-11-04,,,unavailable
2026-09-26,KTW,VAR,2026-11-05,,,unavailable
2026-09-26,KTW,VAR,2026-11-06,,,unavailable
2026-09-26,KTW,VAR,2026-11-07,,,unavailable
2026-09-26,KTW,VAR,2026-11-08,,,unavailable
2026-09-26,KTW,VAR,2026-11-09,,,unavailable
2026-09-26,KTW,VAR,2026-11-10,,,unavailable
2026-09-26,KTW,VAR,2026-11-11,,,unavailable
2026-09-26,KTW,VAR,2026-11-12,,,unavailable
2026-09-26,KTW,VAR,2026-11-13,,,unavailable
2026-09-26,KTW,VAR,2026-11-14,,,unavailable
2026-09-26,KTW,VAR,2026-11-15,,,unavailable
2026-09-26,KTW,VAR,2026-11-16,,,unavailable
2026-09-26,KTW,VAR,2026-11-17,,,unavailable
2026-09-26,KTW,VAR,2026-11-18,,,unavailable
2026-09-26,KTW,VAR,2026-11-19,,,unavailable
2026-09-26,KTW,VAR,2026-11-20,,,unavailable
2026-09-26,KTW,VAR,2026-11-21,,,unavailable
2026-09-26,KTW,VAR,2026-11-22,,,unavailable
2026-09-26,KTW,VAR,2026-11-23,,,unavailable
2026-09-26,KTW,VAR,2026-11-24,,,unavailable
2026-09-26,KTW,VAR,2026-11-25,,,unavailable
2026-09-26,KTW,VAR,2026-11-26,,,unavailable
2026-09-26,KTW,VAR,2026-11-27,,,unavailable
2026-09-26,KTW,VAR,2026-11-28,,,unavailable
2026-09-26,KTW,VAR,2026-11-29,,,unavailable
2026-09-26,KTW,VAR,2026-11-30,,,unavailable
2026-09-26,KTW,VAR,2026-12-01,,,unavailable
2026-09-26,KTW,VAR,2026-12-02,,,unavailable
2026-09-26,KTW,VAR,2026-12-03,,,unavailable
2026-09-26,KTW,VAR,2026-12-04,,,unavailable
2026-09-26,KTW,VAR,2026-12-05,,,unavailable
2026-09-26,KTW,VAR,2026-12-06,,,unavailable
2026-09-26,KTW,VAR,2026-12-07,,,unavailable
2026-09-26,KTW,VAR,2026-12-08,,,unavailable
2026-09-26,KTW,VAR,2026-12-09,,,unavailable
2026-09-26,KTW,VAR,2026-12-10,,,unavailable
2026-09-26,KTW,VAR,2026-12-11,,,unavailable
2026-09-26,KTW,VAR,2026-12-12,,,unavailable
2026-09-26,KTW,VAR,2026-12-13,,,unavailable
2026-09-26,KTW,VAR,2026-12-14,,,unavailable
2026-09-26,KTW,VAR,2026-12-15,,,unavailable
2026-09-26,KTW,VAR,2026-12-16,,,unavailable
2026-09-26,KTW,VAR,2026-12-17,,,unavailable
2026-09-26,KTW,VAR,2026-12-18,,,unavailable
2026-09-26,KTW,VAR,2026-12-19,,,unavailable
2026-09-26,KTW,VAR,2026-12-20,,,unavailable
2026-09-26,KTW,VAR,2026-12-21,,,unavailable
2026-09-26,KTW,VAR,2026-12-22,,,unavailable
2026-09-26,KTW,VAR,2026-12-23,,,unavailable
2026-09-26,KTW,VAR,2026-12-24,,,unavailable
2026-09-26,KTW,VAR,2026-12-25,,,unavailable
2026-09-26,KTW,VAR,2026-12-26,,,unavailable
2026-09-26,KTW,VAR,2026-12-27,,,unavailable
2026-09-26,KTW,VAR,2026-12-28,,,unavailable
2026-09-26,KTW,VAR,2026-12-29,,,unavailable
2026-09-26,KTW,VAR,2026-12-30,,,unavailable
2026-09-26,KTW,VAR,2026-12-31,,,unavailable
2026-09-26,KTW,VAR,2027-01-01,,,unavailable
2026-09-26,KTW,VAR,2027-01-02,,,unavailable
2026-09-26,KTW,VAR,2027-01-03,,,unavailable
2026-09-26,KTW,VAR,2027-01-04,,,unavailable
2026-09-26,KTW,VAR,2027-01-05,,,unavailable
2026-09-26,KTW,VAR,2027-01-06,,,unavailable
2026-09-26,KTW,VAR,2027-01-07,,,unavailable
2026-09-26,KTW,VAR,2027-01-08,,,unavailable
2026-09-26,KTW,VAR,2027-01-09,,,unavailable
2026-09-26,KTW,VAR,2027-01-10,,,unavailable
2026-09-26,KTW,VAR,2027-01-11,,,unavailable
2026-09-26,KTW,VAR,2027-01-12,,,unavailable
2026-09-26,KTW,VAR,2027-01-13,,,unavailable
2026-09-26,KTW,VAR,2027-01-14,,,unavailable
2026-09-26,KTW,VAR,2027-01-15,,,unavailable
2026-09-26,KTW,VAR,2027-01-16,,,unavailable
2026-09-26,KTW,VAR,2027-01-17,,,unavailable
2026-09-26,KTW,VAR,2027-01-18,,,unavailable
2026-09-26,KTW,VAR,2027-01-19,,,unavailable
2026-09-26,KTW,VAR,2027-01-20,,,unavailable
2026-09-26,KTW,VAR,2027-01-21,,,unavailable
2026-09-26,KTW,VAR,2027-01-22,,,unavailable
2026-09-26,KTW,VAR,2027-01-23,,,unavailable
2026-09-26,KTW,VAR,2027-01-24,,,unavailable
2026-09-26,KTW,VAR,2027-01-25,,,unavailable
2026-09-26,KTW,VAR,2027-01-26,,,unavailable
2026-09-26,KTW,VAR,2027-01-27,,,unavailable
2026-09-26,KTW,VAR,2027-01-28,,,unavailable
2026-09-26,KTW,VAR,2027-01-29,,,unavailable
2026-09-26,KTW,VAR,2027-01-30,,,unavailable
2026-09-26,KTW,VAR,2027-01-31,,,unavailable
2026-09-26,KTW,VAR,2027-02-01,,,unavailable
2026-09-26,KTW,VAR,2027-02-02,,,unavailable
2026-09-26,KTW,VAR,2027-02-03,,,unavailable
2026-09-26,KTW,VAR,2027-02-04,,,unavailable
2026-09-26,KTW,VAR,2027-02-05,,,unavailable
2026-09-26,KTW,VAR,2027-02-06,,,unavailable
2026-09-26,KTW,VAR,2027-02-07,,,unavailable
2026-09-26,KTW,VAR,2027-02-08,,,unavailable
2026-09-26,KTW,VAR,2027-02-09,,,unavailable
2026-09-26,KTW,VAR,2027-02-10,,,unavailable
2026-09-26,KTW,VAR,2027-02-11,,,unavailable
2026-09-26,KTW,VAR,2027-02-12,,,unavailable
2026-09-26,KTW,VAR,2027-02-13,,,unavailable
2026-09-26,KTW,VAR,2027-02-14,,,unavailable
2026-09-26,KTW,VAR,2027-02-15,,,unavailable
2026-09-26,KTW,VAR,2027-02-16,,,unavailable
2026-09-26,KTW,VAR,2027-02-17,,,unavailable
2026-09-26,KTW,VAR,2027-02-18,,,unavailable
2026-09-26,KTW,VAR,2027-02-19,,,unavailable
2026-09-26,KTW,VAR,2027-02-20,,,unavailable
2026-09-26,KTW,VAR,2027-02-21,,,unavailable
2026-09-26,KTW,VAR,2027-02-22,,,unavailable
2026-09-26,KTW,VAR,2027-02-23,,,unavailable
2026-09-26,KTW,VAR,2027-02-24,,,unavailable
2026-09-26,KTW,VAR,2027-02-25,,,unavailable
2026-09-26,KTW,VAR,2027-02-26,,,unavailable
2026-09-26,KTW,VAR,2027-02-27,,,unavailable
2026-09-26,KTW,VAR,2027-02-28,,,unavailable
2026-09-26,KTW,VAR,2027-03-01,,,unavailable
2026-09-26,KTW,VAR,2027-03-02,,,unavailable
2026-09-26,KTW,VAR,2027-03-03,,,unavailable
2026-09-26,KTW,VAR,2027-03-04,,,unavailable
2026-09-26,KTW,VAR,2027-03-05,,,unavailable
2026-09-26,KTW,VAR,2027-03-06,,,unavailable
2026-09-26,KTW,VAR,2027-03-07,,,unavailable
2026-09-26,KTW,VAR,2027-03-08,,,unavailable
2026-09-26,KTW,VAR,2027-03-09,,,unavailable
2026-09-26,KTW,VAR,2027-03-10,,,unavailable
2026-09-26,KTW,VAR,2027-03-11,,,unavailable
2026-09-26,KTW,VAR,2027-03-12,,,unavailable
2026-09-26,KTW,VAR,2027-03-13,,,unavailable
2026-09-26,KTW,VAR,2027-03-14,,,unavailable
2026-09-26,KTW,VAR,2027-03-15,,,unavailable
2026-09-26,KTW,VAR,2027-03-16,,,unavailable
2026-09-26,KTW,VAR,2027-03-17,,,unavailable
2026-09-26,KTW,VAR,2027-03-18,,,unavailable
2026-09-26,KTW,VAR,2027-03-19,,,unavailable
2026-09-26,KTW,VAR,2027-03-20,,,unavailable
2026-09-26,KTW,VAR,2027-03-21,,,unavailable
2026-09-26,KTW,VAR,2027-03-22,,,unavailable
2026-09-26,KTW,VAR,2027-03-23,,,unavailable
2026-09-26,KTW,VAR,2027-03-24,,,unavailable
2026-09-26,KTW,VAR,2027-03-25,,,unavailable
2026-09-26,KTW,VAR,2027-03-26,,,unavailable
2026-09-26,KTW,VAR,2027-03-27,,,unavailable
2026-09-26,KTW,VAR,2027-03-28,,,unavailable
2026-09-26,KTW,VAR,2027-03-29,,,unavailable
2026-09-26,KTW,VAR,2027-03-30,,,unavailable
2026-09-26,KTW,VAR,2027-03-31,,,unavailable
2026-09-26,KTW,VAR,2027-04-01,,,unavailable
2026-09-26,KTW,VAR,2027-04-02,,,unavailable
2026-09-26,KTW,VAR,2027-04-03,,,unavailable
2026-09-26,KTW,VAR,2027-04-04,,,unavailable
2026-09-26,KTW,VAR,2027-04-05,,,unavailable
2026-09-26,KTW,VAR,2027-04-06,,,unavailable
2026-09-26,KTW,VAR,2027-04-07,,,unavailable
2026-09-26,KTW,VAR,2027-04-08,,,unavailable
2026-09-26,KTW,VAR,2027-04-09,,,unavailable
2026-09-26,KTW,VAR,2027-04-10,,,unavailable
2026-09-26,KTW,VAR,2027-04-11,,,unavailable
2026-09-26,KTW,VAR,2027-04-12,,,unavailable
2026-09-26,KTW,VAR,2027-04-13,,,unavailable
2026-09-26,KTW,VAR,2027-04-14,,,unavailable
2026-09-26,KTW,VAR,2027-04-15,,,unavailable
2026-09-26,KTW,VAR,2027-04-16,,,unavailable
2026-09-26,KTW,VAR,2027-04-17,,,unavailable
2026-09-26,KTW,VAR,2027-04-18,,,unavailable
2026-09-26,KTW,VAR,2027-04-19,,,unavailable
2026-09-26,KTW,VAR,2027-04-20,,,unavailable
2026-09-26,KTW,VAR,2027-04-21,,,unavailable
2026-09-26,KTW,VAR,2027-04-22,,,unavailable
2026-09-26,KTW,VAR,2027-04-23,,,unavailable
2026-09-26,KTW,VAR,2027-04-24,,,unavailable
2026-09-26,KTW,VAR,2027-04-25,,,unavailable
2026-09-26,KTW,VAR,2027-04-26,,,unavailable
2026-09-26,KTW,VAR,2027-04-27,,,unavailable
2026-09-26,KTW,VAR,2027-04-28,,,unavailable
2026-09-26,KTW,VAR,2027-04-29,,,unavailable
2026-09-26,KTW,VAR,2027-04-30,,,unavailable
2026-09-26,KTW,VAR,2027-05-01,,,unavailable
2026-09-26,KTW,VAR,2027-05-02,,,unavailable
2026-09-26,KTW,VAR,2027-05-03,,,unavailable
2026-09-26,KTW,VAR,2027-05-04,,,unavailable
2026-09-26,KTW,VAR,2027-05-05,,,unavailable
2026-09-26,KTW,VAR,2027-05-06,,,unavailable
2026-09-26,KTW,VAR,2027-05-07,,,unavailable
2026-09-26,KTW,VAR,2027-05-08,,,unavailable
2026-09-26,KTW,VAR,2027-05-09,,,unavailable
2026-09-26,KTW,VAR,2027-05-10,,,unavailable
2026-09-26,KTW,VAR,2027-05-11,,,unavailable
2026-09-26,KTW,VAR,2027-05-12,,,unavailable
2026-09-26,KTW,VAR,2027-05-13,,,unavailable
2026-09-26,KTW,VAR,2027-05-14,,,unavailable
2026-09-26,KTW,VAR,2027-05-15,,,unavailable
2026-09-26,KTW,VAR,2027-05-16,,,unavailable
2026-09-26,KTW,VAR,2027-05-17,,,unavailable
2026-09-26,KTW,VAR,2027-05-18,,,unavailable
2026-09-26,KTW,VAR,2027-05-19,,,unavailable
2026-09-26,KTW,VAR,2027-05-20,,,unavailable
2026-09-26,KTW,VAR,2027-05-21,,,unavailable
2026-09-26,KTW,VAR,2027-05-22,,,unavailable
2026-09-26,KTW,VAR,2027-05-23,,,unavailable
2026-09-26,KTW,VAR,2027-05-24,,,unavailable
2026-09-26,KTW,VAR,2027-05-25,,,unavailable
2026-09-26,KTW,VAR,2027-05-26,,,unavailable
2026-09-26,KTW,VAR,2027-05-27,,,unavailable
2026-09-26,KTW,VAR,2027-05-28,,,unavailable
2026-09-26,KTW,VAR,2027-05-29,,,unavailable
2026-09-26,KTW,VAR,2027-05-30,,,unavailable
2026-09-26,KTW,VAR,2027-05-31,,,unavailable
2026-09-26,KTW,VAR,2027-06-01,15:30,599.00,ok
2026-09-26,KTW,VAR,2027-06-02,11:45,735.00,ok
2026-09-26,KTW,VAR,2027-06-03,06:00,735.00,ok
2026-09-26,KTW,VAR,2027-06-04,11:10,442.00,ok
2026-09-26,KTW,VAR,2027-06-05,,,unavailable
2026-09-26,KTW,VAR,2027-06-06,18:50,361.00,ok
2026-09-26,KTW,VAR,2027-06-07,10:35,361.00,ok
2026-09-26,KTW,VAR,2027-06-08,15:30,315.00,ok
2026-09-26,KTW,VAR,2027-06-09,11:45,238.00,ok
2026-09-26,KTW,VAR,2027-06-10,06:00,238.00,ok
2026-09-26,KTW,VAR,2027-06-11,11:10,315.00,ok
2026-09-26,KTW,VAR,2027-06-12,,,unavailable
2026-09-26,KTW,VAR,2027-06-13,18:50,315.00,ok
2026-09-26,KTW,VAR,2027-06-14,10:35,315.00,ok
2026-09-26,KTW,VAR,2027-06-15,15:30,272.00,ok
2026-09-26,KTW,VAR,2027-06-16,11:45,272.00,ok
2026-09-26,KTW,VAR,2027-06-17,06:00,272.00,ok
2026-09-26,KTW,VAR,2027-06-18,11:10,272.00,ok
2026-09-26,KTW,VAR,2027-06-19,,,unavailable
2026-09-26,KTW,VAR,2027-06-20,18:50,315.00,ok
2026-09-26,KTW,VAR,2027-06-21,10:35,315.00,ok
2026-09-26,KTW,VAR,2027-06-22,15:30,238.00,ok
2026-09-26,KTW,VAR,2027-06-23,11:45,242.38,ok
2026-09-26,KTW,VAR,2027-06-24,06:00,238.00,ok
2026-09-26,KTW,VAR,2027-06-25,11:10,400.00,ok
2026-09-26,KTW,VAR,2027-06-26,,,unavailable
2026-09-26,KTW,VAR,2027-06-27,18:50,442.00,ok
2026-09-26,KTW,VAR,2027-06-28,10:35,442.00,ok
2026-09-26,KTW,VAR,2027-06-29,15:30,442.00,ok
2026-09-26,KTW,VAR,2027-06-30,11:45,315.00,ok
2026-09-26,KTW,VAR,2027-07-01,06:00,319.38,ok
2026-09-26,KTW,VAR,2027-07-02,11:10,400.00,ok
2026-09-26,KTW,VAR,2027-07-03,,,unavailable
2026-09-26,KTW,VAR,2027-07-04,18:50,400.00,ok
2026-09-26,KTW,VAR,2027-07-05,10:35,400.00,ok
2026-09-26,KTW,VAR,2027-07-06,15:30,442.00,ok
2026-09-26,KTW,VAR,2027-07-07,11:45,315.00,ok
2026-09-26,KTW,VAR,2027-07-08,06:00,315.00,ok
2026-09-26,KTW,VAR,2027-07-09,11:10,400.00,ok
2026-09-26,KTW,VAR,2027-07-10,,,unavailable
2026-09-26,KTW,VAR,2027-07-11,18:50,400.00,ok
2026-09-26,KTW,VAR,2027-07-12,10:35,400.00,ok
2026-09-26,KTW,VAR,2027-07-13,15:30,493.38,ok
2026-09-26,KTW,VAR,2027-07-14,11:45,361.00,ok
2026-09-26,KTW,VAR,2027-07-15,06:00,361.00,ok
2026-09-26,KTW,VAR,2027-07-16,11:10,400.00,ok
2026-09-26,KTW,VAR,2027-07-17,,,unavailable
2026-09-26,KTW,VAR,2027-07-18,18:50,400.00,ok
2026-09-26,KTW,VAR,2027-07-19,10:35,400.00,ok
2026-09-26,KTW,VAR,2027-07-20,15:30,442.00,ok
2026-09-26,KTW,VAR,2027-07-21,11:45,272.00,ok
2026-09-26,KTW,VAR,2027-07-22,06:00,272.00,ok
2026-09-26,KTW,VAR,2027-07-23,11:10,361.00,ok
2026-09-26,KTW,VAR,2027-07-24,,,unavailable
2026-09-26,KTW,VAR,2027-07-25,18:50,361.00,ok
2026-09-26,KTW,VAR,2027-07-26,10:35,361.00,ok
2026-09-26,KTW,VAR,2027-07-27,15:30,400.00,ok
2026-09-26,KTW,VAR,2027-07-28,11:45,238.00,ok
2026-09-26,KTW,VAR,2027-07-29,06:00,238.00,ok
2026-09-26,KTW,VAR,2027-07-30,11:10,315.00,ok
2026-09-26,KTW,VAR,2027-07-31,,,unavailable
2026-09-26,KTW,VAR,2027-08-01,18:50,442.00,ok
2026-09-26,KTW,VAR,2027-08-02,10:35,442.00,ok
2026-09-26,KTW,VAR,2027-08-03,15:30,400.00,ok
2026-09-26,KTW,VAR,2027-08-04,11:45,272.00,ok
2026-09-26,KTW,VAR,2027-08-05,06:00,272.00,ok
2026-09-26,KTW,VAR,2027-08-06,11:10,272.00,ok
2026-09-26,KTW,VAR,2027-08-07,,,unavailable
2026-09-26,KTW,VAR,2027-08-08,18:50,315.00,ok
2026-09-26,KTW,VAR,2027-08-09,10:35,315.00,ok
2026-09-26,KTW,VAR,2027-08-10,15:30,361.00,ok
2026-09-26,KTW,VAR,2027-08-11,11:45,238.00,ok
2026-09-26,KTW,VAR,2027-08-12,06:00,238.00,ok
2026-09-26,KTW,VAR,2027-08-13,11:10,272.00,ok
2026-09-26,KTW,VAR,2027-08-14,,,unavailable
2026-09-26,KTW,VAR,2027-08-15,18:50,315.00,ok
2026-09-26,KTW,VAR,2027-08-16,10:35,315.00,ok
2026-09-26,KTW,VAR,2027-08-17,15:30,272.00,ok
2026-09-26,KTW,VAR,2027-08-18,11:45,238.00,ok
2026-09-26,KTW,VAR,2027-08-19,06:00,238.00,ok
2026-09-26,KTW,VAR,2027-08-20,11:10,272.00,ok
2026-09-26,KTW,VAR,2027-08-21,,,unavailable
2026-09-26,KTW,VAR,2027-08-22,18:50,272.00,ok
2026-09-26,KTW,VAR,2027-08-23,10:35,272.00,ok
2026-09-26,KTW,VAR,2027-08-24,15:30,361.00,ok
2026-09-26,KTW,VAR,2027-08-25,11:45,238.00,ok
2026-09-26,KTW,VAR,2027-08-26,06:00,238.00,ok
2026-09-26,KTW,VAR,2027-08-27,11:10,238.00,ok
2026-09-26,KTW,VAR,2027-08-28,,,unavailable
2026-09-26,KTW,VAR,2027-08-29,18:50,238.00,ok
2026-09-26,KTW,VAR,2027-08-30,10:35,238.00,ok
2026-09-26,KTW,VAR,2027-08-31,15:30,238.00,ok
2026-09-26,VAR,KTW,2026-09-26,21:20,801.66,ok
2026-09-26,VAR,KTW,2026-09-27,,,unavailable
2026-09-26,VAR,KTW,2026-09-28,,,unavailable
2026-09-26,VAR,KTW,2026-09-29,18:45,337.29,ok
2026-09-26,VAR,KTW,2026-09-30,23:55,508.14,ok
2026-09-26,VAR,KTW,2026-10-01,,,unavailable
2026-09-26,VAR,KTW,2026-10-02,,,unavailable
2026-09-26,VAR,KTW,2026-10-03,,,unavailable
2026-09-26,VAR,KTW,2026-10-04,,,unavailable
2026-09-26,VAR,KTW,2026-10-05,,,unavailable
2026-09-26,VAR,KTW,2026-10-06,,,unavailable
2026-09-26,VAR,KTW,2026-10-07,,,unavailable
2026-09-26,VAR,KTW,2026-10-08,,,unavailable
2026-09-26,VAR,KTW,2026-10-09,,,unavailable
2026-09-26,VAR,KTW,2026-10-10,,,unavailable
2026-09-26,VAR,KTW,2026-10-11,,,unavailable
2026-09-26,VAR,KTW,2026-10-12,,,unavailable
2026-09-26,VAR,KTW,2026-10-13,,,unavailable
2026-09-26,VAR,KTW,2026-10-14,,,unavailable
2026-09-26,VAR,KTW,2026-10-15,,,unavailable
2026-09-26,VAR,KTW,2026-10-16,,,unavailable
2026-09-26,VAR,KTW,2026-10-17,,,unavailable
2026-09-26,VAR,KTW,2026-10-18,,,unavailable
2026-09-26,VAR,KTW,2026-10-19,,,unavailable
2026-09-26,VAR,KTW,2026-10-20,,,unavailable
2026-09-26,VAR,KTW,2026-10-21,,,unavailable
2026-09-26,VAR,KTW,2026-10-22,,,unavailable
2026-09-26,VAR,KTW,2026-10-23,,,unavailable
2026-09-26,VAR,KTW,2026-10-24,,,unavailable
2026-09-26,VAR,KTW,2026-10-25,,,unavailable
2026-09-26,VAR,KTW,2026-10-26,,,unavailable
2026-09-26,VAR,KTW,2026-10-27,,,unavailable
2026-09-26,VAR,KTW,2026-10-28,,,unavailable
2026-09-26,VAR,KTW,2026-10-29,,,unavailable
2026-09-26,VAR,KTW,2026-10-30,,,unavailable
2026-09-26,VAR,KTW,2026-10-31,,,unavailable
2026-09-26,VAR,KTW,2026-11-01,,,unavailable
2026-09-26,VAR,KTW,2026-11-02,,,unavailable
2026-09-26,VAR,KTW,2026-11-03,,,unavailable
2026-09-26,VAR,KTW,2026-11-04,,,unavailable
2026-09-26,VAR,KTW,2026-11-05,,,unavailable
2026-09-26,VAR,KTW,2026-11-06,,,unavailable
2026-09-26,VAR,KTW,2026-11-07,,,unavailable
2026-09-26,VAR,KTW,2026-11-08,,,unavailable
2026-09-26,VAR,KTW,2026-11-09,,,unavailable
2026-09-26,VAR,KTW,2026-11-10,,,unavailable
2026-09-26,VAR,KTW,2026-11-11,,,unavailable
2026-09-26,VAR,KTW,2026-11-12,,,unavailable
2026-09-26,VAR,KTW,2026-11-13,,,unavailable
2026-09-26,VAR,KTW,2026-11-14,,,unavailable
2026-09-26,VAR,KTW,2026-11-15,,,unavailable
2026-09-26,VAR,KTW,2026-11-16,,,unavailable
2026-09-26,VAR,KTW,2026-11-17,,,unavailable
2026-09-26,VAR,KTW,2026-11-18,,,unavailable
2026-09-26,VAR,KTW,2026-11-19,,,unavailable
2026-09-26,VAR,KTW,2026-11-20,,,unavailable
2026-09-26,VAR,KTW,2026-11-21,,,unavailable
2026-09-26,VAR,KTW,2026-11-22,,,unavailable
2026-09-26,VAR,KTW,2026-11-23,,,unavailable
2026-09-26,VAR,KTW,2026-11-24,,,unavailable
2026-09-26,VAR,KTW,2026-11-25,,,unavailable
2026-09-26,VAR,KTW,2026-11-26,,,unavailable
2026-09-26,VAR,KTW,2026-11-27,,,unavailable
2026-09-26,VAR,KTW,2026-11-28,,,unavailable
2026-09-26,VAR,KTW,2026-11-29,,,unavailable
2026-09-26,VAR,KTW,2026-11-30,,,unavailable
2026-09-26,VAR,KTW,2026-12-01,,,unavailable
2026-09-26,VAR,KTW,2026-12-02,,,unavailable
2026-09-26,VAR,KTW,2026-12-03,,,unavailable
2026-09-26,VAR,KTW,2026-12-04,,,unavailable
2026-09-26,VAR,KTW,2026-12-05,,,unavailable
2026-09-26,VAR,KTW,2026-12-06,,,unavailable
2026-09-26,VAR,KTW,2026-12-07,,,unavailable
2026-09-26,VAR,KTW,2026-12-08,,,unavailable
2026-09-26,VAR,KTW,2026-12-09,,,unavailable
2026-09-26,VAR,KTW,2026-12-10,,,unavailable
2026-09-26,VAR,KTW,2026-12-11,,,unavailable
2026-09-26,VAR,KTW,2026-12-12,,,unavailable
2026-09-26,VAR,KTW,2026-12-13,,,unavailable
2026-09-26,VAR,KTW,2026-12-14,,,unavailable
2026-09-26,VAR,KTW,2026-12-15,,,unavailable
2026-09-26,VAR,KTW,2026-12-16,,,unavailable
2026-09-26,VAR,KTW,2026-12-17,,,unavailable
2026-09-26,VAR,KTW,2026-12-18,,,unavailable
2026-09-26,VAR,KTW,2026-12-19,,,unavailable
2026-09-26,VAR,KTW,2026-12-20,,,unavailable
2026-09-26,VAR,KTW,2026-12-21,,,unavailable
2026-09-26,VAR,KTW,2026-12-22,,,unavailable
2026-09-26,VAR,KTW,2026-12-23,,,unavailable
2026-09-26,VAR,KTW,2026-12-24,,,unavailable
2026-09-26,VAR,KTW,2026-12-25,,,unavailable
2026-09-26,VAR,KTW,2026-12-26,,,unavailable
2026-09-26,VAR,KTW,2026-12-27,,,unavailable
2026-09-26,VAR,KTW,2026-12-28,,,unavailable
2026-09-26,VAR,KTW,2026-12-29,,,unavailable
2026-09-26,VAR,KTW,2026-12-30,,,unavailable
2026-09-26,VAR,KTW,2026-12-31,,,unavailable
2026-09-26,VAR,KTW,2027-01-01,,,unavailable
2026-09-26,VAR,KTW,2027-01-02,,,unavailable
2026-09-26,VAR,KTW,2027-01-03,,,unavailable
2026-09-26,VAR,KTW,2027-01-04,,,unavailable
2026-09-26,VAR,KTW,2027-01-05,,,unavailable
2026-09-26,VAR,KTW,2027-01-06,,,unavailable
2026-09-26,VAR,KTW,2027-01-07,,,unavailable
2026-09-26,VAR,KTW,2027-01-08,,,unavailable
2026-09-26,VAR,KTW,2027-01-09,,,unavailable
2026-09-26,VAR,KTW,2027-01-10,,,unavailable
2026-09-26,VAR,KTW,2027-01-11,,,unavailable
2026-09-26,VAR,KTW,2027-01-12,,,unavailable
2026-09-26,VAR,KTW,2027-01-13,,,unavailable
2026-09-26,VAR,KTW,2027-01-14,,,unavailable
2026-09-26,VAR,KTW,2027-01-15,,,unavailable
2026-09-26,VAR,KTW,2027-01-16,,,unavailable
2026-09-26,VAR,KTW,2027-01-17,,,unavailable
2026-09-26,VAR,KTW,2027-01-18,,,unavailable
2026-09-26,VAR,KTW,2027-01-19,,,unavailable
2026-09-26,VAR,KTW,2027-01-20,,,unavailable
2026-09-26,VAR,KTW,2027-01-21,,,unavailable
2026-09-26,VAR,KTW,2027-01-22,,,unavailable
2026-09-26,VAR,KTW,2027-01-23,,,unavailable
2026-09-26,VAR,KTW,2027-01-24,,,unavailable
2026-09-26,VAR,KTW,2027-01-25,,,unavailable
2026-09-26,VAR,KTW,2027-01-26,,,unavailable
2026-09-26,VAR,KTW,2027-01-27,,,unavailable
2026-09-26,VAR,KTW,2027-01-28,,,unavailable
2026-09-26,VAR,KTW,2027-01-29,,,unavailable
2026-09-26,VAR,KTW,2027-01-30,,,unavailable
2026-09-26,VAR,KTW,2027-01-31,,,unavailable
2026-09-26,VAR,KTW,2027-02-01,,,unavailable
2026-09-26,VAR,KTW,2027-02-02,,,unavailable
2026-09-26,VAR,KTW,2027-02-03,,,unavailable
2026-09-26,VAR,KTW,2027-02-04,,,unavailable
2026-09-26,VAR,KTW,2027-02-05,,,unavailable
2026-09-26,VAR,KTW,2027-02-06,,,unavailable
2026-09-26,VAR,KTW,2027-02-07,,,unavailable
2026-09-26,VAR,KTW,2027-02-08,,,unavailable
2026-09-26,VAR,KTW,2027-02-09,,,unavailable
2026-09-26,VAR,KTW,2027-02-10,,,unavailable
2026-09-26,VAR,KTW,2027-02-11,,,unavailable
2026-09-26,VAR,KTW,2027-02-12,,,unavailable
2026-09-26,VAR,KTW,2027-02-13,,,unavailable
2026-09-26,VAR,KTW,2027-02-14,,,unavailable
2026-09-26,VAR,KTW,2027-02-15,,,unavailable
2026-09-26,VAR,KTW,2027-02-16,,,unavailable
2026-09-26,VAR,KTW,2027-02-17,,,unavailable
2026-09-26,VAR,KTW,2027-02-18,,,unavailable
2026-09-26,VAR,KTW,2027-02-19,,,unavailable
2026-09-26,VAR,KTW,2027-02-20,,,unavailable
2026-09-26,VAR,KTW,2027-02-21,,,unavailable
2026-09-26,VAR,KTW,2027-02-22,,,unavailable
2026-09-26,VAR,KTW,2027-02-23,,,unavailable
2026-09-26,VAR,KTW,2027-02-24,,,unavailable
2026-09-26,VAR,KTW,2027-02-25,,,unavailable
2026-09-26,VAR,KTW,2027-02-26,,,unavailable
2026-09-26,VAR,KTW,2027-02-27,,,unavailable
2026-09-26,VAR,KTW,2027-02-28,,,unavailable
2026-09-26,VAR,KTW,2027-03-01,,,unavailable
2026-09-26,VAR,KTW,2027-03-02,,,unavailable
2026-09-26,VAR,KTW,2027-03-03,,,unavailable
2026-09-26,VAR,KTW,2027-03-04,,,unavailable
2026-09-26,VAR,KTW,2027-03-05,,,unavailable
2026-09-26,VAR,KTW,2027-03-06,,,unavailable
2026-09-26,VAR,KTW,2027-03-07,,,unavailable
2026-09-26,VAR,KTW,2027-03-08,,,unavailable
2026-09-26,VAR,KTW,2027-03-09,,,unavailable
2026-09-26,VAR,KTW,2027-03-10,,,unavailable
2026-09-26,VAR,KTW,2027-03-11,,,unavailable
2026-09-26,VAR,KTW,2027-03-12,,,unavailable
2026-09-26,VAR,KTW,2027-03-13,,,unavailable
2026-09-26,VAR,KTW,2027-03-14,,,unavailable
2026-09-26,VAR,KTW,2027-03-15,,,unavailable
2026-09-26,VAR,KTW,2027-03-16,,,unavailable
2026-09-26,VAR,KTW,2027-03-17,,,unavailable
2026-09-26,VAR,KTW,2027-03-18,,,unavailable
2026-09-26,VAR,KTW,2027-03-19,,,unavailable
2026-09-26,VAR,KTW,2027-03-20,,,unavailable
2026-09-26,VAR,KTW,2027-03-21,,,unavailable
2026-09-26,VAR,KTW,2027-03-22,,,unavailable
2026-09-26,VAR,KTW,2027-03-23,,,unavailable
2026-09-26,VAR,KTW,2027-03-24,,,unavailable
2026-09-26,VAR,KTW,2027-03-25,,,unavailable
2026-09-26,VAR,KTW,2027-03-26,,,unavailable
2026-09-26,VAR,KTW,2027-03-27,,,unavailable
2026-09-26,VAR,KTW,2027-03-28,,,unavailable
2026-09-26,VAR,KTW,2027-03-29,,,unavailable
2026-09-26,VAR,KTW,2027-03-30,,,unavailable
2026-09-26,VAR,KTW,2027-03-31,,,unavailable
2026-09-26,VAR,KTW,2027-04-01,,,unavailable
2026-09-26,VAR,KTW,2027-04-02,,,unavailable
2026-09-26,VAR,KTW,2027-04-03,,,unavailable
2026-09-26,VAR,KTW,2027-04-04,,,unavailable
2026-09-26,VAR,KTW,2027-04-05,,,unavailable
2026-09-26,VAR,KTW,2027-04-06,,,unavailable
2026-09-26,VAR,KTW,2027-04-07,,,unavailable
2026-09-26,VAR,KTW,2027-04-08,,,unavailable
2026-09-26,VAR,KTW,2027-04-09,,,unavailable
2026-09-26,VAR,KTW,2027-04-10,,,unavailable
2026-09-26,VAR,KTW,2027-04-11,,,unavailable
2026-09-26,VAR,KTW,2027-04-12,,,unavailable
2026-09-26,VAR,KTW,2027-04-13,,,unavailable
2026-09-26,VAR,KTW,2027-04-14,,,unavailable
2026-09-26,VAR,KTW,2027-04-15,,,unavailable
2026-09-26,VAR,KTW,2027-04-16,,,unavailable
2026-09-26,VAR,KTW,2027-04-17,,,unavailable
2026-09-26,VAR,KTW,2027-04-18,,,unavailable
2026-09-26,VAR,KTW,2027-04-19,,,unavailable
2026-09-26,VAR,KTW,2027-04-20,,,unavailable
2026-09-26,VAR,KTW,2027-04-21,,,unavailable
2026-09-26,VAR,KTW,2027-04-22,,,unavailable
2026-09-26,VAR,KTW,2027-04-23,,,unavailable
2026-09-26,VAR,KTW,2027-04-24,,,unavailable
2026-09-26,VAR,KTW,2027-04-25,,,unavailable
2026-09-26,VAR,KTW,2027-04-26,,,unavailable
2026-09-26,VAR,KTW,2027-04-27,,,unavailable
2026-09-26,VAR,KTW,2027-04-28,,,unavailable
2026-09-26,VAR,KTW,2027-04-29,,,unavailable
2026-09-26,VAR,KTW,2027-04-30,,,unavailable
2026-09-26,VAR,KTW,2027-05-01,,,unavailable
2026-09-26,VAR,KTW,2027-05-02,,,unavailable
2026-09-26,VAR,KTW,2027-05-03,,,unavailable
2026-09-26,VAR,KTW,2027-05-04,,,unavailable
2026-09-26,VAR,KTW,2027-05-05,,,unavailable
2026-09-26,VAR,KTW,2027-05-06,,,unavailable
2026-09-26,VAR,KTW,2027-05-07,,,unavailable
2026-09-26,VAR,KTW,2027-05-08,,,unavailable
2026-09-26,VAR,KTW,2027-05-09,,,unavailable
2026-09-26,VAR,KTW,2027-05-10,,,unavailable
2026-09-26,VAR,KTW,2027-05-11,,,unavailable
2026-09-26,VAR,KTW,2027-05-12,,,unavailable
2026-09-26,VAR,KTW,2027-05-13,,,unavailable
2026-09-26,VAR,KTW,2027-05-14,,,unavailable
2026-09-26,VAR,KTW,2027-05-15,,,unavailable
2026-09-26,VAR,KTW,2027-05-16,,,unavailable
2026-09-26,VAR,KTW,2027-05-17,,,unavailable
2026-09-26,VAR,KTW,2027-05-18,,,unavailable
2026-09-26,VAR,KTW,2027-05-19,,,unavailable
2026-09-26,VAR,KTW,2027-05-20,,,unavailable
2026-09-26,VAR,KTW,2027-05-21,,,unavailable
2026-09-26,VAR,KTW,2027-05-22,,,unavailable
2026-09-26,VAR,KTW,2027-05-23,,,unavailable
2026-09-26,VAR,KTW,2027-05-24,,,unavailable
2026-09-26,VAR,KTW,2027-05-25,,,unavailable
2026-09-26,VAR,KTW,2027-05-26,,,unavailable
2026-09-26,VAR,KTW,2027-05-27,,,unavailable
2026-09-26,VAR,KTW,2027-05-28,,,unavailable
2026-09-26,VAR,KTW,2027-05-29,,,unavailable
2026-09-26,VAR,KTW,2027-05-30,,,unavailable
2026-09-26,VAR,KTW,2027-05-31,,,unavailable
2026-09-26,VAR,KTW,2027-06-01,18:50,238.00,ok
2026-09-26,VAR,KTW,2027-06-02,15:05,272.00,ok
2026-09-26,VAR,KTW,2027-06-03,09:20,272.00,ok
2026-09-26,VAR,KTW,2027-06-04,14:30,238.00,ok
2026-09-26,VAR,KTW,2027-06-05,,,unavailable
2026-09-26,VAR,KTW,2027-06-06,22:10,361.00,ok
2026-09-26,VAR,KTW,2027-06-07,13:55,361.00,ok
2026-09-26,VAR,KTW,2027-06-08,18:50,238.00,ok
2026-09-26,VAR,KTW,2027-06-09,15:05,238.00,ok
2026-09-26,VAR,KTW,2027-06-10,09:20,238.00,ok
2026-09-26,VAR,KTW,2027-06-11,14:30,272.00,ok
2026-09-26,VAR,KTW,2027-06-12,,,unavailable
2026-09-26,VAR,KTW,2027-06-13,22:10,315.00,ok
2026-09-26,VAR,KTW,2027-06-14,13:55,315.00,ok
2026-09-26,VAR,KTW,2027-06-15,18:50,361.00,ok
2026-09-26,VAR,KTW,2027-06-16,15:05,238.00,ok
2026-09-26,VAR,KTW,2027-06-17,09:20,238.00,ok
2026-09-26,VAR,KTW,2027-06-18,14:30,238.00,ok
2026-09-26,VAR,KTW,2027-06-19,,,unavailable
2026-09-26,VAR,KTW,2027-06-20,22:10,272.00,ok
2026-09-26,VAR,KTW,2027-06-21,13:55,272.00,ok
2026-09-26,VAR,KTW,2027-06-22,18:50,315.00,ok
2026-09-26,VAR,KTW,2027-06-23,15:05,242.38,ok
2026-09-26,VAR,KTW,2027-06-24,09:20,238.00,ok
2026-09-26,VAR,KTW,2027-06-25,14:30,272.00,ok
2026-09-26,VAR,KTW,2027-06-26,,,unavailable
2026-09-26,VAR,KTW,2027-06-27,22:10,238.00,ok
2026-09-26,VAR,KTW,2027-06-28,13:55,238.00,ok
2026-09-26,VAR,KTW,2027-06-29,18:50,272.00,ok
2026-09-26,VAR,KTW,2027-06-30,15:05,238.00,ok
2026-09-26,VAR,KTW,2027-07-01,09:20,242.38,ok
2026-09-26,VAR,KTW,2027-07-02,14:30,400.00,ok
2026-09-26,VAR,KTW,2027-07-03,,,unavailable
2026-09-26,VAR,KTW,2027-07-04,22:10,361.00,ok
2026-09-26,VAR,KTW,2027-07-05,13:55,361.00,ok
2026-09-26,VAR,KTW,2027-07-06,18:50,442.00,ok
2026-09-26,VAR,KTW,2027-07-07,15:05,400.00,ok
2026-09-26,VAR,KTW,2027-07-08,09:20,400.00,ok
2026-09-26,VAR,KTW,2027-07-09,14:30,400.00,ok
2026-09-26,VAR,KTW,2027-07-10,,,unavailable
2026-09-26,VAR,KTW,2027-07-11,22:10,400.00,ok
2026-09-26,VAR,KTW,2027-07-12,13:55,400.00,ok
2026-09-26,VAR,KTW,2027-07-13,18:50,493.38,ok
2026-09-26,VAR,KTW,2027-07-14,15:05,315.00,ok
2026-09-26,VAR,KTW,2027-07-15,09:20,315.00,ok
2026-09-26,VAR,KTW,2027-07-16,14:30,400.00,ok
2026-09-26,VAR,KTW,2027-07-17,,,unavailable
2026-09-26,VAR,KTW,2027-07-18,22:10,361.00,ok
2026-09-26,VAR,KTW,2027-07-19,13:55,361.00,ok
2026-09-26,VAR,KTW,2027-07-20,18:50,361.00,ok
2026-09-26,VAR,KTW,2027-07-21,15:05,315.00,ok
2026-09-26,VAR,KTW,2027-07-22,09:20,315.00,ok
2026-09-26,VAR,KTW,2027-07-23,14:30,315.00,ok
2026-09-26,VAR,KTW,2027-07-24,,,unavailable
2026-09-26,VAR,KTW,2027-07-25,22:10,361.00,ok
2026-09-26,VAR,KTW,2027-07-26,13:55,361.00,ok
2026-09-26,VAR,KTW,2027-07-27,18:50,489.00,ok
2026-09-26,VAR,KTW,2027-07-28,15:05,400.00,ok
2026-09-26,VAR,KTW,2027-07-29,09:20,400.00,ok
2026-09-26,VAR,KTW,2027-07-30,14:30,442.00,ok
2026-09-26,VAR,KTW,2027-07-31,,,unavailable
2026-09-26,VAR,KTW,2027-08-01,22:10,400.00,ok
2026-09-26,VAR,KTW,2027-08-02,13:55,400.00,ok
2026-09-26,VAR,KTW,2027-08-03,18:50,489.00,ok
2026-09-26,VAR,KTW,2027-08-04,15:05,400.00,ok
2026-09-26,VAR,KTW,2027-08-05,09:20,400.00,ok
2026-09-26,VAR,KTW,2027-08-06,14:30,400.00,ok
2026-09-26,VAR,KTW,2027-08-07,,,unavailable
2026-09-26,VAR,KTW,2027-08-08,22:10,442.00,ok
2026-09-26,VAR,KTW,2027-08-09,13:55,442.00,ok
2026-09-26,VAR,KTW,2027-08-10,18:50,489.00,ok
2026-09-26,VAR,KTW,2027-08-11,15:05,442.00,ok
2026-09-26,VAR,KTW,2027-08-12,09:20,442.00,ok
2026-09-26,VAR,KTW,2027-08-13,14:30,544.00,ok
2026-09-26,VAR,KTW,2027-08-14,,,unavailable
2026-09-26,VAR,KTW,2027-08-15,22:10,544.00,ok
2026-09-26,VAR,KTW,2027-08-16,13:55,544.00,ok
2026-09-26,VAR,KTW,2027-08-17,18:50,544.00,ok
2026-09-26,VAR,KTW,2027-08-18,15:05,489.00,ok
2026-09-26,VAR,KTW,2027-08-19,09:20,489.00,ok
2026-09-26,VAR,KTW,2027-08-20,14:30,489.00,ok
2026-09-26,VAR,KTW,2027-08-21,,,unavailable
2026-09-26,VAR,KTW,2027-08-22,22:10,489.00,ok
2026-09-26,VAR,KTW,2027-08-23,13:55,489.00,ok
2026-09-26,VAR,KTW,2027-08-24,18:50,599.00,ok
2026-09-26,VAR,KTW,2027-08-25,15:05,544.00,ok
2026-09-26,VAR,KTW,2027-08-26,09:20,544.00,ok
2026-09-26,VAR,KTW,2027-08-27,14:30,599.00,ok
2026-09-26,VAR,KTW,2027-08-28,,,unavailable
2026-09-26,VAR,KTW,2027-08-29,22:10,735.00,ok
2026-09-26,VAR,KTW,2027-08-30,13:55,735.00,ok
2026-09-26,VAR,KTW,2027-08-31,18:50,442.00,ok
2026-09-26,KTW,ZAD,2026-09-26,,,unavailable
2026-09-26,KTW,ZAD,2026-09-27,,,unavailable
2026-09-26,KTW,ZAD,2026-09-28,,,unavailable
2026-09-26,KTW,ZAD,2026-09-29,21:20,74.00,ok
2026-09-26,KTW,ZAD,2026-09-30,,,unavailable
2026-09-26,KTW,ZAD,2026-10-01,,,unavailable
2026-09-26,KTW,ZAD,2026-10-02,,,unavailable
2026-09-26,KTW,ZAD,2026-10-03,,,unavailable
2026-09-26,KTW,ZAD,2026-10-04,,,unavailable
2026-09-26,KTW,ZAD,2026-10-05,,,unavailable
2026-09-26,KTW,ZAD,2026-10-06,,,unavailable
2026-09-26,KTW,ZAD,2026-10-07,,,unavailable
2026-09-26,KTW,ZAD,2026-10-08,,,unavailable
2026-09-26,KTW,ZAD,2026-10-09,,,unavailable
2026-09-26,KTW,ZAD,2026-10-10,,,unavailable
2026-09-26,KTW,ZAD,2026-10-11,,,unavailable
2026-09-26,KTW,ZAD,2026-10-12,,,unavailable
2026-09-26,KTW,ZAD,2026-10-13,,,unavailable
2026-09-26,KTW,ZAD,2026-10-14,,,unavailable
2026-09-26,KTW,ZAD,2026-10-15,,,unavailable
2026-09-26,KTW,ZAD,2026-10-16,,,unavailable
2026-09-26,KTW,ZAD,2026-10-17,,,unavailable
2026-09-26,KTW,ZAD,2026-10-18,,,unavailable
2026-09-26,KTW,ZAD,2026-10-19,,,unavailable
2026-09-26,KTW,ZAD,2026-10-20,,,unavailable
2026-09-26,KTW,ZAD,2026-10-21,,,unavailable
2026-09-26,KTW,ZAD,2026-10-22,,,unavailable
2026-09-26,KTW,ZAD,2026-10-23,,,unavailable
2026-09-26,KTW,ZAD,2026-10-24,,,unavailable
2026-09-26,KTW,ZAD,2026-10-25,,,unavailable
2026-09-26,KTW,ZAD,2026-10-26,,,unavailable
2026-09-26,KTW,ZAD,2026-10-27,,,unavailable
2026-09-26,KTW,ZAD,2026-10-28,,,unavailable
2026-09-26,KTW,ZAD,2026-10-29,,,unavailable
2026-09-26,KTW,ZAD,2026-10-30,,,unavailable
2026-09-26,KTW,ZAD,2026-10-31,,,unavailable
2026-09-26,KTW,ZAD,2026-11-01,,,unavailable
2026-09-26,KTW,ZAD,2026-11-02,,,unavailable
2026-09-26,KTW,ZAD,2026-11-03,,,unavailable
2026-09-26,KTW,ZAD,2026-11-04,,,unavailable
2026-09-26,KTW,ZAD,2026-11-05,,,unavailable
2026-09-26,KTW,ZAD,2026-11-06,,,unavailable
2026-09-26,KTW,ZAD,2026-11-07,,,unavailable
2026-09-26,KTW,ZAD,2026-11-08,,,unavailable
2026-09-26,KTW,ZAD,2026-11-09,,,unavailable
2026-09-26,KTW,ZAD,2026-11-10,,,unavailable
2026-09-26,KTW,ZAD,2026-11-11,,,unavailable
2026-09-26,KTW,ZAD,2026-11-12,,,unavailable
2026-09-26,KTW,ZAD,2026-11-13,,,unavailable
2026-09-26,KTW,ZAD,2026-11-14,,,unavailable
2026-09-26,KTW,ZAD,2026-11-15,,,unavailable
2026-09-26,KTW,ZAD,2026-11-16,,,unavailable
2026-09-26,KTW,ZAD,2026-11-17,,,unavailable
2026-09-26,KTW,ZAD,2026-11-18,,,unavailable
2026-09-26,KTW,ZAD,2026-11-19,,,unavailable
2026-09-26,KTW,ZAD,2026-11-20,,,unavailable
2026-09-26,KTW,ZAD,2026-11-21,,,unavailable
2026-09-26,KTW,ZAD,2026-11-22,,,unavailable
2026-09-26,KTW,ZAD,2026-11-23,,,unavailable
2026-09-26,KTW,ZAD,2026-11-24,,,unavailable
2026-09-26,KTW,ZAD,2026-11-25,,,unavailable
2026-09-26,KTW,ZAD,2026-11-26,,,unavailable
2026-09-26,KTW,ZAD,2026-11-27,,,unavailable
2026-09-26,KTW,ZAD,2026-11-28,,,unavailable
2026-09-26,KTW,ZAD,2026-11-29,,,unavailable
2026-09-26,KTW,ZAD,2026-11-30,,,unavailable
2026-09-26,KTW,ZAD,2026-12-01,,,unavailable
2026-09-26,KTW,ZAD,2026-12-02,,,unavailable
2026-09-26,KTW,ZAD,2026-12-03,,,unavailable
2026-09-26,KTW,ZAD,2026-12-04,,,unavailable
2026-09-26,KTW,ZAD,2026-12-05,,,unavailable
2026-09-26,KTW,ZAD,2026-12-06,,,unavailable
2026-09-26,KTW,ZAD,2026-12-07,,,unavailable
2026-09-26,KTW,ZAD,2026-12-08,,,unavailable
2026-09-26,KTW,ZAD,2026-12-09,,,unavailable
2026-09-26,KTW,ZAD,2026-12-10,,,unavailable
2026-09-26,KTW,ZAD,2026-12-11,,,unavailable
2026-09-26,KTW,ZAD,2026-12-12,,,unavailable
2026-09-26,KTW,ZAD,2026-12-13,,,unavailable
2026-09-26,KTW,ZAD,2026-12-14,,,unavailable
2026-09-26,KTW,ZAD,2026-12-15,,,unavailable
2026-09-26,KTW,ZAD,2026-12-16,,,unavailable
2026-09-26,KTW,ZAD,2026-12-17,,,unavailable
2026-09-26,KTW,ZAD,2026-12-18,,,unavailable
2026-09-26,KTW,ZAD,2026-12-19,,,unavailable
2026-09-26,KTW,ZAD,2026-12-20,,,unavailable
2026-09-26,KTW,ZAD,2026-12-21,,,unavailable
2026-09-26,KTW,ZAD,2026-12-22,,,unavailable
2026-09-26,KTW,ZAD,2026-12-23,,,unavailable
2026-09-26,KTW,ZAD,2026-12-24,,,unavailable
2026-09-26,KTW,ZAD,2026-12-25,,,unavailable
2026-09-26,KTW,ZAD,2026-12-26,,,unavailable
2026-09-26,KTW,ZAD,2026-12-27,,,unavailable
2026-09-26,KTW,ZAD,2026-12-28,,,unavailable
2026-09-26,KTW,ZAD,2026-12-29,,,unavailable
2026-09-26,KTW,ZAD,2026-12-30,,,unavailable
2026-09-26,KTW,ZAD,2026-12-31,,,unavailable
2026-09-26,KTW,ZAD,2027-01-01,,,unavailable
2026-09-26,KTW,ZAD,2027-01-02,,,unavailable
2026-09-26,KTW,ZAD,2027-01-03,,,unavailable
2026-09-26,KTW,ZAD,2027-01-04,,,unavailable
2026-09-26,KTW,ZAD,2027-01-05,,,unavailable
2026-09-26,KTW,ZAD,2027-01-06,,,unavailable
2026-09-26,KTW,ZAD,2027-01-07,,,unavailable
2026-09-26,KTW,ZAD,2027-01-08,,,unavailable
2026-09-26,KTW,ZAD,2027-01-09,,,unavailable
2026-09-26,KTW,ZAD,2027-01-10,,,unavailable
2026-09-26,KTW,ZAD,2027-01-11,,,unavailable
2026-09-26,KTW,ZAD,2027-01-12,,,unavailable
2026-09-26,KTW,ZAD,2027-01-13,,,unavailable
2026-09-26,KTW,ZAD,2027-01-14,,,unavailable
2026-09-26,KTW,ZAD,2027-01-15,,,unavailable
2026-09-26,KTW,ZAD,2027-01-16,,,unavailable
2026-09-26,KTW,ZAD,2027-01-17,,,unavailable
2026-09-26,KTW,ZAD,2027-01-18,,,unavailable
2026-09-26,KTW,ZAD,2027-01-19,,,unavailable
2026-09-26,KTW,ZAD,2027-01-20,,,unavailable
2026-09-26,KTW,ZAD,2027-01-21,,,unavailable
2026-09-26,KTW,ZAD,2027-01-22,,,unavailable
2026-09-26,KTW,ZAD,2027-01-23,,,unavailable
2026-09-26,KTW,ZAD,2027-01-24,,,unavailable
2026-09-26,KTW,ZAD,2027-01-25,,,unavailable
2026-09-26,KTW,ZAD,2027-01-26,,,unavailable
2026-09-26,KTW,ZAD,2027-01-27,,,unavailable
2026-09-26,KTW,ZAD,2027-01-28,,,unavailable
2026-09-26,KTW,ZAD,2027-01-29,,,unavailable
2026-09-26,KTW,ZAD,2027-01-30,,,unavailable
2026-09-26,KTW,ZAD,2027-01-31,,,unavailable
2026-09-26,KTW,ZAD,2027-02-01,,,unavailable
2026-09-26,KTW,ZAD,2027-02-02,,,unavailable
2026-09-26,KTW,ZAD,2027-02-03,,,unavailable
2026-09-26,KTW,ZAD,2027-02-04,,,unavailable
2026-09-26,KTW,ZAD,2027-02-05,,,unavailable
2026-09-26,KTW,ZAD,2027-02-06,,,unavailable
2026-09-26,KTW,ZAD,2027-02-07,,,unavailable
2026-09-26,KTW,ZAD,2027-02-08,,,unavailable
2026-09-26,KTW,ZAD,2027-02-09,,,unavailable
2026-09-26,KTW,ZAD,2027-02-10,,,unavailable
2026-09-26,KTW,ZAD,2027-02-11,,,unavailable
2026-09-26,KTW,ZAD,2027-02-12,,,unavailable
2026-09-26,KTW,ZAD,2027-02-13,,,unavailable
2026-09-26,KTW,ZAD,2027-02-14,,,unavailable
2026-09-26,KTW,ZAD,2027-02-15,,,unavailable
2026-09-26,KTW,ZAD,2027-02-16,,,unavailable
2026-09-26,KTW,ZAD,2027-02-17,,,unavailable
2026-09-26,KTW,ZAD,2027-02-18,,,unavailable
2026-09-26,KTW,ZAD,2027-02-19,,,unavailable
2026-09-26,KTW,ZAD,2027-02-20,,,unavailable
2026-09-26,KTW,ZAD,2027-02-21,,,unavailable
2026-09-26,KTW,ZAD,2027-02-22,,,unavailable
2026-09-26,KTW,ZAD,2027-02-23,,,unavailable
2026-09-26,KTW,ZAD,2027-02-24,,,unavailable
2026-09-26,KTW,ZAD,2027-02-25,,,unavailable
2026-09-26,KTW,ZAD,2027-02-26,,,unavailable
2026-09-26,KTW,ZAD,2027-02-27,,,unavailable
2026-09-26,KTW,ZAD,2027-02-28,,,unavailable
2026-09-26,KTW,ZAD,2027-03-01,,,unavailable
2026-09-26,KTW,ZAD,2027-03-02,,,unavailable
2026-09-26,KTW,ZAD,2027-03-03,,,unavailable
2026-09-26,KTW,ZAD,2027-03-04,,,unavailable
2026-09-26,KTW,ZAD,2027-03-05,,,unavailable
2026-09-26,KTW,ZAD,2027-03-06,,,unavailable
2026-09-26,KTW,ZAD,2027-03-07,,,unavailable
2026-09-26,KTW,ZAD,2027-03-08,,,unavailable
2026-09-26,KTW,ZAD,2027-03-09,,,unavailable
2026-09-26,KTW,ZAD,2027-03-10,,,unavailable
2026-09-26,KTW,ZAD,2027-03-11,,,unavailable
2026-09-26,KTW,ZAD,2027-03-12,,,unavailable
2026-09-26,KTW,ZAD,2027-03-13,,,unavailable
2026-09-26,KTW,ZAD,2027-03-14,,,unavailable
2026-09-26,KTW,ZAD,2027-03-15,,,unavailable
2026-09-26,KTW,ZAD,2027-03-16,,,unavailable
2026-09-26,KTW,ZAD,2027-03-17,,,unavailable
2026-09-26,KTW,ZAD,2027-03-18,,,unavailable
2026-09-26,KTW,ZAD,2027-03-19,,,unavailable
2026-09-26,KTW,ZAD,2027-03-20,,,unavailable
2026-09-26,KTW,ZAD,2027-03-21,,,unavailable
2026-09-26,KTW,ZAD,2027-03-22,,,unavailable
2026-09-26,KTW,ZAD,2027-03-23,,,unavailable
2026-09-26,KTW,ZAD,2027-03-24,,,unavailable
2026-09-26,KTW,ZAD,2027-03-25,,,unavailable
2026-09-26,KTW,ZAD,2027-03-26,,,unavailable
2026-09-26,KTW,ZAD,2027-03-27,,,unavailable
2026-09-26,KTW,ZAD,2027-03-28,,,unavailable
2026-09-26,KTW,ZAD,2027-03-29,,,unavailable
2026-09-26,KTW,ZAD,2027-03-30,,,unavailable
2026-09-26,KTW,ZAD,2027-03-31,,,unavailable
2026-09-26,KTW,ZAD,2027-04-01,,,unavailable
2026-09-26,KTW,ZAD,2027-04-02,,,unavailable
2026-09-26,KTW,ZAD,2027-04-03,,,unavailable
2026-09-26,KTW,ZAD,2027-04-04,,,unavailable
2026-09-26,KTW,ZAD,2027-04-05,,,unavailable
2026-09-26,KTW,ZAD,2027-04-06,,,unavailable
2026-09-26,KTW,ZAD,2027-04-07,,,unavailable
2026-09-26,KTW,ZAD,2027-04-08,,,unavailable
2026-09-26,KTW,ZAD,2027-04-09,,,unavailable
2026-09-26,KTW,ZAD,2027-04-10,,,unavailable
2026-09-26,KTW,ZAD,2027-04-11,,,unavailable
2026-09-26,KTW,ZAD,2027-04-12,,,unavailable
2026-09-26,KTW,ZAD,2027-04-13,,,unavailable
2026-09-26,KTW,ZAD,2027-04-14,,,unavailable
2026-09-26,KTW,ZAD,2027-04-15,,,unavailable
2026-09-26,KTW,ZAD,2027-04-16,,,unavailable
2026-09-26,KTW,ZAD,2027-04-17,,,unavailable
2026-09-26,KTW,ZAD,2027-04-18,,,unavailable
2026-09-26,KTW,ZAD,2027-04-19,,,unavailable
2026-09-26,KTW,ZAD,2027-04-20,,,unavailable
2026-09-26,KTW,ZAD,2027-04-21,,,unavailable
2026-09-26,KTW,ZAD,2027-04-22,,,unavailable
2026-09-26,KTW,ZAD,2027-04-23,,,unavailable
2026-09-26,KTW,ZAD,2027-04-24,,,unavailable
2026-09-26,KTW,ZAD,2027-04-25,,,unavailable
2026-09-26,KTW,ZAD,2027-04-26,,,unavailable
2026-09-26,KTW,ZAD,2027-04-27,,,unavailable
2026-09-26,KTW,ZAD,2027-04-28,,,unavailable
2026-09-26,KTW,ZAD,2027-04-29,,,unavailable
2026-09-26,KTW,ZAD,2027-04-30,,,unavailable
2026-09-26,KTW,ZAD,2027-05-01,08:00,565.00,ok
2026-09-26,KTW,ZAD,2027-05-02,,,unavailable
2026-09-26,KTW,ZAD,2027-05-03,,,unavailable
2026-09-26,KTW,ZAD,2027-05-04,17:50,251.00,ok
2026-09-26,KTW,ZAD,2027-05-05,,,unavailable
2026-09-26,KTW,ZAD,2027-05-06,,,unavailable
2026-09-26,KTW,ZAD,2027-05-07,,,unavailable
2026-09-26,KTW,ZAD,2027-05-08,08:00,378.00,ok
2026-09-26,KTW,ZAD,2027-05-09,,,unavailable
2026-09-26,KTW,ZAD,2027-05-10,,,unavailable
2026-09-26,KTW,ZAD,2027-05-11,17:50,251.00,ok
2026-09-26,KTW,ZAD,2027-05-12,,,unavailable
2026-09-26,KTW,ZAD,2027-05-13,,,unavailable
2026-09-26,KTW,ZAD,2027-05-14,,,unavailable
2026-09-26,KTW,ZAD,2027-05-15,08:00,332.00,ok
2026-09-26,KTW,ZAD,2027-05-16,,,unavailable
2026-09-26,KTW,ZAD,2027-05-17,,,unavailable
2026-09-26,KTW,ZAD,2027-05-18,17:50,251.00,ok
2026-09-26,KTW,ZAD,2027-05-19,,,unavailable
2026-09-26,KTW,ZAD,2027-05-20,,,unavailable
2026-09-26,KTW,ZAD,2027-05-21,,,unavailable
2026-09-26,KTW,ZAD,2027-05-22,08:00,378.00,ok
2026-09-26,KTW,ZAD,2027-05-23,,,unavailable
2026-09-26,KTW,ZAD,2027-05-24,,,unavailable
2026-09-26,KTW,ZAD,2027-05-25,17:50,251.00,ok
2026-09-26,KTW,ZAD,2027-05-26,,,unavailable
2026-09-26,KTW,ZAD,2027-05-27,,,unavailable
2026-09-26,KTW,ZAD,2027-05-28,,,unavailable
2026-09-26,KTW,ZAD,2027-05-29,08:00,378.00,ok
2026-09-26,KTW,ZAD,2027-05-30,,,unavailable
2026-09-26,KTW,ZAD,2027-05-31,,,unavailable
2026-09-26,KTW,ZAD,2027-06-01,17:50,289.00,ok
2026-09-26,KTW,ZAD,2027-06-02,,,unavailable
2026-09-26,KTW,ZAD,2027-06-03,,,unavailable
2026-09-26,KTW,ZAD,2027-06-04,,,unavailable
2026-09-26,KTW,ZAD,2027-06-05,08:00,332.00,ok
2026-09-26,KTW,ZAD,2027-06-06,,,unavailable
2026-09-26,KTW,ZAD,2027-06-07,,,unavailable
2026-09-26,KTW,ZAD,2027-06-08,17:50,251.00,ok
2026-09-26,KTW,ZAD,2027-06-09,,,unavailable
2026-09-26,KTW,ZAD,2027-06-10,,,unavailable
2026-09-26,KTW,ZAD,2027-06-11,,,unavailable
2026-09-26,KTW,ZAD,2027-06-12,08:00,332.00,ok
2026-09-26,KTW,ZAD,2027-06-13,,,unavailable
2026-09-26,KTW,ZAD,2027-06-14,,,unavailable
2026-09-26,KTW,ZAD,2027-06-15,17:50,251.00,ok
2026-09-26,KTW,ZAD,2027-06-16,,,unavailable
2026-09-26,KTW,ZAD,2027-06-17,,,unavailable
2026-09-26,KTW,ZAD,2027-06-18,,,unavailable
2026-09-26,KTW,ZAD,2027-06-19,08:00,378.00,ok
2026-09-26,KTW,ZAD,2027-06-20,,,unavailable
2026-09-26,KTW,ZAD,2027-06-21,,,unavailable
2026-09-26,KTW,ZAD,2027-06-22,17:50,251.00,ok
2026-09-26,KTW,ZAD,2027-06-23,,,unavailable
2026-09-26,KTW,ZAD,2027-06-24,,,unavailable
2026-09-26,KTW,ZAD,2027-06-25,,,unavailable
2026-09-26,KTW,ZAD,2027-06-26,08:00,332.00,ok
2026-09-26,KTW,ZAD,2027-06-27,,,unavailable
2026-09-26,KTW,ZAD,2027-06-28,,,unavailable
2026-09-26,KTW,ZAD,2027-06-29,17:50,289.00,ok
2026-09-26,KTW,ZAD,2027-06-30,,,unavailable
2026-09-26,KTW,ZAD,2027-07-01,,,unavailable
2026-09-26,KTW,ZAD,2027-07-02,,,unavailable
2026-09-26,KTW,ZAD,2027-07-03,08:00,251.00,ok
2026-09-26,KTW,ZAD,2027-07-04,,,unavailable
2026-09-26,KTW,ZAD,2027-07-05,,,unavailable
2026-09-26,KTW,ZAD,2027-07-06,17:50,251.00,ok
2026-09-26,KTW,ZAD,2027-07-07,,,unavailable
2026-09-26,KTW,ZAD,2027-07-08,,,unavailable
2026-09-26,KTW,ZAD,2027-07-09,,,unavailable
2026-09-26,KTW,ZAD,2027-07-10,08:00,251.00,ok
2026-09-26,KTW,ZAD,2027-07-11,,,unavailable
2026-09-26,KTW,ZAD,2027-07-12,,,unavailable
2026-09-26,KTW,ZAD,2027-07-13,17:50,255.38,ok
2026-09-26,KTW,ZAD,2027-07-14,,,unavailable
2026-09-26,KTW,ZAD,2027-07-15,,,unavailable
2026-09-26,KTW,ZAD,2027-07-16,,,unavailable
2026-09-26,KTW,ZAD,2027-07-17,08:00,251.00,ok
2026-09-26,KTW,ZAD,2027-07-18,,,unavailable
2026-09-26,KTW,ZAD,2027-07-19,,,unavailable
2026-09-26,KTW,ZAD,2027-07-20,17:50,251.00,ok
2026-09-26,KTW,ZAD,2027-07-21,,,unavailable
2026-09-26,KTW,ZAD,2027-07-22,,,unavailable
2026-09-26,KTW,ZAD,2027-07-23,,,unavailable
2026-09-26,KTW,ZAD,2027-07-24,08:00,251.00,ok
2026-09-26,KTW,ZAD,2027-07-25,,,unavailable
2026-09-26,KTW,ZAD,2027-07-26,,,unavailable
2026-09-26,KTW,ZAD,2027-07-27,17:50,251.00,ok
2026-09-26,KTW,ZAD,2027-07-28,,,unavailable
2026-09-26,KTW,ZAD,2027-07-29,,,unavailable
2026-09-26,KTW,ZAD,2027-07-30,,,unavailable
2026-09-26,KTW,ZAD,2027-07-31,08:00,251.00,ok
2026-09-26,KTW,ZAD,2027-08-01,,,unavailable
2026-09-26,KTW,ZAD,2027-08-02,,,unavailable
2026-09-26,KTW,ZAD,2027-08-03,17:50,289.00,ok
2026-09-26,KTW,ZAD,2027-08-04,,,unavailable
2026-09-26,KTW,ZAD,2027-08-05,,,unavailable
2026-09-26,KTW,ZAD,2027-08-06,,,unavailable
2026-09-26,KTW,ZAD,2027-08-07,08:00,251.00,ok
2026-09-26,KTW,ZAD,2027-08-08,,,unavailable
2026-09-26,KTW,ZAD,2027-08-09,,,unavailable
2026-09-26,KTW,ZAD,2027-08-10,17:50,251.00,ok
2026-09-26,KTW,ZAD,2027-08-11,,,unavailable
2026-09-26,KTW,ZAD,2027-08-12,,,unavailable
2026-09-26,KTW,ZAD,2027-08-13,,,unavailable
2026-09-26,KTW,ZAD,2027-08-14,08:00,332.00,ok
2026-09-26,KTW,ZAD,2027-08-15,,,unavailable
2026-09-26,KTW,ZAD,2027-08-16,,,unavailable
2026-09-26,KTW,ZAD,2027-08-17,17:50,251.00,ok
2026-09-26,KTW,ZAD,2027-08-18,,,unavailable
2026-09-26,KTW,ZAD,2027-08-19,,,unavailable
2026-09-26,KTW,ZAD,2027-08-20,,,unavailable
2026-09-26,KTW,ZAD,2027-08-21,08:00,251.00,ok
2026-09-26,KTW,ZAD,2027-08-22,,,unavailable
2026-09-26,KTW,ZAD,2027-08-23,,,unavailable
2026-09-26,KTW,ZAD,2027-08-24,17:50,251.00,ok
2026-09-26,KTW,ZAD,2027-08-25,,,unavailable
2026-09-26,KTW,ZAD,2027-08-26,,,unavailable
2026-09-26,KTW,ZAD,2027-08-27,,,unavailable
2026-09-26,KTW,ZAD,2027-08-28,08:00,251.00,ok
2026-09-26,KTW,ZAD,2027-08-29,,,unavailable
2026-09-26,KTW,ZAD,2027-08-30,,,unavailable
2026-09-26,KTW,ZAD,2027-08-31,17:50,251.00,ok
2026-09-26,ZAD,KTW,2026-09-26,,,unavailable
2026-09-26,ZAD,KTW,2026-09-27,,,unavailable
2026-09-26,ZAD,KTW,2026-09-28,,,unavailable
2026-09-26,ZAD,KTW,2026-09-29,19:15,572.62,ok
2026-09-26,ZAD,KTW,2026-09-30,,,unavailable
2026-09-26,ZAD,KTW,2026-10-01,,,unavailable
2026-09-26,ZAD,KTW,2026-10-02,,,unavailable
2026-09-26,ZAD,KTW,2026-10-03,,,unavailable
2026-09-26,ZAD,KTW,2026-10-04,,,unavailable
2026-09-26,ZAD,KTW,2026-10-05,,,unavailable
2026-09-26,ZAD,KTW,2026-10-06,,,unavailable
2026-09-26,ZAD,KTW,2026-10-07,,,unavailable
2026-09-26,ZAD,KTW,2026-10-08,,,unavailable
2026-09-26,ZAD,KTW,2026-10-09,,,unavailable
2026-09-26,ZAD,KTW,2026-10-10,,,unavailable
2026-09-26,ZAD,KTW,2026-10-11,,,unavailable
2026-09-26,ZAD,KTW,2026-10-12,,,unavailable
2026-09-26,ZAD,KTW,2026-10-13,,,unavailable
2026-09-26,ZAD,KTW,2026-10-14,,,unavailable
2026-09-26,ZAD,KTW,2026-10-15,,,unavailable
2026-09-26,ZAD,KTW,2026-10-16,,,unavailable
2026-09-26,ZAD,KTW,2026-10-17,,,unavailable
2026-09-26,ZAD,KTW,2026-10-18,,,unavailable
2026-09-26,ZAD,KTW,2026-10-19,,,unavailable
2026-09-26,ZAD,KTW,2026-10-20,,,unavailable
2026-09-26,ZAD,KTW,2026-10-21,,,unavailable
2026-09-26,ZAD,KTW,2026-10-22,,,unavailable
2026-09-26,ZAD,KTW,2026-10-23,,,unavailable
2026-09-26,ZAD,KTW,2026-10-24,,,unavailable
2026-09-26,ZAD,KTW,2026-10-25,,,unavailable
2026-09-26,ZAD,KTW,2026-10-26,,,unavailable
2026-09-26,ZAD,KTW,2026-10-27,,,unavailable
2026-09-26,ZAD,KTW,2026-10-28,,,unavailable
2026-09-26,ZAD,KTW,2026-10-29,,,unavailable
2026-09-26,ZAD,KTW,2026-10-30,,,unavailable
2026-09-26,ZAD,KTW,2026-10-31,,,unavailable
2026-09-26,ZAD,KTW,2026-11-01,,,unavailable
2026-09-26,ZAD,KTW,2026-11-02,,,unavailable
2026-09-26,ZAD,KTW,2026-11-03,,,unavailable
2026-09-26,ZAD,KTW,2026-11-04,,,unavailable
2026-09-26,ZAD,KTW,2026-11-05,,,unavailable
2026-09-26,ZAD,KTW,2026-11-06,,,unavailable
2026-09-26,ZAD,KTW,2026-11-07,,,unavailable
2026-09-26,ZAD,KTW,2026-11-08,,,unavailable
2026-09-26,ZAD,KTW,2026-11-09,,,unavailable
2026-09-26,ZAD,KTW,2026-11-10,,,unavailable
2026-09-26,ZAD,KTW,2026-11-11,,,unavailable
2026-09-26,ZAD,KTW,2026-11-12,,,unavailable
2026-09-26,ZAD,KTW,2026-11-13,,,unavailable
2026-09-26,ZAD,KTW,2026-11-14,,,unavailable
2026-09-26,ZAD,KTW,2026-11-15,,,unavailable
2026-09-26,ZAD,KTW,2026-11-16,,,unavailable
2026-09-26,ZAD,KTW,2026-11-17,,,unavailable
2026-09-26,ZAD,KTW,2026-11-18,,,unavailable
2026-09-26,ZAD,KTW,2026-11-19,,,unavailable
2026-09-26,ZAD,KTW,2026-11-20,,,unavailable
2026-09-26,ZAD,KTW,2026-11-21,,,unavailable
2026-09-26,ZAD,KTW,2026-11-22,,,unavailable
2026-09-26,ZAD,KTW,2026-11-23,,,unavailable
2026-09-26,ZAD,KTW,2026-11-24,,,unavailable
2026-09-26,ZAD,KTW,2026-11-25,,,unavailable
2026-09-26,ZAD,KTW,2026-11-26,,,unavailable
2026-09-26,ZAD,KTW,2026-11-27,,,unavailable
2026-09-26,ZAD,KTW,2026-11-28,,,unavailable
2026-09-26,ZAD,KTW,2026-11-29,,,unavailable
2026-09-26,ZAD,KTW,2026-11-30,,,unavailable
2026-09-26,ZAD,KTW,2026-12-01,,,unavailable
2026-09-26,ZAD,KTW,2026-12-02,,,unavailable
2026-09-26,ZAD,KTW,2026-12-03,,,unavailable
2026-09-26,ZAD,KTW,2026-12-04,,,unavailable
2026-09-26,ZAD,KTW,2026-12-05,,,unavailable
2026-09-26,ZAD,KTW,2026-12-06,,,unavailable
2026-09-26,ZAD,KTW,2026-12-07,,,unavailable
2026-09-26,ZAD,KTW,2026-12-08,,,unavailable
2026-09-26,ZAD,KTW,2026-12-09,,,unavailable
2026-09-26,ZAD,KTW,2026-12-10,,,unavailable
2026-09-26,ZAD,KTW,2026-12-11,,,unavailable
2026-09-26,ZAD,KTW,2026-12-12,,,unavailable
2026-09-26,ZAD,KTW,2026-12-13,,,unavailable
2026-09-26,ZAD,KTW,2026-12-14,,,unavailable
2026-09-26,ZAD,KTW,2026-12-15,,,unavailable
2026-09-26,ZAD,KTW,2026-12-16,,,unavailable
2026-09-26,ZAD,KTW,2026-12-17,,,unavailable
2026-09-26,ZAD,KTW,2026-12-18,,,unavailable
2026-09-26,ZAD,KTW,2026-12-19,,,unavailable
2026-09-26,ZAD,KTW,2026-12-20,,,unavailable
2026-09-26,ZAD,KTW,2026-12-21,,,unavailable
2026-09-26,ZAD,KTW,2026-12-22,,,unavailable
2026-09-26,ZAD,KTW,2026-12-23,,,unavailable
2026-09-26,ZAD,KTW,2026-12-24,,,unavailable
2026-09-26,ZAD,KTW,2026-12-25,,,unavailable
2026-09-26,ZAD,KTW,2026-12-26,,,unavailable
2026-09-26,ZAD,KTW,2026-12-27,,,unavailable
2026-09-26,ZAD,KTW,2026-12-28,,,unavailable
2026-09-26,ZAD,KTW,2026-12-29,,,unavailable
2026-09-26,ZAD,KTW,2026-12-30,,,unavailable
2026-09-26,ZAD,KTW,2026-12-31,,,unavailable
2026-09-26,ZAD,KTW,2027-01-01,,,unavailable
2026-09-26,ZAD,KTW,2027-01-02,,,unavailable
2026-09-26,ZAD,KTW,2027-01-03,,,unavailable
2026-09-26,ZAD,KTW,2027-01-04,,,unavailable
2026-09-26,ZAD,KTW,2027-01-05,,,unavailable
2026-09-26,ZAD,KTW,2027-01-06,,,unavailable
2026-09-26,ZAD,KTW,2027-01-07,,,unavailable
2026-09-26,ZAD,KTW,2027-01-08,,,unavailable
2026-09-26,ZAD,KTW,2027-01-09,,,unavailable
2026-09-26,ZAD,KTW,2027-01-10,,,unavailable
2026-09-26,ZAD,KTW,2027-01-11,,,unavailable
2026-09-26,ZAD,KTW,2027-01-12,,,unavailable
2026-09-26,ZAD,KTW,2027-01-13,,,unavailable
2026-09-26,ZAD,KTW,2027-01-14,,,unavailable
2026-09-26,ZAD,KTW,2027-01-15,,,unavailable
2026-09-26,ZAD,KTW,2027-01-16,,,unavailable
2026-09-26,ZAD,KTW,2027-01-17,,,unavailable
2026-09-26,ZAD,KTW,2027-01-18,,,unavailable
2026-09-26,ZAD,KTW,2027-01-19,,,unavailable
2026-09-26,ZAD,KTW,2027-01-20,,,unavailable
2026-09-26,ZAD,KTW,2027-01-21,,,unavailable
2026-09-26,ZAD,KTW,2027-01-22,,,unavailable
2026-09-26,ZAD,KTW,2027-01-23,,,unavailable
2026-09-26,ZAD,KTW,2027-01-24,,,unavailable
2026-09-26,ZAD,KTW,2027-01-25,,,unavailable
2026-09-26,ZAD,KTW,2027-01-26,,,unavailable
2026-09-26,ZAD,KTW,2027-01-27,,,unavailable
2026-09-26,ZAD,KTW,2027-01-28,,,unavailable
2026-09-26,ZAD,KTW,2027-01-29,,,unavailable
2026-09-26,ZAD,KTW,2027-01-30,,,unavailable
2026-09-26,ZAD,KTW,2027-01-31,,,unavailable
2026-09-26,ZAD,KTW,2027-02-01,,,unavailable
2026-09-26,ZAD,KTW,2027-02-02,,,unavailable
2026-09-26,ZAD,KTW,2027-02-03,,,unavailable
2026-09-26,ZAD,KTW,2027-02-04,,,unavailable
2026-09-26,ZAD,KTW,2027-02-05,,,unavailable
2026-09-26,ZAD,KTW,2027-02-06,,,unavailable
2026-09-26,ZAD,KTW,2027-02-07,,,unavailable
2026-09-26,ZAD,KTW,2027-02-08,,,unavailable
2026-09-26,ZAD,KTW,2027-02-09,,,unavailable
2026-09-26,ZAD,KTW,2027-02-10,,,unavailable
2026-09-26,ZAD,KTW,2027-02-11,,,unavailable
2026-09-26,ZAD,KTW,2027-02-12,,,unavailable
2026-09-26,ZAD,KTW,2027-02-13,,,unavailable
2026-09-26,ZAD,KTW,2027-02-14,,,unavailable
2026-09-26,ZAD,KTW,2027-02-15,,,unavailable
2026-09-26,ZAD,KTW,2027-02-16,,,unavailable
2026-09-26,ZAD,KTW,2027-02-17,,,unavailable
2026-09-26,ZAD,KTW,2027-02-18,,,unavailable
2026-09-26,ZAD,KTW,2027-02-19,,,unavailable
2026-09-26,ZAD,KTW,2027-02-20,,,unavailable
2026-09-26,ZAD,KTW,2027-02-21,,,unavailable
2026-09-26,ZAD,KTW,2027-02-22,,,unavailable
2026-09-26,ZAD,KTW,2027-02-23,,,unavailable
2026-09-26,ZAD,KTW,2027-02-24,,,unavailable
2026-09-26,ZAD,KTW,2027-02-25,,,unavailable
2026-09-26,ZAD,KTW,2027-02-26,,,unavailable
2026-09-26,ZAD,KTW,2027-02-27,,,unavailable
2026-09-26,ZAD,KTW,2027-02-28,,,unavailable
2026-09-26,ZAD,KTW,2027-03-01,,,unavailable
2026-09-26,ZAD,KTW,2027-03-02,,,unavailable
2026-09-26,ZAD,KTW,2027-03-03,,,unavailable
2026-09-26,ZAD,KTW,2027-03-04,,,unavailable
2026-09-26,ZAD,KTW,2027-03-05,,,unavailable
2026-09-26,ZAD,KTW,2027-03-06,,,unavailable
2026-09-26,ZAD,KTW,2027-03-07,,,unavailable
2026-09-26,ZAD,KTW,2027-03-08,,,unavailable
2026-09-26,ZAD,KTW,2027-03-09,,,unavailable
2026-09-26,ZAD,KTW,2027-03-10,,,unavailable
2026-09-26,ZAD,KTW,2027-03-11,,,unavailable
2026-09-26,ZAD,KTW,2027-03-12,,,unavailable
2026-09-26,ZAD,KTW,2027-03-13,,,unavailable
2026-09-26,ZAD,KTW,2027-03-14,,,unavailable
2026-09-26,ZAD,KTW,2027-03-15,,,unavailable
2026-09-26,ZAD,KTW,2027-03-16,,,unavailable
2026-09-26,ZAD,KTW,2027-03-17,,,unavailable
2026-09-26,ZAD,KTW,2027-03-18,,,unavailable
2026-09-26,ZAD,KTW,2027-03-19,,,unavailable
2026-09-26,ZAD,KTW,2027-03-20,,,unavailable
2026-09-26,ZAD,KTW,2027-03-21,,,unavailable
2026-09-26,ZAD,KTW,2027-03-22,,,unavailable
2026-09-26,ZAD,KTW,2027-03-23,,,unavailable
2026-09-26,ZAD,KTW,2027-03-24,,,unavailable
2026-09-26,ZAD,KTW,2027-03-25,,,unavailable
2026-09-26,ZAD,KTW,2027-03-26,,,unavailable
2026-09-26,ZAD,KTW,2027-03-27,,,unavailable
2026-09-26,ZAD,KTW,2027-03-28,,,unavailable
2026-09-26,ZAD,KTW,2027-03-29,,,unavailable
2026-09-26,ZAD,KTW,2027-03-30,,,unavailable
2026-09-26,ZAD,KTW,2027-03-31,,,unavailable
2026-09-26,ZAD,KTW,2027-04-01,,,unavailable
2026-09-26,ZAD,KTW,2027-04-02,,,unavailable
2026-09-26,ZAD,KTW,2027-04-03,,,unavailable
2026-09-26,ZAD,KTW,2027-04-04,,,unavailable
2026-09-26,ZAD,KTW,2027-04-05,,,unavailable
2026-09-26,ZAD,KTW,2027-04-06,,,unavailable
2026-09-26,ZAD,KTW,2027-04-07,,,unavailable
2026-09-26,ZAD,KTW,2027-04-08,,,unavailable
2026-09-26,ZAD,KTW,2027-04-09,,,unavailable
2026-09-26,ZAD,KTW,2027-04-10,,,unavailable
2026-09-26,ZAD,KTW,2027-04-11,,,unavailable
2026-09-26,ZAD,KTW,2027-04-12,,,unavailable
2026-09-26,ZAD,KTW,2027-04-13,,,unavailable
2026-09-26,ZAD,KTW,2027-04-14,,,unavailable
2026-09-26,ZAD,KTW,2027-04-15,,,unavailable
2026-09-26,ZAD,KTW,2027-04-16,,,unavailable
2026-09-26,ZAD,KTW,2027-04-17,,,unavailable
2026-09-26,ZAD,KTW,2027-04-18,,,unavailable
2026-09-26,ZAD,KTW,2027-04-19,,,unavailable
2026-09-26,ZAD,KTW,2027-04-20,,,unavailable
2026-09-26,ZAD,KTW,2027-04-21,,,unavailable
2026-09-26,ZAD,KTW,2027-04-22,,,unavailable
2026-09-26,ZAD,KTW,2027-04-23,,,unavailable
2026-09-26,ZAD,KTW,2027-04-24,,,unavailable
2026-09-26,ZAD,KTW,2027-04-25,,,unavailable
2026-09-26,ZAD,KTW,2027-04-26,,,unavailable
2026-09-26,ZAD,KTW,2027-04-27,,,unavailable
2026-09-26,ZAD,KTW,2027-04-28,,,unavailable
2026-09-26,ZAD,KTW,2027-04-29,,,unavailable
2026-09-26,ZAD,KTW,2027-04-30,,,unavailable
2026-09-26,ZAD,KTW,2027-05-01,06:00,251.00,ok
2026-09-26,ZAD,KTW,2027-05-02,,,unavailable
2026-09-26,ZAD,KTW,2027-05-03,,,unavailable
2026-09-26,ZAD,KTW,2027-05-04,15:50,251.00,ok
2026-09-26,ZAD,KTW,2027-05-05,,,unavailable
2026-09-26,ZAD,KTW,2027-05-06,,,unavailable
2026-09-26,ZAD,KTW,2027-05-07,,,unavailable
2026-09-26,ZAD,KTW,2027-05-08,06:00,251.00,ok
2026-09-26,ZAD,KTW,2027-05-09,,,unavailable
2026-09-26,ZAD,KTW,2027-05-10,,,unavailable
2026-09-26,ZAD,KTW,2027-05-11,15:50,251.00,ok
2026-09-26,ZAD,KTW,2027-05-12,,,unavailable
2026-09-26,ZAD,KTW,2027-05-13,,,unavailable
2026-09-26,ZAD,KTW,2027-05-14,,,unavailable
2026-09-26,ZAD,KTW,2027-05-15,06:00,251.00,ok
2026-09-26,ZAD,KTW,2027-05-16,,,unavailable
2026-09-26,ZAD,KTW,2027-05-17,,,unavailable
2026-09-26,ZAD,KTW,2027-05-18,15:50,251.00,ok
2026-09-26,ZAD,KTW,2027-05-19,,,unavailable
2026-09-26,ZAD,KTW,2027-05-20,,,unavailable
2026-09-26,ZAD,KTW,2027-05-21,,,unavailable
2026-09-26,ZAD,KTW,2027-05-22,06:00,251.00,ok
2026-09-26,ZAD,KTW,2027-05-23,,,unavailable
2026-09-26,ZAD,KTW,2027-05-24,,,unavailable
2026-09-26,ZAD,KTW,2027-05-25,15:50,251.00,ok
2026-09-26,ZAD,KTW,2027-05-26,,,unavailable
2026-09-26,ZAD,KTW,2027-05-27,,,unavailable
2026-09-26,ZAD,KTW,2027-05-28,,,unavailable
2026-09-26,ZAD,KTW,2027-05-29,06:00,251.00,ok
2026-09-26,ZAD,KTW,2027-05-30,,,unavailable
2026-09-26,ZAD,KTW,2027-05-31,,,unavailable
2026-09-26,ZAD,KTW,2027-06-01,15:50,251.00,ok
2026-09-26,ZAD,KTW,2027-06-02,,,unavailable
2026-09-26,ZAD,KTW,2027-06-03,,,unavailable
2026-09-26,ZAD,KTW,2027-06-04,,,unavailable
2026-09-26,ZAD,KTW,2027-06-05,06:00,289.00,ok
2026-09-26,ZAD,KTW,2027-06-06,,,unavailable
2026-09-26,ZAD,KTW,2027-06-07,,,unavailable
2026-09-26,ZAD,KTW,2027-06-08,15:50,251.00,ok
2026-09-26,ZAD,KTW,2027-06-09,,,unavailable
2026-09-26,ZAD,KTW,2027-06-10,,,unavailable
2026-09-26,ZAD,KTW,2027-06-11,,,unavailable
2026-09-26,ZAD,KTW,2027-06-12,06:00,251.00,ok
2026-09-26,ZAD,KTW,2027-06-13,,,unavailable
2026-09-26,ZAD,KTW,2027-06-14,,,unavailable
2026-09-26,ZAD,KTW,2027-06-15,15:50,251.00,ok
2026-09-26,ZAD,KTW,2027-06-16,,,unavailable
2026-09-26,ZAD,KTW,2027-06-17,,,unavailable
2026-09-26,ZAD,KTW,2027-06-18,,,unavailable
2026-09-26,ZAD,KTW,2027-06-19,06:00,251.00,ok
2026-09-26,ZAD,KTW,2027-06-20,,,unavailable
2026-09-26,ZAD,KTW,2027-06-21,,,unavailable
2026-09-26,ZAD,KTW,2027-06-22,15:50,251.00,ok
2026-09-26,ZAD,KTW,2027-06-23,,,unavailable
2026-09-26,ZAD,KTW,2027-06-24,,,unavailable
2026-09-26,ZAD,KTW,2027-06-25,,,unavailable
2026-09-26,ZAD,KTW,2027-06-26,06:00,251.00,ok
2026-09-26,ZAD,KTW,2027-06-27,,,unavailable
2026-09-26,ZAD,KTW,2027-06-28,,,unavailable
2026-09-26,ZAD,KTW,2027-06-29,15:50,289.00,ok
2026-09-26,ZAD,KTW,2027-06-30,,,unavailable
2026-09-26,ZAD,KTW,2027-07-01,,,unavailable
2026-09-26,ZAD,KTW,2027-07-02,,,unavailable
2026-09-26,ZAD,KTW,2027-07-03,06:00,378.00,ok
2026-09-26,ZAD,KTW,2027-07-04,,,unavailable
2026-09-26,ZAD,KTW,2027-07-05,,,unavailable
2026-09-26,ZAD,KTW,2027-07-06,15:50,289.00,ok
2026-09-26,ZAD,KTW,2027-07-07,,,unavailable
2026-09-26,ZAD,KTW,2027-07-08,,,unavailable
2026-09-26,ZAD,KTW,2027-07-09,,,unavailable
2026-09-26,ZAD,KTW,2027-07-10,06:00,378.00,ok
2026-09-26,ZAD,KTW,2027-07-11,,,unavailable
2026-09-26,ZAD,KTW,2027-07-12,,,unavailable
2026-09-26,ZAD,KTW,2027-07-13,15:50,293.38,ok
2026-09-26,ZAD,KTW,2027-07-14,,,unavailable
2026-09-26,ZAD,KTW,2027-07-15,,,unavailable
2026-09-26,ZAD,KTW,2027-07-16,,,unavailable
2026-09-26,ZAD,KTW,2027-07-17,06:00,378.00,ok
2026-09-26,ZAD,KTW,2027-07-18,,,unavailable
2026-09-26,ZAD,KTW,2027-07-19,,,unavailable
2026-09-26,ZAD,KTW,2027-07-20,15:50,332.00,ok
2026-09-26,ZAD,KTW,2027-07-21,,,unavailable
2026-09-26,ZAD,KTW,2027-07-22,,,unavailable
2026-09-26,ZAD,KTW,2027-07-23,,,unavailable
2026-09-26,ZAD,KTW,2027-07-24,06:00,421.00,ok
2026-09-26,ZAD,KTW,2027-07-25,,,unavailable
2026-09-26,ZAD,KTW,2027-07-26,,,unavailable
2026-09-26,ZAD,KTW,2027-07-27,15:50,332.00,ok
2026-09-26,ZAD,KTW,2027-07-28,,,unavailable
2026-09-26,ZAD,KTW,2027-07-29,,,unavailable
2026-09-26,ZAD,KTW,2027-07-30,,,unavailable
2026-09-26,ZAD,KTW,2027-07-31,06:00,421.00,ok
2026-09-26,ZAD,KTW,2027-08-01,,,unavailable
2026-09-26,ZAD,KTW,2027-08-02,,,unavailable
2026-09-26,ZAD,KTW,2027-08-03,15:50,332.00,ok
2026-09-26,ZAD,KTW,2027-08-04,,,unavailable
2026-09-26,ZAD,KTW,2027-08-05,,,unavailable
2026-09-26,ZAD,KTW,2027-08-06,,,unavailable
2026-09-26,ZAD,KTW,2027-08-07,06:00,332.00,ok
2026-09-26,ZAD,KTW,2027-08-08,,,unavailable
2026-09-26,ZAD,KTW,2027-08-09,,,unavailable
2026-09-26,ZAD,KTW,2027-08-10,15:50,289.00,ok
2026-09-26,ZAD,KTW,2027-08-11,,,unavailable
2026-09-26,ZAD,KTW,2027-08-12,,,unavailable
2026-09-26,ZAD,KTW,2027-08-13,,,unavailable
2026-09-26,ZAD,KTW,2027-08-14,06:00,378.00,ok
2026-09-26,ZAD,KTW,2027-08-15,,,unavailable
2026-09-26,ZAD,KTW,2027-08-16,,,unavailable
2026-09-26,ZAD,KTW,2027-08-17,15:50,289.00,ok
2026-09-26,ZAD,KTW,2027-08-18,,,unavailable
2026-09-26,ZAD,KTW,2027-08-19,,,unavailable
2026-09-26,ZAD,KTW,2027-08-20,,,unavailable
2026-09-26,ZAD,KTW,2027-08-21,06:00,332.00,ok
2026-09-26,ZAD,KTW,2027-08-22,,,unavailable
2026-09-26,ZAD,KTW,2027-08-23,,,unavailable
2026-09-26,ZAD,KTW,2027-08-24,15:50,332.00,ok
2026-09-26,ZAD,KTW,2027-08-25,,,unavailable
2026-09-26,ZAD,KTW,2027-08-26,,,unavailable
2026-09-26,ZAD,KTW,2027-08-27,,,unavailable
2026-09-26,ZAD,KTW,2027-08-28,06:00,378.00,ok
2026-09-26,ZAD,KTW,2027-08-29,,,unavailable
2026-09-26,ZAD,KTW,2027-08-30,,,unavailable
2026-09-26,ZAD,KTW,2027-08-31,15:50,289.00,ok
