observed,origin,dest,day,dep_time,price,status
2026-09-25,LCJ,AGP,2026-09-25,,,unavailable
2026-09-25,LCJ,AGP,2026-09-26,20:10,227.76,ok
2026-09-25,LCJ,AGP,2026-09-27,,,unavailable
2026-09-25,LCJ,AGP,2026-09-28,,,unavailable
2026-09-25,LCJ,AGP,2026-09-29,,,unavailable
2026-09-25,LCJ,AGP,2026-09-30,19:25,108.00,ok
2026-09-25,LCJ,AGP,2026-10-01,,,unavailable
2026-09-25,LCJ,AGP,2026-10-02,,,unavailable
2026-09-25,LCJ,AGP,2026-10-03,20:10,175.39,ok
2026-09-25,LCJ,AGP,2026-10-04,,,unavailable
2026-09-25,LCJ,AGP,2026-10-05,,,unavailable
2026-09-25,LCJ,AGP,2026-10-06,,,unavailable
2026-09-25,LCJ,AGP,2026-10-07,19:25,105.10,ok
2026-09-25,LCJ,AGP,2026-10-08,,,unavailable
2026-09-25,LCJ,AGP,2026-10-09,,,unavailable
2026-09-25,LCJ,AGP,2026-10-10,20:10,223.38,ok
2026-09-25,LCJ,AGP,2026-10-11,,,unavailable
2026-09-25,LCJ,AGP,2026-10-12,,,unavailable
2026-09-25,LCJ,AGP,2026-10-13,,,unavailable
2026-09-25,LCJ,AGP,2026-10-14,19:25,254.05,ok
2026-09-25,LCJ,AGP,2026-10-15,,,unavailable
2026-09-25,LCJ,AGP,2026-10-16,,,unavailable
2026-09-25,LCJ,AGP,2026-10-17,20:10,204.62,ok
2026-09-25,LCJ,AGP,2026-10-18,,,unavailable
2026-09-25,LCJ,AGP,2026-10-19,,,unavailable
2026-09-25,LCJ,AGP,2026-10-20,,,unavailable
2026-09-25,LCJ,AGP,2026-10-21,19:25,254.05,ok
2026-09-25,LCJ,AGP,2026-10-22,,,unavailable
2026-09-25,LCJ,AGP,2026-10-23,,,unavailable
2026-09-25,LCJ,AGP,2026-10-24,20:10,170.81,ok
2026-09-25,LCJ,AGP,2026-10-25,20:20,108.00,ok
2026-09-25,LCJ,AGP,2026-10-26,,,unavailable
2026-09-25,LCJ,AGP,2026-10-27,,,unavailable
2026-09-25,LCJ,AGP,2026-10-28,,,unavailable
2026-09-25,LCJ,AGP,2026-10-29,,,unavailable
2026-09-25,LCJ,AGP,2026-10-30,20:40,127.20,ok
2026-09-25,LCJ,AGP,2026-10-31,,,unavailable
2026-09-25,LCJ,AGP,2026-11-01,20:20,197.10,ok
2026-09-25,LCJ,AGP,2026-11-02,,,unavailable
2026-09-25,LCJ,AGP,2026-11-03,,,unavailable
2026-09-25,LCJ,AGP,2026-11-04,,,unavailable
2026-09-25,LCJ,AGP,2026-11-05,12:50,354.81,ok
2026-09-25,LCJ,AGP,2026-11-06,20:40,300.61,ok
2026-09-25,LCJ,AGP,2026-11-07,,,unavailable
2026-09-25,LCJ,AGP,2026-11-08,20:20,266.11,ok
2026-09-25,LCJ,AGP,2026-11-09,,,unavailable
2026-09-25,LCJ,AGP,2026-11-10,,,unavailable
2026-09-25,LCJ,AGP,2026-11-11,,,unavailable
2026-09-25,LCJ,AGP,2026-11-12,12:50,157.67,ok
2026-09-25,LCJ,AGP,2026-11-13,20:40,121.00,ok
2026-09-25,LCJ,AGP,2026-11-14,,,unavailable
2026-09-25,LCJ,AGP,2026-11-15,20:20,100.72,ok
2026-09-25,LCJ,AGP,2026-11-16,,,unavailable
2026-09-25,LCJ,AGP,2026-11-17,,,unavailable
2026-09-25,LCJ,AGP,2026-11-18,,,unavailable
2026-09-25,LCJ,AGP,2026-11-19,12:50,127.00,ok
2026-09-25,LCJ,AGP,2026-11-20,20:40,113.86,ok
2026-09-25,LCJ,AGP,2026-11-21,,,unavailable
2026-09-25,LCJ,AGP,2026-11-22,20:20,121.00,ok
2026-09-25,LCJ,AGP,2026-11-23,,,unavailable
2026-09-25,LCJ,AGP,2026-11-24,,,unavailable
2026-09-25,LCJ,AGP,2026-11-25,,,unavailable
2026-09-25,LCJ,AGP,2026-11-26,12:50,201.76,ok
2026-09-25,LCJ,AGP,2026-11-27,20:40,121.00,ok
2026-09-25,LCJ,AGP,2026-11-28,,,unavailable
2026-09-25,LCJ,AGP,2026-11-29,20:20,121.00,ok
2026-09-25,LCJ,AGP,2026-11-30,,,unavailable
2026-09-25,LCJ,AGP,2026-12-01,,,unavailable
2026-09-25,LCJ,AGP,2026-12-02,,,unavailable
2026-09-25,LCJ,AGP,2026-12-03,,,unavailable
2026-09-25,LCJ,AGP,2026-12-04,20:40,121.00,ok
2026-09-25,LCJ,AGP,2026-12-05,,,unavailable
2026-09-25,LCJ,AGP,2026-12-06,20:20,121.00,ok
2026-09-25,LCJ,AGP,2026-12-07,,,unavailable
2026-09-25,LCJ,AGP,2026-12-08,,,unavailable
2026-09-25,LCJ,AGP,2026-12-09,,,unavailable
2026-09-25,LCJ,AGP,2026-12-10,,,unavailable
2026-09-25,LCJ,AGP,2026-12-11,20:40,227.38,ok
2026-09-25,LCJ,AGP,2026-12-12,,,unavailable
2026-09-25,LCJ,AGP,2026-12-13,20:20,121.00,ok
2026-09-25,LCJ,AGP,2026-12-14,,,unavailable
2026-09-25,LCJ,AGP,2026-12-15,,,unavailable
2026-09-25,LCJ,AGP,2026-12-16,,,unavailable
2026-09-25,LCJ,AGP,2026-12-17,,,unavailable
2026-09-25,LCJ,AGP,2026-12-18,20:40,249.25,ok
2026-09-25,LCJ,AGP,2026-12-19,,,unavailable
2026-09-25,LCJ,AGP,2026-12-20,20:20,176.03,ok
2026-09-25,LCJ,AGP,2026-12-21,,,unavailable
2026-09-25,LCJ,AGP,2026-12-22,,,unavailable
2026-09-25,LCJ,AGP,2026-12-23,,,unavailable
2026-09-25,LCJ,AGP,2026-12-24,,,unavailable
2026-09-25,LCJ,AGP,2026-12-25,,,unavailable
2026-09-25,LCJ,AGP,2026-12-26,,,unavailable
2026-09-25,LCJ,AGP,2026-12-27,20:20,653.23,ok
2026-09-25,LCJ,AGP,2026-12-28,,,unavailable
2026-09-25,LCJ,AGP,2026-12-29,,,unavailable
2026-09-25,LCJ,AGP,2026-12-30,,,unavailable
2026-09-25,LCJ,AGP,2026-12-31,,,unavailable
2026-09-25,LCJ,AGP,2027-01-01,20:40,153.00,ok
2026-09-25,LCJ,AGP,2027-01-02,,,unavailable
2026-09-25,LCJ,AGP,2027-01-03,20:20,293.48,ok
2026-09-25,LCJ,AGP,2027-01-04,,,unavailable
2026-09-25,LCJ,AGP,2027-01-05,,,unavailable
2026-09-25,LCJ,AGP,2027-01-06,,,unavailable
2026-09-25,LCJ,AGP,2027-01-07,,,unavailable
2026-09-25,LCJ,AGP,2027-01-08,20:40,153.00,ok
2026-09-25,LCJ,AGP,2027-01-09,,,unavailable
2026-09-25,LCJ,AGP,2027-01-10,20:20,96.17,ok
2026-09-25,LCJ,AGP,2027-01-11,,,unavailable
2026-09-25,LCJ,AGP,2027-01-12,,,unavailable
2026-09-25,LCJ,AGP,2027-01-13,,,unavailable
2026-09-25,LCJ,AGP,2027-01-14,,,unavailable
2026-09-25,LCJ,AGP,2027-01-15,20:40,359.19,ok
2026-09-25,LCJ,AGP,2027-01-16,,,unavailable
2026-09-25,LCJ,AGP,2027-01-17,20:20,450.46,ok
2026-09-25,LCJ,AGP,2027-01-18,,,unavailable
2026-09-25,LCJ,AGP,2027-01-19,,,unavailable
2026-09-25,LCJ,AGP,2027-01-20,,,unavailable
2026-09-25,LCJ,AGP,2027-01-21,,,unavailable
2026-09-25,LCJ,AGP,2027-01-22,20:40,231.81,ok
2026-09-25,LCJ,AGP,2027-01-23,,,unavailable
2026-09-25,LCJ,AGP,2027-01-24,20:20,218.63,ok
2026-09-25,LCJ,AGP,2027-01-25,,,unavailable
2026-09-25,LCJ,AGP,2027-01-26,,,unavailable
2026-09-25,LCJ,AGP,2027-01-27,,,unavailable
2026-09-25,LCJ,AGP,2027-01-28,,,unavailable
2026-09-25,LCJ,AGP,2027-01-29,20:40,297.35,ok
2026-09-25,LCJ,AGP,2027-01-30,,,unavailable
2026-09-25,LCJ,AGP,2027-01-31,20:20,179.00,ok
2026-09-25,LCJ,AGP,2027-02-01,,,unavailable
2026-09-25,LCJ,AGP,2027-02-02,,,unavailable
2026-09-25,LCJ,AGP,2027-02-03,,,unavailable
2026-09-25,LCJ,AGP,2027-02-04,,,unavailable
2026-09-25,LCJ,AGP,2027-02-05,20:40,245.29,ok
2026-09-25,LCJ,AGP,2027-02-06,,,unavailable
2026-09-25,LCJ,AGP,2027-02-07,20:20,350.43,ok
2026-09-25,LCJ,AGP,2027-02-08,,,unavailable
2026-09-25,LCJ,AGP,2027-02-09,,,unavailable
2026-09-25,LCJ,AGP,2027-02-10,,,unavailable
2026-09-25,LCJ,AGP,2027-02-11,,,unavailable
2026-09-25,LCJ,AGP,2027-02-12,20:40,420.52,ok
2026-09-25,LCJ,AGP,2027-02-13,,,unavailable
2026-09-25,LCJ,AGP,2027-02-14,20:20,153.00,ok
2026-09-25,LCJ,AGP,2027-02-15,,,unavailable
2026-09-25,LCJ,AGP,2027-02-16,,,unavailable
2026-09-25,LCJ,AGP,2027-02-17,,,unavailable
2026-09-25,LCJ,AGP,2027-02-18,,,unavailable
2026-09-25,LCJ,AGP,2027-02-19,20:40,153.00,ok
2026-09-25,LCJ,AGP,2027-02-20,,,unavailable
2026-09-25,LCJ,AGP,2027-02-21,20:20,433.67,ok
2026-09-25,LCJ,AGP,2027-02-22,,,unavailable
2026-09-25,LCJ,AGP,2027-02-23,,,unavailable
2026-09-25,LCJ,AGP,2027-02-24,,,unavailable
2026-09-25,LCJ,AGP,2027-02-25,,,unavailable
2026-09-25,LCJ,AGP,2027-02-26,20:40,231.75,ok
2026-09-25,LCJ,AGP,2027-02-27,,,unavailable
2026-09-25,LCJ,AGP,2027-02-28,20:20,153.00,ok
2026-09-25,LCJ,AGP,2027-03-01,,,unavailable
2026-09-25,LCJ,AGP,2027-03-02,,,unavailable
2026-09-25,LCJ,AGP,2027-03-03,,,unavailable
2026-09-25,LCJ,AGP,2027-03-04,,,unavailable
2026-09-25,LCJ,AGP,2027-03-05,20:40,179.00,ok
2026-09-25,LCJ,AGP,2027-03-06,,,unavailable
2026-09-25,LCJ,AGP,2027-03-07,20:20,179.00,ok
2026-09-25,LCJ,AGP,2027-03-08,,,unavailable
2026-09-25,LCJ,AGP,2027-03-09,,,unavailable
2026-09-25,LCJ,AGP,2027-03-10,,,unavailable
2026-09-25,LCJ,AGP,2027-03-11,,,unavailable
2026-09-25,LCJ,AGP,2027-03-12,20:40,213.00,ok
2026-09-25,LCJ,AGP,2027-03-13,,,unavailable
2026-09-25,LCJ,AGP,2027-03-14,20:20,268.21,ok
2026-09-25,LCJ,AGP,2027-03-15,,,unavailable
2026-09-25,LCJ,AGP,2027-03-16,,,unavailable
2026-09-25,LCJ,AGP,2027-03-17,,,unavailable
2026-09-25,LCJ,AGP,2027-03-18,,,unavailable
2026-09-25,LCJ,AGP,2027-03-19,20:40,231.81,ok
2026-09-25,LCJ,AGP,2027-03-20,,,unavailable
2026-09-25,LCJ,AGP,2027-03-21,20:20,213.00,ok
2026-09-25,LCJ,AGP,2027-03-22,,,unavailable
2026-09-25,LCJ,AGP,2027-03-23,,,unavailable
2026-09-25,LCJ,AGP,2027-03-24,,,unavailable
2026-09-25,LCJ,AGP,2027-03-25,,,unavailable
2026-09-25,LCJ,AGP,2027-03-26,20:40,371.70,ok
2026-09-25,LCJ,AGP,2027-03-27,,,unavailable
2026-09-25,LCJ,AGP,2027-03-28,,,unavailable
2026-09-25,LCJ,AGP,2027-03-29,20:00,417.00,ok
2026-09-25,LCJ,AGP,2027-03-30,,,unavailable
2026-09-25,LCJ,AGP,2027-03-31,,,unavailable
2026-09-25,LCJ,AGP,2027-04-01,18:50,569.00,ok
2026-09-25,LCJ,AGP,2027-04-02,,,unavailable
2026-09-25,LCJ,AGP,2027-04-03,,,unavailable
2026-09-25,LCJ,AGP,2027-04-04,,,unavailable
2026-09-25,LCJ,AGP,2027-04-05,20:00,625.00,ok
2026-09-25,LCJ,AGP,2027-04-06,,,unavailable
2026-09-25,LCJ,AGP,2027-04-07,,,unavailable
2026-09-25,LCJ,AGP,2027-04-08,18:50,370.00,ok
2026-09-25,LCJ,AGP,2027-04-09,,,unavailable
2026-09-25,LCJ,AGP,2027-04-10,,,unavailable
2026-09-25,LCJ,AGP,2027-04-11,,,unavailable
2026-09-25,LCJ,AGP,2027-04-12,20:00,370.00,ok
2026-09-25,LCJ,AGP,2027-04-13,,,unavailable
2026-09-25,LCJ,AGP,2027-04-14,,,unavailable
2026-09-25,LCJ,AGP,2027-04-15,18:50,323.00,ok
2026-09-25,LCJ,AGP,2027-04-16,,,unavailable
2026-09-25,LCJ,AGP,2027-04-17,,,unavailable
2026-09-25,LCJ,AGP,2027-04-18,,,unavailable
2026-09-25,LCJ,AGP,2027-04-19,20:00,417.00,ok
2026-09-25,LCJ,AGP,2027-04-20,,,unavailable
2026-09-25,LCJ,AGP,2027-04-21,,,unavailable
2026-09-25,LCJ,AGP,2027-04-22,18:50,323.00,ok
2026-09-25,LCJ,AGP,2027-04-23,,,unavailable
2026-09-25,LCJ,AGP,2027-04-24,,,unavailable
2026-09-25,LCJ,AGP,2027-04-25,,,unavailable
2026-09-25,LCJ,AGP,2027-04-26,20:00,370.00,ok
2026-09-25,LCJ,AGP,2027-04-27,,,unavailable
2026-09-25,LCJ,AGP,2027-04-28,,,unavailable
2026-09-25,LCJ,AGP,2027-04-29,18:50,417.00,ok
2026-09-25,LCJ,AGP,2027-04-30,,,unavailable
2026-09-25,LCJ,AGP,2027-05-01,,,unavailable
2026-09-25,LCJ,AGP,2027-05-02,,,unavailable
2026-09-25,LCJ,AGP,2027-05-03,20:00,472.00,ok
2026-09-25,LCJ,AGP,2027-05-04,,,unavailable
2026-09-25,LCJ,AGP,2027-05-05,,,unavailable
2026-09-25,LCJ,AGP,2027-05-06,18:50,323.00,ok
2026-09-25,LCJ,AGP,2027-05-07,,,unavailable
2026-09-25,LCJ,AGP,2027-05-08,,,unavailable
2026-09-25,LCJ,AGP,2027-05-09,,,unavailable
2026-09-25,LCJ,AGP,2027-05-10,20:00,370.00,ok
2026-09-25,LCJ,AGP,2027-05-11,,,unavailable
2026-09-25,LCJ,AGP,2027-05-12,,,unavailable
2026-09-25,LCJ,AGP,2027-05-13,18:50,323.00,ok
2026-09-25,LCJ,AGP,2027-05-14,,,unavailable
2026-09-25,LCJ,AGP,2027-05-15,,,unavailable
2026-09-25,LCJ,AGP,2027-05-16,,,unavailable
2026-09-25,LCJ,AGP,2027-05-17,20:00,323.00,ok
2026-09-25,LCJ,AGP,2027-05-18,,,unavailable
2026-09-25,LCJ,AGP,2027-05-19,,,unavailable
2026-09-25,LCJ,AGP,2027-05-20,18:50,327.37,ok
2026-09-25,LCJ,AGP,2027-05-21,,,unavailable
2026-09-25,LCJ,AGP,2027-05-22,,,unavailable
2026-09-25,LCJ,AGP,2027-05-23,,,unavailable
2026-09-25,LCJ,AGP,2027-05-24,20:00,323.00,ok
2026-09-25,LCJ,AGP,2027-05-25,,,unavailable
2026-09-25,LCJ,AGP,2027-05-26,,,unavailable
2026-09-25,LCJ,AGP,2027-05-27,18:50,323.00,ok
2026-09-25,LCJ,AGP,2027-05-28,,,unavailable
2026-09-25,LCJ,AGP,2027-05-29,,,unavailable
2026-09-25,LCJ,AGP,2027-05-30,,,unavailable
2026-09-25,LCJ,AGP,2027-05-31,20:00,421.38,ok
2026-09-25,LCJ,AGP,2027-06-01,,,unavailable
2026-09-25,LCJ,AGP,2027-06-02,,,unavailable
2026-09-25,LCJ,AGP,2027-06-03,18:50,569.00,ok
2026-09-25,LCJ,AGP,2027-06-04,,,unavailable
2026-09-25,LCJ,AGP,2027-06-05,,,unavailable
2026-09-25,LCJ,AGP,2027-06-06,,,unavailable
2026-09-25,LCJ,AGP,2027-06-07,20:00,327.37,ok
2026-09-25,LCJ,AGP,2027-06-08,,,unavailable
2026-09-25,LCJ,AGP,2027-06-09,,,unavailable
2026-09-25,LCJ,AGP,2027-06-10,18:50,323.00,ok
2026-09-25,LCJ,AGP,2027-06-11,,,unavailable
2026-09-25,LCJ,AGP,2027-06-12,,,unavailable
2026-09-25,LCJ,AGP,2027-06-13,,,unavailable
2026-09-25,LCJ,AGP,2027-06-14,20:00,323.00,ok
2026-09-25,LCJ,AGP,2027-06-15,,,unavailable
2026-09-25,LCJ,AGP,2027-06-16,,,unavailable
2026-09-25,LCJ,AGP,2027-06-17,18:50,323.00,ok
2026-09-25,LCJ,AGP,2027-06-18,,,unavailable
2026-09-25,LCJ,AGP,2027-06-19,,,unavailable
2026-09-25,LCJ,AGP,2027-06-20,,,unavailable
2026-09-25,LCJ,AGP,2027-06-21,20:00,370.00,ok
2026-09-25,LCJ,AGP,2027-06-22,,,unavailable
2026-09-25,LCJ,AGP,2027-06-23,,,unavailable
2026-09-25,LCJ,AGP,2027-06-24,18:50,323.00,ok
2026-09-25,LCJ,AGP,2027-06-25,,,unavailable
2026-09-25,LCJ,AGP,2027-06-26,,,unavailable
2026-09-25,LCJ,AGP,2027-06-27,,,unavailable
2026-09-25,LCJ,AGP,2027-06-28,20:00,518.00,ok
2026-09-25,LCJ,AGP,2027-06-29,,,unavailable
2026-09-25,LCJ,AGP,2027-06-30,,,unavailable
2026-09-25,LCJ,AGP,2027-07-01,18:50,417.00,ok
2026-09-25,LCJ,AGP,2027-07-02,,,unavailable
2026-09-25,LCJ,AGP,2027-07-03,,,unavailable
2026-09-25,LCJ,AGP,2027-07-04,,,unavailable
2026-09-25,LCJ,AGP,2027-07-05,20:00,417.00,ok
2026-09-25,LCJ,AGP,2027-07-06,,,unavailable
2026-09-25,LCJ,AGP,2027-07-07,,,unavailable
2026-09-25,LCJ,AGP,2027-07-08,18:50,323.00,ok
2026-09-25,LCJ,AGP,2027-07-09,,,unavailable
2026-09-25,LCJ,AGP,2027-07-10,,,unavailable
2026-09-25,LCJ,AGP,2027-07-11,,,unavailable
2026-09-25,LCJ,AGP,2027-07-12,20:00,370.00,ok
2026-09-25,LCJ,AGP,2027-07-13,,,unavailable
2026-09-25,LCJ,AGP,2027-07-14,,,unavailable
2026-09-25,LCJ,AGP,2027-07-15,18:50,370.00,ok
2026-09-25,LCJ,AGP,2027-07-16,,,unavailable
2026-09-25,LCJ,AGP,2027-07-17,,,unavailable
2026-09-25,LCJ,AGP,2027-07-18,,,unavailable
2026-09-25,LCJ,AGP,2027-07-19,20:00,417.00,ok
2026-09-25,LCJ,AGP,2027-07-20,,,unavailable
2026-09-25,LCJ,AGP,2027-07-21,,,unavailable
2026-09-25,LCJ,AGP,2027-07-22,18:50,323.00,ok
2026-09-25,LCJ,AGP,2027-07-23,,,unavailable
2026-09-25,LCJ,AGP,2027-07-24,,,unavailable
2026-09-25,LCJ,AGP,2027-07-25,,,unavailable
2026-09-25,LCJ,AGP,2027-07-26,20:00,323.00,ok
2026-09-25,LCJ,AGP,2027-07-27,,,unavailable
2026-09-25,LCJ,AGP,2027-07-28,,,unavailable
2026-09-25,LCJ,AGP,2027-07-29,18:50,327.38,ok
2026-09-25,LCJ,AGP,2027-07-30,,,unavailable
2026-09-25,LCJ,AGP,2027-07-31,,,unavailable
2026-09-25,LCJ,AGP,2027-08-01,,,unavailable
2026-09-25,LCJ,AGP,2027-08-02,20:00,370.00,ok
2026-09-25,LCJ,AGP,2027-08-03,,,unavailable
2026-09-25,LCJ,AGP,2027-08-04,,,unavailable
2026-09-25,LCJ,AGP,2027-08-05,18:50,323.00,ok
2026-09-25,LCJ,AGP,2027-08-06,,,unavailable
2026-09-25,LCJ,AGP,2027-08-07,,,unavailable
2026-09-25,LCJ,AGP,2027-08-08,,,unavailable
2026-09-25,LCJ,AGP,2027-08-09,20:00,370.00,ok
2026-09-25,LCJ,AGP,2027-08-10,,,unavailable
2026-09-25,LCJ,AGP,2027-08-11,,,unavailable
2026-09-25,LCJ,AGP,2027-08-12,18:50,323.00,ok
2026-09-25,LCJ,AGP,2027-08-13,,,unavailable
2026-09-25,LCJ,AGP,2027-08-14,,,unavailable
2026-09-25,LCJ,AGP,2027-08-15,,,unavailable
2026-09-25,LCJ,AGP,2027-08-16,20:00,370.00,ok
2026-09-25,LCJ,AGP,2027-08-17,,,unavailable
2026-09-25,LCJ,AGP,2027-08-18,,,unavailable
2026-09-25,LCJ,AGP,2027-08-19,18:50,323.00,ok
2026-09-25,LCJ,AGP,2027-08-20,,,unavailable
2026-09-25,LCJ,AGP,2027-08-21,,,unavailable
2026-09-25,LCJ,AGP,2027-08-22,,,unavailable
2026-09-25,LCJ,AGP,2027-08-23,20:00,323.00,ok
2026-09-25,LCJ,AGP,2027-08-24,,,unavailable
2026-09-25,LCJ,AGP,2027-08-25,,,unavailable
2026-09-25,LCJ,AGP,2027-08-26,18:50,323.00,ok
2026-09-25,LCJ,AGP,2027-08-27,,,unavailable
2026-09-25,LCJ,AGP,2027-08-28,,,unavailable
2026-09-25,LCJ,AGP,2027-08-29,,,unavailable
2026-09-25,LCJ,AGP,2027-08-30,20:00,370.00,ok
2026-09-25,LCJ,AGP,2027-08-31,,,unavailable
2026-09-25,AGP,LCJ,2026-09-25,,,unavailable
2026-09-25,AGP,LCJ,2026-09-26,15:40,810.42,ok
2026-09-25,AGP,LCJ,2026-09-27,,,unavailable
2026-09-25,AGP,LCJ,2026-09-28,,,unavailable
2026-09-25,AGP,LCJ,2026-09-29,,,unavailable
2026-09-25,AGP,LCJ,2026-09-30,15:20,954.99,ok
2026-09-25,AGP,LCJ,2026-10-01,,,unavailable
2026-09-25,AGP,LCJ,2026-10-02,,,unavailable
2026-09-25,AGP,LCJ,2026-10-03,15:40,604.52,ok
2026-09-25,AGP,LCJ,2026-10-04,,,unavailable
2026-09-25,AGP,LCJ,2026-10-05,,,unavailable
2026-09-25,AGP,LCJ,2026-10-06,,,unavailable
2026-09-25,AGP,LCJ,2026-10-07,15:20,699.72,ok
2026-09-25,AGP,LCJ,2026-10-08,,,unavailable
2026-09-25,AGP,LCJ,2026-10-09,,,unavailable
2026-09-25,AGP,LCJ,2026-10-10,15:40,366.84,ok
2026-09-25,AGP,LCJ,2026-10-11,,,unavailable
2026-09-25,AGP,LCJ,2026-10-12,,,unavailable
2026-09-25,AGP,LCJ,2026-10-13,,,unavailable
2026-09-25,AGP,LCJ,2026-10-14,15:20,354.81,ok
2026-09-25,AGP,LCJ,2026-10-15,,,unavailable
2026-09-25,AGP,LCJ,2026-10-16,,,unavailable
2026-09-25,AGP,LCJ,2026-10-17,15:40,569.47,ok
2026-09-25,AGP,LCJ,2026-10-18,,,unavailable
2026-09-25,AGP,LCJ,2026-10-19,,,unavailable
2026-09-25,AGP,LCJ,2026-10-20,,,unavailable
2026-09-25,AGP,LCJ,2026-10-21,15:20,381.09,ok
2026-09-25,AGP,LCJ,2026-10-22,,,unavailable
2026-09-25,AGP,LCJ,2026-10-23,,,unavailable
2026-09-25,AGP,LCJ,2026-10-24,15:40,297.86,ok
2026-09-25,AGP,LCJ,2026-10-25,16:10,546.38,ok
2026-09-25,AGP,LCJ,2026-10-26,,,unavailable
2026-09-25,AGP,LCJ,2026-10-27,,,unavailable
2026-09-25,AGP,LCJ,2026-10-28,,,unavailable
2026-09-25,AGP,LCJ,2026-10-29,,,unavailable
2026-09-25,AGP,LCJ,2026-10-30,16:30,334.24,ok
2026-09-25,AGP,LCJ,2026-10-31,,,unavailable
2026-09-25,AGP,LCJ,2026-11-01,16:10,310.58,ok
2026-09-25,AGP,LCJ,2026-11-02,,,unavailable
2026-09-25,AGP,LCJ,2026-11-03,,,unavailable
2026-09-25,AGP,LCJ,2026-11-04,,,unavailable
2026-09-25,AGP,LCJ,2026-11-05,08:40,65.67,ok
2026-09-25,AGP,LCJ,2026-11-06,16:30,225.83,ok
2026-09-25,AGP,LCJ,2026-11-07,,,unavailable
2026-09-25,AGP,LCJ,2026-11-08,16:10,307.26,ok
2026-09-25,AGP,LCJ,2026-11-09,,,unavailable
2026-09-25,AGP,LCJ,2026-11-10,,,unavailable
2026-09-25,AGP,LCJ,2026-11-11,,,unavailable
2026-09-25,AGP,LCJ,2026-11-12,08:40,245.29,ok
2026-09-25,AGP,LCJ,2026-11-13,16:30,337.29,ok
2026-09-25,AGP,LCJ,2026-11-14,,,unavailable
2026-09-25,AGP,LCJ,2026-11-15,16:10,697.33,ok
2026-09-25,AGP,LCJ,2026-11-16,,,unavailable
2026-09-25,AGP,LCJ,2026-11-17,,,unavailable
2026-09-25,AGP,LCJ,2026-11-18,,,unavailable
2026-09-25,AGP,LCJ,2026-11-19,08:40,142.68,ok
2026-09-25,AGP,LCJ,2026-11-20,16:30,121.00,ok
2026-09-25,AGP,LCJ,2026-11-21,,,unavailable
2026-09-25,AGP,LCJ,2026-11-22,16:10,210.24,ok
2026-09-25,AGP,LCJ,2026-11-23,,,unavailable
2026-09-25,AGP,LCJ,2026-11-24,,,unavailable
2026-09-25,AGP,LCJ,2026-11-25,,,unavailable
2026-09-25,AGP,LCJ,2026-11-26,08:40,121.00,ok
2026-09-25,AGP,LCJ,2026-11-27,16:30,148.91,ok
2026-09-25,AGP,LCJ,2026-11-28,,,unavailable
2026-09-25,AGP,LCJ,2026-11-29,16:10,311.63,ok
2026-09-25,AGP,LCJ,2026-11-30,,,unavailable
2026-09-25,AGP,LCJ,2026-12-01,,,unavailable
2026-09-25,AGP,LCJ,2026-12-02,,,unavailable
2026-09-25,AGP,LCJ,2026-12-03,,,unavailable
2026-09-25,AGP,LCJ,2026-12-04,16:30,275.95,ok
2026-09-25,AGP,LCJ,2026-12-05,,,unavailable
2026-09-25,AGP,LCJ,2026-12-06,16:10,168.48,ok
2026-09-25,AGP,LCJ,2026-12-07,,,unavailable
2026-09-25,AGP,LCJ,2026-12-08,,,unavailable
2026-09-25,AGP,LCJ,2026-12-09,,,unavailable
2026-09-25,AGP,LCJ,2026-12-10,,,unavailable
2026-09-25,AGP,LCJ,2026-12-11,16:30,121.00,ok
2026-09-25,AGP,LCJ,2026-12-12,,,unavailable
2026-09-25,AGP,LCJ,2026-12-13,16:10,192.39,ok
2026-09-25,AGP,LCJ,2026-12-14,,,unavailable
2026-09-25,AGP,LCJ,2026-12-15,,,unavailable
2026-09-25,AGP,LCJ,2026-12-16,,,unavailable
2026-09-25,AGP,LCJ,2026-12-17,,,unavailable
2026-09-25,AGP,LCJ,2026-12-18,16:30,157.40,ok
2026-09-25,AGP,LCJ,2026-12-19,,,unavailable
2026-09-25,AGP,LCJ,2026-12-20,16:10,145.26,ok
2026-09-25,AGP,LCJ,2026-12-21,,,unavailable
2026-09-25,AGP,LCJ,2026-12-22,,,unavailable
2026-09-25,AGP,LCJ,2026-12-23,,,unavailable
2026-09-25,AGP,LCJ,2026-12-24,,,unavailable
2026-09-25,AGP,LCJ,2026-12-25,,,unavailable
2026-09-25,AGP,LCJ,2026-12-26,,,unavailable
2026-09-25,AGP,LCJ,2026-12-27,16:10,141.41,ok
2026-09-25,AGP,LCJ,2026-12-28,,,unavailable
2026-09-25,AGP,LCJ,2026-12-29,,,unavailable
2026-09-25,AGP,LCJ,2026-12-30,,,unavailable
2026-09-25,AGP,LCJ,2026-12-31,,,unavailable
2026-09-25,AGP,LCJ,2027-01-01,16:30,166.15,ok
2026-09-25,AGP,LCJ,2027-01-02,,,unavailable
2026-09-25,AGP,LCJ,2027-01-03,16:10,367.33,ok
2026-09-25,AGP,LCJ,2027-01-04,,,unavailable
2026-09-25,AGP,LCJ,2027-01-05,,,unavailable
2026-09-25,AGP,LCJ,2027-01-06,,,unavailable
2026-09-25,AGP,LCJ,2027-01-07,,,unavailable
2026-09-25,AGP,LCJ,2027-01-08,16:30,432.93,ok
2026-09-25,AGP,LCJ,2027-01-09,,,unavailable
2026-09-25,AGP,LCJ,2027-01-10,16:10,268.21,ok
2026-09-25,AGP,LCJ,2027-01-11,,,unavailable
2026-09-25,AGP,LCJ,2027-01-12,,,unavailable
2026-09-25,AGP,LCJ,2027-01-13,,,unavailable
2026-09-25,AGP,LCJ,2027-01-14,,,unavailable
2026-09-25,AGP,LCJ,2027-01-15,16:30,153.00,ok
2026-09-25,AGP,LCJ,2027-01-16,,,unavailable
2026-09-25,AGP,LCJ,2027-01-17,16:10,153.00,ok
2026-09-25,AGP,LCJ,2027-01-18,,,unavailable
2026-09-25,AGP,LCJ,2027-01-19,,,unavailable
2026-09-25,AGP,LCJ,2027-01-20,,,unavailable
2026-09-25,AGP,LCJ,2027-01-21,,,unavailable
2026-09-25,AGP,LCJ,2027-01-22,16:30,350.99,ok
2026-09-25,AGP,LCJ,2027-01-23,,,unavailable
2026-09-25,AGP,LCJ,2027-01-24,16:10,309.71,ok
2026-09-25,AGP,LCJ,2027-01-25,,,unavailable
2026-09-25,AGP,LCJ,2027-01-26,,,unavailable
2026-09-25,AGP,LCJ,2027-01-27,,,unavailable
2026-09-25,AGP,LCJ,2027-01-28,,,unavailable
2026-09-25,AGP,LCJ,2027-01-29,16:30,401.27,ok
2026-09-25,AGP,LCJ,2027-01-30,,,unavailable
2026-09-25,AGP,LCJ,2027-01-31,16:10,401.27,ok
2026-09-25,AGP,LCJ,2027-02-01,,,unavailable
2026-09-25,AGP,LCJ,2027-02-02,,,unavailable
2026-09-25,AGP,LCJ,2027-02-03,,,unavailable
2026-09-25,AGP,LCJ,2027-02-04,,,unavailable
2026-09-25,AGP,LCJ,2027-02-05,16:30,162.05,ok
2026-09-25,AGP,LCJ,2027-02-06,,,unavailable
2026-09-25,AGP,LCJ,2027-02-07,16:10,201.14,ok
2026-09-25,AGP,LCJ,2027-02-08,,,unavailable
2026-09-25,AGP,LCJ,2027-02-09,,,unavailable
2026-09-25,AGP,LCJ,2027-02-10,,,unavailable
2026-09-25,AGP,LCJ,2027-02-11,,,unavailable
2026-09-25,AGP,LCJ,2027-02-12,16:30,247.00,ok
2026-09-25,AGP,LCJ,2027-02-13,,,unavailable
2026-09-25,AGP,LCJ,2027-02-14,16:10,401.27,ok
2026-09-25,AGP,LCJ,2027-02-15,,,unavailable
2026-09-25,AGP,LCJ,2027-02-16,,,unavailable
2026-09-25,AGP,LCJ,2027-02-17,,,unavailable
2026-09-25,AGP,LCJ,2027-02-18,,,unavailable
2026-09-25,AGP,LCJ,2027-02-19,16:30,327.97,ok
2026-09-25,AGP,LCJ,2027-02-20,,,unavailable
2026-09-25,AGP,LCJ,2027-02-21,16:10,247.00,ok
2026-09-25,AGP,LCJ,2027-02-22,,,unavailable
2026-09-25,AGP,LCJ,2027-02-23,,,unavailable
2026-09-25,AGP,LCJ,2027-02-24,,,unavailable
2026-09-25,AGP,LCJ,2027-02-25,,,unavailable
2026-09-25,AGP,LCJ,2027-02-26,16:30,472.29,ok
2026-09-25,AGP,LCJ,2027-02-27,,,unavailable
2026-09-25,AGP,LCJ,2027-02-28,16:10,231.81,ok
2026-09-25,AGP,LCJ,2027-03-01,,,unavailable
2026-09-25,AGP,LCJ,2027-03-02,,,unavailable
2026-09-25,AGP,LCJ,2027-03-03,,,unavailable
2026-09-25,AGP,LCJ,2027-03-04,,,unavailable
2026-09-25,AGP,LCJ,2027-03-05,16:30,179.00,ok
2026-09-25,AGP,LCJ,2027-03-06,,,unavailable
2026-09-25,AGP,LCJ,2027-03-07,16:10,231.81,ok
2026-09-25,AGP,LCJ,2027-03-08,,,unavailable
2026-09-25,AGP,LCJ,2027-03-09,,,unavailable
2026-09-25,AGP,LCJ,2027-03-10,,,unavailable
2026-09-25,AGP,LCJ,2027-03-11,,,unavailable
2026-09-25,AGP,LCJ,2027-03-12,16:30,253.62,ok
2026-09-25,AGP,LCJ,2027-03-13,,,unavailable
2026-09-25,AGP,LCJ,2027-03-14,16:10,319.22,ok
2026-09-25,AGP,LCJ,2027-03-15,,,unavailable
2026-09-25,AGP,LCJ,2027-03-16,,,unavailable
2026-09-25,AGP,LCJ,2027-03-17,,,unavailable
2026-09-25,AGP,LCJ,2027-03-18,,,unavailable
2026-09-25,AGP,LCJ,2027-03-19,16:30,288.61,ok
2026-09-25,AGP,LCJ,2027-03-20,,,unavailable
2026-09-25,AGP,LCJ,2027-03-21,16:10,309.71,ok
2026-09-25,AGP,LCJ,2027-03-22,,,unavailable
2026-09-25,AGP,LCJ,2027-03-23,,,unavailable
2026-09-25,AGP,LCJ,2027-03-24,,,unavailable
2026-09-25,AGP,LCJ,2027-03-25,,,unavailable
2026-09-25,AGP,LCJ,2027-03-26,16:30,268.21,ok
2026-09-25,AGP,LCJ,2027-03-27,,,unavailable
2026-09-25,AGP,LCJ,2027-03-28,,,unavailable
2026-09-25,AGP,LCJ,2027-03-29,15:50,323.00,ok
2026-09-25,AGP,LCJ,2027-03-30,,,unavailable
2026-09-25,AGP,LCJ,2027-03-31,,,unavailable
2026-09-25,AGP,LCJ,2027-04-01,14:40,518.00,ok
2026-09-25,AGP,LCJ,2027-04-02,,,unavailable
2026-09-25,AGP,LCJ,2027-04-03,,,unavailable
2026-09-25,AGP,LCJ,2027-04-04,,,unavailable
2026-09-25,AGP,LCJ,2027-04-05,15:50,417.00,ok
2026-09-25,AGP,LCJ,2027-04-06,,,unavailable
2026-09-25,AGP,LCJ,2027-04-07,,,unavailable
2026-09-25,AGP,LCJ,2027-04-08,14:40,684.00,ok
2026-09-25,AGP,LCJ,2027-04-09,,,unavailable
2026-09-25,AGP,LCJ,2027-04-10,,,unavailable
2026-09-25,AGP,LCJ,2027-04-11,,,unavailable
2026-09-25,AGP,LCJ,2027-04-12,15:50,472.00,ok
2026-09-25,AGP,LCJ,2027-04-13,,,unavailable
2026-09-25,AGP,LCJ,2027-04-14,,,unavailable
2026-09-25,AGP,LCJ,2027-04-15,14:40,472.00,ok
2026-09-25,AGP,LCJ,2027-04-16,,,unavailable
2026-09-25,AGP,LCJ,2027-04-17,,,unavailable
2026-09-25,AGP,LCJ,2027-04-18,,,unavailable
2026-09-25,AGP,LCJ,2027-04-19,15:50,472.00,ok
2026-09-25,AGP,LCJ,2027-04-20,,,unavailable
2026-09-25,AGP,LCJ,2027-04-21,,,unavailable
2026-09-25,AGP,LCJ,2027-04-22,14:40,417.00,ok
2026-09-25,AGP,LCJ,2027-04-23,,,unavailable
2026-09-25,AGP,LCJ,2027-04-24,,,unavailable
2026-09-25,AGP,LCJ,2027-04-25,,,unavailable
2026-09-25,AGP,LCJ,2027-04-26,15:50,518.00,ok
2026-09-25,AGP,LCJ,2027-04-27,,,unavailable
2026-09-25,AGP,LCJ,2027-04-28,,,unavailable
2026-09-25,AGP,LCJ,2027-04-29,14:40,569.00,ok
2026-09-25,AGP,LCJ,2027-04-30,,,unavailable
2026-09-25,AGP,LCJ,2027-05-01,,,unavailable
2026-09-25,AGP,LCJ,2027-05-02,,,unavailable
2026-09-25,AGP,LCJ,2027-05-03,15:50,625.00,ok
2026-09-25,AGP,LCJ,2027-05-04,,,unavailable
2026-09-25,AGP,LCJ,2027-05-05,,,unavailable
2026-09-25,AGP,LCJ,2027-05-06,14:40,518.00,ok
2026-09-25,AGP,LCJ,2027-05-07,,,unavailable
2026-09-25,AGP,LCJ,2027-05-08,,,unavailable
2026-09-25,AGP,LCJ,2027-05-09,,,unavailable
2026-09-25,AGP,LCJ,2027-05-10,15:50,518.00,ok
2026-09-25,AGP,LCJ,2027-05-11,,,unavailable
2026-09-25,AGP,LCJ,2027-05-12,,,unavailable
2026-09-25,AGP,LCJ,2027-05-13,14:40,518.00,ok
2026-09-25,AGP,LCJ,2027-05-14,,,unavailable
2026-09-25,AGP,LCJ,2027-05-15,,,unavailable
2026-09-25,AGP,LCJ,2027-05-16,,,unavailable
2026-09-25,AGP,LCJ,2027-05-17,15:50,569.00,ok
2026-09-25,AGP,LCJ,2027-05-18,,,unavailable
2026-09-25,AGP,LCJ,2027-05-19,,,unavailable
2026-09-25,AGP,LCJ,2027-05-20,14:40,476.37,ok
2026-09-25,AGP,LCJ,2027-05-21,,,unavailable
2026-09-25,AGP,LCJ,2027-05-22,,,unavailable
2026-09-25,AGP,LCJ,2027-05-23,,,unavailable
2026-09-25,AGP,LCJ,2027-05-24,15:50,472.00,ok
2026-09-25,AGP,LCJ,2027-05-25,,,unavailable
2026-09-25,AGP,LCJ,2027-05-26,,,unavailable
2026-09-25,AGP,LCJ,2027-05-27,14:40,472.00,ok
2026-09-25,AGP,LCJ,2027-05-28,,,unavailable
2026-09-25,AGP,LCJ,2027-05-29,,,unavailable
2026-09-25,AGP,LCJ,2027-05-30,,,unavailable
2026-09-25,AGP,LCJ,2027-05-31,15:50,522.38,ok
2026-09-25,AGP,LCJ,2027-06-01,,,unavailable
2026-09-25,AGP,LCJ,2027-06-02,,,unavailable
2026-09-25,AGP,LCJ,2027-06-03,14:40,370.00,ok
2026-09-25,AGP,LCJ,2027-06-04,,,unavailable
2026-09-25,AGP,LCJ,2027-06-05,,,unavailable
2026-09-25,AGP,LCJ,2027-06-06,,,unavailable
2026-09-25,AGP,LCJ,2027-06-07,15:50,629.37,ok
2026-09-25,AGP,LCJ,2027-06-08,,,unavailable
2026-09-25,AGP,LCJ,2027-06-09,,,unavailable
2026-09-25,AGP,LCJ,2027-06-10,14:40,417.00,ok
2026-09-25,AGP,LCJ,2027-06-11,,,unavailable
2026-09-25,AGP,LCJ,2027-06-12,,,unavailable
2026-09-25,AGP,LCJ,2027-06-13,,,unavailable
2026-09-25,AGP,LCJ,2027-06-14,15:50,417.00,ok
2026-09-25,AGP,LCJ,2027-06-15,,,unavailable
2026-09-25,AGP,LCJ,2027-06-16,,,unavailable
2026-09-25,AGP,LCJ,2027-06-17,14:40,417.00,ok
2026-09-25,AGP,LCJ,2027-06-18,,,unavailable
2026-09-25,AGP,LCJ,2027-06-19,,,unavailable
2026-09-25,AGP,LCJ,2027-06-20,,,unavailable
2026-09-25,AGP,LCJ,2027-06-21,15:50,472.00,ok
2026-09-25,AGP,LCJ,2027-06-22,,,unavailable
2026-09-25,AGP,LCJ,2027-06-23,,,unavailable
2026-09-25,AGP,LCJ,2027-06-24,14:40,472.00,ok
2026-09-25,AGP,LCJ,2027-06-25,,,unavailable
2026-09-25,AGP,LCJ,2027-06-26,,,unavailable
2026-09-25,AGP,LCJ,2027-06-27,,,unavailable
2026-09-25,AGP,LCJ,2027-06-28,15:50,417.00,ok
2026-09-25,AGP,LCJ,2027-06-29,,,unavailable
2026-09-25,AGP,LCJ,2027-06-30,,,unavailable
2026-09-25,AGP,LCJ,2027-07-01,14:40,417.00,ok
2026-09-25,AGP,LCJ,2027-07-02,,,unavailable
2026-09-25,AGP,LCJ,2027-07-03,,,unavailable
2026-09-25,AGP,LCJ,2027-07-04,,,unavailable
2026-09-25,AGP,LCJ,2027-07-05,15:50,625.00,ok
2026-09-25,AGP,LCJ,2027-07-06,,,unavailable
2026-09-25,AGP,LCJ,2027-07-07,,,unavailable
2026-09-25,AGP,LCJ,2027-07-08,14:40,518.00,ok
2026-09-25,AGP,LCJ,2027-07-09,,,unavailable
2026-09-25,AGP,LCJ,2027-07-10,,,unavailable
2026-09-25,AGP,LCJ,2027-07-11,,,unavailable
2026-09-25,AGP,LCJ,2027-07-12,15:50,625.00,ok
2026-09-25,AGP,LCJ,2027-07-13,,,unavailable
2026-09-25,AGP,LCJ,2027-07-14,,,unavailable
2026-09-25,AGP,LCJ,2027-07-15,14:40,569.00,ok
2026-09-25,AGP,LCJ,2027-07-16,,,unavailable
2026-09-25,AGP,LCJ,2027-07-17,,,unavailable
2026-09-25,AGP,LCJ,2027-07-18,,,unavailable
2026-09-25,AGP,LCJ,2027-07-19,15:50,569.00,ok
2026-09-25,AGP,LCJ,2027-07-20,,,unavailable
2026-09-25,AGP,LCJ,2027-07-21,,,unavailable
2026-09-25,AGP,LCJ,2027-07-22,14:40,518.00,ok
2026-09-25,AGP,LCJ,2027-07-23,,,unavailable
2026-09-25,AGP,LCJ,2027-07-24,,,unavailable
2026-09-25,AGP,LCJ,2027-07-25,,,unavailable
2026-09-25,AGP,LCJ,2027-07-26,15:50,569.00,ok
2026-09-25,AGP,LCJ,2027-07-27,,,unavailable
2026-09-25,AGP,LCJ,2027-07-28,,,unavailable
2026-09-25,AGP,LCJ,2027-07-29,14:40,573.38,ok
2026-09-25,AGP,LCJ,2027-07-30,,,unavailable
2026-09-25,AGP,LCJ,2027-07-31,,,unavailable
2026-09-25,AGP,LCJ,2027-08-01,,,unavailable
2026-09-25,AGP,LCJ,2027-08-02,15:50,625.00,ok
2026-09-25,AGP,LCJ,2027-08-03,,,unavailable
2026-09-25,AGP,LCJ,2027-08-04,,,unavailable
2026-09-25,AGP,LCJ,2027-08-05,14:40,569.00,ok
2026-09-25,AGP,LCJ,2027-08-06,,,unavailable
2026-09-25,AGP,LCJ,2027-08-07,,,unavailable
2026-09-25,AGP,LCJ,2027-08-08,,,unavailable
2026-09-25,AGP,LCJ,2027-08-09,15:50,569.00,ok
2026-09-25,AGP,LCJ,2027-08-10,,,unavailable
2026-09-25,AGP,LCJ,2027-08-11,,,unavailable
2026-09-25,AGP,LCJ,2027-08-12,14:40,569.00,ok
2026-09-25,AGP,LCJ,2027-08-13,,,unavailable
2026-09-25,AGP,LCJ,2027-08-14,,,unavailable
2026-09-25,AGP,LCJ,2027-08-15,,,unavailable
2026-09-25,AGP,LCJ,2027-08-16,15:50,625.00,ok
2026-09-25,AGP,LCJ,2027-08-17,,,unavailable
2026-09-25,AGP,LCJ,2027-08-18,,,unavailable
2026-09-25,AGP,LCJ,2027-08-19,14:40,518.00,ok
2026-09-25,AGP,LCJ,2027-08-20,,,unavailable
2026-09-25,AGP,LCJ,2027-08-21,,,unavailable
2026-09-25,AGP,LCJ,2027-08-22,,,unavailable
2026-09-25,AGP,LCJ,2027-08-23,15:50,569.00,ok
2026-09-25,AGP,LCJ,2027-08-24,,,unavailable
2026-09-25,AGP,LCJ,2027-08-25,,,unavailable
2026-09-25,AGP,LCJ,2027-08-26,14:40,569.00,ok
2026-09-25,AGP,LCJ,2027-08-27,,,unavailable
2026-09-25,AGP,LCJ,2027-08-28,,,unavailable
2026-09-25,AGP,LCJ,2027-08-29,,,unavailable
2026-09-25,AGP,LCJ,2027-08-30,15:50,625.00,ok
2026-09-25,AGP,LCJ,2027-08-31,,,unavailable
2026-09-25,LCJ,ALC,2026-09-25,,,unavailable
2026-09-25,LCJ,ALC,2026-09-26,,,unavailable
2026-09-25,LCJ,ALC,2026-09-27,,,unavailable
2026-09-25,LCJ,ALC,2026-09-28,21:30,595.76,ok
2026-09-25,LCJ,ALC,2026-09-29,,,unavailable
2026-09-25,LCJ,ALC,2026-09-30,09:40,177.41,ok
2026-09-25,LCJ,ALC,2026-10-01,,,unavailable
2026-09-25,LCJ,ALC,2026-10-02,09:45,485.00,ok
2026-09-25,LCJ,ALC,2026-10-03,,,unavailable
2026-09-25,LCJ,ALC,2026-10-04,,,unavailable
2026-09-25,LCJ,ALC,2026-10-05,21:30,108.14,ok
2026-09-25,LCJ,ALC,2026-10-06,,,unavailable
2026-09-25,LCJ,ALC,2026-10-07,09:40,275.95,ok
2026-09-25,LCJ,ALC,2026-10-08,,,unavailable
2026-09-25,LCJ,ALC,2026-10-09,09:45,508.14,ok
2026-09-25,LCJ,ALC,2026-10-10,,,unavailable
2026-09-25,LCJ,ALC,2026-10-11,,,unavailable
2026-09-25,LCJ,ALC,2026-10-12,21:30,247.33,ok
2026-09-25,LCJ,ALC,2026-10-13,,,unavailable
2026-09-25,LCJ,ALC,2026-10-14,09:40,500.74,ok
2026-09-25,LCJ,ALC,2026-10-15,,,unavailable
2026-09-25,LCJ,ALC,2026-10-16,09:45,446.81,ok
2026-09-25,LCJ,ALC,2026-10-17,,,unavailable
2026-09-25,LCJ,ALC,2026-10-18,,,unavailable
2026-09-25,LCJ,ALC,2026-10-19,21:30,131.38,ok
2026-09-25,LCJ,ALC,2026-10-20,,,unavailable
2026-09-25,LCJ,ALC,2026-10-21,09:40,616.83,ok
2026-09-25,LCJ,ALC,2026-10-22,,,unavailable
2026-09-25,LCJ,ALC,2026-10-23,09:45,363.57,ok
2026-09-25,LCJ,ALC,2026-10-24,,,unavailable
2026-09-25,LCJ,ALC,2026-10-25,,,unavailable
2026-09-25,LCJ,ALC,2026-10-26,19:20,159.26,ok
2026-09-25,LCJ,ALC,2026-10-27,,,unavailable
2026-09-25,LCJ,ALC,2026-10-28,,,unavailable
2026-09-25,LCJ,ALC,2026-10-29,11:55,237.10,ok
2026-09-25,LCJ,ALC,2026-10-30,,,unavailable
2026-09-25,LCJ,ALC,2026-10-31,10:10,302.00,ok
2026-09-25,LCJ,ALC,2026-11-01,,,unavailable
2026-09-25,LCJ,ALC,2026-11-02,19:20,118.24,ok
2026-09-25,LCJ,ALC,2026-11-03,,,unavailable
2026-09-25,LCJ,ALC,2026-11-04,,,unavailable
2026-09-25,LCJ,ALC,2026-11-05,11:55,552.42,ok
2026-09-25,LCJ,ALC,2026-11-06,,,unavailable
2026-09-25,LCJ,ALC,2026-11-07,,,unavailable
2026-09-25,LCJ,ALC,2026-11-08,,,unavailable
2026-09-25,LCJ,ALC,2026-11-09,19:20,166.43,ok
2026-09-25,LCJ,ALC,2026-11-10,,,unavailable
2026-09-25,LCJ,ALC,2026-11-11,,,unavailable
2026-09-25,LCJ,ALC,2026-11-12,11:55,210.24,ok
2026-09-25,LCJ,ALC,2026-11-13,,,unavailable
2026-09-25,LCJ,ALC,2026-11-14,,,unavailable
2026-09-25,LCJ,ALC,2026-11-15,,,unavailable
2026-09-25,LCJ,ALC,2026-11-16,19:20,96.34,ok
2026-09-25,LCJ,ALC,2026-11-17,,,unavailable
2026-09-25,LCJ,ALC,2026-11-18,,,unavailable
2026-09-25,LCJ,ALC,2026-11-19,11:55,214.62,ok
2026-09-25,LCJ,ALC,2026-11-20,,,unavailable
2026-09-25,LCJ,ALC,2026-11-21,,,unavailable
2026-09-25,LCJ,ALC,2026-11-22,,,unavailable
2026-09-25,LCJ,ALC,2026-11-23,19:20,108.00,ok
2026-09-25,LCJ,ALC,2026-11-24,,,unavailable
2026-09-25,LCJ,ALC,2026-11-25,,,unavailable
2026-09-25,LCJ,ALC,2026-11-26,11:55,201.51,ok
2026-09-25,LCJ,ALC,2026-11-27,,,unavailable
2026-09-25,LCJ,ALC,2026-11-28,,,unavailable
2026-09-25,LCJ,ALC,2026-11-29,,,unavailable
2026-09-25,LCJ,ALC,2026-11-30,19:20,108.00,ok
2026-09-25,LCJ,ALC,2026-12-01,,,unavailable
2026-09-25,LCJ,ALC,2026-12-02,,,unavailable
2026-09-25,LCJ,ALC,2026-12-03,11:55,201.48,ok
2026-09-25,LCJ,ALC,2026-12-04,,,unavailable
2026-09-25,LCJ,ALC,2026-12-05,,,unavailable
2026-09-25,LCJ,ALC,2026-12-06,,,unavailable
2026-09-25,LCJ,ALC,2026-12-07,19:20,118.24,ok
2026-09-25,LCJ,ALC,2026-12-08,,,unavailable
2026-09-25,LCJ,ALC,2026-12-09,,,unavailable
2026-09-25,LCJ,ALC,2026-12-10,11:55,115.10,ok
2026-09-25,LCJ,ALC,2026-12-11,,,unavailable
2026-09-25,LCJ,ALC,2026-12-12,,,unavailable
2026-09-25,LCJ,ALC,2026-12-13,,,unavailable
2026-09-25,LCJ,ALC,2026-12-14,19:20,104.92,ok
2026-09-25,LCJ,ALC,2026-12-15,,,unavailable
2026-09-25,LCJ,ALC,2026-12-16,,,unavailable
2026-09-25,LCJ,ALC,2026-12-17,11:55,108.00,ok
2026-09-25,LCJ,ALC,2026-12-18,,,unavailable
2026-09-25,LCJ,ALC,2026-12-19,,,unavailable
2026-09-25,LCJ,ALC,2026-12-20,,,unavailable
2026-09-25,LCJ,ALC,2026-12-21,19:20,231.75,ok
2026-09-25,LCJ,ALC,2026-12-22,,,unavailable
2026-09-25,LCJ,ALC,2026-12-23,,,unavailable
2026-09-25,LCJ,ALC,2026-12-24,11:55,402.32,ok
2026-09-25,LCJ,ALC,2026-12-25,,,unavailable
2026-09-25,LCJ,ALC,2026-12-26,,,unavailable
2026-09-25,LCJ,ALC,2026-12-27,,,unavailable
2026-09-25,LCJ,ALC,2026-12-28,19:20,444.57,ok
2026-09-25,LCJ,ALC,2026-12-29,,,unavailable
2026-09-25,LCJ,ALC,2026-12-30,,,unavailable
2026-09-25,LCJ,ALC,2026-12-31,11:55,809.05,ok
2026-09-25,LCJ,ALC,2027-01-01,,,unavailable
2026-09-25,LCJ,ALC,2027-01-02,,,unavailable
2026-09-25,LCJ,ALC,2027-01-03,,,unavailable
2026-09-25,LCJ,ALC,2027-01-04,19:20,136.00,ok
2026-09-25,LCJ,ALC,2027-01-05,,,unavailable
2026-09-25,LCJ,ALC,2027-01-06,,,unavailable
2026-09-25,LCJ,ALC,2027-01-07,11:55,136.00,ok
2026-09-25,LCJ,ALC,2027-01-08,,,unavailable
2026-09-25,LCJ,ALC,2027-01-09,,,unavailable
2026-09-25,LCJ,ALC,2027-01-10,,,unavailable
2026-09-25,LCJ,ALC,2027-01-11,19:20,136.00,ok
2026-09-25,LCJ,ALC,2027-01-12,,,unavailable
2026-09-25,LCJ,ALC,2027-01-13,,,unavailable
2026-09-25,LCJ,ALC,2027-01-14,11:55,214.37,ok
2026-09-25,LCJ,ALC,2027-01-15,,,unavailable
2026-09-25,LCJ,ALC,2027-01-16,,,unavailable
2026-09-25,LCJ,ALC,2027-01-17,,,unavailable
2026-09-25,LCJ,ALC,2027-01-18,19:20,250.77,ok
2026-09-25,LCJ,ALC,2027-01-19,,,unavailable
2026-09-25,LCJ,ALC,2027-01-20,,,unavailable
2026-09-25,LCJ,ALC,2027-01-21,11:55,301.73,ok
2026-09-25,LCJ,ALC,2027-01-22,,,unavailable
2026-09-25,LCJ,ALC,2027-01-23,,,unavailable
2026-09-25,LCJ,ALC,2027-01-24,,,unavailable
2026-09-25,LCJ,ALC,2027-01-25,19:20,183.64,ok
2026-09-25,LCJ,ALC,2027-01-26,,,unavailable
2026-09-25,LCJ,ALC,2027-01-27,,,unavailable
2026-09-25,LCJ,ALC,2027-01-28,11:55,136.00,ok
2026-09-25,LCJ,ALC,2027-01-29,,,unavailable
2026-09-25,LCJ,ALC,2027-01-30,,,unavailable
2026-09-25,LCJ,ALC,2027-01-31,,,unavailable
2026-09-25,LCJ,ALC,2027-02-01,19:20,136.00,ok
2026-09-25,LCJ,ALC,2027-02-02,,,unavailable
2026-09-25,LCJ,ALC,2027-02-03,,,unavailable
2026-09-25,LCJ,ALC,2027-02-04,11:55,205.51,ok
2026-09-25,LCJ,ALC,2027-02-05,,,unavailable
2026-09-25,LCJ,ALC,2027-02-06,,,unavailable
2026-09-25,LCJ,ALC,2027-02-07,,,unavailable
2026-09-25,LCJ,ALC,2027-02-08,19:20,166.43,ok
2026-09-25,LCJ,ALC,2027-02-09,,,unavailable
2026-09-25,LCJ,ALC,2027-02-10,,,unavailable
2026-09-25,LCJ,ALC,2027-02-11,11:55,157.67,ok
2026-09-25,LCJ,ALC,2027-02-12,,,unavailable
2026-09-25,LCJ,ALC,2027-02-13,,,unavailable
2026-09-25,LCJ,ALC,2027-02-14,,,unavailable
2026-09-25,LCJ,ALC,2027-02-15,19:20,301.73,ok
2026-09-25,LCJ,ALC,2027-02-16,,,unavailable
2026-09-25,LCJ,ALC,2027-02-17,,,unavailable
2026-09-25,LCJ,ALC,2027-02-18,11:55,214.37,ok
2026-09-25,LCJ,ALC,2027-02-19,,,unavailable
2026-09-25,LCJ,ALC,2027-02-20,,,unavailable
2026-09-25,LCJ,ALC,2027-02-21,,,unavailable
2026-09-25,LCJ,ALC,2027-02-22,19:20,179.27,ok
2026-09-25,LCJ,ALC,2027-02-23,,,unavailable
2026-09-25,LCJ,ALC,2027-02-24,,,unavailable
2026-09-25,LCJ,ALC,2027-02-25,11:55,240.50,ok
2026-09-25,LCJ,ALC,2027-02-26,,,unavailable
2026-09-25,LCJ,ALC,2027-02-27,,,unavailable
2026-09-25,LCJ,ALC,2027-02-28,,,unavailable
2026-09-25,LCJ,ALC,2027-03-01,19:20,136.00,ok
2026-09-25,LCJ,ALC,2027-03-02,,,unavailable
2026-09-25,LCJ,ALC,2027-03-03,,,unavailable
2026-09-25,LCJ,ALC,2027-03-04,11:55,279.86,ok
2026-09-25,LCJ,ALC,2027-03-05,,,unavailable
2026-09-25,LCJ,ALC,2027-03-06,,,unavailable
2026-09-25,LCJ,ALC,2027-03-07,,,unavailable
2026-09-25,LCJ,ALC,2027-03-08,19:20,214.26,ok
2026-09-25,LCJ,ALC,2027-03-09,,,unavailable
2026-09-25,LCJ,ALC,2027-03-10,,,unavailable
2026-09-25,LCJ,ALC,2027-03-11,11:55,183.64,ok
2026-09-25,LCJ,ALC,2027-03-12,,,unavailable
2026-09-25,LCJ,ALC,2027-03-13,,,unavailable
2026-09-25,LCJ,ALC,2027-03-14,,,unavailable
2026-09-25,LCJ,ALC,2027-03-15,19:20,196.00,ok
2026-09-25,LCJ,ALC,2027-03-16,,,unavailable
2026-09-25,LCJ,ALC,2027-03-17,,,unavailable
2026-09-25,LCJ,ALC,2027-03-18,11:55,214.37,ok
2026-09-25,LCJ,ALC,2027-03-19,,,unavailable
2026-09-25,LCJ,ALC,2027-03-20,,,unavailable
2026-09-25,LCJ,ALC,2027-03-21,,,unavailable
2026-09-25,LCJ,ALC,2027-03-22,19:20,306.10,ok
2026-09-25,LCJ,ALC,2027-03-23,,,unavailable
2026-09-25,LCJ,ALC,2027-03-24,,,unavailable
2026-09-25,LCJ,ALC,2027-03-25,11:55,384.82,ok
2026-09-25,LCJ,ALC,2027-03-26,,,unavailable
2026-09-25,LCJ,ALC,2027-03-27,,,unavailable
2026-09-25,LCJ,ALC,2027-03-28,,,unavailable
2026-09-25,LCJ,ALC,2027-03-29,09:35,344.00,ok
2026-09-25,LCJ,ALC,2027-03-30,,,unavailable
2026-09-25,LCJ,ALC,2027-03-31,,,unavailable
2026-09-25,LCJ,ALC,2027-04-01,,,unavailable
2026-09-25,LCJ,ALC,2027-04-02,17:10,642.00,ok
2026-09-25,LCJ,ALC,2027-04-03,,,unavailable
2026-09-25,LCJ,ALC,2027-04-04,,,unavailable
2026-09-25,LCJ,ALC,2027-04-05,09:35,535.00,ok
2026-09-25,LCJ,ALC,2027-04-06,,,unavailable
2026-09-25,LCJ,ALC,2027-04-07,,,unavailable
2026-09-25,LCJ,ALC,2027-04-08,,,unavailable
2026-09-25,LCJ,ALC,2027-04-09,17:10,485.00,ok
2026-09-25,LCJ,ALC,2027-04-10,,,unavailable
2026-09-25,LCJ,ALC,2027-04-11,,,unavailable
2026-09-25,LCJ,ALC,2027-04-12,09:35,302.00,ok
2026-09-25,LCJ,ALC,2027-04-13,,,unavailable
2026-09-25,LCJ,ALC,2027-04-14,,,unavailable
2026-09-25,LCJ,ALC,2027-04-15,,,unavailable
2026-09-25,LCJ,ALC,2027-04-16,17:10,485.00,ok
2026-09-25,LCJ,ALC,2027-04-17,,,unavailable
2026-09-25,LCJ,ALC,2027-04-18,,,unavailable
2026-09-25,LCJ,ALC,2027-04-19,09:35,302.00,ok
2026-09-25,LCJ,ALC,2027-04-20,,,unavailable
2026-09-25,LCJ,ALC,2027-04-21,,,unavailable
2026-09-25,LCJ,ALC,2027-04-22,,,unavailable
2026-09-25,LCJ,ALC,2027-04-23,17:10,535.00,ok
2026-09-25,LCJ,ALC,2027-04-24,,,unavailable
2026-09-25,LCJ,ALC,2027-04-25,,,unavailable
2026-09-25,LCJ,ALC,2027-04-26,09:35,391.00,ok
2026-09-25,LCJ,ALC,2027-04-27,,,unavailable
2026-09-25,LCJ,ALC,2027-04-28,,,unavailable
2026-09-25,LCJ,ALC,2027-04-29,,,unavailable
2026-09-25,LCJ,ALC,2027-04-30,17:10,642.00,ok
2026-09-25,LCJ,ALC,2027-05-01,,,unavailable
2026-09-25,LCJ,ALC,2027-05-02,,,unavailable
2026-09-25,LCJ,ALC,2027-05-03,09:35,302.00,ok
2026-09-25,LCJ,ALC,2027-05-04,,,unavailable
2026-09-25,LCJ,ALC,2027-05-05,,,unavailable
2026-09-25,LCJ,ALC,2027-05-06,,,unavailable
2026-09-25,LCJ,ALC,2027-05-07,17:10,485.00,ok
2026-09-25,LCJ,ALC,2027-05-08,,,unavailable
2026-09-25,LCJ,ALC,2027-05-09,,,unavailable
2026-09-25,LCJ,ALC,2027-05-10,09:35,302.00,ok
2026-09-25,LCJ,ALC,2027-05-11,,,unavailable
2026-09-25,LCJ,ALC,2027-05-12,,,unavailable
2026-09-25,LCJ,ALC,2027-05-13,,,unavailable
2026-09-25,LCJ,ALC,2027-05-14,17:10,485.00,ok
2026-09-25,LCJ,ALC,2027-05-15,,,unavailable
2026-09-25,LCJ,ALC,2027-05-16,,,unavailable
2026-09-25,LCJ,ALC,2027-05-17,09:35,302.00,ok
2026-09-25,LCJ,ALC,2027-05-18,,,unavailable
2026-09-25,LCJ,ALC,2027-05-19,,,unavailable
2026-09-25,LCJ,ALC,2027-05-20,,,unavailable
2026-09-25,LCJ,ALC,2027-05-21,17:10,442.00,ok
2026-09-25,LCJ,ALC,2027-05-22,,,unavailable
2026-09-25,LCJ,ALC,2027-05-23,,,unavailable
2026-09-25,LCJ,ALC,2027-05-24,09:35,302.00,ok
2026-09-25,LCJ,ALC,2027-05-25,,,unavailable
2026-09-25,LCJ,ALC,2027-05-26,,,unavailable
2026-09-25,LCJ,ALC,2027-05-27,,,unavailable
2026-09-25,LCJ,ALC,2027-05-28,17:10,535.00,ok
2026-09-25,LCJ,ALC,2027-05-29,,,unavailable
2026-09-25,LCJ,ALC,2027-05-30,,,unavailable
2026-09-25,LCJ,ALC,2027-05-31,09:35,395.38,ok
2026-09-25,LCJ,ALC,2027-06-01,,,unavailable
2026-09-25,LCJ,ALC,2027-06-02,,,unavailable
2026-09-25,LCJ,ALC,2027-06-03,,,unavailable
2026-09-25,LCJ,ALC,2027-06-04,17:10,485.00,ok
2026-09-25,LCJ,ALC,2027-06-05,,,unavailable
2026-09-25,LCJ,ALC,2027-06-06,,,unavailable
2026-09-25,LCJ,ALC,2027-06-07,09:35,306.37,ok
2026-09-25,LCJ,ALC,2027-06-08,,,unavailable
2026-09-25,LCJ,ALC,2027-06-09,,,unavailable
2026-09-25,LCJ,ALC,2027-06-10,,,unavailable
2026-09-25,LCJ,ALC,2027-06-11,17:10,489.37,ok
2026-09-25,LCJ,ALC,2027-06-12,,,unavailable
2026-09-25,LCJ,ALC,2027-06-13,,,unavailable
2026-09-25,LCJ,ALC,2027-06-14,09:35,391.00,ok
2026-09-25,LCJ,ALC,2027-06-15,,,unavailable
2026-09-25,LCJ,ALC,2027-06-16,,,unavailable
2026-09-25,LCJ,ALC,2027-06-17,,,unavailable
2026-09-25,LCJ,ALC,2027-06-18,17:10,535.00,ok
2026-09-25,LCJ,ALC,2027-06-19,,,unavailable
2026-09-25,LCJ,ALC,2027-06-20,,,unavailable
2026-09-25,LCJ,ALC,2027-06-21,09:35,391.00,ok
2026-09-25,LCJ,ALC,2027-06-22,,,unavailable
2026-09-25,LCJ,ALC,2027-06-23,,,unavailable
2026-09-25,LCJ,ALC,2027-06-24,,,unavailable
2026-09-25,LCJ,ALC,2027-06-25,17:10,535.00,ok
2026-09-25,LCJ,ALC,2027-06-26,,,unavailable
2026-09-25,LCJ,ALC,2027-06-27,,,unavailable
2026-09-25,LCJ,ALC,2027-06-28,09:35,535.00,ok
2026-09-25,LCJ,ALC,2027-06-29,,,unavailable
2026-09-25,LCJ,ALC,2027-06-30,,,unavailable
2026-09-25,LCJ,ALC,2027-07-01,,,unavailable
2026-09-25,LCJ,ALC,2027-07-02,17:10,586.00,ok
2026-09-25,LCJ,ALC,2027-07-03,,,unavailable
2026-09-25,LCJ,ALC,2027-07-04,,,unavailable
2026-09-25,LCJ,ALC,2027-07-05,09:35,442.00,ok
2026-09-25,LCJ,ALC,2027-07-06,,,unavailable
2026-09-25,LCJ,ALC,2027-07-07,,,unavailable
2026-09-25,LCJ,ALC,2027-07-08,,,unavailable
2026-09-25,LCJ,ALC,2027-07-09,17:10,535.00,ok
2026-09-25,LCJ,ALC,2027-07-10,,,unavailable
2026-09-25,LCJ,ALC,2027-07-11,,,unavailable
2026-09-25,LCJ,ALC,2027-07-12,09:35,442.00,ok
2026-09-25,LCJ,ALC,2027-07-13,,,unavailable
2026-09-25,LCJ,ALC,2027-07-14,,,unavailable
2026-09-25,LCJ,ALC,2027-07-15,,,unavailable
2026-09-25,LCJ,ALC,2027-07-16,17:10,586.00,ok
2026-09-25,LCJ,ALC,2027-07-17,,,unavailable
2026-09-25,LCJ,ALC,2027-07-18,,,unavailable
2026-09-25,LCJ,ALC,2027-07-19,09:35,391.00,ok
2026-09-25,LCJ,ALC,2027-07-20,,,unavailable
2026-09-25,LCJ,ALC,2027-07-21,,,unavailable
2026-09-25,LCJ,ALC,2027-07-22,,,unavailable
2026-09-25,LCJ,ALC,2027-07-23,17:10,485.00,ok
2026-09-25,LCJ,ALC,2027-07-24,,,unavailable
2026-09-25,LCJ,ALC,2027-07-25,,,unavailable
2026-09-25,LCJ,ALC,2027-07-26,09:35,344.00,ok
2026-09-25,LCJ,ALC,2027-07-27,,,unavailable
2026-09-25,LCJ,ALC,2027-07-28,,,unavailable
2026-09-25,LCJ,ALC,2027-07-29,,,unavailable
2026-09-25,LCJ,ALC,2027-07-30,17:10,442.00,ok
2026-09-25,LCJ,ALC,2027-07-31,,,unavailable
2026-09-25,LCJ,ALC,2027-08-01,,,unavailable
2026-09-25,LCJ,ALC,2027-08-02,09:35,391.00,ok
2026-09-25,LCJ,ALC,2027-08-03,,,unavailable
2026-09-25,LCJ,ALC,2027-08-04,,,unavailable
2026-09-25,LCJ,ALC,2027-08-05,,,unavailable
2026-09-25,LCJ,ALC,2027-08-06,17:10,535.00,ok
2026-09-25,LCJ,ALC,2027-08-07,,,unavailable
2026-09-25,LCJ,ALC,2027-08-08,,,unavailable
2026-09-25,LCJ,ALC,2027-08-09,09:35,391.00,ok
2026-09-25,LCJ,ALC,2027-08-10,,,unavailable
2026-09-25,LCJ,ALC,2027-08-11,,,unavailable
2026-09-25,LCJ,ALC,2027-08-12,,,unavailable
2026-09-25,LCJ,ALC,2027-08-13,17:10,535.00,ok
2026-09-25,LCJ,ALC,2027-08-14,,,unavailable
2026-09-25,LCJ,ALC,2027-08-15,,,unavailable
2026-09-25,LCJ,ALC,2027-08-16,09:35,391.00,ok
2026-09-25,LCJ,ALC,2027-08-17,,,unavailable
2026-09-25,LCJ,ALC,2027-08-18,,,unavailable
2026-09-25,LCJ,ALC,2027-08-19,,,unavailable
2026-09-25,LCJ,ALC,2027-08-20,17:10,535.00,ok
2026-09-25,LCJ,ALC,2027-08-21,,,unavailable
2026-09-25,LCJ,ALC,2027-08-22,,,unavailable
2026-09-25,LCJ,ALC,2027-08-23,09:35,344.00,ok
2026-09-25,LCJ,ALC,2027-08-24,,,unavailable
2026-09-25,LCJ,ALC,2027-08-25,,,unavailable
2026-09-25,LCJ,ALC,2027-08-26,,,unavailable
2026-09-25,LCJ,ALC,2027-08-27,17:10,485.00,ok
2026-09-25,LCJ,ALC,2027-08-28,,,unavailable
2026-09-25,LCJ,ALC,2027-08-29,,,unavailable
2026-09-25,LCJ,ALC,2027-08-30,09:35,391.00,ok
2026-09-25,LCJ,ALC,2027-08-31,,,unavailable
2026-09-25,ALC,LCJ,2026-09-25,,,unavailable
2026-09-25,ALC,LCJ,2026-09-26,,,unavailable
2026-09-25,ALC,LCJ,2026-09-27,,,unavailable
2026-09-25,ALC,LCJ,2026-09-28,17:50,1388.70,ok
2026-09-25,ALC,LCJ,2026-09-29,,,unavailable
2026-09-25,ALC,LCJ,2026-09-30,05:50,652.04,ok
2026-09-25,ALC,LCJ,2026-10-01,,,unavailable
2026-09-25,ALC,LCJ,2026-10-02,06:00,573.85,ok
2026-09-25,ALC,LCJ,2026-10-03,,,unavailable
2026-09-25,ALC,LCJ,2026-10-04,,,unavailable
2026-09-25,ALC,LCJ,2026-10-05,17:50,416.14,ok
2026-09-25,ALC,LCJ,2026-10-06,,,unavailable
2026-09-25,ALC,LCJ,2026-10-07,05:50,398.62,ok
2026-09-25,ALC,LCJ,2026-10-08,,,unavailable
2026-09-25,ALC,LCJ,2026-10-09,06:00,516.90,ok
2026-09-25,ALC,LCJ,2026-10-10,,,unavailable
2026-09-25,ALC,LCJ,2026-10-11,,,unavailable
2026-09-25,ALC,LCJ,2026-10-12,17:50,835.29,ok
2026-09-25,ALC,LCJ,2026-10-13,,,unavailable
2026-09-25,ALC,LCJ,2026-10-14,05:50,363.57,ok
2026-09-25,ALC,LCJ,2026-10-15,,,unavailable
2026-09-25,ALC,LCJ,2026-10-16,06:00,306.62,ok
2026-09-25,ALC,LCJ,2026-10-17,,,unavailable
2026-09-25,ALC,LCJ,2026-10-18,,,unavailable
2026-09-25,ALC,LCJ,2026-10-19,17:50,652.71,ok
2026-09-25,ALC,LCJ,2026-10-20,,,unavailable
2026-09-25,ALC,LCJ,2026-10-21,05:50,232.73,ok
2026-09-25,ALC,LCJ,2026-10-22,,,unavailable
2026-09-25,ALC,LCJ,2026-10-23,06:00,289.10,ok
2026-09-25,ALC,LCJ,2026-10-24,,,unavailable
2026-09-25,ALC,LCJ,2026-10-25,,,unavailable
2026-09-25,ALC,LCJ,2026-10-26,15:40,689.87,ok
2026-09-25,ALC,LCJ,2026-10-27,,,unavailable
2026-09-25,ALC,LCJ,2026-10-28,,,unavailable
2026-09-25,ALC,LCJ,2026-10-29,08:15,372.86,ok
2026-09-25,ALC,LCJ,2026-10-30,,,unavailable
2026-09-25,ALC,LCJ,2026-10-31,06:30,462.99,ok
2026-09-25,ALC,LCJ,2026-11-01,,,unavailable
2026-09-25,ALC,LCJ,2026-11-02,15:40,427.08,ok
2026-09-25,ALC,LCJ,2026-11-03,,,unavailable
2026-09-25,ALC,LCJ,2026-11-04,,,unavailable
2026-09-25,ALC,LCJ,2026-11-05,08:15,262.81,ok
2026-09-25,ALC,LCJ,2026-11-06,,,unavailable
2026-09-25,ALC,LCJ,2026-11-07,,,unavailable
2026-09-25,ALC,LCJ,2026-11-08,,,unavailable
2026-09-25,ALC,LCJ,2026-11-09,15:40,420.52,ok
2026-09-25,ALC,LCJ,2026-11-10,,,unavailable
2026-09-25,ALC,LCJ,2026-11-11,,,unavailable
2026-09-25,ALC,LCJ,2026-11-12,08:15,443.54,ok
2026-09-25,ALC,LCJ,2026-11-13,,,unavailable
2026-09-25,ALC,LCJ,2026-11-14,,,unavailable
2026-09-25,ALC,LCJ,2026-11-15,,,unavailable
2026-09-25,ALC,LCJ,2026-11-16,15:40,560.71,ok
2026-09-25,ALC,LCJ,2026-11-17,,,unavailable
2026-09-25,ALC,LCJ,2026-11-18,,,unavailable
2026-09-25,ALC,LCJ,2026-11-19,08:15,170.40,ok
2026-09-25,ALC,LCJ,2026-11-20,,,unavailable
2026-09-25,ALC,LCJ,2026-11-21,,,unavailable
2026-09-25,ALC,LCJ,2026-11-22,,,unavailable
2026-09-25,ALC,LCJ,2026-11-23,15:40,285.65,ok
2026-09-25,ALC,LCJ,2026-11-24,,,unavailable
2026-09-25,ALC,LCJ,2026-11-25,,,unavailable
2026-09-25,ALC,LCJ,2026-11-26,08:15,96.34,ok
2026-09-25,ALC,LCJ,2026-11-27,,,unavailable
2026-09-25,ALC,LCJ,2026-11-28,,,unavailable
2026-09-25,ALC,LCJ,2026-11-29,,,unavailable
2026-09-25,ALC,LCJ,2026-11-30,15:40,240.91,ok
2026-09-25,ALC,LCJ,2026-12-01,,,unavailable
2026-09-25,ALC,LCJ,2026-12-02,,,unavailable
2026-09-25,ALC,LCJ,2026-12-03,08:15,201.48,ok
2026-09-25,ALC,LCJ,2026-12-04,,,unavailable
2026-09-25,ALC,LCJ,2026-12-05,,,unavailable
2026-09-25,ALC,LCJ,2026-12-06,,,unavailable
2026-09-25,ALC,LCJ,2026-12-07,15:40,183.95,ok
2026-09-25,ALC,LCJ,2026-12-08,,,unavailable
2026-09-25,ALC,LCJ,2026-12-09,,,unavailable
2026-09-25,ALC,LCJ,2026-12-10,08:15,96.17,ok
2026-09-25,ALC,LCJ,2026-12-11,,,unavailable
2026-09-25,ALC,LCJ,2026-12-12,,,unavailable
2026-09-25,ALC,LCJ,2026-12-13,,,unavailable
2026-09-25,ALC,LCJ,2026-12-14,15:40,192.39,ok
2026-09-25,ALC,LCJ,2026-12-15,,,unavailable
2026-09-25,ALC,LCJ,2026-12-16,,,unavailable
2026-09-25,ALC,LCJ,2026-12-17,08:15,108.00,ok
2026-09-25,ALC,LCJ,2026-12-18,,,unavailable
2026-09-25,ALC,LCJ,2026-12-19,,,unavailable
2026-09-25,ALC,LCJ,2026-12-20,,,unavailable
2026-09-25,ALC,LCJ,2026-12-21,15:40,192.39,ok
2026-09-25,ALC,LCJ,2026-12-22,,,unavailable
2026-09-25,ALC,LCJ,2026-12-23,,,unavailable
2026-09-25,ALC,LCJ,2026-12-24,08:15,100.55,ok
2026-09-25,ALC,LCJ,2026-12-25,,,unavailable
2026-09-25,ALC,LCJ,2026-12-26,,,unavailable
2026-09-25,ALC,LCJ,2026-12-27,,,unavailable
2026-09-25,ALC,LCJ,2026-12-28,15:40,263.56,ok
2026-09-25,ALC,LCJ,2026-12-29,,,unavailable
2026-09-25,ALC,LCJ,2026-12-30,,,unavailable
2026-09-25,ALC,LCJ,2026-12-31,08:15,144.28,ok
2026-09-25,ALC,LCJ,2027-01-01,,,unavailable
2026-09-25,ALC,LCJ,2027-01-02,,,unavailable
2026-09-25,ALC,LCJ,2027-01-03,,,unavailable
2026-09-25,ALC,LCJ,2027-01-04,15:40,459.95,ok
2026-09-25,ALC,LCJ,2027-01-05,,,unavailable
2026-09-25,ALC,LCJ,2027-01-06,,,unavailable
2026-09-25,ALC,LCJ,2027-01-07,08:15,580.92,ok
2026-09-25,ALC,LCJ,2027-01-08,,,unavailable
2026-09-25,ALC,LCJ,2027-01-09,,,unavailable
2026-09-25,ALC,LCJ,2027-01-10,,,unavailable
2026-09-25,ALC,LCJ,2027-01-11,15:40,393.57,ok
2026-09-25,ALC,LCJ,2027-01-12,,,unavailable
2026-09-25,ALC,LCJ,2027-01-13,,,unavailable
2026-09-25,ALC,LCJ,2027-01-14,08:15,192.39,ok
2026-09-25,ALC,LCJ,2027-01-15,,,unavailable
2026-09-25,ALC,LCJ,2027-01-16,,,unavailable
2026-09-25,ALC,LCJ,2027-01-17,,,unavailable
2026-09-25,ALC,LCJ,2027-01-18,15:40,192.39,ok
2026-09-25,ALC,LCJ,2027-01-19,,,unavailable
2026-09-25,ALC,LCJ,2027-01-20,,,unavailable
2026-09-25,ALC,LCJ,2027-01-21,08:15,144.28,ok
2026-09-25,ALC,LCJ,2027-01-22,,,unavailable
2026-09-25,ALC,LCJ,2027-01-23,,,unavailable
2026-09-25,ALC,LCJ,2027-01-24,,,unavailable
2026-09-25,ALC,LCJ,2027-01-25,15:40,301.73,ok
2026-09-25,ALC,LCJ,2027-01-26,,,unavailable
2026-09-25,ALC,LCJ,2027-01-27,,,unavailable
2026-09-25,ALC,LCJ,2027-01-28,08:15,374.61,ok
2026-09-25,ALC,LCJ,2027-01-29,,,unavailable
2026-09-25,ALC,LCJ,2027-01-30,,,unavailable
2026-09-25,ALC,LCJ,2027-01-31,,,unavailable
2026-09-25,ALC,LCJ,2027-02-01,15:40,250.77,ok
2026-09-25,ALC,LCJ,2027-02-02,,,unavailable
2026-09-25,ALC,LCJ,2027-02-03,,,unavailable
2026-09-25,ALC,LCJ,2027-02-04,08:15,148.25,ok
2026-09-25,ALC,LCJ,2027-02-05,,,unavailable
2026-09-25,ALC,LCJ,2027-02-06,,,unavailable
2026-09-25,ALC,LCJ,2027-02-07,,,unavailable
2026-09-25,ALC,LCJ,2027-02-08,15:40,162.00,ok
2026-09-25,ALC,LCJ,2027-02-09,,,unavailable
2026-09-25,ALC,LCJ,2027-02-10,,,unavailable
2026-09-25,ALC,LCJ,2027-02-11,08:15,380.45,ok
2026-09-25,ALC,LCJ,2027-02-12,,,unavailable
2026-09-25,ALC,LCJ,2027-02-13,,,unavailable
2026-09-25,ALC,LCJ,2027-02-14,,,unavailable
2026-09-25,ALC,LCJ,2027-02-15,15:40,323.60,ok
2026-09-25,ALC,LCJ,2027-02-16,,,unavailable
2026-09-25,ALC,LCJ,2027-02-17,,,unavailable
2026-09-25,ALC,LCJ,2027-02-18,08:15,176.00,ok
2026-09-25,ALC,LCJ,2027-02-19,,,unavailable
2026-09-25,ALC,LCJ,2027-02-20,,,unavailable
2026-09-25,ALC,LCJ,2027-02-21,,,unavailable
2026-09-25,ALC,LCJ,2027-02-22,15:40,162.00,ok
2026-09-25,ALC,LCJ,2027-02-23,,,unavailable
2026-09-25,ALC,LCJ,2027-02-24,,,unavailable
2026-09-25,ALC,LCJ,2027-02-25,08:15,176.00,ok
2026-09-25,ALC,LCJ,2027-02-26,,,unavailable
2026-09-25,ALC,LCJ,2027-02-27,,,unavailable
2026-09-25,ALC,LCJ,2027-02-28,,,unavailable
2026-09-25,ALC,LCJ,2027-03-01,15:40,389.20,ok
2026-09-25,ALC,LCJ,2027-03-02,,,unavailable
2026-09-25,ALC,LCJ,2027-03-03,,,unavailable
2026-09-25,ALC,LCJ,2027-03-04,08:15,136.00,ok
2026-09-25,ALC,LCJ,2027-03-05,,,unavailable
2026-09-25,ALC,LCJ,2027-03-06,,,unavailable
2026-09-25,ALC,LCJ,2027-03-07,,,unavailable
2026-09-25,ALC,LCJ,2027-03-08,15:40,196.00,ok
2026-09-25,ALC,LCJ,2027-03-09,,,unavailable
2026-09-25,ALC,LCJ,2027-03-10,,,unavailable
2026-09-25,ALC,LCJ,2027-03-11,08:15,214.37,ok
2026-09-25,ALC,LCJ,2027-03-12,,,unavailable
2026-09-25,ALC,LCJ,2027-03-13,,,unavailable
2026-09-25,ALC,LCJ,2027-03-14,,,unavailable
2026-09-25,ALC,LCJ,2027-03-15,15:40,219.00,ok
2026-09-25,ALC,LCJ,2027-03-16,,,unavailable
2026-09-25,ALC,LCJ,2027-03-17,,,unavailable
2026-09-25,ALC,LCJ,2027-03-18,08:15,196.00,ok
2026-09-25,ALC,LCJ,2027-03-19,,,unavailable
2026-09-25,ALC,LCJ,2027-03-20,,,unavailable
2026-09-25,ALC,LCJ,2027-03-21,,,unavailable
2026-09-25,ALC,LCJ,2027-03-22,15:40,288.05,ok
2026-09-25,ALC,LCJ,2027-03-23,,,unavailable
2026-09-25,ALC,LCJ,2027-03-24,,,unavailable
2026-09-25,ALC,LCJ,2027-03-25,08:15,345.46,ok
2026-09-25,ALC,LCJ,2027-03-26,,,unavailable
2026-09-25,ALC,LCJ,2027-03-27,,,unavailable
2026-09-25,ALC,LCJ,2027-03-28,,,unavailable
2026-09-25,ALC,LCJ,2027-03-29,05:55,778.00,ok
2026-09-25,ALC,LCJ,2027-03-30,,,unavailable
2026-09-25,ALC,LCJ,2027-03-31,,,unavailable
2026-09-25,ALC,LCJ,2027-04-01,,,unavailable
2026-09-25,ALC,LCJ,2027-04-02,13:30,391.00,ok
2026-09-25,ALC,LCJ,2027-04-03,,,unavailable
2026-09-25,ALC,LCJ,2027-04-04,,,unavailable
2026-09-25,ALC,LCJ,2027-04-05,05:55,391.00,ok
2026-09-25,ALC,LCJ,2027-04-06,,,unavailable
2026-09-25,ALC,LCJ,2027-04-07,,,unavailable
2026-09-25,ALC,LCJ,2027-04-08,,,unavailable
2026-09-25,ALC,LCJ,2027-04-09,13:30,344.00,ok
2026-09-25,ALC,LCJ,2027-04-10,,,unavailable
2026-09-25,ALC,LCJ,2027-04-11,,,unavailable
2026-09-25,ALC,LCJ,2027-04-12,05:55,535.00,ok
2026-09-25,ALC,LCJ,2027-04-13,,,unavailable
2026-09-25,ALC,LCJ,2027-04-14,,,unavailable
2026-09-25,ALC,LCJ,2027-04-15,,,unavailable
2026-09-25,ALC,LCJ,2027-04-16,13:30,302.00,ok
2026-09-25,ALC,LCJ,2027-04-17,,,unavailable
2026-09-25,ALC,LCJ,2027-04-18,,,unavailable
2026-09-25,ALC,LCJ,2027-04-19,05:55,586.00,ok
2026-09-25,ALC,LCJ,2027-04-20,,,unavailable
2026-09-25,ALC,LCJ,2027-04-21,,,unavailable
2026-09-25,ALC,LCJ,2027-04-22,,,unavailable
2026-09-25,ALC,LCJ,2027-04-23,13:30,302.00,ok
2026-09-25,ALC,LCJ,2027-04-24,,,unavailable
2026-09-25,ALC,LCJ,2027-04-25,,,unavailable
2026-09-25,ALC,LCJ,2027-04-26,05:55,535.00,ok
2026-09-25,ALC,LCJ,2027-04-27,,,unavailable
2026-09-25,ALC,LCJ,2027-04-28,,,unavailable
2026-09-25,ALC,LCJ,2027-04-29,,,unavailable
2026-09-25,ALC,LCJ,2027-04-30,13:30,391.00,ok
2026-09-25,ALC,LCJ,2027-05-01,,,unavailable
2026-09-25,ALC,LCJ,2027-05-02,,,unavailable
2026-09-25,ALC,LCJ,2027-05-03,05:55,642.00,ok
2026-09-25,ALC,LCJ,2027-05-04,,,unavailable
2026-09-25,ALC,LCJ,2027-05-05,,,unavailable
2026-09-25,ALC,LCJ,2027-05-06,,,unavailable
2026-09-25,ALC,LCJ,2027-05-07,13:30,391.00,ok
2026-09-25,ALC,LCJ,2027-05-08,,,unavailable
2026-09-25,ALC,LCJ,2027-05-09,,,unavailable
2026-09-25,ALC,LCJ,2027-05-10,05:55,586.00,ok
2026-09-25,ALC,LCJ,2027-05-11,,,unavailable
2026-09-25,ALC,LCJ,2027-05-12,,,unavailable
2026-09-25,ALC,LCJ,2027-05-13,,,unavailable
2026-09-25,ALC,LCJ,2027-05-14,13:30,391.00,ok
2026-09-25,ALC,LCJ,2027-05-15,,,unavailable
2026-09-25,ALC,LCJ,2027-05-16,,,unavailable
2026-09-25,ALC,LCJ,2027-05-17,05:55,586.00,ok
2026-09-25,ALC,LCJ,2027-05-18,,,unavailable
2026-09-25,ALC,LCJ,2027-05-19,,,unavailable
2026-09-25,ALC,LCJ,2027-05-20,,,unavailable
2026-09-25,ALC,LCJ,2027-05-21,13:30,302.00,ok
2026-09-25,ALC,LCJ,2027-05-22,,,unavailable
2026-09-25,ALC,LCJ,2027-05-23,,,unavailable
2026-09-25,ALC,LCJ,2027-05-24,05:55,535.00,ok
2026-09-25,ALC,LCJ,2027-05-25,,,unavailable
2026-09-25,ALC,LCJ,2027-05-26,,,unavailable
2026-09-25,ALC,LCJ,2027-05-27,,,unavailable
2026-09-25,ALC,LCJ,2027-05-28,13:30,302.00,ok
2026-09-25,ALC,LCJ,2027-05-29,,,unavailable
2026-09-25,ALC,LCJ,2027-05-30,,,unavailable
2026-09-25,ALC,LCJ,2027-05-31,05:55,489.38,ok
2026-09-25,ALC,LCJ,2027-06-01,,,unavailable
2026-09-25,ALC,LCJ,2027-06-02,,,unavailable
2026-09-25,ALC,LCJ,2027-06-03,,,unavailable
2026-09-25,ALC,LCJ,2027-06-04,13:30,391.00,ok
2026-09-25,ALC,LCJ,2027-06-05,,,unavailable
2026-09-25,ALC,LCJ,2027-06-06,,,unavailable
2026-09-25,ALC,LCJ,2027-06-07,05:55,782.37,ok
2026-09-25,ALC,LCJ,2027-06-08,,,unavailable
2026-09-25,ALC,LCJ,2027-06-09,,,unavailable
2026-09-25,ALC,LCJ,2027-06-10,,,unavailable
2026-09-25,ALC,LCJ,2027-06-11,13:30,395.37,ok
2026-09-25,ALC,LCJ,2027-06-12,,,unavailable
2026-09-25,ALC,LCJ,2027-06-13,,,unavailable
2026-09-25,ALC,LCJ,2027-06-14,05:55,586.00,ok
2026-09-25,ALC,LCJ,2027-06-15,,,unavailable
2026-09-25,ALC,LCJ,2027-06-16,,,unavailable
2026-09-25,ALC,LCJ,2027-06-17,,,unavailable
2026-09-25,ALC,LCJ,2027-06-18,13:30,344.00,ok
2026-09-25,ALC,LCJ,2027-06-19,,,unavailable
2026-09-25,ALC,LCJ,2027-06-20,,,unavailable
2026-09-25,ALC,LCJ,2027-06-21,05:55,535.00,ok
2026-09-25,ALC,LCJ,2027-06-22,,,unavailable
2026-09-25,ALC,LCJ,2027-06-23,,,unavailable
2026-09-25,ALC,LCJ,2027-06-24,,,unavailable
2026-09-25,ALC,LCJ,2027-06-25,13:30,391.00,ok
2026-09-25,ALC,LCJ,2027-06-26,,,unavailable
2026-09-25,ALC,LCJ,2027-06-27,,,unavailable
2026-09-25,ALC,LCJ,2027-06-28,05:55,535.00,ok
2026-09-25,ALC,LCJ,2027-06-29,,,unavailable
2026-09-25,ALC,LCJ,2027-06-30,,,unavailable
2026-09-25,ALC,LCJ,2027-07-01,,,unavailable
2026-09-25,ALC,LCJ,2027-07-02,13:30,391.00,ok
2026-09-25,ALC,LCJ,2027-07-03,,,unavailable
2026-09-25,ALC,LCJ,2027-07-04,,,unavailable
2026-09-25,ALC,LCJ,2027-07-05,05:55,586.00,ok
2026-09-25,ALC,LCJ,2027-07-06,,,unavailable
2026-09-25,ALC,LCJ,2027-07-07,,,unavailable
2026-09-25,ALC,LCJ,2027-07-08,,,unavailable
2026-09-25,ALC,LCJ,2027-07-09,13:30,485.00,ok
2026-09-25,ALC,LCJ,2027-07-10,,,unavailable
2026-09-25,ALC,LCJ,2027-07-11,,,unavailable
2026-09-25,ALC,LCJ,2027-07-12,05:55,642.00,ok
2026-09-25,ALC,LCJ,2027-07-13,,,unavailable
2026-09-25,ALC,LCJ,2027-07-14,,,unavailable
2026-09-25,ALC,LCJ,2027-07-15,,,unavailable
2026-09-25,ALC,LCJ,2027-07-16,13:30,586.00,ok
2026-09-25,ALC,LCJ,2027-07-17,,,unavailable
2026-09-25,ALC,LCJ,2027-07-18,,,unavailable
2026-09-25,ALC,LCJ,2027-07-19,05:55,705.00,ok
2026-09-25,ALC,LCJ,2027-07-20,,,unavailable
2026-09-25,ALC,LCJ,2027-07-21,,,unavailable
2026-09-25,ALC,LCJ,2027-07-22,,,unavailable
2026-09-25,ALC,LCJ,2027-07-23,13:30,586.00,ok
2026-09-25,ALC,LCJ,2027-07-24,,,unavailable
2026-09-25,ALC,LCJ,2027-07-25,,,unavailable
2026-09-25,ALC,LCJ,2027-07-26,05:55,778.00,ok
2026-09-25,ALC,LCJ,2027-07-27,,,unavailable
2026-09-25,ALC,LCJ,2027-07-28,,,unavailable
2026-09-25,ALC,LCJ,2027-07-29,,,unavailable
2026-09-25,ALC,LCJ,2027-07-30,13:30,642.00,ok
2026-09-25,ALC,LCJ,2027-07-31,,,unavailable
2026-09-25,ALC,LCJ,2027-08-01,,,unavailable
2026-09-25,ALC,LCJ,2027-08-02,05:55,705.00,ok
2026-09-25,ALC,LCJ,2027-08-03,,,unavailable
2026-09-25,ALC,LCJ,2027-08-04,,,unavailable
2026-09-25,ALC,LCJ,2027-08-05,,,unavailable
2026-09-25,ALC,LCJ,2027-08-06,13:30,642.00,ok
2026-09-25,ALC,LCJ,2027-08-07,,,unavailable
2026-09-25,ALC,LCJ,2027-08-08,,,unavailable
2026-09-25,ALC,LCJ,2027-08-09,05:55,778.00,ok
2026-09-25,ALC,LCJ,2027-08-10,,,unavailable
2026-09-25,ALC,LCJ,2027-08-11,,,unavailable
2026-09-25,ALC,LCJ,2027-08-12,,,unavailable
2026-09-25,ALC,LCJ,2027-08-13,13:30,642.00,ok
2026-09-25,ALC,LCJ,2027-08-14,,,unavailable
2026-09-25,ALC,LCJ,2027-08-15,,,unavailable
2026-09-25,ALC,LCJ,2027-08-16,05:55,778.00,ok
2026-09-25,ALC,LCJ,2027-08-17,,,unavailable
2026-09-25,ALC,LCJ,2027-08-18,,,unavailable
2026-09-25,ALC,LCJ,2027-08-19,,,unavailable
2026-09-25,ALC,LCJ,2027-08-20,13:30,586.00,ok
2026-09-25,ALC,LCJ,2027-08-21,,,unavailable
2026-09-25,ALC,LCJ,2027-08-22,,,unavailable
2026-09-25,ALC,LCJ,2027-08-23,05:55,705.00,ok
2026-09-25,ALC,LCJ,2027-08-24,,,unavailable
2026-09-25,ALC,LCJ,2027-08-25,,,unavailable
2026-09-25,ALC,LCJ,2027-08-26,,,unavailable
2026-09-25,ALC,LCJ,2027-08-27,13:30,642.00,ok
2026-09-25,ALC,LCJ,2027-08-28,,,unavailable
2026-09-25,ALC,LCJ,2027-08-29,,,unavailable
2026-09-25,ALC,LCJ,2027-08-30,05:55,778.00,ok
2026-09-25,ALC,LCJ,2027-08-31,,,unavailable
2026-09-25,LCJ,BGY,2026-09-25,,,unavailable
2026-09-25,LCJ,BGY,2026-09-26,,,unavailable
2026-09-25,LCJ,BGY,2026-09-27,,,unavailable
2026-09-25,LCJ,BGY,2026-09-28,13:30,657.09,ok
2026-09-25,LCJ,BGY,2026-09-29,22:10,65.00,ok
2026-09-25,LCJ,BGY,2026-09-30,08:25,146.15,ok
2026-09-25,LCJ,BGY,2026-10-01,09:50,144.53,ok
2026-09-25,LCJ,BGY,2026-10-02,13:30,367.95,ok
2026-09-25,LCJ,BGY,2026-10-03,,,unavailable
2026-09-25,LCJ,BGY,2026-10-04,18:05,69.91,ok
2026-09-25,LCJ,BGY,2026-10-05,13:30,78.81,ok
2026-09-25,LCJ,BGY,2026-10-06,22:10,65.67,ok
2026-09-25,LCJ,BGY,2026-10-07,12:45,65.67,ok
2026-09-25,LCJ,BGY,2026-10-08,09:50,135.76,ok
2026-09-25,LCJ,BGY,2026-10-09,13:30,205.86,ok
2026-09-25,LCJ,BGY,2026-10-10,,,unavailable
2026-09-25,LCJ,BGY,2026-10-11,18:05,186.94,ok
2026-09-25,LCJ,BGY,2026-10-12,13:30,73.76,ok
2026-09-25,LCJ,BGY,2026-10-13,22:10,65.00,ok
2026-09-25,LCJ,BGY,2026-10-14,12:45,74.43,ok
2026-09-25,LCJ,BGY,2026-10-15,09:50,162.05,ok
2026-09-25,LCJ,BGY,2026-10-16,13:30,188.33,ok
2026-09-25,LCJ,BGY,2026-10-17,,,unavailable
2026-09-25,LCJ,BGY,2026-10-18,18:05,78.54,ok
2026-09-25,LCJ,BGY,2026-10-19,13:30,65.67,ok
2026-09-25,LCJ,BGY,2026-10-20,22:10,65.67,ok
2026-09-25,LCJ,BGY,2026-10-21,08:35,69.16,ok
2026-09-25,LCJ,BGY,2026-10-22,09:50,65.00,ok
2026-09-25,LCJ,BGY,2026-10-23,13:30,149.94,ok
2026-09-25,LCJ,BGY,2026-10-24,,,unavailable
2026-09-25,LCJ,BGY,2026-10-25,,,unavailable
2026-09-25,LCJ,BGY,2026-10-26,12:25,67.10,ok
2026-09-25,LCJ,BGY,2026-10-27,,,unavailable
2026-09-25,LCJ,BGY,2026-10-28,15:55,65.70,ok
2026-09-25,LCJ,BGY,2026-10-29,,,unavailable
2026-09-25,LCJ,BGY,2026-10-30,12:10,109.41,ok
2026-09-25,LCJ,BGY,2026-10-31,,,unavailable
2026-09-25,LCJ,BGY,2026-11-01,,,unavailable
2026-09-25,LCJ,BGY,2026-11-02,12:25,78.81,ok
2026-09-25,LCJ,BGY,2026-11-03,,,unavailable
2026-09-25,LCJ,BGY,2026-11-04,,,unavailable
2026-09-25,LCJ,BGY,2026-11-05,,,unavailable
2026-09-25,LCJ,BGY,2026-11-06,12:10,204.43,ok
2026-09-25,LCJ,BGY,2026-11-07,,,unavailable
2026-09-25,LCJ,BGY,2026-11-08,,,unavailable
2026-09-25,LCJ,BGY,2026-11-09,12:25,65.00,ok
2026-09-25,LCJ,BGY,2026-11-10,,,unavailable
2026-09-25,LCJ,BGY,2026-11-11,,,unavailable
2026-09-25,LCJ,BGY,2026-11-12,,,unavailable
2026-09-25,LCJ,BGY,2026-11-13,12:10,65.00,ok
2026-09-25,LCJ,BGY,2026-11-14,,,unavailable
2026-09-25,LCJ,BGY,2026-11-15,,,unavailable
2026-09-25,LCJ,BGY,2026-11-16,12:25,65.00,ok
2026-09-25,LCJ,BGY,2026-11-17,,,unavailable
2026-09-25,LCJ,BGY,2026-11-18,,,unavailable
2026-09-25,LCJ,BGY,2026-11-19,,,unavailable
2026-09-25,LCJ,BGY,2026-11-20,12:10,176.05,ok
2026-09-25,LCJ,BGY,2026-11-21,,,unavailable
2026-09-25,LCJ,BGY,2026-11-22,,,unavailable
2026-09-25,LCJ,BGY,2026-11-23,12:25,65.67,ok
2026-09-25,LCJ,BGY,2026-11-24,,,unavailable
2026-09-25,LCJ,BGY,2026-11-25,,,unavailable
2026-09-25,LCJ,BGY,2026-11-26,,,unavailable
2026-09-25,LCJ,BGY,2026-11-27,12:10,175.19,ok
2026-09-25,LCJ,BGY,2026-11-28,,,unavailable
2026-09-25,LCJ,BGY,2026-11-29,,,unavailable
2026-09-25,LCJ,BGY,2026-11-30,12:25,65.67,ok
2026-09-25,LCJ,BGY,2026-12-01,,,unavailable
2026-09-25,LCJ,BGY,2026-12-02,,,unavailable
2026-09-25,LCJ,BGY,2026-12-03,,,unavailable
2026-09-25,LCJ,BGY,2026-12-04,12:10,212.21,ok
2026-09-25,LCJ,BGY,2026-12-05,,,unavailable
2026-09-25,LCJ,BGY,2026-12-06,,,unavailable
2026-09-25,LCJ,BGY,2026-12-07,12:25,65.67,ok
2026-09-25,LCJ,BGY,2026-12-08,,,unavailable
2026-09-25,LCJ,BGY,2026-12-09,,,unavailable
2026-09-25,LCJ,BGY,2026-12-10,,,unavailable
2026-09-25,LCJ,BGY,2026-12-11,12:10,188.02,ok
2026-09-25,LCJ,BGY,2026-12-12,,,unavailable
2026-09-25,LCJ,BGY,2026-12-13,,,unavailable
2026-09-25,LCJ,BGY,2026-12-14,12:25,91.80,ok
2026-09-25,LCJ,BGY,2026-12-15,,,unavailable
2026-09-25,LCJ,BGY,2026-12-16,,,unavailable
2026-09-25,LCJ,BGY,2026-12-17,,,unavailable
2026-09-25,LCJ,BGY,2026-12-18,12:10,88.47,ok
2026-09-25,LCJ,BGY,2026-12-19,,,unavailable
2026-09-25,LCJ,BGY,2026-12-20,,,unavailable
2026-09-25,LCJ,BGY,2026-12-21,12:25,85.41,ok
2026-09-25,LCJ,BGY,2026-12-22,,,unavailable
2026-09-25,LCJ,BGY,2026-12-23,19:25,150.96,ok
2026-09-25,LCJ,BGY,2026-12-24,,,unavailable
2026-09-25,LCJ,BGY,2026-12-25,,,unavailable
2026-09-25,LCJ,BGY,2026-12-26,,,unavailable
2026-09-25,LCJ,BGY,2026-12-27,,,unavailable
2026-09-25,LCJ,BGY,2026-12-28,12:25,237.88,ok
2026-09-25,LCJ,BGY,2026-12-29,,,unavailable
2026-09-25,LCJ,BGY,2026-12-30,19:25,346.05,ok
2026-09-25,LCJ,BGY,2026-12-31,,,unavailable
2026-09-25,LCJ,BGY,2027-01-01,12:10,183.00,ok
2026-09-25,LCJ,BGY,2027-01-02,,,unavailable
2026-09-25,LCJ,BGY,2027-01-03,,,unavailable
2026-09-25,LCJ,BGY,2027-01-04,12:25,213.00,ok
2026-09-25,LCJ,BGY,2027-01-05,,,unavailable
2026-09-25,LCJ,BGY,2027-01-06,,,unavailable
2026-09-25,LCJ,BGY,2027-01-07,,,unavailable
2026-09-25,LCJ,BGY,2027-01-08,,,unavailable
2026-09-25,LCJ,BGY,2027-01-09,,,unavailable
2026-09-25,LCJ,BGY,2027-01-10,,,unavailable
2026-09-25,LCJ,BGY,2027-01-11,,,unavailable
2026-09-25,LCJ,BGY,2027-01-12,,,unavailable
2026-09-25,LCJ,BGY,2027-01-13,,,unavailable
2026-09-25,LCJ,BGY,2027-01-14,,,unavailable
2026-09-25,LCJ,BGY,2027-01-15,,,unavailable
2026-09-25,LCJ,BGY,2027-01-16,,,unavailable
2026-09-25,LCJ,BGY,2027-01-17,,,unavailable
2026-09-25,LCJ,BGY,2027-01-18,,,unavailable
2026-09-25,LCJ,BGY,2027-01-19,,,unavailable
2026-09-25,LCJ,BGY,2027-01-20,,,unavailable
2026-09-25,LCJ,BGY,2027-01-21,,,unavailable
2026-09-25,LCJ,BGY,2027-01-22,,,unavailable
2026-09-25,LCJ,BGY,2027-01-23,,,unavailable
2026-09-25,LCJ,BGY,2027-01-24,,,unavailable
2026-09-25,LCJ,BGY,2027-01-25,,,unavailable
2026-09-25,LCJ,BGY,2027-01-26,,,unavailable
2026-09-25,LCJ,BGY,2027-01-27,,,unavailable
2026-09-25,LCJ,BGY,2027-01-28,,,unavailable
2026-09-25,LCJ,BGY,2027-01-29,,,unavailable
2026-09-25,LCJ,BGY,2027-01-30,,,unavailable
2026-09-25,LCJ,BGY,2027-01-31,,,unavailable
2026-09-25,LCJ,BGY,2027-02-01,12:25,90.00,ok
2026-09-25,LCJ,BGY,2027-02-02,,,unavailable
2026-09-25,LCJ,BGY,2027-02-03,,,unavailable
2026-09-25,LCJ,BGY,2027-02-04,,,unavailable
2026-09-25,LCJ,BGY,2027-02-05,12:10,153.03,ok
2026-09-25,LCJ,BGY,2027-02-06,,,unavailable
2026-09-25,LCJ,BGY,2027-02-07,,,unavailable
2026-09-25,LCJ,BGY,2027-02-08,12:25,122.41,ok
2026-09-25,LCJ,BGY,2027-02-09,,,unavailable
2026-09-25,LCJ,BGY,2027-02-10,,,unavailable
2026-09-25,LCJ,BGY,2027-02-11,,,unavailable
2026-09-25,LCJ,BGY,2027-02-12,12:10,90.00,ok
2026-09-25,LCJ,BGY,2027-02-13,,,unavailable
2026-09-25,LCJ,BGY,2027-02-14,,,unavailable
2026-09-25,LCJ,BGY,2027-02-15,12:25,90.00,ok
2026-09-25,LCJ,BGY,2027-02-16,,,unavailable
2026-09-25,LCJ,BGY,2027-02-17,,,unavailable
2026-09-25,LCJ,BGY,2027-02-18,,,unavailable
2026-09-25,LCJ,BGY,2027-02-19,12:10,131.16,ok
2026-09-25,LCJ,BGY,2027-02-20,,,unavailable
2026-09-25,LCJ,BGY,2027-02-21,,,unavailable
2026-09-25,LCJ,BGY,2027-02-22,12:25,91.96,ok
2026-09-25,LCJ,BGY,2027-02-23,,,unavailable
2026-09-25,LCJ,BGY,2027-02-24,,,unavailable
2026-09-25,LCJ,BGY,2027-02-25,,,unavailable
2026-09-25,LCJ,BGY,2027-02-26,12:10,90.00,ok
2026-09-25,LCJ,BGY,2027-02-27,,,unavailable
2026-09-25,LCJ,BGY,2027-02-28,,,unavailable
2026-09-25,LCJ,BGY,2027-03-01,12:25,122.41,ok
2026-09-25,LCJ,BGY,2027-03-02,,,unavailable
2026-09-25,LCJ,BGY,2027-03-03,,,unavailable
2026-09-25,LCJ,BGY,2027-03-04,,,unavailable
2026-09-25,LCJ,BGY,2027-03-05,12:10,100.72,ok
2026-09-25,LCJ,BGY,2027-03-06,,,unavailable
2026-09-25,LCJ,BGY,2027-03-07,,,unavailable
2026-09-25,LCJ,BGY,2027-03-08,12:25,122.41,ok
2026-09-25,LCJ,BGY,2027-03-09,,,unavailable
2026-09-25,LCJ,BGY,2027-03-10,,,unavailable
2026-09-25,LCJ,BGY,2027-03-11,,,unavailable
2026-09-25,LCJ,BGY,2027-03-12,12:10,153.03,ok
2026-09-25,LCJ,BGY,2027-03-13,,,unavailable
2026-09-25,LCJ,BGY,2027-03-14,,,unavailable
2026-09-25,LCJ,BGY,2027-03-15,12:25,100.72,ok
2026-09-25,LCJ,BGY,2027-03-16,,,unavailable
2026-09-25,LCJ,BGY,2027-03-17,,,unavailable
2026-09-25,LCJ,BGY,2027-03-18,,,unavailable
2026-09-25,LCJ,BGY,2027-03-19,12:10,170.71,ok
2026-09-25,LCJ,BGY,2027-03-20,,,unavailable
2026-09-25,LCJ,BGY,2027-03-21,,,unavailable
2026-09-25,LCJ,BGY,2027-03-22,12:25,117.93,ok
2026-09-25,LCJ,BGY,2027-03-23,,,unavailable
2026-09-25,LCJ,BGY,2027-03-24,,,unavailable
2026-09-25,LCJ,BGY,2027-03-25,,,unavailable
2026-09-25,LCJ,BGY,2027-03-26,12:10,240.50,ok
2026-09-25,LCJ,BGY,2027-03-27,,,unavailable
2026-09-25,LCJ,BGY,2027-03-28,,,unavailable
2026-09-25,LCJ,BGY,2027-03-29,14:00,247.00,ok
2026-09-25,LCJ,BGY,2027-03-30,,,unavailable
2026-09-25,LCJ,BGY,2027-03-31,,,unavailable
2026-09-25,LCJ,BGY,2027-04-01,,,unavailable
2026-09-25,LCJ,BGY,2027-04-02,23:00,514.00,ok
2026-09-25,LCJ,BGY,2027-04-03,,,unavailable
2026-09-25,LCJ,BGY,2027-04-04,,,unavailable
2026-09-25,LCJ,BGY,2027-04-05,14:00,370.00,ok
2026-09-25,LCJ,BGY,2027-04-06,,,unavailable
2026-09-25,LCJ,BGY,2027-04-07,,,unavailable
2026-09-25,LCJ,BGY,2027-04-08,,,unavailable
2026-09-25,LCJ,BGY,2027-04-09,23:00,247.00,ok
2026-09-25,LCJ,BGY,2027-04-10,,,unavailable
2026-09-25,LCJ,BGY,2027-04-11,,,unavailable
2026-09-25,LCJ,BGY,2027-04-12,14:00,213.00,ok
2026-09-25,LCJ,BGY,2027-04-13,,,unavailable
2026-09-25,LCJ,BGY,2027-04-14,,,unavailable
2026-09-25,LCJ,BGY,2027-04-15,,,unavailable
2026-09-25,LCJ,BGY,2027-04-16,23:00,370.00,ok
2026-09-25,LCJ,BGY,2027-04-17,,,unavailable
2026-09-25,LCJ,BGY,2027-04-18,,,unavailable
2026-09-25,LCJ,BGY,2027-04-19,14:00,247.00,ok
2026-09-25,LCJ,BGY,2027-04-20,,,unavailable
2026-09-25,LCJ,BGY,2027-04-21,,,unavailable
2026-09-25,LCJ,BGY,2027-04-22,,,unavailable
2026-09-25,LCJ,BGY,2027-04-23,23:00,412.00,ok
2026-09-25,LCJ,BGY,2027-04-24,,,unavailable
2026-09-25,LCJ,BGY,2027-04-25,,,unavailable
2026-09-25,LCJ,BGY,2027-04-26,14:00,213.00,ok
2026-09-25,LCJ,BGY,2027-04-27,,,unavailable
2026-09-25,LCJ,BGY,2027-04-28,,,unavailable
2026-09-25,LCJ,BGY,2027-04-29,,,unavailable
2026-09-25,LCJ,BGY,2027-04-30,23:00,412.00,ok
2026-09-25,LCJ,BGY,2027-05-01,,,unavailable
2026-09-25,LCJ,BGY,2027-05-02,,,unavailable
2026-09-25,LCJ,BGY,2027-05-03,14:00,285.00,ok
2026-09-25,LCJ,BGY,2027-05-04,,,unavailable
2026-09-25,LCJ,BGY,2027-05-05,,,unavailable
2026-09-25,LCJ,BGY,2027-05-06,,,unavailable
2026-09-25,LCJ,BGY,2027-05-07,23:00,412.00,ok
2026-09-25,LCJ,BGY,2027-05-08,,,unavailable
2026-09-25,LCJ,BGY,2027-05-09,,,unavailable
2026-09-25,LCJ,BGY,2027-05-10,14:00,285.00,ok
2026-09-25,LCJ,BGY,2027-05-11,,,unavailable
2026-09-25,LCJ,BGY,2027-05-12,,,unavailable
2026-09-25,LCJ,BGY,2027-05-13,,,unavailable
2026-09-25,LCJ,BGY,2027-05-14,23:00,327.00,ok
2026-09-25,LCJ,BGY,2027-05-15,,,unavailable
2026-09-25,LCJ,BGY,2027-05-16,,,unavailable
2026-09-25,LCJ,BGY,2027-05-17,14:00,247.00,ok
2026-09-25,LCJ,BGY,2027-05-18,,,unavailable
2026-09-25,LCJ,BGY,2027-05-19,,,unavailable
2026-09-25,LCJ,BGY,2027-05-20,,,unavailable
2026-09-25,LCJ,BGY,2027-05-21,23:00,285.00,ok
2026-09-25,LCJ,BGY,2027-05-22,,,unavailable
2026-09-25,LCJ,BGY,2027-05-23,,,unavailable
2026-09-25,LCJ,BGY,2027-05-24,14:00,213.00,ok
2026-09-25,LCJ,BGY,2027-05-25,,,unavailable
2026-09-25,LCJ,BGY,2027-05-26,,,unavailable
2026-09-25,LCJ,BGY,2027-05-27,,,unavailable
2026-09-25,LCJ,BGY,2027-05-28,23:00,285.00,ok
2026-09-25,LCJ,BGY,2027-05-29,,,unavailable
2026-09-25,LCJ,BGY,2027-05-30,,,unavailable
2026-09-25,LCJ,BGY,2027-05-31,14:00,285.00,ok
2026-09-25,LCJ,BGY,2027-06-01,,,unavailable
2026-09-25,LCJ,BGY,2027-06-02,,,unavailable
2026-09-25,LCJ,BGY,2027-06-03,,,unavailable
2026-09-25,LCJ,BGY,2027-06-04,23:00,247.00,ok
2026-09-25,LCJ,BGY,2027-06-05,,,unavailable
2026-09-25,LCJ,BGY,2027-06-06,,,unavailable
2026-09-25,LCJ,BGY,2027-06-07,14:00,247.00,ok
2026-09-25,LCJ,BGY,2027-06-08,,,unavailable
2026-09-25,LCJ,BGY,2027-06-09,,,unavailable
2026-09-25,LCJ,BGY,2027-06-10,,,unavailable
2026-09-25,LCJ,BGY,2027-06-11,23:00,247.00,ok
2026-09-25,LCJ,BGY,2027-06-12,,,unavailable
2026-09-25,LCJ,BGY,2027-06-13,,,unavailable
2026-09-25,LCJ,BGY,2027-06-14,14:00,213.00,ok
2026-09-25,LCJ,BGY,2027-06-15,,,unavailable
2026-09-25,LCJ,BGY,2027-06-16,,,unavailable
2026-09-25,LCJ,BGY,2027-06-17,,,unavailable
2026-09-25,LCJ,BGY,2027-06-18,23:00,285.00,ok
2026-09-25,LCJ,BGY,2027-06-19,,,unavailable
2026-09-25,LCJ,BGY,2027-06-20,,,unavailable
2026-09-25,LCJ,BGY,2027-06-21,14:00,213.00,ok
2026-09-25,LCJ,BGY,2027-06-22,,,unavailable
2026-09-25,LCJ,BGY,2027-06-23,,,unavailable
2026-09-25,LCJ,BGY,2027-06-24,,,unavailable
2026-09-25,LCJ,BGY,2027-06-25,23:00,285.00,ok
2026-09-25,LCJ,BGY,2027-06-26,,,unavailable
2026-09-25,LCJ,BGY,2027-06-27,,,unavailable
2026-09-25,LCJ,BGY,2027-06-28,14:00,327.00,ok
2026-09-25,LCJ,BGY,2027-06-29,,,unavailable
2026-09-25,LCJ,BGY,2027-06-30,,,unavailable
2026-09-25,LCJ,BGY,2027-07-01,,,unavailable
2026-09-25,LCJ,BGY,2027-07-02,23:00,285.00,ok
2026-09-25,LCJ,BGY,2027-07-03,,,unavailable
2026-09-25,LCJ,BGY,2027-07-04,,,unavailable
2026-09-25,LCJ,BGY,2027-07-05,14:00,247.00,ok
2026-09-25,LCJ,BGY,2027-07-06,,,unavailable
2026-09-25,LCJ,BGY,2027-07-07,,,unavailable
2026-09-25,LCJ,BGY,2027-07-08,,,unavailable
2026-09-25,LCJ,BGY,2027-07-09,23:00,247.00,ok
2026-09-25,LCJ,BGY,2027-07-10,,,unavailable
2026-09-25,LCJ,BGY,2027-07-11,,,unavailable
2026-09-25,LCJ,BGY,2027-07-12,14:00,285.00,ok
2026-09-25,LCJ,BGY,2027-07-13,,,unavailable
2026-09-25,LCJ,BGY,2027-07-14,,,unavailable
2026-09-25,LCJ,BGY,2027-07-15,,,unavailable
2026-09-25,LCJ,BGY,2027-07-16,23:00,327.00,ok
2026-09-25,LCJ,BGY,2027-07-17,,,unavailable
2026-09-25,LCJ,BGY,2027-07-18,,,unavailable
2026-09-25,LCJ,BGY,2027-07-19,14:00,285.00,ok
2026-09-25,LCJ,BGY,2027-07-20,,,unavailable
2026-09-25,LCJ,BGY,2027-07-21,,,unavailable
2026-09-25,LCJ,BGY,2027-07-22,,,unavailable
2026-09-25,LCJ,BGY,2027-07-23,23:00,247.00,ok
2026-09-25,LCJ,BGY,2027-07-24,,,unavailable
2026-09-25,LCJ,BGY,2027-07-25,,,unavailable
2026-09-25,LCJ,BGY,2027-07-26,14:00,285.00,ok
2026-09-25,LCJ,BGY,2027-07-27,,,unavailable
2026-09-25,LCJ,BGY,2027-07-28,,,unavailable
2026-09-25,LCJ,BGY,2027-07-29,,,unavailable
2026-09-25,LCJ,BGY,2027-07-30,23:00,247.00,ok
2026-09-25,LCJ,BGY,2027-07-31,,,unavailable
2026-09-25,LCJ,BGY,2027-08-01,,,unavailable
2026-09-25,LCJ,BGY,2027-08-02,14:00,247.00,ok
2026-09-25,LCJ,BGY,2027-08-03,,,unavailable
2026-09-25,LCJ,BGY,2027-08-04,,,unavailable
2026-09-25,LCJ,BGY,2027-08-05,,,unavailable
2026-09-25,LCJ,BGY,2027-08-06,23:00,247.00,ok
2026-09-25,LCJ,BGY,2027-08-07,,,unavailable
2026-09-25,LCJ,BGY,2027-08-08,,,unavailable
2026-09-25,LCJ,BGY,2027-08-09,14:00,247.00,ok
2026-09-25,LCJ,BGY,2027-08-10,,,unavailable
2026-09-25,LCJ,BGY,2027-08-11,,,unavailable
2026-09-25,LCJ,BGY,2027-08-12,,,unavailable
2026-09-25,LCJ,BGY,2027-08-13,23:00,370.00,ok
2026-09-25,LCJ,BGY,2027-08-14,,,unavailable
2026-09-25,LCJ,BGY,2027-08-15,,,unavailable
2026-09-25,LCJ,BGY,2027-08-16,14:00,327.00,ok
2026-09-25,LCJ,BGY,2027-08-17,,,unavailable
2026-09-25,LCJ,BGY,2027-08-18,,,unavailable
2026-09-25,LCJ,BGY,2027-08-19,,,unavailable
2026-09-25,LCJ,BGY,2027-08-20,23:00,327.00,ok
2026-09-25,LCJ,BGY,2027-08-21,,,unavailable
2026-09-25,LCJ,BGY,2027-08-22,,,unavailable
2026-09-25,LCJ,BGY,2027-08-23,14:00,327.00,ok
2026-09-25,LCJ,BGY,2027-08-24,,,unavailable
2026-09-25,LCJ,BGY,2027-08-25,,,unavailable
2026-09-25,LCJ,BGY,2027-08-26,,,unavailable
2026-09-25,LCJ,BGY,2027-08-27,23:00,327.00,ok
2026-09-25,LCJ,BGY,2027-08-28,,,unavailable
2026-09-25,LCJ,BGY,2027-08-29,,,unavailable
2026-09-25,LCJ,BGY,2027-08-30,14:00,285.00,ok
2026-09-25,LCJ,BGY,2027-08-31,,,unavailable
2026-09-25,BGY,LCJ,2026-09-25,,,unavailable
2026-09-25,BGY,LCJ,2026-09-26,,,unavailable
2026-09-25,BGY,LCJ,2026-09-27,,,unavailable
2026-09-25,BGY,LCJ,2026-09-28,11:15,1471.85,ok
2026-09-25,BGY,LCJ,2026-09-29,19:55,919.95,ok
2026-09-25,BGY,LCJ,2026-09-30,06:10,91.96,ok
2026-09-25,BGY,LCJ,2026-10-01,07:35,70.05,ok
2026-09-25,BGY,LCJ,2026-10-02,11:15,140.14,ok
2026-09-25,BGY,LCJ,2026-10-03,,,unavailable
2026-09-25,BGY,LCJ,2026-10-04,15:25,412.00,ok
2026-09-25,BGY,LCJ,2026-10-05,11:15,223.38,ok
2026-09-25,BGY,LCJ,2026-10-06,19:55,127.00,ok
2026-09-25,BGY,LCJ,2026-10-07,10:30,66.40,ok
2026-09-25,BGY,LCJ,2026-10-08,07:35,65.67,ok
2026-09-25,BGY,LCJ,2026-10-09,11:15,100.72,ok
2026-09-25,BGY,LCJ,2026-10-10,,,unavailable
2026-09-25,BGY,LCJ,2026-10-11,15:25,285.00,ok
2026-09-25,BGY,LCJ,2026-10-12,11:15,131.38,ok
2026-09-25,BGY,LCJ,2026-10-13,19:55,78.81,ok
2026-09-25,BGY,LCJ,2026-10-14,10:30,65.00,ok
2026-09-25,BGY,LCJ,2026-10-15,07:35,78.81,ok
2026-09-25,BGY,LCJ,2026-10-16,11:15,127.00,ok
2026-09-25,BGY,LCJ,2026-10-17,,,unavailable
2026-09-25,BGY,LCJ,2026-10-18,15:25,683.88,ok
2026-09-25,BGY,LCJ,2026-10-19,11:15,275.95,ok
2026-09-25,BGY,LCJ,2026-10-20,19:55,131.38,ok
2026-09-25,BGY,LCJ,2026-10-21,06:20,65.67,ok
2026-09-25,BGY,LCJ,2026-10-22,07:35,93.06,ok
2026-09-25,BGY,LCJ,2026-10-23,11:15,118.24,ok
2026-09-25,BGY,LCJ,2026-10-24,,,unavailable
2026-09-25,BGY,LCJ,2026-10-25,,,unavailable
2026-09-25,BGY,LCJ,2026-10-26,10:05,251.37,ok
2026-09-25,BGY,LCJ,2026-10-27,,,unavailable
2026-09-25,BGY,LCJ,2026-10-28,13:35,66.71,ok
2026-09-25,BGY,LCJ,2026-10-29,,,unavailable
2026-09-25,BGY,LCJ,2026-10-30,09:50,65.00,ok
2026-09-25,BGY,LCJ,2026-10-31,,,unavailable
2026-09-25,BGY,LCJ,2026-11-01,,,unavailable
2026-09-25,BGY,LCJ,2026-11-02,10:05,141.55,ok
2026-09-25,BGY,LCJ,2026-11-03,,,unavailable
2026-09-25,BGY,LCJ,2026-11-04,,,unavailable
2026-09-25,BGY,LCJ,2026-11-05,,,unavailable
2026-09-25,BGY,LCJ,2026-11-06,09:50,65.00,ok
2026-09-25,BGY,LCJ,2026-11-07,,,unavailable
2026-09-25,BGY,LCJ,2026-11-08,,,unavailable
2026-09-25,BGY,LCJ,2026-11-09,10:05,168.96,ok
2026-09-25,BGY,LCJ,2026-11-10,,,unavailable
2026-09-25,BGY,LCJ,2026-11-11,,,unavailable
2026-09-25,BGY,LCJ,2026-11-12,,,unavailable
2026-09-25,BGY,LCJ,2026-11-13,09:50,65.00,ok
2026-09-25,BGY,LCJ,2026-11-14,,,unavailable
2026-09-25,BGY,LCJ,2026-11-15,,,unavailable
2026-09-25,BGY,LCJ,2026-11-16,10:05,188.86,ok
2026-09-25,BGY,LCJ,2026-11-17,,,unavailable
2026-09-25,BGY,LCJ,2026-11-18,,,unavailable
2026-09-25,BGY,LCJ,2026-11-19,,,unavailable
2026-09-25,BGY,LCJ,2026-11-20,09:50,65.00,ok
2026-09-25,BGY,LCJ,2026-11-21,,,unavailable
2026-09-25,BGY,LCJ,2026-11-22,,,unavailable
2026-09-25,BGY,LCJ,2026-11-23,10:05,121.21,ok
2026-09-25,BGY,LCJ,2026-11-24,,,unavailable
2026-09-25,BGY,LCJ,2026-11-25,,,unavailable
2026-09-25,BGY,LCJ,2026-11-26,,,unavailable
2026-09-25,BGY,LCJ,2026-11-27,09:50,65.00,ok
2026-09-25,BGY,LCJ,2026-11-28,,,unavailable
2026-09-25,BGY,LCJ,2026-11-29,,,unavailable
2026-09-25,BGY,LCJ,2026-11-30,10:05,173.33,ok
2026-09-25,BGY,LCJ,2026-12-01,,,unavailable
2026-09-25,BGY,LCJ,2026-12-02,,,unavailable
2026-09-25,BGY,LCJ,2026-12-03,,,unavailable
2026-09-25,BGY,LCJ,2026-12-04,09:50,96.34,ok
2026-09-25,BGY,LCJ,2026-12-05,,,unavailable
2026-09-25,BGY,LCJ,2026-12-06,,,unavailable
2026-09-25,BGY,LCJ,2026-12-07,10:05,214.62,ok
2026-09-25,BGY,LCJ,2026-12-08,,,unavailable
2026-09-25,BGY,LCJ,2026-12-09,,,unavailable
2026-09-25,BGY,LCJ,2026-12-10,,,unavailable
2026-09-25,BGY,LCJ,2026-12-11,09:50,69.93,ok
2026-09-25,BGY,LCJ,2026-12-12,,,unavailable
2026-09-25,BGY,LCJ,2026-12-13,,,unavailable
2026-09-25,BGY,LCJ,2026-12-14,10:05,93.85,ok
2026-09-25,BGY,LCJ,2026-12-15,,,unavailable
2026-09-25,BGY,LCJ,2026-12-16,,,unavailable
2026-09-25,BGY,LCJ,2026-12-17,,,unavailable
2026-09-25,BGY,LCJ,2026-12-18,09:50,126.79,ok
2026-09-25,BGY,LCJ,2026-12-19,,,unavailable
2026-09-25,BGY,LCJ,2026-12-20,,,unavailable
2026-09-25,BGY,LCJ,2026-12-21,10:05,184.88,ok
2026-09-25,BGY,LCJ,2026-12-22,,,unavailable
2026-09-25,BGY,LCJ,2026-12-23,17:05,192.39,ok
2026-09-25,BGY,LCJ,2026-12-24,,,unavailable
2026-09-25,BGY,LCJ,2026-12-25,,,unavailable
2026-09-25,BGY,LCJ,2026-12-26,,,unavailable
2026-09-25,BGY,LCJ,2026-12-27,,,unavailable
2026-09-25,BGY,LCJ,2026-12-28,10:05,116.84,ok
2026-09-25,BGY,LCJ,2026-12-29,,,unavailable
2026-09-25,BGY,LCJ,2026-12-30,17:05,161.88,ok
2026-09-25,BGY,LCJ,2026-12-31,,,unavailable
2026-09-25,BGY,LCJ,2027-01-01,09:50,128.00,ok
2026-09-25,BGY,LCJ,2027-01-02,,,unavailable
2026-09-25,BGY,LCJ,2027-01-03,,,unavailable
2026-09-25,BGY,LCJ,2027-01-04,10:05,273.02,ok
2026-09-25,BGY,LCJ,2027-01-05,,,unavailable
2026-09-25,BGY,LCJ,2027-01-06,,,unavailable
2026-09-25,BGY,LCJ,2027-01-07,,,unavailable
2026-09-25,BGY,LCJ,2027-01-08,,,unavailable
2026-09-25,BGY,LCJ,2027-01-09,,,unavailable
2026-09-25,BGY,LCJ,2027-01-10,,,unavailable
2026-09-25,BGY,LCJ,2027-01-11,,,unavailable
2026-09-25,BGY,LCJ,2027-01-12,,,unavailable
2026-09-25,BGY,LCJ,2027-01-13,,,unavailable
2026-09-25,BGY,LCJ,2027-01-14,,,unavailable
2026-09-25,BGY,LCJ,2027-01-15,,,unavailable
2026-09-25,BGY,LCJ,2027-01-16,,,unavailable
2026-09-25,BGY,LCJ,2027-01-17,,,unavailable
2026-09-25,BGY,LCJ,2027-01-18,,,unavailable
2026-09-25,BGY,LCJ,2027-01-19,,,unavailable
2026-09-25,BGY,LCJ,2027-01-20,,,unavailable
2026-09-25,BGY,LCJ,2027-01-21,,,unavailable
2026-09-25,BGY,LCJ,2027-01-22,,,unavailable
2026-09-25,BGY,LCJ,2027-01-23,,,unavailable
2026-09-25,BGY,LCJ,2027-01-24,,,unavailable
2026-09-25,BGY,LCJ,2027-01-25,,,unavailable
2026-09-25,BGY,LCJ,2027-01-26,,,unavailable
2026-09-25,BGY,LCJ,2027-01-27,,,unavailable
2026-09-25,BGY,LCJ,2027-01-28,,,unavailable
2026-09-25,BGY,LCJ,2027-01-29,,,unavailable
2026-09-25,BGY,LCJ,2027-01-30,,,unavailable
2026-09-25,BGY,LCJ,2027-01-31,,,unavailable
2026-09-25,BGY,LCJ,2027-02-01,10:05,122.41,ok
2026-09-25,BGY,LCJ,2027-02-02,,,unavailable
2026-09-25,BGY,LCJ,2027-02-03,,,unavailable
2026-09-25,BGY,LCJ,2027-02-04,,,unavailable
2026-09-25,BGY,LCJ,2027-02-05,09:50,90.00,ok
2026-09-25,BGY,LCJ,2027-02-06,,,unavailable
2026-09-25,BGY,LCJ,2027-02-07,,,unavailable
2026-09-25,BGY,LCJ,2027-02-08,10:05,153.03,ok
2026-09-25,BGY,LCJ,2027-02-09,,,unavailable
2026-09-25,BGY,LCJ,2027-02-10,,,unavailable
2026-09-25,BGY,LCJ,2027-02-11,,,unavailable
2026-09-25,BGY,LCJ,2027-02-12,09:50,107.00,ok
2026-09-25,BGY,LCJ,2027-02-13,,,unavailable
2026-09-25,BGY,LCJ,2027-02-14,,,unavailable
2026-09-25,BGY,LCJ,2027-02-15,10:05,143.31,ok
2026-09-25,BGY,LCJ,2027-02-16,,,unavailable
2026-09-25,BGY,LCJ,2027-02-17,,,unavailable
2026-09-25,BGY,LCJ,2027-02-18,,,unavailable
2026-09-25,BGY,LCJ,2027-02-19,09:50,144.28,ok
2026-09-25,BGY,LCJ,2027-02-20,,,unavailable
2026-09-25,BGY,LCJ,2027-02-21,,,unavailable
2026-09-25,BGY,LCJ,2027-02-22,10:05,213.00,ok
2026-09-25,BGY,LCJ,2027-02-23,,,unavailable
2026-09-25,BGY,LCJ,2027-02-24,,,unavailable
2026-09-25,BGY,LCJ,2027-02-25,,,unavailable
2026-09-25,BGY,LCJ,2027-02-26,09:50,100.72,ok
2026-09-25,BGY,LCJ,2027-02-27,,,unavailable
2026-09-25,BGY,LCJ,2027-02-28,,,unavailable
2026-09-25,BGY,LCJ,2027-03-01,10:05,179.27,ok
2026-09-25,BGY,LCJ,2027-03-02,,,unavailable
2026-09-25,BGY,LCJ,2027-03-03,,,unavailable
2026-09-25,BGY,LCJ,2027-03-04,,,unavailable
2026-09-25,BGY,LCJ,2027-03-05,09:50,109.29,ok
2026-09-25,BGY,LCJ,2027-03-06,,,unavailable
2026-09-25,BGY,LCJ,2027-03-07,,,unavailable
2026-09-25,BGY,LCJ,2027-03-08,10:05,247.00,ok
2026-09-25,BGY,LCJ,2027-03-09,,,unavailable
2026-09-25,BGY,LCJ,2027-03-10,,,unavailable
2026-09-25,BGY,LCJ,2027-03-11,,,unavailable
2026-09-25,BGY,LCJ,2027-03-12,09:50,107.00,ok
2026-09-25,BGY,LCJ,2027-03-13,,,unavailable
2026-09-25,BGY,LCJ,2027-03-14,,,unavailable
2026-09-25,BGY,LCJ,2027-03-15,10:05,341.67,ok
2026-09-25,BGY,LCJ,2027-03-16,,,unavailable
2026-09-25,BGY,LCJ,2027-03-17,,,unavailable
2026-09-25,BGY,LCJ,2027-03-18,,,unavailable
2026-09-25,BGY,LCJ,2027-03-19,09:50,109.48,ok
2026-09-25,BGY,LCJ,2027-03-20,,,unavailable
2026-09-25,BGY,LCJ,2027-03-21,,,unavailable
2026-09-25,BGY,LCJ,2027-03-22,10:05,143.31,ok
2026-09-25,BGY,LCJ,2027-03-23,,,unavailable
2026-09-25,BGY,LCJ,2027-03-24,,,unavailable
2026-09-25,BGY,LCJ,2027-03-25,,,unavailable
2026-09-25,BGY,LCJ,2027-03-26,09:50,196.76,ok
2026-09-25,BGY,LCJ,2027-03-27,,,unavailable
2026-09-25,BGY,LCJ,2027-03-28,,,unavailable
2026-09-25,BGY,LCJ,2027-03-29,11:45,412.00,ok
2026-09-25,BGY,LCJ,2027-03-30,,,unavailable
2026-09-25,BGY,LCJ,2027-03-31,,,unavailable
2026-09-25,BGY,LCJ,2027-04-01,,,unavailable
2026-09-25,BGY,LCJ,2027-04-02,20:45,247.00,ok
2026-09-25,BGY,LCJ,2027-04-03,,,unavailable
2026-09-25,BGY,LCJ,2027-04-04,,,unavailable
2026-09-25,BGY,LCJ,2027-04-05,11:45,213.00,ok
2026-09-25,BGY,LCJ,2027-04-06,,,unavailable
2026-09-25,BGY,LCJ,2027-04-07,,,unavailable
2026-09-25,BGY,LCJ,2027-04-08,,,unavailable
2026-09-25,BGY,LCJ,2027-04-09,20:45,213.00,ok
2026-09-25,BGY,LCJ,2027-04-10,,,unavailable
2026-09-25,BGY,LCJ,2027-04-11,,,unavailable
2026-09-25,BGY,LCJ,2027-04-12,11:45,285.00,ok
2026-09-25,BGY,LCJ,2027-04-13,,,unavailable
2026-09-25,BGY,LCJ,2027-04-14,,,unavailable
2026-09-25,BGY,LCJ,2027-04-15,,,unavailable
2026-09-25,BGY,LCJ,2027-04-16,20:45,213.00,ok
2026-09-25,BGY,LCJ,2027-04-17,,,unavailable
2026-09-25,BGY,LCJ,2027-04-18,,,unavailable
2026-09-25,BGY,LCJ,2027-04-19,11:45,285.00,ok
2026-09-25,BGY,LCJ,2027-04-20,,,unavailable
2026-09-25,BGY,LCJ,2027-04-21,,,unavailable
2026-09-25,BGY,LCJ,2027-04-22,,,unavailable
2026-09-25,BGY,LCJ,2027-04-23,20:45,285.00,ok
2026-09-25,BGY,LCJ,2027-04-24,,,unavailable
2026-09-25,BGY,LCJ,2027-04-25,,,unavailable
2026-09-25,BGY,LCJ,2027-04-26,11:45,285.00,ok
2026-09-25,BGY,LCJ,2027-04-27,,,unavailable
2026-09-25,BGY,LCJ,2027-04-28,,,unavailable
2026-09-25,BGY,LCJ,2027-04-29,,,unavailable
2026-09-25,BGY,LCJ,2027-04-30,20:45,327.00,ok
2026-09-25,BGY,LCJ,2027-05-01,,,unavailable
2026-09-25,BGY,LCJ,2027-05-02,,,unavailable
2026-09-25,BGY,LCJ,2027-05-03,11:45,412.00,ok
2026-09-25,BGY,LCJ,2027-05-04,,,unavailable
2026-09-25,BGY,LCJ,2027-05-05,,,unavailable
2026-09-25,BGY,LCJ,2027-05-06,,,unavailable
2026-09-25,BGY,LCJ,2027-05-07,20:45,247.00,ok
2026-09-25,BGY,LCJ,2027-05-08,,,unavailable
2026-09-25,BGY,LCJ,2027-05-09,,,unavailable
2026-09-25,BGY,LCJ,2027-05-10,11:45,285.00,ok
2026-09-25,BGY,LCJ,2027-05-11,,,unavailable
2026-09-25,BGY,LCJ,2027-05-12,,,unavailable
2026-09-25,BGY,LCJ,2027-05-13,,,unavailable
2026-09-25,BGY,LCJ,2027-05-14,20:45,247.00,ok
2026-09-25,BGY,LCJ,2027-05-15,,,unavailable
2026-09-25,BGY,LCJ,2027-05-16,,,unavailable
2026-09-25,BGY,LCJ,2027-05-17,11:45,327.00,ok
2026-09-25,BGY,LCJ,2027-05-18,,,unavailable
2026-09-25,BGY,LCJ,2027-05-19,,,unavailable
2026-09-25,BGY,LCJ,2027-05-20,,,unavailable
2026-09-25,BGY,LCJ,2027-05-21,20:45,247.00,ok
2026-09-25,BGY,LCJ,2027-05-22,,,unavailable
2026-09-25,BGY,LCJ,2027-05-23,,,unavailable
2026-09-25,BGY,LCJ,2027-05-24,11:45,327.00,ok
2026-09-25,BGY,LCJ,2027-05-25,,,unavailable
2026-09-25,BGY,LCJ,2027-05-26,,,unavailable
2026-09-25,BGY,LCJ,2027-05-27,,,unavailable
2026-09-25,BGY,LCJ,2027-05-28,20:45,247.00,ok
2026-09-25,BGY,LCJ,2027-05-29,,,unavailable
2026-09-25,BGY,LCJ,2027-05-30,,,unavailable
2026-09-25,BGY,LCJ,2027-05-31,11:45,247.00,ok
2026-09-25,BGY,LCJ,2027-06-01,,,unavailable
2026-09-25,BGY,LCJ,2027-06-02,,,unavailable
2026-09-25,BGY,LCJ,2027-06-03,,,unavailable
2026-09-25,BGY,LCJ,2027-06-04,20:45,285.00,ok
2026-09-25,BGY,LCJ,2027-06-05,,,unavailable
2026-09-25,BGY,LCJ,2027-06-06,,,unavailable
2026-09-25,BGY,LCJ,2027-06-07,11:45,574.00,ok
2026-09-25,BGY,LCJ,2027-06-08,,,unavailable
2026-09-25,BGY,LCJ,2027-06-09,,,unavailable
2026-09-25,BGY,LCJ,2027-06-10,,,unavailable
2026-09-25,BGY,LCJ,2027-06-11,20:45,213.00,ok
2026-09-25,BGY,LCJ,2027-06-12,,,unavailable
2026-09-25,BGY,LCJ,2027-06-13,,,unavailable
2026-09-25,BGY,LCJ,2027-06-14,11:45,327.00,ok
2026-09-25,BGY,LCJ,2027-06-15,,,unavailable
2026-09-25,BGY,LCJ,2027-06-16,,,unavailable
2026-09-25,BGY,LCJ,2027-06-17,,,unavailable
2026-09-25,BGY,LCJ,2027-06-18,20:45,213.00,ok
2026-09-25,BGY,LCJ,2027-06-19,,,unavailable
2026-09-25,BGY,LCJ,2027-06-20,,,unavailable
2026-09-25,BGY,LCJ,2027-06-21,11:45,327.00,ok
2026-09-25,BGY,LCJ,2027-06-22,,,unavailable
2026-09-25,BGY,LCJ,2027-06-23,,,unavailable
2026-09-25,BGY,LCJ,2027-06-24,,,unavailable
2026-09-25,BGY,LCJ,2027-06-25,20:45,213.00,ok
2026-09-25,BGY,LCJ,2027-06-26,,,unavailable
2026-09-25,BGY,LCJ,2027-06-27,,,unavailable
2026-09-25,BGY,LCJ,2027-06-28,11:45,285.00,ok
2026-09-25,BGY,LCJ,2027-06-29,,,unavailable
2026-09-25,BGY,LCJ,2027-06-30,,,unavailable
2026-09-25,BGY,LCJ,2027-07-01,,,unavailable
2026-09-25,BGY,LCJ,2027-07-02,20:45,247.00,ok
2026-09-25,BGY,LCJ,2027-07-03,,,unavailable
2026-09-25,BGY,LCJ,2027-07-04,,,unavailable
2026-09-25,BGY,LCJ,2027-07-05,11:45,370.00,ok
2026-09-25,BGY,LCJ,2027-07-06,,,unavailable
2026-09-25,BGY,LCJ,2027-07-07,,,unavailable
2026-09-25,BGY,LCJ,2027-07-08,,,unavailable
2026-09-25,BGY,LCJ,2027-07-09,20:45,327.00,ok
2026-09-25,BGY,LCJ,2027-07-10,,,unavailable
2026-09-25,BGY,LCJ,2027-07-11,,,unavailable
2026-09-25,BGY,LCJ,2027-07-12,11:45,370.00,ok
2026-09-25,BGY,LCJ,2027-07-13,,,unavailable
2026-09-25,BGY,LCJ,2027-07-14,,,unavailable
2026-09-25,BGY,LCJ,2027-07-15,,,unavailable
2026-09-25,BGY,LCJ,2027-07-16,20:45,327.00,ok
2026-09-25,BGY,LCJ,2027-07-17,,,unavailable
2026-09-25,BGY,LCJ,2027-07-18,,,unavailable
2026-09-25,BGY,LCJ,2027-07-19,11:45,370.00,ok
2026-09-25,BGY,LCJ,2027-07-20,,,unavailable
2026-09-25,BGY,LCJ,2027-07-21,,,unavailable
2026-09-25,BGY,LCJ,2027-07-22,,,unavailable
2026-09-25,BGY,LCJ,2027-07-23,20:45,370.00,ok
2026-09-25,BGY,LCJ,2027-07-24,,,unavailable
2026-09-25,BGY,LCJ,2027-07-25,,,unavailable
2026-09-25,BGY,LCJ,2027-07-26,11:45,370.00,ok
2026-09-25,BGY,LCJ,2027-07-27,,,unavailable
2026-09-25,BGY,LCJ,2027-07-28,,,unavailable
2026-09-25,BGY,LCJ,2027-07-29,,,unavailable
2026-09-25,BGY,LCJ,2027-07-30,20:45,412.00,ok
2026-09-25,BGY,LCJ,2027-07-31,,,unavailable
2026-09-25,BGY,LCJ,2027-08-01,,,unavailable
2026-09-25,BGY,LCJ,2027-08-02,11:45,412.00,ok
2026-09-25,BGY,LCJ,2027-08-03,,,unavailable
2026-09-25,BGY,LCJ,2027-08-04,,,unavailable
2026-09-25,BGY,LCJ,2027-08-05,,,unavailable
2026-09-25,BGY,LCJ,2027-08-06,20:45,370.00,ok
2026-09-25,BGY,LCJ,2027-08-07,,,unavailable
2026-09-25,BGY,LCJ,2027-08-08,,,unavailable
2026-09-25,BGY,LCJ,2027-08-09,11:45,412.00,ok
2026-09-25,BGY,LCJ,2027-08-10,,,unavailable
2026-09-25,BGY,LCJ,2027-08-11,,,unavailable
2026-09-25,BGY,LCJ,2027-08-12,,,unavailable
2026-09-25,BGY,LCJ,2027-08-13,20:45,370.00,ok
2026-09-25,BGY,LCJ,2027-08-14,,,unavailable
2026-09-25,BGY,LCJ,2027-08-15,,,unavailable
2026-09-25,BGY,LCJ,2027-08-16,11:45,412.00,ok
2026-09-25,BGY,LCJ,2027-08-17,,,unavailable
2026-09-25,BGY,LCJ,2027-08-18,,,unavailable
2026-09-25,BGY,LCJ,2027-08-19,,,unavailable
2026-09-25,BGY,LCJ,2027-08-20,20:45,327.00,ok
2026-09-25,BGY,LCJ,2027-08-21,,,unavailable
2026-09-25,BGY,LCJ,2027-08-22,,,unavailable
2026-09-25,BGY,LCJ,2027-08-23,11:45,370.00,ok
2026-09-25,BGY,LCJ,2027-08-24,,,unavailable
2026-09-25,BGY,LCJ,2027-08-25,,,unavailable
2026-09-25,BGY,LCJ,2027-08-26,,,unavailable
2026-09-25,BGY,LCJ,2027-08-27,20:45,327.00,ok
2026-09-25,BGY,LCJ,2027-08-28,,,unavailable
2026-09-25,BGY,LCJ,2027-08-29,,,unavailable
2026-09-25,BGY,LCJ,2027-08-30,11:45,412.00,ok
2026-09-25,BGY,LCJ,2027-08-31,,,unavailable
2026-09-25,LCJ,BHX,2026-09-25,,,unavailable
2026-09-25,LCJ,BHX,2026-09-26,,,unavailable
2026-09-25,LCJ,BHX,2026-09-27,,,unavailable
2026-09-25,LCJ,BHX,2026-09-28,22:10,379.87,ok
2026-09-25,LCJ,BHX,2026-09-29,,,unavailable
2026-09-25,LCJ,BHX,2026-09-30,,,unavailable
2026-09-25,LCJ,BHX,2026-10-01,10:20,175.31,ok
2026-09-25,LCJ,BHX,2026-10-02,,,unavailable
2026-09-25,LCJ,BHX,2026-10-03,,,unavailable
2026-09-25,LCJ,BHX,2026-10-04,,,unavailable
2026-09-25,LCJ,BHX,2026-10-05,22:10,145.37,ok
2026-09-25,LCJ,BHX,2026-10-06,,,unavailable
2026-09-25,LCJ,BHX,2026-10-07,,,unavailable
2026-09-25,LCJ,BHX,2026-10-08,10:20,145.37,ok
2026-09-25,LCJ,BHX,2026-10-09,,,unavailable
2026-09-25,LCJ,BHX,2026-10-10,,,unavailable
2026-09-25,LCJ,BHX,2026-10-11,,,unavailable
2026-09-25,LCJ,BHX,2026-10-12,22:10,126.02,ok
2026-09-25,LCJ,BHX,2026-10-13,,,unavailable
2026-09-25,LCJ,BHX,2026-10-14,,,unavailable
2026-09-25,LCJ,BHX,2026-10-15,10:20,145.37,ok
2026-09-25,LCJ,BHX,2026-10-16,,,unavailable
2026-09-25,LCJ,BHX,2026-10-17,,,unavailable
2026-09-25,LCJ,BHX,2026-10-18,,,unavailable
2026-09-25,LCJ,BHX,2026-10-19,22:10,204.00,ok
2026-09-25,LCJ,BHX,2026-10-20,,,unavailable
2026-09-25,LCJ,BHX,2026-10-21,,,unavailable
2026-09-25,LCJ,BHX,2026-10-22,10:20,141.00,ok
2026-09-25,LCJ,BHX,2026-10-23,,,unavailable
2026-09-25,LCJ,BHX,2026-10-24,,,unavailable
2026-09-25,LCJ,BHX,2026-10-25,19:30,140.26,ok
2026-09-25,LCJ,BHX,2026-10-26,,,unavailable
2026-09-25,LCJ,BHX,2026-10-27,,,unavailable
2026-09-25,LCJ,BHX,2026-10-28,,,unavailable
2026-09-25,LCJ,BHX,2026-10-29,19:10,175.31,ok
2026-09-25,LCJ,BHX,2026-10-30,10:25,209.26,ok
2026-09-25,LCJ,BHX,2026-10-31,,,unavailable
2026-09-25,LCJ,BHX,2026-11-01,19:30,340.17,ok
2026-09-25,LCJ,BHX,2026-11-02,,,unavailable
2026-09-25,LCJ,BHX,2026-11-03,,,unavailable
2026-09-25,LCJ,BHX,2026-11-04,,,unavailable
2026-09-25,LCJ,BHX,2026-11-05,19:10,152.94,ok
2026-09-25,LCJ,BHX,2026-11-06,10:25,195.68,ok
2026-09-25,LCJ,BHX,2026-11-07,,,unavailable
2026-09-25,LCJ,BHX,2026-11-08,19:30,245.29,ok
2026-09-25,LCJ,BHX,2026-11-09,,,unavailable
2026-09-25,LCJ,BHX,2026-11-10,,,unavailable
2026-09-25,LCJ,BHX,2026-11-11,,,unavailable
2026-09-25,LCJ,BHX,2026-11-12,19:10,102.56,ok
2026-09-25,LCJ,BHX,2026-11-13,10:25,87.00,ok
2026-09-25,LCJ,BHX,2026-11-14,,,unavailable
2026-09-25,LCJ,BHX,2026-11-15,19:30,139.27,ok
2026-09-25,LCJ,BHX,2026-11-16,,,unavailable
2026-09-25,LCJ,BHX,2026-11-17,,,unavailable
2026-09-25,LCJ,BHX,2026-11-18,,,unavailable
2026-09-25,LCJ,BHX,2026-11-19,19:10,96.34,ok
2026-09-25,LCJ,BHX,2026-11-20,10:25,87.00,ok
2026-09-25,LCJ,BHX,2026-11-21,,,unavailable
2026-09-25,LCJ,BHX,2026-11-22,19:30,127.00,ok
2026-09-25,LCJ,BHX,2026-11-23,,,unavailable
2026-09-25,LCJ,BHX,2026-11-24,,,unavailable
2026-09-25,LCJ,BHX,2026-11-25,,,unavailable
2026-09-25,LCJ,BHX,2026-11-26,19:10,96.34,ok
2026-09-25,LCJ,BHX,2026-11-27,10:25,87.00,ok
2026-09-25,LCJ,BHX,2026-11-28,,,unavailable
2026-09-25,LCJ,BHX,2026-11-29,19:30,179.57,ok
2026-09-25,LCJ,BHX,2026-11-30,,,unavailable
2026-09-25,LCJ,BHX,2026-12-01,,,unavailable
2026-09-25,LCJ,BHX,2026-12-02,,,unavailable
2026-09-25,LCJ,BHX,2026-12-03,19:10,78.81,ok
2026-09-25,LCJ,BHX,2026-12-04,10:25,78.81,ok
2026-09-25,LCJ,BHX,2026-12-05,,,unavailable
2026-09-25,LCJ,BHX,2026-12-06,19:30,167.55,ok
2026-09-25,LCJ,BHX,2026-12-07,,,unavailable
2026-09-25,LCJ,BHX,2026-12-08,,,unavailable
2026-09-25,LCJ,BHX,2026-12-09,,,unavailable
2026-09-25,LCJ,BHX,2026-12-10,19:10,100.72,ok
2026-09-25,LCJ,BHX,2026-12-11,10:25,87.00,ok
2026-09-25,LCJ,BHX,2026-12-12,,,unavailable
2026-09-25,LCJ,BHX,2026-12-13,19:30,175.19,ok
2026-09-25,LCJ,BHX,2026-12-14,,,unavailable
2026-09-25,LCJ,BHX,2026-12-15,,,unavailable
2026-09-25,LCJ,BHX,2026-12-16,,,unavailable
2026-09-25,LCJ,BHX,2026-12-17,19:10,100.55,ok
2026-09-25,LCJ,BHX,2026-12-18,10:25,179.27,ok
2026-09-25,LCJ,BHX,2026-12-19,,,unavailable
2026-09-25,LCJ,BHX,2026-12-20,19:30,233.58,ok
2026-09-25,LCJ,BHX,2026-12-21,,,unavailable
2026-09-25,LCJ,BHX,2026-12-22,,,unavailable
2026-09-25,LCJ,BHX,2026-12-23,,,unavailable
2026-09-25,LCJ,BHX,2026-12-24,,,unavailable
2026-09-25,LCJ,BHX,2026-12-25,,,unavailable
2026-09-25,LCJ,BHX,2026-12-26,,,unavailable
2026-09-25,LCJ,BHX,2026-12-27,19:30,362.96,ok
2026-09-25,LCJ,BHX,2026-12-28,,,unavailable
2026-09-25,LCJ,BHX,2026-12-29,,,unavailable
2026-09-25,LCJ,BHX,2026-12-30,,,unavailable
2026-09-25,LCJ,BHX,2026-12-31,19:10,453.55,ok
2026-09-25,LCJ,BHX,2027-01-01,10:25,507.28,ok
2026-09-25,LCJ,BHX,2027-01-02,,,unavailable
2026-09-25,LCJ,BHX,2027-01-03,19:30,790.00,ok
2026-09-25,LCJ,BHX,2027-01-04,,,unavailable
2026-09-25,LCJ,BHX,2027-01-05,,,unavailable
2026-09-25,LCJ,BHX,2027-01-06,,,unavailable
2026-09-25,LCJ,BHX,2027-01-07,19:10,272.00,ok
2026-09-25,LCJ,BHX,2027-01-08,10:25,223.00,ok
2026-09-25,LCJ,BHX,2027-01-09,,,unavailable
2026-09-25,LCJ,BHX,2027-01-10,19:30,205.51,ok
2026-09-25,LCJ,BHX,2027-01-11,,,unavailable
2026-09-25,LCJ,BHX,2027-01-12,,,unavailable
2026-09-25,LCJ,BHX,2027-01-13,,,unavailable
2026-09-25,LCJ,BHX,2027-01-14,19:10,272.00,ok
2026-09-25,LCJ,BHX,2027-01-15,10:25,183.64,ok
2026-09-25,LCJ,BHX,2027-01-16,,,unavailable
2026-09-25,LCJ,BHX,2027-01-17,19:30,145.00,ok
2026-09-25,LCJ,BHX,2027-01-18,,,unavailable
2026-09-25,LCJ,BHX,2027-01-19,,,unavailable
2026-09-25,LCJ,BHX,2027-01-20,,,unavailable
2026-09-25,LCJ,BHX,2027-01-21,19:10,238.00,ok
2026-09-25,LCJ,BHX,2027-01-22,10:25,183.64,ok
2026-09-25,LCJ,BHX,2027-01-23,,,unavailable
2026-09-25,LCJ,BHX,2027-01-24,19:30,170.52,ok
2026-09-25,LCJ,BHX,2027-01-25,,,unavailable
2026-09-25,LCJ,BHX,2027-01-26,,,unavailable
2026-09-25,LCJ,BHX,2027-01-27,,,unavailable
2026-09-25,LCJ,BHX,2027-01-28,19:10,204.00,ok
2026-09-25,LCJ,BHX,2027-01-29,10:25,170.00,ok
2026-09-25,LCJ,BHX,2027-01-30,,,unavailable
2026-09-25,LCJ,BHX,2027-01-31,19:30,166.15,ok
2026-09-25,LCJ,BHX,2027-02-01,,,unavailable
2026-09-25,LCJ,BHX,2027-02-02,,,unavailable
2026-09-25,LCJ,BHX,2027-02-03,,,unavailable
2026-09-25,LCJ,BHX,2027-02-04,19:10,204.00,ok
2026-09-25,LCJ,BHX,2027-02-05,10:25,170.00,ok
2026-09-25,LCJ,BHX,2027-02-06,,,unavailable
2026-09-25,LCJ,BHX,2027-02-07,19:30,153.03,ok
2026-09-25,LCJ,BHX,2027-02-08,,,unavailable
2026-09-25,LCJ,BHX,2027-02-09,,,unavailable
2026-09-25,LCJ,BHX,2027-02-10,,,unavailable
2026-09-25,LCJ,BHX,2027-02-11,19:10,204.00,ok
2026-09-25,LCJ,BHX,2027-02-12,10:25,144.28,ok
2026-09-25,LCJ,BHX,2027-02-13,,,unavailable
2026-09-25,LCJ,BHX,2027-02-14,19:30,170.00,ok
2026-09-25,LCJ,BHX,2027-02-15,,,unavailable
2026-09-25,LCJ,BHX,2027-02-16,,,unavailable
2026-09-25,LCJ,BHX,2027-02-17,,,unavailable
2026-09-25,LCJ,BHX,2027-02-18,19:10,272.00,ok
2026-09-25,LCJ,BHX,2027-02-19,10:25,404.00,ok
2026-09-25,LCJ,BHX,2027-02-20,,,unavailable
2026-09-25,LCJ,BHX,2027-02-21,19:30,404.00,ok
2026-09-25,LCJ,BHX,2027-02-22,,,unavailable
2026-09-25,LCJ,BHX,2027-02-23,,,unavailable
2026-09-25,LCJ,BHX,2027-02-24,,,unavailable
2026-09-25,LCJ,BHX,2027-02-25,19:10,238.00,ok
2026-09-25,LCJ,BHX,2027-02-26,10:25,170.00,ok
2026-09-25,LCJ,BHX,2027-02-27,,,unavailable
2026-09-25,LCJ,BHX,2027-02-28,19:30,196.76,ok
2026-09-25,LCJ,BHX,2027-03-01,,,unavailable
2026-09-25,LCJ,BHX,2027-03-02,,,unavailable
2026-09-25,LCJ,BHX,2027-03-03,,,unavailable
2026-09-25,LCJ,BHX,2027-03-04,,,unavailable
2026-09-25,LCJ,BHX,2027-03-05,10:25,122.41,ok
2026-09-25,LCJ,BHX,2027-03-06,,,unavailable
2026-09-25,LCJ,BHX,2027-03-07,19:30,148.66,ok
2026-09-25,LCJ,BHX,2027-03-08,,,unavailable
2026-09-25,LCJ,BHX,2027-03-09,,,unavailable
2026-09-25,LCJ,BHX,2027-03-10,,,unavailable
2026-09-25,LCJ,BHX,2027-03-11,,,unavailable
2026-09-25,LCJ,BHX,2027-03-12,10:25,218.63,ok
2026-09-25,LCJ,BHX,2027-03-13,,,unavailable
2026-09-25,LCJ,BHX,2027-03-14,19:30,166.15,ok
2026-09-25,LCJ,BHX,2027-03-15,,,unavailable
2026-09-25,LCJ,BHX,2027-03-16,,,unavailable
2026-09-25,LCJ,BHX,2027-03-17,,,unavailable
2026-09-25,LCJ,BHX,2027-03-18,,,unavailable
2026-09-25,LCJ,BHX,2027-03-19,10:25,157.67,ok
2026-09-25,LCJ,BHX,2027-03-20,,,unavailable
2026-09-25,LCJ,BHX,2027-03-21,19:30,126.79,ok
2026-09-25,LCJ,BHX,2027-03-22,,,unavailable
2026-09-25,LCJ,BHX,2027-03-23,19:50,288.61,ok
2026-09-25,LCJ,BHX,2027-03-24,,,unavailable
2026-09-25,LCJ,BHX,2027-03-25,19:10,170.52,ok
2026-09-25,LCJ,BHX,2027-03-26,10:25,192.72,ok
2026-09-25,LCJ,BHX,2027-03-27,,,unavailable
2026-09-25,LCJ,BHX,2027-03-28,,,unavailable
2026-09-25,LCJ,BHX,2027-03-29,15:40,446.00,ok
2026-09-25,LCJ,BHX,2027-03-30,,,unavailable
2026-09-25,LCJ,BHX,2027-03-31,,,unavailable
2026-09-25,LCJ,BHX,2027-04-01,21:50,591.00,ok
2026-09-25,LCJ,BHX,2027-04-02,,,unavailable
2026-09-25,LCJ,BHX,2027-04-03,,,unavailable
2026-09-25,LCJ,BHX,2027-04-04,,,unavailable
2026-09-25,LCJ,BHX,2027-04-05,15:40,591.00,ok
2026-09-25,LCJ,BHX,2027-04-06,,,unavailable
2026-09-25,LCJ,BHX,2027-04-07,,,unavailable
2026-09-25,LCJ,BHX,2027-04-08,21:50,535.00,ok
2026-09-25,LCJ,BHX,2027-04-09,,,unavailable
2026-09-25,LCJ,BHX,2027-04-10,,,unavailable
2026-09-25,LCJ,BHX,2027-04-11,,,unavailable
2026-09-25,LCJ,BHX,2027-04-12,15:40,446.00,ok
2026-09-25,LCJ,BHX,2027-04-13,,,unavailable
2026-09-25,LCJ,BHX,2027-04-14,,,unavailable
2026-09-25,LCJ,BHX,2027-04-15,21:50,272.00,ok
2026-09-25,LCJ,BHX,2027-04-16,,,unavailable
2026-09-25,LCJ,BHX,2027-04-17,,,unavailable
2026-09-25,LCJ,BHX,2027-04-18,,,unavailable
2026-09-25,LCJ,BHX,2027-04-19,15:40,272.00,ok
2026-09-25,LCJ,BHX,2027-04-20,,,unavailable
2026-09-25,LCJ,BHX,2027-04-21,,,unavailable
2026-09-25,LCJ,BHX,2027-04-22,21:50,272.00,ok
2026-09-25,LCJ,BHX,2027-04-23,,,unavailable
2026-09-25,LCJ,BHX,2027-04-24,,,unavailable
2026-09-25,LCJ,BHX,2027-04-25,,,unavailable
2026-09-25,LCJ,BHX,2027-04-26,15:40,272.00,ok
2026-09-25,LCJ,BHX,2027-04-27,,,unavailable
2026-09-25,LCJ,BHX,2027-04-28,,,unavailable
2026-09-25,LCJ,BHX,2027-04-29,21:50,272.00,ok
2026-09-25,LCJ,BHX,2027-04-30,,,unavailable
2026-09-25,LCJ,BHX,2027-05-01,,,unavailable
2026-09-25,LCJ,BHX,2027-05-02,,,unavailable
2026-09-25,LCJ,BHX,2027-05-03,15:40,310.00,ok
2026-09-25,LCJ,BHX,2027-05-04,,,unavailable
2026-09-25,LCJ,BHX,2027-05-05,,,unavailable
2026-09-25,LCJ,BHX,2027-05-06,21:50,272.00,ok
2026-09-25,LCJ,BHX,2027-05-07,,,unavailable
2026-09-25,LCJ,BHX,2027-05-08,,,unavailable
2026-09-25,LCJ,BHX,2027-05-09,,,unavailable
2026-09-25,LCJ,BHX,2027-05-10,15:40,310.00,ok
2026-09-25,LCJ,BHX,2027-05-11,,,unavailable
2026-09-25,LCJ,BHX,2027-05-12,,,unavailable
2026-09-25,LCJ,BHX,2027-05-13,21:50,272.00,ok
2026-09-25,LCJ,BHX,2027-05-14,,,unavailable
2026-09-25,LCJ,BHX,2027-05-15,,,unavailable
2026-09-25,LCJ,BHX,2027-05-16,,,unavailable
2026-09-25,LCJ,BHX,2027-05-17,15:40,272.00,ok
2026-09-25,LCJ,BHX,2027-05-18,,,unavailable
2026-09-25,LCJ,BHX,2027-05-19,,,unavailable
2026-09-25,LCJ,BHX,2027-05-20,21:50,272.00,ok
2026-09-25,LCJ,BHX,2027-05-21,,,unavailable
2026-09-25,LCJ,BHX,2027-05-22,,,unavailable
2026-09-25,LCJ,BHX,2027-05-23,,,unavailable
2026-09-25,LCJ,BHX,2027-05-24,15:40,357.00,ok
2026-09-25,LCJ,BHX,2027-05-25,,,unavailable
2026-09-25,LCJ,BHX,2027-05-26,,,unavailable
2026-09-25,LCJ,BHX,2027-05-27,21:50,357.00,ok
2026-09-25,LCJ,BHX,2027-05-28,,,unavailable
2026-09-25,LCJ,BHX,2027-05-29,,,unavailable
2026-09-25,LCJ,BHX,2027-05-30,,,unavailable
2026-09-25,LCJ,BHX,2027-05-31,15:40,489.00,ok
2026-09-25,LCJ,BHX,2027-06-01,,,unavailable
2026-09-25,LCJ,BHX,2027-06-02,,,unavailable
2026-09-25,LCJ,BHX,2027-06-03,21:50,446.00,ok
2026-09-25,LCJ,BHX,2027-06-04,,,unavailable
2026-09-25,LCJ,BHX,2027-06-05,,,unavailable
2026-09-25,LCJ,BHX,2027-06-06,,,unavailable
2026-09-25,LCJ,BHX,2027-06-07,15:40,314.38,ok
2026-09-25,LCJ,BHX,2027-06-08,,,unavailable
2026-09-25,LCJ,BHX,2027-06-09,,,unavailable
2026-09-25,LCJ,BHX,2027-06-10,21:50,276.38,ok
2026-09-25,LCJ,BHX,2027-06-11,,,unavailable
2026-09-25,LCJ,BHX,2027-06-12,,,unavailable
2026-09-25,LCJ,BHX,2027-06-13,,,unavailable
2026-09-25,LCJ,BHX,2027-06-14,15:40,314.38,ok
2026-09-25,LCJ,BHX,2027-06-15,,,unavailable
2026-09-25,LCJ,BHX,2027-06-16,,,unavailable
2026-09-25,LCJ,BHX,2027-06-17,21:50,272.00,ok
2026-09-25,LCJ,BHX,2027-06-18,,,unavailable
2026-09-25,LCJ,BHX,2027-06-19,,,unavailable
2026-09-25,LCJ,BHX,2027-06-20,,,unavailable
2026-09-25,LCJ,BHX,2027-06-21,15:40,272.00,ok
2026-09-25,LCJ,BHX,2027-06-22,,,unavailable
2026-09-25,LCJ,BHX,2027-06-23,,,unavailable
2026-09-25,LCJ,BHX,2027-06-24,21:50,310.00,ok
2026-09-25,LCJ,BHX,2027-06-25,,,unavailable
2026-09-25,LCJ,BHX,2027-06-26,,,unavailable
2026-09-25,LCJ,BHX,2027-06-27,,,unavailable
2026-09-25,LCJ,BHX,2027-06-28,15:40,310.00,ok
2026-09-25,LCJ,BHX,2027-06-29,,,unavailable
2026-09-25,LCJ,BHX,2027-06-30,,,unavailable
2026-09-25,LCJ,BHX,2027-07-01,21:50,272.00,ok
2026-09-25,LCJ,BHX,2027-07-02,,,unavailable
2026-09-25,LCJ,BHX,2027-07-03,,,unavailable
2026-09-25,LCJ,BHX,2027-07-04,,,unavailable
2026-09-25,LCJ,BHX,2027-07-05,15:40,272.00,ok
2026-09-25,LCJ,BHX,2027-07-06,,,unavailable
2026-09-25,LCJ,BHX,2027-07-07,,,unavailable
2026-09-25,LCJ,BHX,2027-07-08,21:50,272.00,ok
2026-09-25,LCJ,BHX,2027-07-09,,,unavailable
2026-09-25,LCJ,BHX,2027-07-10,,,unavailable
2026-09-25,LCJ,BHX,2027-07-11,,,unavailable
2026-09-25,LCJ,BHX,2027-07-12,15:40,272.00,ok
2026-09-25,LCJ,BHX,2027-07-13,,,unavailable
2026-09-25,LCJ,BHX,2027-07-14,,,unavailable
2026-09-25,LCJ,BHX,2027-07-15,21:50,272.00,ok
2026-09-25,LCJ,BHX,2027-07-16,,,unavailable
2026-09-25,LCJ,BHX,2027-07-17,,,unavailable
2026-09-25,LCJ,BHX,2027-07-18,,,unavailable
2026-09-25,LCJ,BHX,2027-07-19,15:40,272.00,ok
2026-09-25,LCJ,BHX,2027-07-20,,,unavailable
2026-09-25,LCJ,BHX,2027-07-21,,,unavailable
2026-09-25,LCJ,BHX,2027-07-22,21:50,272.00,ok
2026-09-25,LCJ,BHX,2027-07-23,,,unavailable
2026-09-25,LCJ,BHX,2027-07-24,,,unavailable
2026-09-25,LCJ,BHX,2027-07-25,,,unavailable
2026-09-25,LCJ,BHX,2027-07-26,15:40,310.00,ok
2026-09-25,LCJ,BHX,2027-07-27,,,unavailable
2026-09-25,LCJ,BHX,2027-07-28,,,unavailable
2026-09-25,LCJ,BHX,2027-07-29,21:50,357.00,ok
2026-09-25,LCJ,BHX,2027-07-30,,,unavailable
2026-09-25,LCJ,BHX,2027-07-31,,,unavailable
2026-09-25,LCJ,BHX,2027-08-01,,,unavailable
2026-09-25,LCJ,BHX,2027-08-02,15:40,489.00,ok
2026-09-25,LCJ,BHX,2027-08-03,,,unavailable
2026-09-25,LCJ,BHX,2027-08-04,,,unavailable
2026-09-25,LCJ,BHX,2027-08-05,21:50,446.00,ok
2026-09-25,LCJ,BHX,2027-08-06,,,unavailable
2026-09-25,LCJ,BHX,2027-08-07,,,unavailable
2026-09-25,LCJ,BHX,2027-08-08,,,unavailable
2026-09-25,LCJ,BHX,2027-08-09,15:40,489.00,ok
2026-09-25,LCJ,BHX,2027-08-10,,,unavailable
2026-09-25,LCJ,BHX,2027-08-11,,,unavailable
2026-09-25,LCJ,BHX,2027-08-12,21:50,535.00,ok
2026-09-25,LCJ,BHX,2027-08-13,,,unavailable
2026-09-25,LCJ,BHX,2027-08-14,,,unavailable
2026-09-25,LCJ,BHX,2027-08-15,,,unavailable
2026-09-25,LCJ,BHX,2027-08-16,15:40,591.00,ok
2026-09-25,LCJ,BHX,2027-08-17,,,unavailable
2026-09-25,LCJ,BHX,2027-08-18,,,unavailable
2026-09-25,LCJ,BHX,2027-08-19,21:50,591.00,ok
2026-09-25,LCJ,BHX,2027-08-20,,,unavailable
2026-09-25,LCJ,BHX,2027-08-21,,,unavailable
2026-09-25,LCJ,BHX,2027-08-22,,,unavailable
2026-09-25,LCJ,BHX,2027-08-23,15:40,718.00,ok
2026-09-25,LCJ,BHX,2027-08-24,,,unavailable
2026-09-25,LCJ,BHX,2027-08-25,,,unavailable
2026-09-25,LCJ,BHX,2027-08-26,21:50,650.00,ok
2026-09-25,LCJ,BHX,2027-08-27,,,unavailable
2026-09-25,LCJ,BHX,2027-08-28,,,unavailable
2026-09-25,LCJ,BHX,2027-08-29,,,unavailable
2026-09-25,LCJ,BHX,2027-08-30,15:40,871.00,ok
2026-09-25,LCJ,BHX,2027-08-31,,,unavailable
2026-09-25,BHX,LCJ,2026-09-25,,,unavailable
2026-09-25,BHX,LCJ,2026-09-26,,,unavailable
2026-09-25,BHX,LCJ,2026-09-27,,,unavailable
2026-09-25,BHX,LCJ,2026-09-28,18:25,102.81,ok
2026-09-25,BHX,LCJ,2026-09-29,,,unavailable
2026-09-25,BHX,LCJ,2026-09-30,,,unavailable
2026-09-25,BHX,LCJ,2026-10-01,06:35,209.26,ok
2026-09-25,BHX,LCJ,2026-10-02,,,unavailable
2026-09-25,BHX,LCJ,2026-10-03,,,unavailable
2026-09-25,BHX,LCJ,2026-10-04,,,unavailable
2026-09-25,BHX,LCJ,2026-10-05,18:25,140.26,ok
2026-09-25,BHX,LCJ,2026-10-06,,,unavailable
2026-09-25,BHX,LCJ,2026-10-07,,,unavailable
2026-09-25,BHX,LCJ,2026-10-08,06:35,102.81,ok
2026-09-25,BHX,LCJ,2026-10-09,,,unavailable
2026-09-25,BHX,LCJ,2026-10-10,,,unavailable
2026-09-25,BHX,LCJ,2026-10-11,,,unavailable
2026-09-25,BHX,LCJ,2026-10-12,18:25,98.44,ok
2026-09-25,BHX,LCJ,2026-10-13,,,unavailable
2026-09-25,BHX,LCJ,2026-10-14,,,unavailable
2026-09-25,BHX,LCJ,2026-10-15,06:35,175.31,ok
2026-09-25,BHX,LCJ,2026-10-16,,,unavailable
2026-09-25,BHX,LCJ,2026-10-17,,,unavailable
2026-09-25,BHX,LCJ,2026-10-18,,,unavailable
2026-09-25,BHX,LCJ,2026-10-19,18:25,204.00,ok
2026-09-25,BHX,LCJ,2026-10-20,,,unavailable
2026-09-25,BHX,LCJ,2026-10-21,,,unavailable
2026-09-25,BHX,LCJ,2026-10-22,06:35,332.92,ok
2026-09-25,BHX,LCJ,2026-10-23,,,unavailable
2026-09-25,BHX,LCJ,2026-10-24,,,unavailable
2026-09-25,BHX,LCJ,2026-10-25,15:45,286.52,ok
2026-09-25,BHX,LCJ,2026-10-26,,,unavailable
2026-09-25,BHX,LCJ,2026-10-27,,,unavailable
2026-09-25,BHX,LCJ,2026-10-28,,,unavailable
2026-09-25,BHX,LCJ,2026-10-29,15:25,127.81,ok
2026-09-25,BHX,LCJ,2026-10-30,06:40,74.00,ok
2026-09-25,BHX,LCJ,2026-10-31,,,unavailable
2026-09-25,BHX,LCJ,2026-11-01,15:45,142.47,ok
2026-09-25,BHX,LCJ,2026-11-02,,,unavailable
2026-09-25,BHX,LCJ,2026-11-03,,,unavailable
2026-09-25,BHX,LCJ,2026-11-04,,,unavailable
2026-09-25,BHX,LCJ,2026-11-05,15:25,111.93,ok
2026-09-25,BHX,LCJ,2026-11-06,06:40,87.00,ok
2026-09-25,BHX,LCJ,2026-11-07,,,unavailable
2026-09-25,BHX,LCJ,2026-11-08,15:45,87.00,ok
2026-09-25,BHX,LCJ,2026-11-09,,,unavailable
2026-09-25,BHX,LCJ,2026-11-10,,,unavailable
2026-09-25,BHX,LCJ,2026-11-11,,,unavailable
2026-09-25,BHX,LCJ,2026-11-12,15:25,76.30,ok
2026-09-25,BHX,LCJ,2026-11-13,06:40,87.00,ok
2026-09-25,BHX,LCJ,2026-11-14,,,unavailable
2026-09-25,BHX,LCJ,2026-11-15,15:45,87.00,ok
2026-09-25,BHX,LCJ,2026-11-16,,,unavailable
2026-09-25,BHX,LCJ,2026-11-17,,,unavailable
2026-09-25,BHX,LCJ,2026-11-18,,,unavailable
2026-09-25,BHX,LCJ,2026-11-19,15:25,96.66,ok
2026-09-25,BHX,LCJ,2026-11-20,06:40,105.66,ok
2026-09-25,BHX,LCJ,2026-11-21,,,unavailable
2026-09-25,BHX,LCJ,2026-11-22,15:45,108.72,ok
2026-09-25,BHX,LCJ,2026-11-23,,,unavailable
2026-09-25,BHX,LCJ,2026-11-24,,,unavailable
2026-09-25,BHX,LCJ,2026-11-25,,,unavailable
2026-09-25,BHX,LCJ,2026-11-26,15:25,87.00,ok
2026-09-25,BHX,LCJ,2026-11-27,06:40,136.69,ok
2026-09-25,BHX,LCJ,2026-11-28,,,unavailable
2026-09-25,BHX,LCJ,2026-11-29,15:45,208.64,ok
2026-09-25,BHX,LCJ,2026-11-30,,,unavailable
2026-09-25,BHX,LCJ,2026-12-01,,,unavailable
2026-09-25,BHX,LCJ,2026-12-02,,,unavailable
2026-09-25,BHX,LCJ,2026-12-03,15:25,87.00,ok
2026-09-25,BHX,LCJ,2026-12-04,06:40,198.46,ok
2026-09-25,BHX,LCJ,2026-12-05,,,unavailable
2026-09-25,BHX,LCJ,2026-12-06,15:45,101.75,ok
2026-09-25,BHX,LCJ,2026-12-07,,,unavailable
2026-09-25,BHX,LCJ,2026-12-08,,,unavailable
2026-09-25,BHX,LCJ,2026-12-09,,,unavailable
2026-09-25,BHX,LCJ,2026-12-10,15:25,142.46,ok
2026-09-25,BHX,LCJ,2026-12-11,06:40,149.53,ok
2026-09-25,BHX,LCJ,2026-12-12,,,unavailable
2026-09-25,BHX,LCJ,2026-12-13,15:45,284.97,ok
2026-09-25,BHX,LCJ,2026-12-14,,,unavailable
2026-09-25,BHX,LCJ,2026-12-15,,,unavailable
2026-09-25,BHX,LCJ,2026-12-16,,,unavailable
2026-09-25,BHX,LCJ,2026-12-17,15:25,505.74,ok
2026-09-25,BHX,LCJ,2026-12-18,06:40,860.09,ok
2026-09-25,BHX,LCJ,2026-12-19,,,unavailable
2026-09-25,BHX,LCJ,2026-12-20,15:45,680.83,ok
2026-09-25,BHX,LCJ,2026-12-21,,,unavailable
2026-09-25,BHX,LCJ,2026-12-22,,,unavailable
2026-09-25,BHX,LCJ,2026-12-23,,,unavailable
2026-09-25,BHX,LCJ,2026-12-24,,,unavailable
2026-09-25,BHX,LCJ,2026-12-25,,,unavailable
2026-09-25,BHX,LCJ,2026-12-26,,,unavailable
2026-09-25,BHX,LCJ,2026-12-27,15:45,432.57,ok
2026-09-25,BHX,LCJ,2026-12-28,,,unavailable
2026-09-25,BHX,LCJ,2026-12-29,,,unavailable
2026-09-25,BHX,LCJ,2026-12-30,,,unavailable
2026-09-25,BHX,LCJ,2026-12-31,15:25,238.00,ok
2026-09-25,BHX,LCJ,2027-01-01,06:40,203.53,ok
2026-09-25,BHX,LCJ,2027-01-02,,,unavailable
2026-09-25,BHX,LCJ,2027-01-03,15:45,310.42,ok
2026-09-25,BHX,LCJ,2027-01-04,,,unavailable
2026-09-25,BHX,LCJ,2027-01-05,,,unavailable
2026-09-25,BHX,LCJ,2027-01-06,,,unavailable
2026-09-25,BHX,LCJ,2027-01-07,15:25,204.00,ok
2026-09-25,BHX,LCJ,2027-01-08,06:40,145.00,ok
2026-09-25,BHX,LCJ,2027-01-09,,,unavailable
2026-09-25,BHX,LCJ,2027-01-10,15:45,127.19,ok
2026-09-25,BHX,LCJ,2027-01-11,,,unavailable
2026-09-25,BHX,LCJ,2027-01-12,,,unavailable
2026-09-25,BHX,LCJ,2027-01-13,,,unavailable
2026-09-25,BHX,LCJ,2027-01-14,15:25,204.00,ok
2026-09-25,BHX,LCJ,2027-01-15,06:40,187.06,ok
2026-09-25,BHX,LCJ,2027-01-16,,,unavailable
2026-09-25,BHX,LCJ,2027-01-17,15:45,142.46,ok
2026-09-25,BHX,LCJ,2027-01-18,,,unavailable
2026-09-25,BHX,LCJ,2027-01-19,,,unavailable
2026-09-25,BHX,LCJ,2027-01-20,,,unavailable
2026-09-25,BHX,LCJ,2027-01-21,15:25,204.00,ok
2026-09-25,BHX,LCJ,2027-01-22,06:40,244.25,ok
2026-09-25,BHX,LCJ,2027-01-23,,,unavailable
2026-09-25,BHX,LCJ,2027-01-24,15:45,152.64,ok
2026-09-25,BHX,LCJ,2027-01-25,,,unavailable
2026-09-25,BHX,LCJ,2027-01-26,,,unavailable
2026-09-25,BHX,LCJ,2027-01-27,,,unavailable
2026-09-25,BHX,LCJ,2027-01-28,15:25,238.00,ok
2026-09-25,BHX,LCJ,2027-01-29,06:40,170.00,ok
2026-09-25,BHX,LCJ,2027-01-30,,,unavailable
2026-09-25,BHX,LCJ,2027-01-31,15:45,170.00,ok
2026-09-25,BHX,LCJ,2027-02-01,,,unavailable
2026-09-25,BHX,LCJ,2027-02-02,,,unavailable
2026-09-25,BHX,LCJ,2027-02-03,,,unavailable
2026-09-25,BHX,LCJ,2027-02-04,15:25,204.00,ok
2026-09-25,BHX,LCJ,2027-02-05,06:40,204.00,ok
2026-09-25,BHX,LCJ,2027-02-06,,,unavailable
2026-09-25,BHX,LCJ,2027-02-07,15:45,167.91,ok
2026-09-25,BHX,LCJ,2027-02-08,,,unavailable
2026-09-25,BHX,LCJ,2027-02-09,,,unavailable
2026-09-25,BHX,LCJ,2027-02-10,,,unavailable
2026-09-25,BHX,LCJ,2027-02-11,15:25,204.00,ok
2026-09-25,BHX,LCJ,2027-02-12,06:40,404.00,ok
2026-09-25,BHX,LCJ,2027-02-13,,,unavailable
2026-09-25,BHX,LCJ,2027-02-14,15:45,325.68,ok
2026-09-25,BHX,LCJ,2027-02-15,,,unavailable
2026-09-25,BHX,LCJ,2027-02-16,,,unavailable
2026-09-25,BHX,LCJ,2027-02-17,,,unavailable
2026-09-25,BHX,LCJ,2027-02-18,15:25,272.00,ok
2026-09-25,BHX,LCJ,2027-02-19,06:40,204.00,ok
2026-09-25,BHX,LCJ,2027-02-20,,,unavailable
2026-09-25,BHX,LCJ,2027-02-21,15:45,204.00,ok
2026-09-25,BHX,LCJ,2027-02-22,,,unavailable
2026-09-25,BHX,LCJ,2027-02-23,,,unavailable
2026-09-25,BHX,LCJ,2027-02-24,,,unavailable
2026-09-25,BHX,LCJ,2027-02-25,15:25,238.00,ok
2026-09-25,BHX,LCJ,2027-02-26,06:40,170.00,ok
2026-09-25,BHX,LCJ,2027-02-27,,,unavailable
2026-09-25,BHX,LCJ,2027-02-28,15:45,170.00,ok
2026-09-25,BHX,LCJ,2027-03-01,,,unavailable
2026-09-25,BHX,LCJ,2027-03-02,,,unavailable
2026-09-25,BHX,LCJ,2027-03-03,,,unavailable
2026-09-25,BHX,LCJ,2027-03-04,,,unavailable
2026-09-25,BHX,LCJ,2027-03-05,06:40,213.71,ok
2026-09-25,BHX,LCJ,2027-03-06,,,unavailable
2026-09-25,BHX,LCJ,2027-03-07,15:45,147.55,ok
2026-09-25,BHX,LCJ,2027-03-08,,,unavailable
2026-09-25,BHX,LCJ,2027-03-09,,,unavailable
2026-09-25,BHX,LCJ,2027-03-10,,,unavailable
2026-09-25,BHX,LCJ,2027-03-11,,,unavailable
2026-09-25,BHX,LCJ,2027-03-12,06:40,228.98,ok
2026-09-25,BHX,LCJ,2027-03-13,,,unavailable
2026-09-25,BHX,LCJ,2027-03-14,15:45,170.00,ok
2026-09-25,BHX,LCJ,2027-03-15,,,unavailable
2026-09-25,BHX,LCJ,2027-03-16,,,unavailable
2026-09-25,BHX,LCJ,2027-03-17,,,unavailable
2026-09-25,BHX,LCJ,2027-03-18,,,unavailable
2026-09-25,BHX,LCJ,2027-03-19,06:40,404.00,ok
2026-09-25,BHX,LCJ,2027-03-20,,,unavailable
2026-09-25,BHX,LCJ,2027-03-21,15:45,404.00,ok
2026-09-25,BHX,LCJ,2027-03-22,,,unavailable
2026-09-25,BHX,LCJ,2027-03-23,16:05,498.73,ok
2026-09-25,BHX,LCJ,2027-03-24,,,unavailable
2026-09-25,BHX,LCJ,2027-03-25,15:25,458.01,ok
2026-09-25,BHX,LCJ,2027-03-26,06:40,310.00,ok
2026-09-25,BHX,LCJ,2027-03-27,,,unavailable
2026-09-25,BHX,LCJ,2027-03-28,,,unavailable
2026-09-25,BHX,LCJ,2027-03-29,11:55,357.00,ok
2026-09-25,BHX,LCJ,2027-03-30,,,unavailable
2026-09-25,BHX,LCJ,2027-03-31,,,unavailable
2026-09-25,BHX,LCJ,2027-04-01,18:05,272.00,ok
2026-09-25,BHX,LCJ,2027-04-02,,,unavailable
2026-09-25,BHX,LCJ,2027-04-03,,,unavailable
2026-09-25,BHX,LCJ,2027-04-04,,,unavailable
2026-09-25,BHX,LCJ,2027-04-05,11:55,272.00,ok
2026-09-25,BHX,LCJ,2027-04-06,,,unavailable
2026-09-25,BHX,LCJ,2027-04-07,,,unavailable
2026-09-25,BHX,LCJ,2027-04-08,18:05,272.00,ok
2026-09-25,BHX,LCJ,2027-04-09,,,unavailable
2026-09-25,BHX,LCJ,2027-04-10,,,unavailable
2026-09-25,BHX,LCJ,2027-04-11,,,unavailable
2026-09-25,BHX,LCJ,2027-04-12,11:55,272.00,ok
2026-09-25,BHX,LCJ,2027-04-13,,,unavailable
2026-09-25,BHX,LCJ,2027-04-14,,,unavailable
2026-09-25,BHX,LCJ,2027-04-15,18:05,272.00,ok
2026-09-25,BHX,LCJ,2027-04-16,,,unavailable
2026-09-25,BHX,LCJ,2027-04-17,,,unavailable
2026-09-25,BHX,LCJ,2027-04-18,,,unavailable
2026-09-25,BHX,LCJ,2027-04-19,11:55,272.00,ok
2026-09-25,BHX,LCJ,2027-04-20,,,unavailable
2026-09-25,BHX,LCJ,2027-04-21,,,unavailable
2026-09-25,BHX,LCJ,2027-04-22,18:05,272.00,ok
2026-09-25,BHX,LCJ,2027-04-23,,,unavailable
2026-09-25,BHX,LCJ,2027-04-24,,,unavailable
2026-09-25,BHX,LCJ,2027-04-25,,,unavailable
2026-09-25,BHX,LCJ,2027-04-26,11:55,272.00,ok
2026-09-25,BHX,LCJ,2027-04-27,,,unavailable
2026-09-25,BHX,LCJ,2027-04-28,,,unavailable
2026-09-25,BHX,LCJ,2027-04-29,18:05,272.00,ok
2026-09-25,BHX,LCJ,2027-04-30,,,unavailable
2026-09-25,BHX,LCJ,2027-05-01,,,unavailable
2026-09-25,BHX,LCJ,2027-05-02,,,unavailable
2026-09-25,BHX,LCJ,2027-05-03,11:55,310.00,ok
2026-09-25,BHX,LCJ,2027-05-04,,,unavailable
2026-09-25,BHX,LCJ,2027-05-05,,,unavailable
2026-09-25,BHX,LCJ,2027-05-06,18:05,272.00,ok
2026-09-25,BHX,LCJ,2027-05-07,,,unavailable
2026-09-25,BHX,LCJ,2027-05-08,,,unavailable
2026-09-25,BHX,LCJ,2027-05-09,,,unavailable
2026-09-25,BHX,LCJ,2027-05-10,11:55,272.00,ok
2026-09-25,BHX,LCJ,2027-05-11,,,unavailable
2026-09-25,BHX,LCJ,2027-05-12,,,unavailable
2026-09-25,BHX,LCJ,2027-05-13,18:05,272.00,ok
2026-09-25,BHX,LCJ,2027-05-14,,,unavailable
2026-09-25,BHX,LCJ,2027-05-15,,,unavailable
2026-09-25,BHX,LCJ,2027-05-16,,,unavailable
2026-09-25,BHX,LCJ,2027-05-17,11:55,272.00,ok
2026-09-25,BHX,LCJ,2027-05-18,,,unavailable
2026-09-25,BHX,LCJ,2027-05-19,,,unavailable
2026-09-25,BHX,LCJ,2027-05-20,18:05,404.00,ok
2026-09-25,BHX,LCJ,2027-05-21,,,unavailable
2026-09-25,BHX,LCJ,2027-05-22,,,unavailable
2026-09-25,BHX,LCJ,2027-05-23,,,unavailable
2026-09-25,BHX,LCJ,2027-05-24,11:55,446.00,ok
2026-09-25,BHX,LCJ,2027-05-25,,,unavailable
2026-09-25,BHX,LCJ,2027-05-26,,,unavailable
2026-09-25,BHX,LCJ,2027-05-27,18:05,272.00,ok
2026-09-25,BHX,LCJ,2027-05-28,,,unavailable
2026-09-25,BHX,LCJ,2027-05-29,,,unavailable
2026-09-25,BHX,LCJ,2027-05-30,,,unavailable
2026-09-25,BHX,LCJ,2027-05-31,11:55,310.00,ok
2026-09-25,BHX,LCJ,2027-06-01,,,unavailable
2026-09-25,BHX,LCJ,2027-06-02,,,unavailable
2026-09-25,BHX,LCJ,2027-06-03,18:05,272.00,ok
2026-09-25,BHX,LCJ,2027-06-04,,,unavailable
2026-09-25,BHX,LCJ,2027-06-05,,,unavailable
2026-09-25,BHX,LCJ,2027-06-06,,,unavailable
2026-09-25,BHX,LCJ,2027-06-07,11:55,276.38,ok
2026-09-25,BHX,LCJ,2027-06-08,,,unavailable
2026-09-25,BHX,LCJ,2027-06-09,,,unavailable
2026-09-25,BHX,LCJ,2027-06-10,18:05,276.38,ok
2026-09-25,BHX,LCJ,2027-06-11,,,unavailable
2026-09-25,BHX,LCJ,2027-06-12,,,unavailable
2026-09-25,BHX,LCJ,2027-06-13,,,unavailable
2026-09-25,BHX,LCJ,2027-06-14,11:55,276.38,ok
2026-09-25,BHX,LCJ,2027-06-15,,,unavailable
2026-09-25,BHX,LCJ,2027-06-16,,,unavailable
2026-09-25,BHX,LCJ,2027-06-17,18:05,310.00,ok
2026-09-25,BHX,LCJ,2027-06-18,,,unavailable
2026-09-25,BHX,LCJ,2027-06-19,,,unavailable
2026-09-25,BHX,LCJ,2027-06-20,,,unavailable
2026-09-25,BHX,LCJ,2027-06-21,11:55,310.00,ok
2026-09-25,BHX,LCJ,2027-06-22,,,unavailable
2026-09-25,BHX,LCJ,2027-06-23,,,unavailable
2026-09-25,BHX,LCJ,2027-06-24,18:05,310.00,ok
2026-09-25,BHX,LCJ,2027-06-25,,,unavailable
2026-09-25,BHX,LCJ,2027-06-26,,,unavailable
2026-09-25,BHX,LCJ,2027-06-27,,,unavailable
2026-09-25,BHX,LCJ,2027-06-28,11:55,404.00,ok
2026-09-25,BHX,LCJ,2027-06-29,,,unavailable
2026-09-25,BHX,LCJ,2027-06-30,,,unavailable
2026-09-25,BHX,LCJ,2027-07-01,18:05,357.00,ok
2026-09-25,BHX,LCJ,2027-07-02,,,unavailable
2026-09-25,BHX,LCJ,2027-07-03,,,unavailable
2026-09-25,BHX,LCJ,2027-07-04,,,unavailable
2026-09-25,BHX,LCJ,2027-07-05,11:55,404.00,ok
2026-09-25,BHX,LCJ,2027-07-06,,,unavailable
2026-09-25,BHX,LCJ,2027-07-07,,,unavailable
2026-09-25,BHX,LCJ,2027-07-08,18:05,404.00,ok
2026-09-25,BHX,LCJ,2027-07-09,,,unavailable
2026-09-25,BHX,LCJ,2027-07-10,,,unavailable
2026-09-25,BHX,LCJ,2027-07-11,,,unavailable
2026-09-25,BHX,LCJ,2027-07-12,11:55,446.00,ok
2026-09-25,BHX,LCJ,2027-07-13,,,unavailable
2026-09-25,BHX,LCJ,2027-07-14,,,unavailable
2026-09-25,BHX,LCJ,2027-07-15,18:05,591.00,ok
2026-09-25,BHX,LCJ,2027-07-16,,,unavailable
2026-09-25,BHX,LCJ,2027-07-17,,,unavailable
2026-09-25,BHX,LCJ,2027-07-18,,,unavailable
2026-09-25,BHX,LCJ,2027-07-19,11:55,718.00,ok
2026-09-25,BHX,LCJ,2027-07-20,,,unavailable
2026-09-25,BHX,LCJ,2027-07-21,,,unavailable
2026-09-25,BHX,LCJ,2027-07-22,18:05,718.00,ok
2026-09-25,BHX,LCJ,2027-07-23,,,unavailable
2026-09-25,BHX,LCJ,2027-07-24,,,unavailable
2026-09-25,BHX,LCJ,2027-07-25,,,unavailable
2026-09-25,BHX,LCJ,2027-07-26,11:55,650.00,ok
2026-09-25,BHX,LCJ,2027-07-27,,,unavailable
2026-09-25,BHX,LCJ,2027-07-28,,,unavailable
2026-09-25,BHX,LCJ,2027-07-29,18:05,718.00,ok
2026-09-25,BHX,LCJ,2027-07-30,,,unavailable
2026-09-25,BHX,LCJ,2027-07-31,,,unavailable
2026-09-25,BHX,LCJ,2027-08-01,,,unavailable
2026-09-25,BHX,LCJ,2027-08-02,11:55,535.00,ok
2026-09-25,BHX,LCJ,2027-08-03,,,unavailable
2026-09-25,BHX,LCJ,2027-08-04,,,unavailable
2026-09-25,BHX,LCJ,2027-08-05,18:05,535.00,ok
2026-09-25,BHX,LCJ,2027-08-06,,,unavailable
2026-09-25,BHX,LCJ,2027-08-07,,,unavailable
2026-09-25,BHX,LCJ,2027-08-08,,,unavailable
2026-09-25,BHX,LCJ,2027-08-09,11:55,489.00,ok
2026-09-25,BHX,LCJ,2027-08-10,,,unavailable
2026-09-25,BHX,LCJ,2027-08-11,,,unavailable
2026-09-25,BHX,LCJ,2027-08-12,18:05,446.00,ok
2026-09-25,BHX,LCJ,2027-08-13,,,unavailable
2026-09-25,BHX,LCJ,2027-08-14,,,unavailable
2026-09-25,BHX,LCJ,2027-08-15,,,unavailable
2026-09-25,BHX,LCJ,2027-08-16,11:55,446.00,ok
2026-09-25,BHX,LCJ,2027-08-17,,,unavailable
2026-09-25,BHX,LCJ,2027-08-18,,,unavailable
2026-09-25,BHX,LCJ,2027-08-19,18:05,310.00,ok
2026-09-25,BHX,LCJ,2027-08-20,,,unavailable
2026-09-25,BHX,LCJ,2027-08-21,,,unavailable
2026-09-25,BHX,LCJ,2027-08-22,,,unavailable
2026-09-25,BHX,LCJ,2027-08-23,11:55,272.00,ok
2026-09-25,BHX,LCJ,2027-08-24,,,unavailable
2026-09-25,BHX,LCJ,2027-08-25,,,unavailable
2026-09-25,BHX,LCJ,2027-08-26,18:05,272.00,ok
2026-09-25,BHX,LCJ,2027-08-27,,,unavailable
2026-09-25,BHX,LCJ,2027-08-28,,,unavailable
2026-09-25,BHX,LCJ,2027-08-29,,,unavailable
2026-09-25,BHX,LCJ,2027-08-30,11:55,272.00,ok
2026-09-25,BHX,LCJ,2027-08-31,,,unavailable
2026-09-25,LCJ,CRL,2026-09-25,,,unavailable
2026-09-25,LCJ,CRL,2026-09-26,,,unavailable
2026-09-25,LCJ,CRL,2026-09-27,14:25,538.81,ok
2026-09-25,LCJ,CRL,2026-09-28,,,unavailable
2026-09-25,LCJ,CRL,2026-09-29,,,unavailable
2026-09-25,LCJ,CRL,2026-09-30,,,unavailable
2026-09-25,LCJ,CRL,2026-10-01,15:30,72.49,ok
2026-09-25,LCJ,CRL,2026-10-02,,,unavailable
2026-09-25,LCJ,CRL,2026-10-03,,,unavailable
2026-09-25,LCJ,CRL,2026-10-04,14:25,113.86,ok
2026-09-25,LCJ,CRL,2026-10-05,,,unavailable
2026-09-25,LCJ,CRL,2026-10-06,,,unavailable
2026-09-25,LCJ,CRL,2026-10-07,,,unavailable
2026-09-25,LCJ,CRL,2026-10-08,15:30,65.67,ok
2026-09-25,LCJ,CRL,2026-10-09,,,unavailable
2026-09-25,LCJ,CRL,2026-10-10,,,unavailable
2026-09-25,LCJ,CRL,2026-10-11,14:25,175.19,ok
2026-09-25,LCJ,CRL,2026-10-12,,,unavailable
2026-09-25,LCJ,CRL,2026-10-13,,,unavailable
2026-09-25,LCJ,CRL,2026-10-14,,,unavailable
2026-09-25,LCJ,CRL,2026-10-15,15:30,65.67,ok
2026-09-25,LCJ,CRL,2026-10-16,,,unavailable
2026-09-25,LCJ,CRL,2026-10-17,,,unavailable
2026-09-25,LCJ,CRL,2026-10-18,14:25,105.10,ok
2026-09-25,LCJ,CRL,2026-10-19,,,unavailable
2026-09-25,LCJ,CRL,2026-10-20,,,unavailable
2026-09-25,LCJ,CRL,2026-10-21,,,unavailable
2026-09-25,LCJ,CRL,2026-10-22,15:30,69.86,ok
2026-09-25,LCJ,CRL,2026-10-23,,,unavailable
2026-09-25,LCJ,CRL,2026-10-24,,,unavailable
2026-09-25,LCJ,CRL,2026-10-25,,,unavailable
2026-09-25,LCJ,CRL,2026-10-26,,,unavailable
2026-09-25,LCJ,CRL,2026-10-27,,,unavailable
2026-09-25,LCJ,CRL,2026-10-28,,,unavailable
2026-09-25,LCJ,CRL,2026-10-29,,,unavailable
2026-09-25,LCJ,CRL,2026-10-30,,,unavailable
2026-09-25,LCJ,CRL,2026-10-31,,,unavailable
2026-09-25,LCJ,CRL,2026-11-01,,,unavailable
2026-09-25,LCJ,CRL,2026-11-02,,,unavailable
2026-09-25,LCJ,CRL,2026-11-03,,,unavailable
2026-09-25,LCJ,CRL,2026-11-04,,,unavailable
2026-09-25,LCJ,CRL,2026-11-05,,,unavailable
2026-09-25,LCJ,CRL,2026-11-06,,,unavailable
2026-09-25,LCJ,CRL,2026-11-07,,,unavailable
2026-09-25,LCJ,CRL,2026-11-08,,,unavailable
2026-09-25,LCJ,CRL,2026-11-09,,,unavailable
2026-09-25,LCJ,CRL,2026-11-10,,,unavailable
2026-09-25,LCJ,CRL,2026-11-11,,,unavailable
2026-09-25,LCJ,CRL,2026-11-12,,,unavailable
2026-09-25,LCJ,CRL,2026-11-13,,,unavailable
2026-09-25,LCJ,CRL,2026-11-14,,,unavailable
2026-09-25,LCJ,CRL,2026-11-15,,,unavailable
2026-09-25,LCJ,CRL,2026-11-16,,,unavailable
2026-09-25,LCJ,CRL,2026-11-17,,,unavailable
2026-09-25,LCJ,CRL,2026-11-18,,,unavailable
2026-09-25,LCJ,CRL,2026-11-19,,,unavailable
2026-09-25,LCJ,CRL,2026-11-20,,,unavailable
2026-09-25,LCJ,CRL,2026-11-21,,,unavailable
2026-09-25,LCJ,CRL,2026-11-22,,,unavailable
2026-09-25,LCJ,CRL,2026-11-23,,,unavailable
2026-09-25,LCJ,CRL,2026-11-24,,,unavailable
2026-09-25,LCJ,CRL,2026-11-25,,,unavailable
2026-09-25,LCJ,CRL,2026-11-26,,,unavailable
2026-09-25,LCJ,CRL,2026-11-27,,,unavailable
2026-09-25,LCJ,CRL,2026-11-28,,,unavailable
2026-09-25,LCJ,CRL,2026-11-29,,,unavailable
2026-09-25,LCJ,CRL,2026-11-30,,,unavailable
2026-09-25,LCJ,CRL,2026-12-01,,,unavailable
2026-09-25,LCJ,CRL,2026-12-02,,,unavailable
2026-09-25,LCJ,CRL,2026-12-03,,,unavailable
2026-09-25,LCJ,CRL,2026-12-04,,,unavailable
2026-09-25,LCJ,CRL,2026-12-05,,,unavailable
2026-09-25,LCJ,CRL,2026-12-06,,,unavailable
2026-09-25,LCJ,CRL,2026-12-07,,,unavailable
2026-09-25,LCJ,CRL,2026-12-08,,,unavailable
2026-09-25,LCJ,CRL,2026-12-09,,,unavailable
2026-09-25,LCJ,CRL,2026-12-10,,,unavailable
2026-09-25,LCJ,CRL,2026-12-11,,,unavailable
2026-09-25,LCJ,CRL,2026-12-12,,,unavailable
2026-09-25,LCJ,CRL,2026-12-13,,,unavailable
2026-09-25,LCJ,CRL,2026-12-14,,,unavailable
2026-09-25,LCJ,CRL,2026-12-15,,,unavailable
2026-09-25,LCJ,CRL,2026-12-16,,,unavailable
2026-09-25,LCJ,CRL,2026-12-17,,,unavailable
2026-09-25,LCJ,CRL,2026-12-18,,,unavailable
2026-09-25,LCJ,CRL,2026-12-19,,,unavailable
2026-09-25,LCJ,CRL,2026-12-20,,,unavailable
2026-09-25,LCJ,CRL,2026-12-21,,,unavailable
2026-09-25,LCJ,CRL,2026-12-22,,,unavailable
2026-09-25,LCJ,CRL,2026-12-23,,,unavailable
2026-09-25,LCJ,CRL,2026-12-24,,,unavailable
2026-09-25,LCJ,CRL,2026-12-25,,,unavailable
2026-09-25,LCJ,CRL,2026-12-26,,,unavailable
2026-09-25,LCJ,CRL,2026-12-27,,,unavailable
2026-09-25,LCJ,CRL,2026-12-28,,,unavailable
2026-09-25,LCJ,CRL,2026-12-29,,,unavailable
2026-09-25,LCJ,CRL,2026-12-30,,,unavailable
2026-09-25,LCJ,CRL,2026-12-31,,,unavailable
2026-09-25,LCJ,CRL,2027-01-01,,,unavailable
2026-09-25,LCJ,CRL,2027-01-02,,,unavailable
2026-09-25,LCJ,CRL,2027-01-03,,,unavailable
2026-09-25,LCJ,CRL,2027-01-04,,,unavailable
2026-09-25,LCJ,CRL,2027-01-05,,,unavailable
2026-09-25,LCJ,CRL,2027-01-06,,,unavailable
2026-09-25,LCJ,CRL,2027-01-07,,,unavailable
2026-09-25,LCJ,CRL,2027-01-08,,,unavailable
2026-09-25,LCJ,CRL,2027-01-09,,,unavailable
2026-09-25,LCJ,CRL,2027-01-10,,,unavailable
2026-09-25,LCJ,CRL,2027-01-11,,,unavailable
2026-09-25,LCJ,CRL,2027-01-12,,,unavailable
2026-09-25,LCJ,CRL,2027-01-13,,,unavailable
2026-09-25,LCJ,CRL,2027-01-14,,,unavailable
2026-09-25,LCJ,CRL,2027-01-15,,,unavailable
2026-09-25,LCJ,CRL,2027-01-16,,,unavailable
2026-09-25,LCJ,CRL,2027-01-17,,,unavailable
2026-09-25,LCJ,CRL,2027-01-18,,,unavailable
2026-09-25,LCJ,CRL,2027-01-19,,,unavailable
2026-09-25,LCJ,CRL,2027-01-20,,,unavailable
2026-09-25,LCJ,CRL,2027-01-21,,,unavailable
2026-09-25,LCJ,CRL,2027-01-22,,,unavailable
2026-09-25,LCJ,CRL,2027-01-23,,,unavailable
2026-09-25,LCJ,CRL,2027-01-24,,,unavailable
2026-09-25,LCJ,CRL,2027-01-25,,,unavailable
2026-09-25,LCJ,CRL,2027-01-26,,,unavailable
2026-09-25,LCJ,CRL,2027-01-27,,,unavailable
2026-09-25,LCJ,CRL,2027-01-28,,,unavailable
2026-09-25,LCJ,CRL,2027-01-29,,,unavailable
2026-09-25,LCJ,CRL,2027-01-30,,,unavailable
2026-09-25,LCJ,CRL,2027-01-31,,,unavailable
2026-09-25,LCJ,CRL,2027-02-01,,,unavailable
2026-09-25,LCJ,CRL,2027-02-02,,,unavailable
2026-09-25,LCJ,CRL,2027-02-03,,,unavailable
2026-09-25,LCJ,CRL,2027-02-04,,,unavailable
2026-09-25,LCJ,CRL,2027-02-05,,,unavailable
2026-09-25,LCJ,CRL,2027-02-06,,,unavailable
2026-09-25,LCJ,CRL,2027-02-07,,,unavailable
2026-09-25,LCJ,CRL,2027-02-08,,,unavailable
2026-09-25,LCJ,CRL,2027-02-09,,,unavailable
2026-09-25,LCJ,CRL,2027-02-10,,,unavailable
2026-09-25,LCJ,CRL,2027-02-11,,,unavailable
2026-09-25,LCJ,CRL,2027-02-12,,,unavailable
2026-09-25,LCJ,CRL,2027-02-13,,,unavailable
2026-09-25,LCJ,CRL,2027-02-14,,,unavailable
2026-09-25,LCJ,CRL,2027-02-15,,,unavailable
2026-09-25,LCJ,CRL,2027-02-16,,,unavailable
2026-09-25,LCJ,CRL,2027-02-17,,,unavailable
2026-09-25,LCJ,CRL,2027-02-18,,,unavailable
2026-09-25,LCJ,CRL,2027-02-19,,,unavailable
2026-09-25,LCJ,CRL,2027-02-20,,,unavailable
2026-09-25,LCJ,CRL,2027-02-21,,,unavailable
2026-09-25,LCJ,CRL,2027-02-22,,,unavailable
2026-09-25,LCJ,CRL,2027-02-23,,,unavailable
2026-09-25,LCJ,CRL,2027-02-24,,,unavailable
2026-09-25,LCJ,CRL,2027-02-25,,,unavailable
2026-09-25,LCJ,CRL,2027-02-26,,,unavailable
2026-09-25,LCJ,CRL,2027-02-27,,,unavailable
2026-09-25,LCJ,CRL,2027-02-28,,,unavailable
2026-09-25,LCJ,CRL,2027-03-01,,,unavailable
2026-09-25,LCJ,CRL,2027-03-02,,,unavailable
2026-09-25,LCJ,CRL,2027-03-03,,,unavailable
2026-09-25,LCJ,CRL,2027-03-04,,,unavailable
2026-09-25,LCJ,CRL,2027-03-05,,,unavailable
2026-09-25,LCJ,CRL,2027-03-06,,,unavailable
2026-09-25,LCJ,CRL,2027-03-07,,,unavailable
2026-09-25,LCJ,CRL,2027-03-08,,,unavailable
2026-09-25,LCJ,CRL,2027-03-09,,,unavailable
2026-09-25,LCJ,CRL,2027-03-10,,,unavailable
2026-09-25,LCJ,CRL,2027-03-11,,,unavailable
2026-09-25,LCJ,CRL,2027-03-12,,,unavailable
2026-09-25,LCJ,CRL,2027-03-13,,,unavailable
2026-09-25,LCJ,CRL,2027-03-14,,,unavailable
2026-09-25,LCJ,CRL,2027-03-15,,,unavailable
2026-09-25,LCJ,CRL,2027-03-16,,,unavailable
2026-09-25,LCJ,CRL,2027-03-17,,,unavailable
2026-09-25,LCJ,CRL,2027-03-18,,,unavailable
2026-09-25,LCJ,CRL,2027-03-19,,,unavailable
2026-09-25,LCJ,CRL,2027-03-20,,,unavailable
2026-09-25,LCJ,CRL,2027-03-21,,,unavailable
2026-09-25,LCJ,CRL,2027-03-22,,,unavailable
2026-09-25,LCJ,CRL,2027-03-23,,,unavailable
2026-09-25,LCJ,CRL,2027-03-24,,,unavailable
2026-09-25,LCJ,CRL,2027-03-25,,,unavailable
2026-09-25,LCJ,CRL,2027-03-26,,,unavailable
2026-09-25,LCJ,CRL,2027-03-27,,,unavailable
2026-09-25,LCJ,CRL,2027-03-28,,,unavailable
2026-09-25,LCJ,CRL,2027-03-29,,,unavailable
2026-09-25,LCJ,CRL,2027-03-30,,,unavailable
2026-09-25,LCJ,CRL,2027-03-31,,,unavailable
2026-09-25,LCJ,CRL,2027-04-01,,,unavailable
2026-09-25,LCJ,CRL,2027-04-02,,,unavailable
2026-09-25,LCJ,CRL,2027-04-03,,,unavailable
2026-09-25,LCJ,CRL,2027-04-04,,,unavailable
2026-09-25,LCJ,CRL,2027-04-05,,,unavailable
2026-09-25,LCJ,CRL,2027-04-06,,,unavailable
2026-09-25,LCJ,CRL,2027-04-07,,,unavailable
2026-09-25,LCJ,CRL,2027-04-08,,,unavailable
2026-09-25,LCJ,CRL,2027-04-09,,,unavailable
2026-09-25,LCJ,CRL,2027-04-10,,,unavailable
2026-09-25,LCJ,CRL,2027-04-11,,,unavailable
2026-09-25,LCJ,CRL,2027-04-12,,,unavailable
2026-09-25,LCJ,CRL,2027-04-13,,,unavailable
2026-09-25,LCJ,CRL,2027-04-14,,,unavailable
2026-09-25,LCJ,CRL,2027-04-15,,,unavailable
2026-09-25,LCJ,CRL,2027-04-16,,,unavailable
2026-09-25,LCJ,CRL,2027-04-17,,,unavailable
2026-09-25,LCJ,CRL,2027-04-18,,,unavailable
2026-09-25,LCJ,CRL,2027-04-19,,,unavailable
2026-09-25,LCJ,CRL,2027-04-20,,,unavailable
2026-09-25,LCJ,CRL,2027-04-21,,,unavailable
2026-09-25,LCJ,CRL,2027-04-22,,,unavailable
2026-09-25,LCJ,CRL,2027-04-23,,,unavailable
2026-09-25,LCJ,CRL,2027-04-24,,,unavailable
2026-09-25,LCJ,CRL,2027-04-25,,,unavailable
2026-09-25,LCJ,CRL,2027-04-26,,,unavailable
2026-09-25,LCJ,CRL,2027-04-27,,,unavailable
2026-09-25,LCJ,CRL,2027-04-28,,,unavailable
2026-09-25,LCJ,CRL,2027-04-29,,,unavailable
2026-09-25,LCJ,CRL,2027-04-30,,,unavailable
2026-09-25,LCJ,CRL,2027-05-01,,,unavailable
2026-09-25,LCJ,CRL,2027-05-02,,,unavailable
2026-09-25,LCJ,CRL,2027-05-03,,,unavailable
2026-09-25,LCJ,CRL,2027-05-04,,,unavailable
2026-09-25,LCJ,CRL,2027-05-05,,,unavailable
2026-09-25,LCJ,CRL,2027-05-06,,,unavailable
2026-09-25,LCJ,CRL,2027-05-07,,,unavailable
2026-09-25,LCJ,CRL,2027-05-08,,,unavailable
2026-09-25,LCJ,CRL,2027-05-09,,,unavailable
2026-09-25,LCJ,CRL,2027-05-10,,,unavailable
2026-09-25,LCJ,CRL,2027-05-11,,,unavailable
2026-09-25,LCJ,CRL,2027-05-12,,,unavailable
2026-09-25,LCJ,CRL,2027-05-13,,,unavailable
2026-09-25,LCJ,CRL,2027-05-14,,,unavailable
2026-09-25,LCJ,CRL,2027-05-15,,,unavailable
2026-09-25,LCJ,CRL,2027-05-16,,,unavailable
2026-09-25,LCJ,CRL,2027-05-17,,,unavailable
2026-09-25,LCJ,CRL,2027-05-18,,,unavailable
2026-09-25,LCJ,CRL,2027-05-19,,,unavailable
2026-09-25,LCJ,CRL,2027-05-20,,,unavailable
2026-09-25,LCJ,CRL,2027-05-21,,,unavailable
2026-09-25,LCJ,CRL,2027-05-22,,,unavailable
2026-09-25,LCJ,CRL,2027-05-23,,,unavailable
2026-09-25,LCJ,CRL,2027-05-24,,,unavailable
2026-09-25,LCJ,CRL,2027-05-25,,,unavailable
2026-09-25,LCJ,CRL,2027-05-26,,,unavailable
2026-09-25,LCJ,CRL,2027-05-27,,,unavailable
2026-09-25,LCJ,CRL,2027-05-28,,,unavailable
2026-09-25,LCJ,CRL,2027-05-29,,,unavailable
2026-09-25,LCJ,CRL,2027-05-30,,,unavailable
2026-09-25,LCJ,CRL,2027-05-31,,,unavailable
2026-09-25,LCJ,CRL,2027-06-01,,,unavailable
2026-09-25,LCJ,CRL,2027-06-02,,,unavailable
2026-09-25,LCJ,CRL,2027-06-03,,,unavailable
2026-09-25,LCJ,CRL,2027-06-04,,,unavailable
2026-09-25,LCJ,CRL,2027-06-05,,,unavailable
2026-09-25,LCJ,CRL,2027-06-06,,,unavailable
2026-09-25,LCJ,CRL,2027-06-07,,,unavailable
2026-09-25,LCJ,CRL,2027-06-08,,,unavailable
2026-09-25,LCJ,CRL,2027-06-09,,,unavailable
2026-09-25,LCJ,CRL,2027-06-10,,,unavailable
2026-09-25,LCJ,CRL,2027-06-11,,,unavailable
2026-09-25,LCJ,CRL,2027-06-12,,,unavailable
2026-09-25,LCJ,CRL,2027-06-13,,,unavailable
2026-09-25,LCJ,CRL,2027-06-14,,,unavailable
2026-09-25,LCJ,CRL,2027-06-15,,,unavailable
2026-09-25,LCJ,CRL,2027-06-16,,,unavailable
2026-09-25,LCJ,CRL,2027-06-17,,,unavailable
2026-09-25,LCJ,CRL,2027-06-18,,,unavailable
2026-09-25,LCJ,CRL,2027-06-19,,,unavailable
2026-09-25,LCJ,CRL,2027-06-20,,,unavailable
2026-09-25,LCJ,CRL,2027-06-21,,,unavailable
2026-09-25,LCJ,CRL,2027-06-22,,,unavailable
2026-09-25,LCJ,CRL,2027-06-23,,,unavailable
2026-09-25,LCJ,CRL,2027-06-24,,,unavailable
2026-09-25,LCJ,CRL,2027-06-25,,,unavailable
2026-09-25,LCJ,CRL,2027-06-26,,,unavailable
2026-09-25,LCJ,CRL,2027-06-27,,,unavailable
2026-09-25,LCJ,CRL,2027-06-28,,,unavailable
2026-09-25,LCJ,CRL,2027-06-29,,,unavailable
2026-09-25,LCJ,CRL,2027-06-30,,,unavailable
2026-09-25,LCJ,CRL,2027-07-01,,,unavailable
2026-09-25,LCJ,CRL,2027-07-02,,,unavailable
2026-09-25,LCJ,CRL,2027-07-03,,,unavailable
2026-09-25,LCJ,CRL,2027-07-04,,,unavailable
2026-09-25,LCJ,CRL,2027-07-05,,,unavailable
2026-09-25,LCJ,CRL,2027-07-06,,,unavailable
2026-09-25,LCJ,CRL,2027-07-07,,,unavailable
2026-09-25,LCJ,CRL,2027-07-08,,,unavailable
2026-09-25,LCJ,CRL,2027-07-09,,,unavailable
2026-09-25,LCJ,CRL,2027-07-10,,,unavailable
2026-09-25,LCJ,CRL,2027-07-11,,,unavailable
2026-09-25,LCJ,CRL,2027-07-12,,,unavailable
2026-09-25,LCJ,CRL,2027-07-13,,,unavailable
2026-09-25,LCJ,CRL,2027-07-14,,,unavailable
2026-09-25,LCJ,CRL,2027-07-15,,,unavailable
2026-09-25,LCJ,CRL,2027-07-16,,,unavailable
2026-09-25,LCJ,CRL,2027-07-17,,,unavailable
2026-09-25,LCJ,CRL,2027-07-18,,,unavailable
2026-09-25,LCJ,CRL,2027-07-19,,,unavailable
2026-09-25,LCJ,CRL,2027-07-20,,,unavailable
2026-09-25,LCJ,CRL,2027-07-21,,,unavailable
2026-09-25,LCJ,CRL,2027-07-22,,,unavailable
2026-09-25,LCJ,CRL,2027-07-23,,,unavailable
2026-09-25,LCJ,CRL,2027-07-24,,,unavailable
2026-09-25,LCJ,CRL,2027-07-25,,,unavailable
2026-09-25,LCJ,CRL,2027-07-26,,,unavailable
2026-09-25,LCJ,CRL,2027-07-27,,,unavailable
2026-09-25,LCJ,CRL,2027-07-28,,,unavailable
2026-09-25,LCJ,CRL,2027-07-29,,,unavailable
2026-09-25,LCJ,CRL,2027-07-30,,,unavailable
2026-09-25,LCJ,CRL,2027-07-31,,,unavailable
2026-09-25,LCJ,CRL,2027-08-01,,,unavailable
2026-09-25,LCJ,CRL,2027-08-02,,,unavailable
2026-09-25,LCJ,CRL,2027-08-03,,,unavailable
2026-09-25,LCJ,CRL,2027-08-04,,,unavailable
2026-09-25,LCJ,CRL,2027-08-05,,,unavailable
2026-09-25,LCJ,CRL,2027-08-06,,,unavailable
2026-09-25,LCJ,CRL,2027-08-07,,,unavailable
2026-09-25,LCJ,CRL,2027-08-08,,,unavailable
2026-09-25,LCJ,CRL,2027-08-09,,,unavailable
2026-09-25,LCJ,CRL,2027-08-10,,,unavailable
2026-09-25,LCJ,CRL,2027-08-11,,,unavailable
2026-09-25,LCJ,CRL,2027-08-12,,,unavailable
2026-09-25,LCJ,CRL,2027-08-13,,,unavailable
2026-09-25,LCJ,CRL,2027-08-14,,,unavailable
2026-09-25,LCJ,CRL,2027-08-15,,,unavailable
2026-09-25,LCJ,CRL,2027-08-16,,,unavailable
2026-09-25,LCJ,CRL,2027-08-17,,,unavailable
2026-09-25,LCJ,CRL,2027-08-18,,,unavailable
2026-09-25,LCJ,CRL,2027-08-19,,,unavailable
2026-09-25,LCJ,CRL,2027-08-20,,,unavailable
2026-09-25,LCJ,CRL,2027-08-21,,,unavailable
2026-09-25,LCJ,CRL,2027-08-22,,,unavailable
2026-09-25,LCJ,CRL,2027-08-23,,,unavailable
2026-09-25,LCJ,CRL,2027-08-24,,,unavailable
2026-09-25,LCJ,CRL,2027-08-25,,,unavailable
2026-09-25,LCJ,CRL,2027-08-26,,,unavailable
2026-09-25,LCJ,CRL,2027-08-27,,,unavailable
2026-09-25,LCJ,CRL,2027-08-28,,,unavailable
2026-09-25,LCJ,CRL,2027-08-29,,,unavailable
2026-09-25,LCJ,CRL,2027-08-30,,,unavailable
2026-09-25,LCJ,CRL,2027-08-31,,,unavailable
2026-09-25,CRL,LCJ,2026-09-25,,,unavailable
2026-09-25,CRL,LCJ,2026-09-26,,,unavailable
2026-09-25,CRL,LCJ,2026-09-27,12:05,495.00,ok
2026-09-25,CRL,LCJ,2026-09-28,,,unavailable
2026-09-25,CRL,LCJ,2026-09-29,,,unavailable
2026-09-25,CRL,LCJ,2026-09-30,,,unavailable
2026-09-25,CRL,LCJ,2026-10-01,13:05,70.05,ok
2026-09-25,CRL,LCJ,2026-10-02,,,unavailable
2026-09-25,CRL,LCJ,2026-10-03,,,unavailable
2026-09-25,CRL,LCJ,2026-10-04,12:05,83.19,ok
2026-09-25,CRL,LCJ,2026-10-05,,,unavailable
2026-09-25,CRL,LCJ,2026-10-06,,,unavailable
2026-09-25,CRL,LCJ,2026-10-07,,,unavailable
2026-09-25,CRL,LCJ,2026-10-08,13:05,65.79,ok
2026-09-25,CRL,LCJ,2026-10-09,,,unavailable
2026-09-25,CRL,LCJ,2026-10-10,,,unavailable
2026-09-25,CRL,LCJ,2026-10-11,12:05,100.72,ok
2026-09-25,CRL,LCJ,2026-10-12,,,unavailable
2026-09-25,CRL,LCJ,2026-10-13,,,unavailable
2026-09-25,CRL,LCJ,2026-10-14,,,unavailable
2026-09-25,CRL,LCJ,2026-10-15,13:05,65.67,ok
2026-09-25,CRL,LCJ,2026-10-16,,,unavailable
2026-09-25,CRL,LCJ,2026-10-17,,,unavailable
2026-09-25,CRL,LCJ,2026-10-18,12:05,205.86,ok
2026-09-25,CRL,LCJ,2026-10-19,,,unavailable
2026-09-25,CRL,LCJ,2026-10-20,,,unavailable
2026-09-25,CRL,LCJ,2026-10-21,,,unavailable
2026-09-25,CRL,LCJ,2026-10-22,13:05,65.67,ok
2026-09-25,CRL,LCJ,2026-10-23,,,unavailable
2026-09-25,CRL,LCJ,2026-10-24,,,unavailable
2026-09-25,CRL,LCJ,2026-10-25,,,unavailable
2026-09-25,CRL,LCJ,2026-10-26,,,unavailable
2026-09-25,CRL,LCJ,2026-10-27,,,unavailable
2026-09-25,CRL,LCJ,2026-10-28,,,unavailable
2026-09-25,CRL,LCJ,2026-10-29,,,unavailable
2026-09-25,CRL,LCJ,2026-10-30,,,unavailable
2026-09-25,CRL,LCJ,2026-10-31,,,unavailable
2026-09-25,CRL,LCJ,2026-11-01,,,unavailable
2026-09-25,CRL,LCJ,2026-11-02,,,unavailable
2026-09-25,CRL,LCJ,2026-11-03,,,unavailable
2026-09-25,CRL,LCJ,2026-11-04,,,unavailable
2026-09-25,CRL,LCJ,2026-11-05,,,unavailable
2026-09-25,CRL,LCJ,2026-11-06,,,unavailable
2026-09-25,CRL,LCJ,2026-11-07,,,unavailable
2026-09-25,CRL,LCJ,2026-11-08,,,unavailable
2026-09-25,CRL,LCJ,2026-11-09,,,unavailable
2026-09-25,CRL,LCJ,2026-11-10,,,unavailable
2026-09-25,CRL,LCJ,2026-11-11,,,unavailable
2026-09-25,CRL,LCJ,2026-11-12,,,unavailable
2026-09-25,CRL,LCJ,2026-11-13,,,unavailable
2026-09-25,CRL,LCJ,2026-11-14,,,unavailable
2026-09-25,CRL,LCJ,2026-11-15,,,unavailable
2026-09-25,CRL,LCJ,2026-11-16,,,unavailable
2026-09-25,CRL,LCJ,2026-11-17,,,unavailable
2026-09-25,CRL,LCJ,2026-11-18,,,unavailable
2026-09-25,CRL,LCJ,2026-11-19,,,unavailable
2026-09-25,CRL,LCJ,2026-11-20,,,unavailable
2026-09-25,CRL,LCJ,2026-11-21,,,unavailable
2026-09-25,CRL,LCJ,2026-11-22,,,unavailable
2026-09-25,CRL,LCJ,2026-11-23,,,unavailable
2026-09-25,CRL,LCJ,2026-11-24,,,unavailable
2026-09-25,CRL,LCJ,2026-11-25,,,unavailable
2026-09-25,CRL,LCJ,2026-11-26,,,unavailable
2026-09-25,CRL,LCJ,2026-11-27,,,unavailable
2026-09-25,CRL,LCJ,2026-11-28,,,unavailable
2026-09-25,CRL,LCJ,2026-11-29,,,unavailable
2026-09-25,CRL,LCJ,2026-11-30,,,unavailable
2026-09-25,CRL,LCJ,2026-12-01,,,unavailable
2026-09-25,CRL,LCJ,2026-12-02,,,unavailable
2026-09-25,CRL,LCJ,2026-12-03,,,unavailable
2026-09-25,CRL,LCJ,2026-12-04,,,unavailable
2026-09-25,CRL,LCJ,2026-12-05,,,unavailable
2026-09-25,CRL,LCJ,2026-12-06,,,unavailable
2026-09-25,CRL,LCJ,2026-12-07,,,unavailable
2026-09-25,CRL,LCJ,2026-12-08,,,unavailable
2026-09-25,CRL,LCJ,2026-12-09,,,unavailable
2026-09-25,CRL,LCJ,2026-12-10,,,unavailable
2026-09-25,CRL,LCJ,2026-12-11,,,unavailable
2026-09-25,CRL,LCJ,2026-12-12,,,unavailable
2026-09-25,CRL,LCJ,2026-12-13,,,unavailable
2026-09-25,CRL,LCJ,2026-12-14,,,unavailable
2026-09-25,CRL,LCJ,2026-12-15,,,unavailable
2026-09-25,CRL,LCJ,2026-12-16,,,unavailable
2026-09-25,CRL,LCJ,2026-12-17,,,unavailable
2026-09-25,CRL,LCJ,2026-12-18,,,unavailable
2026-09-25,CRL,LCJ,2026-12-19,,,unavailable
2026-09-25,CRL,LCJ,2026-12-20,,,unavailable
2026-09-25,CRL,LCJ,2026-12-21,,,unavailable
2026-09-25,CRL,LCJ,2026-12-22,,,unavailable
2026-09-25,CRL,LCJ,2026-12-23,,,unavailable
2026-09-25,CRL,LCJ,2026-12-24,,,unavailable
2026-09-25,CRL,LCJ,2026-12-25,,,unavailable
2026-09-25,CRL,LCJ,2026-12-26,,,unavailable
2026-09-25,CRL,LCJ,2026-12-27,,,unavailable
2026-09-25,CRL,LCJ,2026-12-28,,,unavailable
2026-09-25,CRL,LCJ,2026-12-29,,,unavailable
2026-09-25,CRL,LCJ,2026-12-30,,,unavailable
2026-09-25,CRL,LCJ,2026-12-31,,,unavailable
2026-09-25,CRL,LCJ,2027-01-01,,,unavailable
2026-09-25,CRL,LCJ,2027-01-02,,,unavailable
2026-09-25,CRL,LCJ,2027-01-03,,,unavailable
2026-09-25,CRL,LCJ,2027-01-04,,,unavailable
2026-09-25,CRL,LCJ,2027-01-05,,,unavailable
2026-09-25,CRL,LCJ,2027-01-06,,,unavailable
2026-09-25,CRL,LCJ,2027-01-07,,,unavailable
2026-09-25,CRL,LCJ,2027-01-08,,,unavailable
2026-09-25,CRL,LCJ,2027-01-09,,,unavailable
2026-09-25,CRL,LCJ,2027-01-10,,,unavailable
2026-09-25,CRL,LCJ,2027-01-11,,,unavailable
2026-09-25,CRL,LCJ,2027-01-12,,,unavailable
2026-09-25,CRL,LCJ,2027-01-13,,,unavailable
2026-09-25,CRL,LCJ,2027-01-14,,,unavailable
2026-09-25,CRL,LCJ,2027-01-15,,,unavailable
2026-09-25,CRL,LCJ,2027-01-16,,,unavailable
2026-09-25,CRL,LCJ,2027-01-17,,,unavailable
2026-09-25,CRL,LCJ,2027-01-18,,,unavailable
2026-09-25,CRL,LCJ,2027-01-19,,,unavailable
2026-09-25,CRL,LCJ,2027-01-20,,,unavailable
2026-09-25,CRL,LCJ,2027-01-21,,,unavailable
2026-09-25,CRL,LCJ,2027-01-22,,,unavailable
2026-09-25,CRL,LCJ,2027-01-23,,,unavailable
2026-09-25,CRL,LCJ,2027-01-24,,,unavailable
2026-09-25,CRL,LCJ,2027-01-25,,,unavailable
2026-09-25,CRL,LCJ,2027-01-26,,,unavailable
2026-09-25,CRL,LCJ,2027-01-27,,,unavailable
2026-09-25,CRL,LCJ,2027-01-28,,,unavailable
2026-09-25,CRL,LCJ,2027-01-29,,,unavailable
2026-09-25,CRL,LCJ,2027-01-30,,,unavailable
2026-09-25,CRL,LCJ,2027-01-31,,,unavailable
2026-09-25,CRL,LCJ,2027-02-01,,,unavailable
2026-09-25,CRL,LCJ,2027-02-02,,,unavailable
2026-09-25,CRL,LCJ,2027-02-03,,,unavailable
2026-09-25,CRL,LCJ,2027-02-04,,,unavailable
2026-09-25,CRL,LCJ,2027-02-05,,,unavailable
2026-09-25,CRL,LCJ,2027-02-06,,,unavailable
2026-09-25,CRL,LCJ,2027-02-07,,,unavailable
2026-09-25,CRL,LCJ,2027-02-08,,,unavailable
2026-09-25,CRL,LCJ,2027-02-09,,,unavailable
2026-09-25,CRL,LCJ,2027-02-10,,,unavailable
2026-09-25,CRL,LCJ,2027-02-11,,,unavailable
2026-09-25,CRL,LCJ,2027-02-12,,,unavailable
2026-09-25,CRL,LCJ,2027-02-13,,,unavailable
2026-09-25,CRL,LCJ,2027-02-14,,,unavailable
2026-09-25,CRL,LCJ,2027-02-15,,,unavailable
2026-09-25,CRL,LCJ,2027-02-16,,,unavailable
2026-09-25,CRL,LCJ,2027-02-17,,,unavailable
2026-09-25,CRL,LCJ,2027-02-18,,,unavailable
2026-09-25,CRL,LCJ,2027-02-19,,,unavailable
2026-09-25,CRL,LCJ,2027-02-20,,,unavailable
2026-09-25,CRL,LCJ,2027-02-21,,,unavailable
2026-09-25,CRL,LCJ,2027-02-22,,,unavailable
2026-09-25,CRL,LCJ,2027-02-23,,,unavailable
2026-09-25,CRL,LCJ,2027-02-24,,,unavailable
2026-09-25,CRL,LCJ,2027-02-25,,,unavailable
2026-09-25,CRL,LCJ,2027-02-26,,,unavailable
2026-09-25,CRL,LCJ,2027-02-27,,,unavailable
2026-09-25,CRL,LCJ,2027-02-28,,,unavailable
2026-09-25,CRL,LCJ,2027-03-01,,,unavailable
2026-09-25,CRL,LCJ,2027-03-02,,,unavailable
2026-09-25,CRL,LCJ,2027-03-03,,,unavailable
2026-09-25,CRL,LCJ,2027-03-04,,,unavailable
2026-09-25,CRL,LCJ,2027-03-05,,,unavailable
2026-09-25,CRL,LCJ,2027-03-06,,,unavailable
2026-09-25,CRL,LCJ,2027-03-07,,,unavailable
2026-09-25,CRL,LCJ,2027-03-08,,,unavailable
2026-09-25,CRL,LCJ,2027-03-09,,,unavailable
2026-09-25,CRL,LCJ,2027-03-10,,,unavailable
2026-09-25,CRL,LCJ,2027-03-11,,,unavailable
2026-09-25,CRL,LCJ,2027-03-12,,,unavailable
2026-09-25,CRL,LCJ,2027-03-13,,,unavailable
2026-09-25,CRL,LCJ,2027-03-14,,,unavailable
2026-09-25,CRL,LCJ,2027-03-15,,,unavailable
2026-09-25,CRL,LCJ,2027-03-16,,,unavailable
2026-09-25,CRL,LCJ,2027-03-17,,,unavailable
2026-09-25,CRL,LCJ,2027-03-18,,,unavailable
2026-09-25,CRL,LCJ,2027-03-19,,,unavailable
2026-09-25,CRL,LCJ,2027-03-20,,,unavailable
2026-09-25,CRL,LCJ,2027-03-21,,,unavailable
2026-09-25,CRL,LCJ,2027-03-22,,,unavailable
2026-09-25,CRL,LCJ,2027-03-23,,,unavailable
2026-09-25,CRL,LCJ,2027-03-24,,,unavailable
2026-09-25,CRL,LCJ,2027-03-25,,,unavailable
2026-09-25,CRL,LCJ,2027-03-26,,,unavailable
2026-09-25,CRL,LCJ,2027-03-27,,,unavailable
2026-09-25,CRL,LCJ,2027-03-28,,,unavailable
2026-09-25,CRL,LCJ,2027-03-29,,,unavailable
2026-09-25,CRL,LCJ,2027-03-30,,,unavailable
2026-09-25,CRL,LCJ,2027-03-31,,,unavailable
2026-09-25,CRL,LCJ,2027-04-01,,,unavailable
2026-09-25,CRL,LCJ,2027-04-02,,,unavailable
2026-09-25,CRL,LCJ,2027-04-03,,,unavailable
2026-09-25,CRL,LCJ,2027-04-04,,,unavailable
2026-09-25,CRL,LCJ,2027-04-05,,,unavailable
2026-09-25,CRL,LCJ,2027-04-06,,,unavailable
2026-09-25,CRL,LCJ,2027-04-07,,,unavailable
2026-09-25,CRL,LCJ,2027-04-08,,,unavailable
2026-09-25,CRL,LCJ,2027-04-09,,,unavailable
2026-09-25,CRL,LCJ,2027-04-10,,,unavailable
2026-09-25,CRL,LCJ,2027-04-11,,,unavailable
2026-09-25,CRL,LCJ,2027-04-12,,,unavailable
2026-09-25,CRL,LCJ,2027-04-13,,,unavailable
2026-09-25,CRL,LCJ,2027-04-14,,,unavailable
2026-09-25,CRL,LCJ,2027-04-15,,,unavailable
2026-09-25,CRL,LCJ,2027-04-16,,,unavailable
2026-09-25,CRL,LCJ,2027-04-17,,,unavailable
2026-09-25,CRL,LCJ,2027-04-18,,,unavailable
2026-09-25,CRL,LCJ,2027-04-19,,,unavailable
2026-09-25,CRL,LCJ,2027-04-20,,,unavailable
2026-09-25,CRL,LCJ,2027-04-21,,,unavailable
2026-09-25,CRL,LCJ,2027-04-22,,,unavailable
2026-09-25,CRL,LCJ,2027-04-23,,,unavailable
2026-09-25,CRL,LCJ,2027-04-24,,,unavailable
2026-09-25,CRL,LCJ,2027-04-25,,,unavailable
2026-09-25,CRL,LCJ,2027-04-26,,,unavailable
2026-09-25,CRL,LCJ,2027-04-27,,,unavailable
2026-09-25,CRL,LCJ,2027-04-28,,,unavailable
2026-09-25,CRL,LCJ,2027-04-29,,,unavailable
2026-09-25,CRL,LCJ,2027-04-30,,,unavailable
2026-09-25,CRL,LCJ,2027-05-01,,,unavailable
2026-09-25,CRL,LCJ,2027-05-02,,,unavailable
2026-09-25,CRL,LCJ,2027-05-03,,,unavailable
2026-09-25,CRL,LCJ,2027-05-04,,,unavailable
2026-09-25,CRL,LCJ,2027-05-05,,,unavailable
2026-09-25,CRL,LCJ,2027-05-06,,,unavailable
2026-09-25,CRL,LCJ,2027-05-07,,,unavailable
2026-09-25,CRL,LCJ,2027-05-08,,,unavailable
2026-09-25,CRL,LCJ,2027-05-09,,,unavailable
2026-09-25,CRL,LCJ,2027-05-10,,,unavailable
2026-09-25,CRL,LCJ,2027-05-11,,,unavailable
2026-09-25,CRL,LCJ,2027-05-12,,,unavailable
2026-09-25,CRL,LCJ,2027-05-13,,,unavailable
2026-09-25,CRL,LCJ,2027-05-14,,,unavailable
2026-09-25,CRL,LCJ,2027-05-15,,,unavailable
2026-09-25,CRL,LCJ,2027-05-16,,,unavailable
2026-09-25,CRL,LCJ,2027-05-17,,,unavailable
2026-09-25,CRL,LCJ,2027-05-18,,,unavailable
2026-09-25,CRL,LCJ,2027-05-19,,,unavailable
2026-09-25,CRL,LCJ,2027-05-20,,,unavailable
2026-09-25,CRL,LCJ,2027-05-21,,,unavailable
2026-09-25,CRL,LCJ,2027-05-22,,,unavailable
2026-09-25,CRL,LCJ,2027-05-23,,,unavailable
2026-09-25,CRL,LCJ,2027-05-24,,,unavailable
2026-09-25,CRL,LCJ,2027-05-25,,,unavailable
2026-09-25,CRL,LCJ,2027-05-26,,,unavailable
2026-09-25,CRL,LCJ,2027-05-27,,,unavailable
2026-09-25,CRL,LCJ,2027-05-28,,,unavailable
2026-09-25,CRL,LCJ,2027-05-29,,,unavailable
2026-09-25,CRL,LCJ,2027-05-30,,,unavailable
2026-09-25,CRL,LCJ,2027-05-31,,,unavailable
2026-09-25,CRL,LCJ,2027-06-01,,,unavailable
2026-09-25,CRL,LCJ,2027-06-02,,,unavailable
2026-09-25,CRL,LCJ,2027-06-03,,,unavailable
2026-09-25,CRL,LCJ,2027-06-04,,,unavailable
2026-09-25,CRL,LCJ,2027-06-05,,,unavailable
2026-09-25,CRL,LCJ,2027-06-06,,,unavailable
2026-09-25,CRL,LCJ,2027-06-07,,,unavailable
2026-09-25,CRL,LCJ,2027-06-08,,,unavailable
2026-09-25,CRL,LCJ,2027-06-09,,,unavailable
2026-09-25,CRL,LCJ,2027-06-10,,,unavailable
2026-09-25,CRL,LCJ,2027-06-11,,,unavailable
2026-09-25,CRL,LCJ,2027-06-12,,,unavailable
2026-09-25,CRL,LCJ,2027-06-13,,,unavailable
2026-09-25,CRL,LCJ,2027-06-14,,,unavailable
2026-09-25,CRL,LCJ,2027-06-15,,,unavailable
2026-09-25,CRL,LCJ,2027-06-16,,,unavailable
2026-09-25,CRL,LCJ,2027-06-17,,,unavailable
2026-09-25,CRL,LCJ,2027-06-18,,,unavailable
2026-09-25,CRL,LCJ,2027-06-19,,,unavailable
2026-09-25,CRL,LCJ,2027-06-20,,,unavailable
2026-09-25,CRL,LCJ,2027-06-21,,,unavailable
2026-09-25,CRL,LCJ,2027-06-22,,,unavailable
2026-09-25,CRL,LCJ,2027-06-23,,,unavailable
2026-09-25,CRL,LCJ,2027-06-24,,,unavailable
2026-09-25,CRL,LCJ,2027-06-25,,,unavailable
2026-09-25,CRL,LCJ,2027-06-26,,,unavailable
2026-09-25,CRL,LCJ,2027-06-27,,,unavailable
2026-09-25,CRL,LCJ,2027-06-28,,,unavailable
2026-09-25,CRL,LCJ,2027-06-29,,,unavailable
2026-09-25,CRL,LCJ,2027-06-30,,,unavailable
2026-09-25,CRL,LCJ,2027-07-01,,,unavailable
2026-09-25,CRL,LCJ,2027-07-02,,,unavailable
2026-09-25,CRL,LCJ,2027-07-03,,,unavailable
2026-09-25,CRL,LCJ,2027-07-04,,,unavailable
2026-09-25,CRL,LCJ,2027-07-05,,,unavailable
2026-09-25,CRL,LCJ,2027-07-06,,,unavailable
2026-09-25,CRL,LCJ,2027-07-07,,,unavailable
2026-09-25,CRL,LCJ,2027-07-08,,,unavailable
2026-09-25,CRL,LCJ,2027-07-09,,,unavailable
2026-09-25,CRL,LCJ,2027-07-10,,,unavailable
2026-09-25,CRL,LCJ,2027-07-11,,,unavailable
2026-09-25,CRL,LCJ,2027-07-12,,,unavailable
2026-09-25,CRL,LCJ,2027-07-13,,,unavailable
2026-09-25,CRL,LCJ,2027-07-14,,,unavailable
2026-09-25,CRL,LCJ,2027-07-15,,,unavailable
2026-09-25,CRL,LCJ,2027-07-16,,,unavailable
2026-09-25,CRL,LCJ,2027-07-17,,,unavailable
2026-09-25,CRL,LCJ,2027-07-18,,,unavailable
2026-09-25,CRL,LCJ,2027-07-19,,,unavailable
2026-09-25,CRL,LCJ,2027-07-20,,,unavailable
2026-09-25,CRL,LCJ,2027-07-21,,,unavailable
2026-09-25,CRL,LCJ,2027-07-22,,,unavailable
2026-09-25,CRL,LCJ,2027-07-23,,,unavailable
2026-09-25,CRL,LCJ,2027-07-24,,,unavailable
2026-09-25,CRL,LCJ,2027-07-25,,,unavailable
2026-09-25,CRL,LCJ,2027-07-26,,,unavailable
2026-09-25,CRL,LCJ,2027-07-27,,,unavailable
2026-09-25,CRL,LCJ,2027-07-28,,,unavailable
2026-09-25,CRL,LCJ,2027-07-29,,,unavailable
2026-09-25,CRL,LCJ,2027-07-30,,,unavailable
2026-09-25,CRL,LCJ,2027-07-31,,,unavailable
2026-09-25,CRL,LCJ,2027-08-01,,,unavailable
2026-09-25,CRL,LCJ,2027-08-02,,,unavailable
2026-09-25,CRL,LCJ,2027-08-03,,,unavailable
2026-09-25,CRL,LCJ,2027-08-04,,,unavailable
2026-09-25,CRL,LCJ,2027-08-05,,,unavailable
2026-09-25,CRL,LCJ,2027-08-06,,,unavailable
2026-09-25,CRL,LCJ,2027-08-07,,,unavailable
2026-09-25,CRL,LCJ,2027-08-08,,,unavailable
2026-09-25,CRL,LCJ,2027-08-09,,,unavailable
2026-09-25,CRL,LCJ,2027-08-10,,,unavailable
2026-09-25,CRL,LCJ,2027-08-11,,,unavailable
2026-09-25,CRL,LCJ,2027-08-12,,,unavailable
2026-09-25,CRL,LCJ,2027-08-13,,,unavailable
2026-09-25,CRL,LCJ,2027-08-14,,,unavailable
2026-09-25,CRL,LCJ,2027-08-15,,,unavailable
2026-09-25,CRL,LCJ,2027-08-16,,,unavailable
2026-09-25,CRL,LCJ,2027-08-17,,,unavailable
2026-09-25,CRL,LCJ,2027-08-18,,,unavailable
2026-09-25,CRL,LCJ,2027-08-19,,,unavailable
2026-09-25,CRL,LCJ,2027-08-20,,,unavailable
2026-09-25,CRL,LCJ,2027-08-21,,,unavailable
2026-09-25,CRL,LCJ,2027-08-22,,,unavailable
2026-09-25,CRL,LCJ,2027-08-23,,,unavailable
2026-09-25,CRL,LCJ,2027-08-24,,,unavailable
2026-09-25,CRL,LCJ,2027-08-25,,,unavailable
2026-09-25,CRL,LCJ,2027-08-26,,,unavailable
2026-09-25,CRL,LCJ,2027-08-27,,,unavailable
2026-09-25,CRL,LCJ,2027-08-28,,,unavailable
2026-09-25,CRL,LCJ,2027-08-29,,,unavailable
2026-09-25,CRL,LCJ,2027-08-30,,,unavailable
2026-09-25,CRL,LCJ,2027-08-31,,,unavailable
2026-09-25,LCJ,DUB,2026-09-25,,,unavailable
2026-09-25,LCJ,DUB,2026-09-26,,,unavailable
2026-09-25,LCJ,DUB,2026-09-27,,,unavailable
2026-09-25,LCJ,DUB,2026-09-28,17:30,1585.95,ok
2026-09-25,LCJ,DUB,2026-09-29,,,unavailable
2026-09-25,LCJ,DUB,2026-09-30,,,unavailable
2026-09-25,LCJ,DUB,2026-10-01,22:45,205.86,ok
2026-09-25,LCJ,DUB,2026-10-02,,,unavailable
2026-09-25,LCJ,DUB,2026-10-03,,,unavailable
2026-09-25,LCJ,DUB,2026-10-04,,,unavailable
2026-09-25,LCJ,DUB,2026-10-05,17:30,271.57,ok
2026-09-25,LCJ,DUB,2026-10-06,,,unavailable
2026-09-25,LCJ,DUB,2026-10-07,,,unavailable
2026-09-25,LCJ,DUB,2026-10-08,22:45,214.62,ok
2026-09-25,LCJ,DUB,2026-10-09,,,unavailable
2026-09-25,LCJ,DUB,2026-10-10,,,unavailable
2026-09-25,LCJ,DUB,2026-10-11,,,unavailable
2026-09-25,LCJ,DUB,2026-10-12,17:30,236.52,ok
2026-09-25,LCJ,DUB,2026-10-13,,,unavailable
2026-09-25,LCJ,DUB,2026-10-14,,,unavailable
2026-09-25,LCJ,DUB,2026-10-15,22:45,127.00,ok
2026-09-25,LCJ,DUB,2026-10-16,,,unavailable
2026-09-25,LCJ,DUB,2026-10-17,,,unavailable
2026-09-25,LCJ,DUB,2026-10-18,,,unavailable
2026-09-25,LCJ,DUB,2026-10-19,17:30,226.00,ok
2026-09-25,LCJ,DUB,2026-10-20,,,unavailable
2026-09-25,LCJ,DUB,2026-10-21,,,unavailable
2026-09-25,LCJ,DUB,2026-10-22,22:45,131.38,ok
2026-09-25,LCJ,DUB,2026-10-23,,,unavailable
2026-09-25,LCJ,DUB,2026-10-24,,,unavailable
2026-09-25,LCJ,DUB,2026-10-25,,,unavailable
2026-09-25,LCJ,DUB,2026-10-26,13:05,196.91,ok
2026-09-25,LCJ,DUB,2026-10-27,,,unavailable
2026-09-25,LCJ,DUB,2026-10-28,,,unavailable
2026-09-25,LCJ,DUB,2026-10-29,,,unavailable
2026-09-25,LCJ,DUB,2026-10-30,20:25,414.92,ok
2026-09-25,LCJ,DUB,2026-10-31,,,unavailable
2026-09-25,LCJ,DUB,2026-11-01,,,unavailable
2026-09-25,LCJ,DUB,2026-11-02,13:05,391.51,ok
2026-09-25,LCJ,DUB,2026-11-03,,,unavailable
2026-09-25,LCJ,DUB,2026-11-04,,,unavailable
2026-09-25,LCJ,DUB,2026-11-05,,,unavailable
2026-09-25,LCJ,DUB,2026-11-06,20:25,219.00,ok
2026-09-25,LCJ,DUB,2026-11-07,,,unavailable
2026-09-25,LCJ,DUB,2026-11-08,,,unavailable
2026-09-25,LCJ,DUB,2026-11-09,13:05,140.38,ok
2026-09-25,LCJ,DUB,2026-11-10,,,unavailable
2026-09-25,LCJ,DUB,2026-11-11,,,unavailable
2026-09-25,LCJ,DUB,2026-11-12,,,unavailable
2026-09-25,LCJ,DUB,2026-11-13,20:25,140.14,ok
2026-09-25,LCJ,DUB,2026-11-14,,,unavailable
2026-09-25,LCJ,DUB,2026-11-15,,,unavailable
2026-09-25,LCJ,DUB,2026-11-16,13:05,130.00,ok
2026-09-25,LCJ,DUB,2026-11-17,,,unavailable
2026-09-25,LCJ,DUB,2026-11-18,,,unavailable
2026-09-25,LCJ,DUB,2026-11-19,,,unavailable
2026-09-25,LCJ,DUB,2026-11-20,20:25,162.05,ok
2026-09-25,LCJ,DUB,2026-11-21,,,unavailable
2026-09-25,LCJ,DUB,2026-11-22,,,unavailable
2026-09-25,LCJ,DUB,2026-11-23,13:05,130.00,ok
2026-09-25,LCJ,DUB,2026-11-24,,,unavailable
2026-09-25,LCJ,DUB,2026-11-25,,,unavailable
2026-09-25,LCJ,DUB,2026-11-26,,,unavailable
2026-09-25,LCJ,DUB,2026-11-27,20:25,130.00,ok
2026-09-25,LCJ,DUB,2026-11-28,,,unavailable
2026-09-25,LCJ,DUB,2026-11-29,,,unavailable
2026-09-25,LCJ,DUB,2026-11-30,13:05,130.00,ok
2026-09-25,LCJ,DUB,2026-12-01,,,unavailable
2026-09-25,LCJ,DUB,2026-12-02,,,unavailable
2026-09-25,LCJ,DUB,2026-12-03,,,unavailable
2026-09-25,LCJ,DUB,2026-12-04,20:25,109.48,ok
2026-09-25,LCJ,DUB,2026-12-05,,,unavailable
2026-09-25,LCJ,DUB,2026-12-06,,,unavailable
2026-09-25,LCJ,DUB,2026-12-07,13:05,181.04,ok
2026-09-25,LCJ,DUB,2026-12-08,,,unavailable
2026-09-25,LCJ,DUB,2026-12-09,,,unavailable
2026-09-25,LCJ,DUB,2026-12-10,,,unavailable
2026-09-25,LCJ,DUB,2026-12-11,20:25,130.00,ok
2026-09-25,LCJ,DUB,2026-12-12,,,unavailable
2026-09-25,LCJ,DUB,2026-12-13,,,unavailable
2026-09-25,LCJ,DUB,2026-12-14,13:05,222.50,ok
2026-09-25,LCJ,DUB,2026-12-15,,,unavailable
2026-09-25,LCJ,DUB,2026-12-16,,,unavailable
2026-09-25,LCJ,DUB,2026-12-17,,,unavailable
2026-09-25,LCJ,DUB,2026-12-18,20:25,235.84,ok
2026-09-25,LCJ,DUB,2026-12-19,,,unavailable
2026-09-25,LCJ,DUB,2026-12-20,,,unavailable
2026-09-25,LCJ,DUB,2026-12-21,13:05,363.65,ok
2026-09-25,LCJ,DUB,2026-12-22,,,unavailable
2026-09-25,LCJ,DUB,2026-12-23,11:20,244.87,ok
2026-09-25,LCJ,DUB,2026-12-24,,,unavailable
2026-09-25,LCJ,DUB,2026-12-25,,,unavailable
2026-09-25,LCJ,DUB,2026-12-26,,,unavailable
2026-09-25,LCJ,DUB,2026-12-27,,,unavailable
2026-09-25,LCJ,DUB,2026-12-28,13:05,414.73,ok
2026-09-25,LCJ,DUB,2026-12-29,,,unavailable
2026-09-25,LCJ,DUB,2026-12-30,11:20,441.68,ok
2026-09-25,LCJ,DUB,2026-12-31,,,unavailable
2026-09-25,LCJ,DUB,2027-01-01,20:25,651.55,ok
2026-09-25,LCJ,DUB,2027-01-02,,,unavailable
2026-09-25,LCJ,DUB,2027-01-03,,,unavailable
2026-09-25,LCJ,DUB,2027-01-04,13:05,851.54,ok
2026-09-25,LCJ,DUB,2027-01-05,,,unavailable
2026-09-25,LCJ,DUB,2027-01-06,,,unavailable
2026-09-25,LCJ,DUB,2027-01-07,,,unavailable
2026-09-25,LCJ,DUB,2027-01-08,20:25,327.97,ok
2026-09-25,LCJ,DUB,2027-01-09,,,unavailable
2026-09-25,LCJ,DUB,2027-01-10,,,unavailable
2026-09-25,LCJ,DUB,2027-01-11,13:05,378.30,ok
2026-09-25,LCJ,DUB,2027-01-12,,,unavailable
2026-09-25,LCJ,DUB,2027-01-13,,,unavailable
2026-09-25,LCJ,DUB,2027-01-14,,,unavailable
2026-09-25,LCJ,DUB,2027-01-15,20:25,218.63,ok
2026-09-25,LCJ,DUB,2027-01-16,,,unavailable
2026-09-25,LCJ,DUB,2027-01-17,,,unavailable
2026-09-25,LCJ,DUB,2027-01-18,13:05,378.30,ok
2026-09-25,LCJ,DUB,2027-01-19,,,unavailable
2026-09-25,LCJ,DUB,2027-01-20,,,unavailable
2026-09-25,LCJ,DUB,2027-01-21,,,unavailable
2026-09-25,LCJ,DUB,2027-01-22,20:25,166.00,ok
2026-09-25,LCJ,DUB,2027-01-23,,,unavailable
2026-09-25,LCJ,DUB,2027-01-24,,,unavailable
2026-09-25,LCJ,DUB,2027-01-25,13:05,502.00,ok
2026-09-25,LCJ,DUB,2027-01-26,,,unavailable
2026-09-25,LCJ,DUB,2027-01-27,,,unavailable
2026-09-25,LCJ,DUB,2027-01-28,,,unavailable
2026-09-25,LCJ,DUB,2027-01-29,20:25,153.03,ok
2026-09-25,LCJ,DUB,2027-01-30,,,unavailable
2026-09-25,LCJ,DUB,2027-01-31,,,unavailable
2026-09-25,LCJ,DUB,2027-02-01,13:05,502.00,ok
2026-09-25,LCJ,DUB,2027-02-02,,,unavailable
2026-09-25,LCJ,DUB,2027-02-03,,,unavailable
2026-09-25,LCJ,DUB,2027-02-04,,,unavailable
2026-09-25,LCJ,DUB,2027-02-05,20:25,153.03,ok
2026-09-25,LCJ,DUB,2027-02-06,,,unavailable
2026-09-25,LCJ,DUB,2027-02-07,,,unavailable
2026-09-25,LCJ,DUB,2027-02-08,13:05,226.00,ok
2026-09-25,LCJ,DUB,2027-02-09,,,unavailable
2026-09-25,LCJ,DUB,2027-02-10,,,unavailable
2026-09-25,LCJ,DUB,2027-02-11,,,unavailable
2026-09-25,LCJ,DUB,2027-02-12,20:25,166.00,ok
2026-09-25,LCJ,DUB,2027-02-13,,,unavailable
2026-09-25,LCJ,DUB,2027-02-14,,,unavailable
2026-09-25,LCJ,DUB,2027-02-15,13:05,548.00,ok
2026-09-25,LCJ,DUB,2027-02-16,,,unavailable
2026-09-25,LCJ,DUB,2027-02-17,,,unavailable
2026-09-25,LCJ,DUB,2027-02-18,,,unavailable
2026-09-25,LCJ,DUB,2027-02-19,20:25,226.00,ok
2026-09-25,LCJ,DUB,2027-02-20,,,unavailable
2026-09-25,LCJ,DUB,2027-02-21,,,unavailable
2026-09-25,LCJ,DUB,2027-02-22,13:05,548.00,ok
2026-09-25,LCJ,DUB,2027-02-23,,,unavailable
2026-09-25,LCJ,DUB,2027-02-24,,,unavailable
2026-09-25,LCJ,DUB,2027-02-25,,,unavailable
2026-09-25,LCJ,DUB,2027-02-26,20:25,175.19,ok
2026-09-25,LCJ,DUB,2027-02-27,,,unavailable
2026-09-25,LCJ,DUB,2027-02-28,,,unavailable
2026-09-25,LCJ,DUB,2027-03-01,13:05,502.00,ok
2026-09-25,LCJ,DUB,2027-03-02,,,unavailable
2026-09-25,LCJ,DUB,2027-03-03,,,unavailable
2026-09-25,LCJ,DUB,2027-03-04,,,unavailable
2026-09-25,LCJ,DUB,2027-03-05,20:25,157.40,ok
2026-09-25,LCJ,DUB,2027-03-06,,,unavailable
2026-09-25,LCJ,DUB,2027-03-07,,,unavailable
2026-09-25,LCJ,DUB,2027-03-08,13:05,502.00,ok
2026-09-25,LCJ,DUB,2027-03-09,,,unavailable
2026-09-25,LCJ,DUB,2027-03-10,,,unavailable
2026-09-25,LCJ,DUB,2027-03-11,,,unavailable
2026-09-25,LCJ,DUB,2027-03-12,20:25,166.15,ok
2026-09-25,LCJ,DUB,2027-03-13,,,unavailable
2026-09-25,LCJ,DUB,2027-03-14,,,unavailable
2026-09-25,LCJ,DUB,2027-03-15,13:05,548.00,ok
2026-09-25,LCJ,DUB,2027-03-16,,,unavailable
2026-09-25,LCJ,DUB,2027-03-17,,,unavailable
2026-09-25,LCJ,DUB,2027-03-18,,,unavailable
2026-09-25,LCJ,DUB,2027-03-19,20:25,161.78,ok
2026-09-25,LCJ,DUB,2027-03-20,,,unavailable
2026-09-25,LCJ,DUB,2027-03-21,,,unavailable
2026-09-25,LCJ,DUB,2027-03-22,13:05,502.00,ok
2026-09-25,LCJ,DUB,2027-03-23,,,unavailable
2026-09-25,LCJ,DUB,2027-03-24,,,unavailable
2026-09-25,LCJ,DUB,2027-03-25,,,unavailable
2026-09-25,LCJ,DUB,2027-03-26,20:25,306.00,ok
2026-09-25,LCJ,DUB,2027-03-27,,,unavailable
2026-09-25,LCJ,DUB,2027-03-28,,,unavailable
2026-09-25,LCJ,DUB,2027-03-29,,,unavailable
2026-09-25,LCJ,DUB,2027-03-30,16:50,659.00,ok
2026-09-25,LCJ,DUB,2027-03-31,,,unavailable
2026-09-25,LCJ,DUB,2027-04-01,,,unavailable
2026-09-25,LCJ,DUB,2027-04-02,,,unavailable
2026-09-25,LCJ,DUB,2027-04-03,22:15,935.00,ok
2026-09-25,LCJ,DUB,2027-04-04,,,unavailable
2026-09-25,LCJ,DUB,2027-04-05,,,unavailable
2026-09-25,LCJ,DUB,2027-04-06,16:50,659.00,ok
2026-09-25,LCJ,DUB,2027-04-07,,,unavailable
2026-09-25,LCJ,DUB,2027-04-08,,,unavailable
2026-09-25,LCJ,DUB,2027-04-09,,,unavailable
2026-09-25,LCJ,DUB,2027-04-10,22:15,782.00,ok
2026-09-25,LCJ,DUB,2027-04-11,,,unavailable
2026-09-25,LCJ,DUB,2027-04-12,,,unavailable
2026-09-25,LCJ,DUB,2027-04-13,16:50,603.00,ok
2026-09-25,LCJ,DUB,2027-04-14,,,unavailable
2026-09-25,LCJ,DUB,2027-04-15,,,unavailable
2026-09-25,LCJ,DUB,2027-04-16,,,unavailable
2026-09-25,LCJ,DUB,2027-04-17,22:15,659.00,ok
2026-09-25,LCJ,DUB,2027-04-18,,,unavailable
2026-09-25,LCJ,DUB,2027-04-19,,,unavailable
2026-09-25,LCJ,DUB,2027-04-20,16:50,548.00,ok
2026-09-25,LCJ,DUB,2027-04-21,,,unavailable
2026-09-25,LCJ,DUB,2027-04-22,,,unavailable
2026-09-25,LCJ,DUB,2027-04-23,,,unavailable
2026-09-25,LCJ,DUB,2027-04-24,22:15,603.00,ok
2026-09-25,LCJ,DUB,2027-04-25,,,unavailable
2026-09-25,LCJ,DUB,2027-04-26,,,unavailable
2026-09-25,LCJ,DUB,2027-04-27,16:50,548.00,ok
2026-09-25,LCJ,DUB,2027-04-28,,,unavailable
2026-09-25,LCJ,DUB,2027-04-29,,,unavailable
2026-09-25,LCJ,DUB,2027-04-30,,,unavailable
2026-09-25,LCJ,DUB,2027-05-01,22:15,446.00,ok
2026-09-25,LCJ,DUB,2027-05-02,,,unavailable
2026-09-25,LCJ,DUB,2027-05-03,,,unavailable
2026-09-25,LCJ,DUB,2027-05-04,16:50,548.00,ok
2026-09-25,LCJ,DUB,2027-05-05,,,unavailable
2026-09-25,LCJ,DUB,2027-05-06,,,unavailable
2026-09-25,LCJ,DUB,2027-05-07,,,unavailable
2026-09-25,LCJ,DUB,2027-05-08,22:15,502.00,ok
2026-09-25,LCJ,DUB,2027-05-09,,,unavailable
2026-09-25,LCJ,DUB,2027-05-10,,,unavailable
2026-09-25,LCJ,DUB,2027-05-11,16:50,502.00,ok
2026-09-25,LCJ,DUB,2027-05-12,,,unavailable
2026-09-25,LCJ,DUB,2027-05-13,,,unavailable
2026-09-25,LCJ,DUB,2027-05-14,,,unavailable
2026-09-25,LCJ,DUB,2027-05-15,22:15,446.00,ok
2026-09-25,LCJ,DUB,2027-05-16,,,unavailable
2026-09-25,LCJ,DUB,2027-05-17,,,unavailable
2026-09-25,LCJ,DUB,2027-05-18,16:50,502.00,ok
2026-09-25,LCJ,DUB,2027-05-19,,,unavailable
2026-09-25,LCJ,DUB,2027-05-20,,,unavailable
2026-09-25,LCJ,DUB,2027-05-21,,,unavailable
2026-09-25,LCJ,DUB,2027-05-22,22:15,391.00,ok
2026-09-25,LCJ,DUB,2027-05-23,,,unavailable
2026-09-25,LCJ,DUB,2027-05-24,,,unavailable
2026-09-25,LCJ,DUB,2027-05-25,16:50,391.00,ok
2026-09-25,LCJ,DUB,2027-05-26,,,unavailable
2026-09-25,LCJ,DUB,2027-05-27,,,unavailable
2026-09-25,LCJ,DUB,2027-05-28,,,unavailable
2026-09-25,LCJ,DUB,2027-05-29,22:15,395.38,ok
2026-09-25,LCJ,DUB,2027-05-30,,,unavailable
2026-09-25,LCJ,DUB,2027-05-31,,,unavailable
2026-09-25,LCJ,DUB,2027-06-01,16:50,607.38,ok
2026-09-25,LCJ,DUB,2027-06-02,,,unavailable
2026-09-25,LCJ,DUB,2027-06-03,,,unavailable
2026-09-25,LCJ,DUB,2027-06-04,,,unavailable
2026-09-25,LCJ,DUB,2027-06-05,22:15,450.38,ok
2026-09-25,LCJ,DUB,2027-06-06,,,unavailable
2026-09-25,LCJ,DUB,2027-06-07,,,unavailable
2026-09-25,LCJ,DUB,2027-06-08,16:50,552.38,ok
2026-09-25,LCJ,DUB,2027-06-09,,,unavailable
2026-09-25,LCJ,DUB,2027-06-10,,,unavailable
2026-09-25,LCJ,DUB,2027-06-11,,,unavailable
2026-09-25,LCJ,DUB,2027-06-12,22:15,446.00,ok
2026-09-25,LCJ,DUB,2027-06-13,,,unavailable
2026-09-25,LCJ,DUB,2027-06-14,,,unavailable
2026-09-25,LCJ,DUB,2027-06-15,16:50,502.00,ok
2026-09-25,LCJ,DUB,2027-06-16,,,unavailable
2026-09-25,LCJ,DUB,2027-06-17,,,unavailable
2026-09-25,LCJ,DUB,2027-06-18,,,unavailable
2026-09-25,LCJ,DUB,2027-06-19,22:15,446.00,ok
2026-09-25,LCJ,DUB,2027-06-20,,,unavailable
2026-09-25,LCJ,DUB,2027-06-21,,,unavailable
2026-09-25,LCJ,DUB,2027-06-22,16:50,446.00,ok
2026-09-25,LCJ,DUB,2027-06-23,,,unavailable
2026-09-25,LCJ,DUB,2027-06-24,,,unavailable
2026-09-25,LCJ,DUB,2027-06-25,,,unavailable
2026-09-25,LCJ,DUB,2027-06-26,22:15,502.00,ok
2026-09-25,LCJ,DUB,2027-06-27,,,unavailable
2026-09-25,LCJ,DUB,2027-06-28,,,unavailable
2026-09-25,LCJ,DUB,2027-06-29,16:50,502.00,ok
2026-09-25,LCJ,DUB,2027-06-30,,,unavailable
2026-09-25,LCJ,DUB,2027-07-01,,,unavailable
2026-09-25,LCJ,DUB,2027-07-02,,,unavailable
2026-09-25,LCJ,DUB,2027-07-03,22:15,548.00,ok
2026-09-25,LCJ,DUB,2027-07-04,,,unavailable
2026-09-25,LCJ,DUB,2027-07-05,,,unavailable
2026-09-25,LCJ,DUB,2027-07-06,16:50,603.00,ok
2026-09-25,LCJ,DUB,2027-07-07,,,unavailable
2026-09-25,LCJ,DUB,2027-07-08,,,unavailable
2026-09-25,LCJ,DUB,2027-07-09,,,unavailable
2026-09-25,LCJ,DUB,2027-07-10,22:15,603.00,ok
2026-09-25,LCJ,DUB,2027-07-11,,,unavailable
2026-09-25,LCJ,DUB,2027-07-12,,,unavailable
2026-09-25,LCJ,DUB,2027-07-13,16:50,603.00,ok
2026-09-25,LCJ,DUB,2027-07-14,,,unavailable
2026-09-25,LCJ,DUB,2027-07-15,,,unavailable
2026-09-25,LCJ,DUB,2027-07-16,,,unavailable
2026-09-25,LCJ,DUB,2027-07-17,22:15,718.00,ok
2026-09-25,LCJ,DUB,2027-07-18,,,unavailable
2026-09-25,LCJ,DUB,2027-07-19,,,unavailable
2026-09-25,LCJ,DUB,2027-07-20,16:50,718.00,ok
2026-09-25,LCJ,DUB,2027-07-21,,,unavailable
2026-09-25,LCJ,DUB,2027-07-22,,,unavailable
2026-09-25,LCJ,DUB,2027-07-23,,,unavailable
2026-09-25,LCJ,DUB,2027-07-24,22:15,718.00,ok
2026-09-25,LCJ,DUB,2027-07-25,,,unavailable
2026-09-25,LCJ,DUB,2027-07-26,,,unavailable
2026-09-25,LCJ,DUB,2027-07-27,16:50,659.00,ok
2026-09-25,LCJ,DUB,2027-07-28,,,unavailable
2026-09-25,LCJ,DUB,2027-07-29,,,unavailable
2026-09-25,LCJ,DUB,2027-07-30,,,unavailable
2026-09-25,LCJ,DUB,2027-07-31,22:15,854.00,ok
2026-09-25,LCJ,DUB,2027-08-01,,,unavailable
2026-09-25,LCJ,DUB,2027-08-02,,,unavailable
2026-09-25,LCJ,DUB,2027-08-03,16:50,854.00,ok
2026-09-25,LCJ,DUB,2027-08-04,,,unavailable
2026-09-25,LCJ,DUB,2027-08-05,,,unavailable
2026-09-25,LCJ,DUB,2027-08-06,,,unavailable
2026-09-25,LCJ,DUB,2027-08-07,22:15,935.00,ok
2026-09-25,LCJ,DUB,2027-08-08,,,unavailable
2026-09-25,LCJ,DUB,2027-08-09,,,unavailable
2026-09-25,LCJ,DUB,2027-08-10,16:50,935.00,ok
2026-09-25,LCJ,DUB,2027-08-11,,,unavailable
2026-09-25,LCJ,DUB,2027-08-12,,,unavailable
2026-09-25,LCJ,DUB,2027-08-13,,,unavailable
2026-09-25,LCJ,DUB,2027-08-14,22:15,1113.00,ok
2026-09-25,LCJ,DUB,2027-08-15,,,unavailable
2026-09-25,LCJ,DUB,2027-08-16,,,unavailable
2026-09-25,LCJ,DUB,2027-08-17,16:50,1113.00,ok
2026-09-25,LCJ,DUB,2027-08-18,,,unavailable
2026-09-25,LCJ,DUB,2027-08-19,,,unavailable
2026-09-25,LCJ,DUB,2027-08-20,,,unavailable
2026-09-25,LCJ,DUB,2027-08-21,22:15,1215.00,ok
2026-09-25,LCJ,DUB,2027-08-22,,,unavailable
2026-09-25,LCJ,DUB,2027-08-23,,,unavailable
2026-09-25,LCJ,DUB,2027-08-24,16:50,1113.00,ok
2026-09-25,LCJ,DUB,2027-08-25,,,unavailable
2026-09-25,LCJ,DUB,2027-08-26,,,unavailable
2026-09-25,LCJ,DUB,2027-08-27,,,unavailable
2026-09-25,LCJ,DUB,2027-08-28,22:15,1020.00,ok
2026-09-25,LCJ,DUB,2027-08-29,,,unavailable
2026-09-25,LCJ,DUB,2027-08-30,,,unavailable
2026-09-25,LCJ,DUB,2027-08-31,16:50,854.00,ok
2026-09-25,DUB,LCJ,2026-09-25,,,unavailable
2026-09-25,DUB,LCJ,2026-09-26,,,unavailable
2026-09-25,DUB,LCJ,2026-09-27,,,unavailable
2026-09-25,DUB,LCJ,2026-09-28,13:20,718.42,ok
2026-09-25,DUB,LCJ,2026-09-29,,,unavailable
2026-09-25,DUB,LCJ,2026-09-30,,,unavailable
2026-09-25,DUB,LCJ,2026-10-01,18:35,401.93,ok
2026-09-25,DUB,LCJ,2026-10-02,,,unavailable
2026-09-25,DUB,LCJ,2026-10-03,,,unavailable
2026-09-25,DUB,LCJ,2026-10-04,,,unavailable
2026-09-25,DUB,LCJ,2026-10-05,13:20,153.29,ok
2026-09-25,DUB,LCJ,2026-10-06,,,unavailable
2026-09-25,DUB,LCJ,2026-10-07,,,unavailable
2026-09-25,DUB,LCJ,2026-10-08,18:35,245.29,ok
2026-09-25,DUB,LCJ,2026-10-09,,,unavailable
2026-09-25,DUB,LCJ,2026-10-10,,,unavailable
2026-09-25,DUB,LCJ,2026-10-11,,,unavailable
2026-09-25,DUB,LCJ,2026-10-12,13:20,179.57,ok
2026-09-25,DUB,LCJ,2026-10-13,,,unavailable
2026-09-25,DUB,LCJ,2026-10-14,,,unavailable
2026-09-25,DUB,LCJ,2026-10-15,18:35,205.86,ok
2026-09-25,DUB,LCJ,2026-10-16,,,unavailable
2026-09-25,DUB,LCJ,2026-10-17,,,unavailable
2026-09-25,DUB,LCJ,2026-10-18,,,unavailable
2026-09-25,DUB,LCJ,2026-10-19,13:20,200.42,ok
2026-09-25,DUB,LCJ,2026-10-20,,,unavailable
2026-09-25,DUB,LCJ,2026-10-21,,,unavailable
2026-09-25,DUB,LCJ,2026-10-22,18:35,417.11,ok
2026-09-25,DUB,LCJ,2026-10-23,,,unavailable
2026-09-25,DUB,LCJ,2026-10-24,,,unavailable
2026-09-25,DUB,LCJ,2026-10-25,,,unavailable
2026-09-25,DUB,LCJ,2026-10-26,09:00,303.56,ok
2026-09-25,DUB,LCJ,2026-10-27,,,unavailable
2026-09-25,DUB,LCJ,2026-10-28,,,unavailable
2026-09-25,DUB,LCJ,2026-10-29,,,unavailable
2026-09-25,DUB,LCJ,2026-10-30,16:20,294.77,ok
2026-09-25,DUB,LCJ,2026-10-31,,,unavailable
2026-09-25,DUB,LCJ,2026-11-01,,,unavailable
2026-09-25,DUB,LCJ,2026-11-02,09:00,130.00,ok
2026-09-25,DUB,LCJ,2026-11-03,,,unavailable
2026-09-25,DUB,LCJ,2026-11-04,,,unavailable
2026-09-25,DUB,LCJ,2026-11-05,,,unavailable
2026-09-25,DUB,LCJ,2026-11-06,16:20,170.81,ok
2026-09-25,DUB,LCJ,2026-11-07,,,unavailable
2026-09-25,DUB,LCJ,2026-11-08,,,unavailable
2026-09-25,DUB,LCJ,2026-11-09,09:00,136.22,ok
2026-09-25,DUB,LCJ,2026-11-10,,,unavailable
2026-09-25,DUB,LCJ,2026-11-11,,,unavailable
2026-09-25,DUB,LCJ,2026-11-12,,,unavailable
2026-09-25,DUB,LCJ,2026-11-13,16:20,130.00,ok
2026-09-25,DUB,LCJ,2026-11-14,,,unavailable
2026-09-25,DUB,LCJ,2026-11-15,,,unavailable
2026-09-25,DUB,LCJ,2026-11-16,09:00,147.92,ok
2026-09-25,DUB,LCJ,2026-11-17,,,unavailable
2026-09-25,DUB,LCJ,2026-11-18,,,unavailable
2026-09-25,DUB,LCJ,2026-11-19,,,unavailable
2026-09-25,DUB,LCJ,2026-11-20,16:20,130.00,ok
2026-09-25,DUB,LCJ,2026-11-21,,,unavailable
2026-09-25,DUB,LCJ,2026-11-22,,,unavailable
2026-09-25,DUB,LCJ,2026-11-23,09:00,136.57,ok
2026-09-25,DUB,LCJ,2026-11-24,,,unavailable
2026-09-25,DUB,LCJ,2026-11-25,,,unavailable
2026-09-25,DUB,LCJ,2026-11-26,,,unavailable
2026-09-25,DUB,LCJ,2026-11-27,16:20,134.64,ok
2026-09-25,DUB,LCJ,2026-11-28,,,unavailable
2026-09-25,DUB,LCJ,2026-11-29,,,unavailable
2026-09-25,DUB,LCJ,2026-11-30,09:00,130.00,ok
2026-09-25,DUB,LCJ,2026-12-01,,,unavailable
2026-09-25,DUB,LCJ,2026-12-02,,,unavailable
2026-09-25,DUB,LCJ,2026-12-03,,,unavailable
2026-09-25,DUB,LCJ,2026-12-04,16:20,134.95,ok
2026-09-25,DUB,LCJ,2026-12-05,,,unavailable
2026-09-25,DUB,LCJ,2026-12-06,,,unavailable
2026-09-25,DUB,LCJ,2026-12-07,09:00,130.00,ok
2026-09-25,DUB,LCJ,2026-12-08,,,unavailable
2026-09-25,DUB,LCJ,2026-12-09,,,unavailable
2026-09-25,DUB,LCJ,2026-12-10,,,unavailable
2026-09-25,DUB,LCJ,2026-12-11,16:20,170.81,ok
2026-09-25,DUB,LCJ,2026-12-12,,,unavailable
2026-09-25,DUB,LCJ,2026-12-13,,,unavailable
2026-09-25,DUB,LCJ,2026-12-14,09:00,218.56,ok
2026-09-25,DUB,LCJ,2026-12-15,,,unavailable
2026-09-25,DUB,LCJ,2026-12-16,,,unavailable
2026-09-25,DUB,LCJ,2026-12-17,,,unavailable
2026-09-25,DUB,LCJ,2026-12-18,16:20,648.20,ok
2026-09-25,DUB,LCJ,2026-12-19,,,unavailable
2026-09-25,DUB,LCJ,2026-12-20,,,unavailable
2026-09-25,DUB,LCJ,2026-12-21,09:00,686.03,ok
2026-09-25,DUB,LCJ,2026-12-22,,,unavailable
2026-09-25,DUB,LCJ,2026-12-23,07:15,883.40,ok
2026-09-25,DUB,LCJ,2026-12-24,,,unavailable
2026-09-25,DUB,LCJ,2026-12-25,,,unavailable
2026-09-25,DUB,LCJ,2026-12-26,,,unavailable
2026-09-25,DUB,LCJ,2026-12-27,,,unavailable
2026-09-25,DUB,LCJ,2026-12-28,09:00,425.18,ok
2026-09-25,DUB,LCJ,2026-12-29,,,unavailable
2026-09-25,DUB,LCJ,2026-12-30,07:15,384.16,ok
2026-09-25,DUB,LCJ,2026-12-31,,,unavailable
2026-09-25,DUB,LCJ,2027-01-01,16:20,314.85,ok
2026-09-25,DUB,LCJ,2027-01-02,,,unavailable
2026-09-25,DUB,LCJ,2027-01-03,,,unavailable
2026-09-25,DUB,LCJ,2027-01-04,09:00,332.02,ok
2026-09-25,DUB,LCJ,2027-01-05,,,unavailable
2026-09-25,DUB,LCJ,2027-01-06,,,unavailable
2026-09-25,DUB,LCJ,2027-01-07,,,unavailable
2026-09-25,DUB,LCJ,2027-01-08,16:20,245.68,ok
2026-09-25,DUB,LCJ,2027-01-09,,,unavailable
2026-09-25,DUB,LCJ,2027-01-10,,,unavailable
2026-09-25,DUB,LCJ,2027-01-11,09:00,180.21,ok
2026-09-25,DUB,LCJ,2027-01-12,,,unavailable
2026-09-25,DUB,LCJ,2027-01-13,,,unavailable
2026-09-25,DUB,LCJ,2027-01-14,,,unavailable
2026-09-25,DUB,LCJ,2027-01-15,16:20,214.62,ok
2026-09-25,DUB,LCJ,2027-01-16,,,unavailable
2026-09-25,DUB,LCJ,2027-01-17,,,unavailable
2026-09-25,DUB,LCJ,2027-01-18,09:00,446.00,ok
2026-09-25,DUB,LCJ,2027-01-19,,,unavailable
2026-09-25,DUB,LCJ,2027-01-20,,,unavailable
2026-09-25,DUB,LCJ,2027-01-21,,,unavailable
2026-09-25,DUB,LCJ,2027-01-22,16:20,166.00,ok
2026-09-25,DUB,LCJ,2027-01-23,,,unavailable
2026-09-25,DUB,LCJ,2027-01-24,,,unavailable
2026-09-25,DUB,LCJ,2027-01-25,09:00,196.00,ok
2026-09-25,DUB,LCJ,2027-01-26,,,unavailable
2026-09-25,DUB,LCJ,2027-01-27,,,unavailable
2026-09-25,DUB,LCJ,2027-01-28,,,unavailable
2026-09-25,DUB,LCJ,2027-01-29,16:20,157.40,ok
2026-09-25,DUB,LCJ,2027-01-30,,,unavailable
2026-09-25,DUB,LCJ,2027-01-31,,,unavailable
2026-09-25,DUB,LCJ,2027-02-01,09:00,196.00,ok
2026-09-25,DUB,LCJ,2027-02-02,,,unavailable
2026-09-25,DUB,LCJ,2027-02-03,,,unavailable
2026-09-25,DUB,LCJ,2027-02-04,,,unavailable
2026-09-25,DUB,LCJ,2027-02-05,16:20,183.64,ok
2026-09-25,DUB,LCJ,2027-02-06,,,unavailable
2026-09-25,DUB,LCJ,2027-02-07,,,unavailable
2026-09-25,DUB,LCJ,2027-02-08,09:00,502.00,ok
2026-09-25,DUB,LCJ,2027-02-09,,,unavailable
2026-09-25,DUB,LCJ,2027-02-10,,,unavailable
2026-09-25,DUB,LCJ,2027-02-11,,,unavailable
2026-09-25,DUB,LCJ,2027-02-12,16:20,196.00,ok
2026-09-25,DUB,LCJ,2027-02-13,,,unavailable
2026-09-25,DUB,LCJ,2027-02-14,,,unavailable
2026-09-25,DUB,LCJ,2027-02-15,09:00,548.00,ok
2026-09-25,DUB,LCJ,2027-02-16,,,unavailable
2026-09-25,DUB,LCJ,2027-02-17,,,unavailable
2026-09-25,DUB,LCJ,2027-02-18,,,unavailable
2026-09-25,DUB,LCJ,2027-02-19,16:20,240.91,ok
2026-09-25,DUB,LCJ,2027-02-20,,,unavailable
2026-09-25,DUB,LCJ,2027-02-21,,,unavailable
2026-09-25,DUB,LCJ,2027-02-22,09:00,548.00,ok
2026-09-25,DUB,LCJ,2027-02-23,,,unavailable
2026-09-25,DUB,LCJ,2027-02-24,,,unavailable
2026-09-25,DUB,LCJ,2027-02-25,,,unavailable
2026-09-25,DUB,LCJ,2027-02-26,16:20,157.40,ok
2026-09-25,DUB,LCJ,2027-02-27,,,unavailable
2026-09-25,DUB,LCJ,2027-02-28,,,unavailable
2026-09-25,DUB,LCJ,2027-03-01,09:00,502.00,ok
2026-09-25,DUB,LCJ,2027-03-02,,,unavailable
2026-09-25,DUB,LCJ,2027-03-03,,,unavailable
2026-09-25,DUB,LCJ,2027-03-04,,,unavailable
2026-09-25,DUB,LCJ,2027-03-05,16:20,148.66,ok
2026-09-25,DUB,LCJ,2027-03-06,,,unavailable
2026-09-25,DUB,LCJ,2027-03-07,,,unavailable
2026-09-25,DUB,LCJ,2027-03-08,09:00,502.00,ok
2026-09-25,DUB,LCJ,2027-03-09,,,unavailable
2026-09-25,DUB,LCJ,2027-03-10,,,unavailable
2026-09-25,DUB,LCJ,2027-03-11,,,unavailable
2026-09-25,DUB,LCJ,2027-03-12,16:20,226.00,ok
2026-09-25,DUB,LCJ,2027-03-13,,,unavailable
2026-09-25,DUB,LCJ,2027-03-14,,,unavailable
2026-09-25,DUB,LCJ,2027-03-15,09:00,548.00,ok
2026-09-25,DUB,LCJ,2027-03-16,,,unavailable
2026-09-25,DUB,LCJ,2027-03-17,,,unavailable
2026-09-25,DUB,LCJ,2027-03-18,,,unavailable
2026-09-25,DUB,LCJ,2027-03-19,16:20,446.00,ok
2026-09-25,DUB,LCJ,2027-03-20,,,unavailable
2026-09-25,DUB,LCJ,2027-03-21,,,unavailable
2026-09-25,DUB,LCJ,2027-03-22,09:00,502.00,ok
2026-09-25,DUB,LCJ,2027-03-23,,,unavailable
2026-09-25,DUB,LCJ,2027-03-24,,,unavailable
2026-09-25,DUB,LCJ,2027-03-25,,,unavailable
2026-09-25,DUB,LCJ,2027-03-26,16:20,565.09,ok
2026-09-25,DUB,LCJ,2027-03-27,,,unavailable
2026-09-25,DUB,LCJ,2027-03-28,,,unavailable
2026-09-25,DUB,LCJ,2027-03-29,,,unavailable
2026-09-25,DUB,LCJ,2027-03-30,12:45,548.00,ok
2026-09-25,DUB,LCJ,2027-03-31,,,unavailable
2026-09-25,DUB,LCJ,2027-04-01,,,unavailable
2026-09-25,DUB,LCJ,2027-04-02,,,unavailable
2026-09-25,DUB,LCJ,2027-04-03,18:10,502.00,ok
2026-09-25,DUB,LCJ,2027-04-04,,,unavailable
2026-09-25,DUB,LCJ,2027-04-05,,,unavailable
2026-09-25,DUB,LCJ,2027-04-06,12:45,349.00,ok
2026-09-25,DUB,LCJ,2027-04-07,,,unavailable
2026-09-25,DUB,LCJ,2027-04-08,,,unavailable
2026-09-25,DUB,LCJ,2027-04-09,,,unavailable
2026-09-25,DUB,LCJ,2027-04-10,18:10,349.00,ok
2026-09-25,DUB,LCJ,2027-04-11,,,unavailable
2026-09-25,DUB,LCJ,2027-04-12,,,unavailable
2026-09-25,DUB,LCJ,2027-04-13,12:45,349.00,ok
2026-09-25,DUB,LCJ,2027-04-14,,,unavailable
2026-09-25,DUB,LCJ,2027-04-15,,,unavailable
2026-09-25,DUB,LCJ,2027-04-16,,,unavailable
2026-09-25,DUB,LCJ,2027-04-17,18:10,349.00,ok
2026-09-25,DUB,LCJ,2027-04-18,,,unavailable
2026-09-25,DUB,LCJ,2027-04-19,,,unavailable
2026-09-25,DUB,LCJ,2027-04-20,12:45,349.00,ok
2026-09-25,DUB,LCJ,2027-04-21,,,unavailable
2026-09-25,DUB,LCJ,2027-04-22,,,unavailable
2026-09-25,DUB,LCJ,2027-04-23,,,unavailable
2026-09-25,DUB,LCJ,2027-04-24,18:10,349.00,ok
2026-09-25,DUB,LCJ,2027-04-25,,,unavailable
2026-09-25,DUB,LCJ,2027-04-26,,,unavailable
2026-09-25,DUB,LCJ,2027-04-27,12:45,446.00,ok
2026-09-25,DUB,LCJ,2027-04-28,,,unavailable
2026-09-25,DUB,LCJ,2027-04-29,,,unavailable
2026-09-25,DUB,LCJ,2027-04-30,,,unavailable
2026-09-25,DUB,LCJ,2027-05-01,18:10,548.00,ok
2026-09-25,DUB,LCJ,2027-05-02,,,unavailable
2026-09-25,DUB,LCJ,2027-05-03,,,unavailable
2026-09-25,DUB,LCJ,2027-05-04,12:45,502.00,ok
2026-09-25,DUB,LCJ,2027-05-05,,,unavailable
2026-09-25,DUB,LCJ,2027-05-06,,,unavailable
2026-09-25,DUB,LCJ,2027-05-07,,,unavailable
2026-09-25,DUB,LCJ,2027-05-08,18:10,391.00,ok
2026-09-25,DUB,LCJ,2027-05-09,,,unavailable
2026-09-25,DUB,LCJ,2027-05-10,,,unavailable
2026-09-25,DUB,LCJ,2027-05-11,12:45,446.00,ok
2026-09-25,DUB,LCJ,2027-05-12,,,unavailable
2026-09-25,DUB,LCJ,2027-05-13,,,unavailable
2026-09-25,DUB,LCJ,2027-05-14,,,unavailable
2026-09-25,DUB,LCJ,2027-05-15,18:10,502.00,ok
2026-09-25,DUB,LCJ,2027-05-16,,,unavailable
2026-09-25,DUB,LCJ,2027-05-17,,,unavailable
2026-09-25,DUB,LCJ,2027-05-18,12:45,502.00,ok
2026-09-25,DUB,LCJ,2027-05-19,,,unavailable
2026-09-25,DUB,LCJ,2027-05-20,,,unavailable
2026-09-25,DUB,LCJ,2027-05-21,,,unavailable
2026-09-25,DUB,LCJ,2027-05-22,18:10,502.00,ok
2026-09-25,DUB,LCJ,2027-05-23,,,unavailable
2026-09-25,DUB,LCJ,2027-05-24,,,unavailable
2026-09-25,DUB,LCJ,2027-05-25,12:45,603.00,ok
2026-09-25,DUB,LCJ,2027-05-26,,,unavailable
2026-09-25,DUB,LCJ,2027-05-27,,,unavailable
2026-09-25,DUB,LCJ,2027-05-28,,,unavailable
2026-09-25,DUB,LCJ,2027-05-29,18:10,552.38,ok
2026-09-25,DUB,LCJ,2027-05-30,,,unavailable
2026-09-25,DUB,LCJ,2027-05-31,,,unavailable
2026-09-25,DUB,LCJ,2027-06-01,12:45,506.38,ok
2026-09-25,DUB,LCJ,2027-06-02,,,unavailable
2026-09-25,DUB,LCJ,2027-06-03,,,unavailable
2026-09-25,DUB,LCJ,2027-06-04,,,unavailable
2026-09-25,DUB,LCJ,2027-06-05,18:10,607.38,ok
2026-09-25,DUB,LCJ,2027-06-06,,,unavailable
2026-09-25,DUB,LCJ,2027-06-07,,,unavailable
2026-09-25,DUB,LCJ,2027-06-08,12:45,552.38,ok
2026-09-25,DUB,LCJ,2027-06-09,,,unavailable
2026-09-25,DUB,LCJ,2027-06-10,,,unavailable
2026-09-25,DUB,LCJ,2027-06-11,,,unavailable
2026-09-25,DUB,LCJ,2027-06-12,18:10,548.00,ok
2026-09-25,DUB,LCJ,2027-06-13,,,unavailable
2026-09-25,DUB,LCJ,2027-06-14,,,unavailable
2026-09-25,DUB,LCJ,2027-06-15,12:45,603.00,ok
2026-09-25,DUB,LCJ,2027-06-16,,,unavailable
2026-09-25,DUB,LCJ,2027-06-17,,,unavailable
2026-09-25,DUB,LCJ,2027-06-18,,,unavailable
2026-09-25,DUB,LCJ,2027-06-19,18:10,659.00,ok
2026-09-25,DUB,LCJ,2027-06-20,,,unavailable
2026-09-25,DUB,LCJ,2027-06-21,,,unavailable
2026-09-25,DUB,LCJ,2027-06-22,12:45,782.00,ok
2026-09-25,DUB,LCJ,2027-06-23,,,unavailable
2026-09-25,DUB,LCJ,2027-06-24,,,unavailable
2026-09-25,DUB,LCJ,2027-06-25,,,unavailable
2026-09-25,DUB,LCJ,2027-06-26,18:10,782.00,ok
2026-09-25,DUB,LCJ,2027-06-27,,,unavailable
2026-09-25,DUB,LCJ,2027-06-28,,,unavailable
2026-09-25,DUB,LCJ,2027-06-29,12:45,782.00,ok
2026-09-25,DUB,LCJ,2027-06-30,,,unavailable
2026-09-25,DUB,LCJ,2027-07-01,,,unavailable
2026-09-25,DUB,LCJ,2027-07-02,,,unavailable
2026-09-25,DUB,LCJ,2027-07-03,18:10,854.00,ok
2026-09-25,DUB,LCJ,2027-07-04,,,unavailable
2026-09-25,DUB,LCJ,2027-07-05,,,unavailable
2026-09-25,DUB,LCJ,2027-07-06,12:45,782.00,ok
2026-09-25,DUB,LCJ,2027-07-07,,,unavailable
2026-09-25,DUB,LCJ,2027-07-08,,,unavailable
2026-09-25,DUB,LCJ,2027-07-09,,,unavailable
2026-09-25,DUB,LCJ,2027-07-10,18:10,854.00,ok
2026-09-25,DUB,LCJ,2027-07-11,,,unavailable
2026-09-25,DUB,LCJ,2027-07-12,,,unavailable
2026-09-25,DUB,LCJ,2027-07-13,12:45,854.00,ok
2026-09-25,DUB,LCJ,2027-07-14,,,unavailable
2026-09-25,DUB,LCJ,2027-07-15,,,unavailable
2026-09-25,DUB,LCJ,2027-07-16,,,unavailable
2026-09-25,DUB,LCJ,2027-07-17,18:10,935.00,ok
2026-09-25,DUB,LCJ,2027-07-18,,,unavailable
2026-09-25,DUB,LCJ,2027-07-19,,,unavailable
2026-09-25,DUB,LCJ,2027-07-20,12:45,782.00,ok
2026-09-25,DUB,LCJ,2027-07-21,,,unavailable
2026-09-25,DUB,LCJ,2027-07-22,,,unavailable
2026-09-25,DUB,LCJ,2027-07-23,,,unavailable
2026-09-25,DUB,LCJ,2027-07-24,18:10,782.00,ok
2026-09-25,DUB,LCJ,2027-07-25,,,unavailable
2026-09-25,DUB,LCJ,2027-07-26,,,unavailable
2026-09-25,DUB,LCJ,2027-07-27,12:45,782.00,ok
2026-09-25,DUB,LCJ,2027-07-28,,,unavailable
2026-09-25,DUB,LCJ,2027-07-29,,,unavailable
2026-09-25,DUB,LCJ,2027-07-30,,,unavailable
2026-09-25,DUB,LCJ,2027-07-31,18:10,718.00,ok
2026-09-25,DUB,LCJ,2027-08-01,,,unavailable
2026-09-25,DUB,LCJ,2027-08-02,,,unavailable
2026-09-25,DUB,LCJ,2027-08-03,12:45,659.00,ok
2026-09-25,DUB,LCJ,2027-08-04,,,unavailable
2026-09-25,DUB,LCJ,2027-08-05,,,unavailable
2026-09-25,DUB,LCJ,2027-08-06,,,unavailable
2026-09-25,DUB,LCJ,2027-08-07,18:10,548.00,ok
2026-09-25,DUB,LCJ,2027-08-08,,,unavailable
2026-09-25,DUB,LCJ,2027-08-09,,,unavailable
2026-09-25,DUB,LCJ,2027-08-10,12:45,502.00,ok
2026-09-25,DUB,LCJ,2027-08-11,,,unavailable
2026-09-25,DUB,LCJ,2027-08-12,,,unavailable
2026-09-25,DUB,LCJ,2027-08-13,,,unavailable
2026-09-25,DUB,LCJ,2027-08-14,18:10,548.00,ok
2026-09-25,DUB,LCJ,2027-08-15,,,unavailable
2026-09-25,DUB,LCJ,2027-08-16,,,unavailable
2026-09-25,DUB,LCJ,2027-08-17,12:45,391.00,ok
2026-09-25,DUB,LCJ,2027-08-18,,,unavailable
2026-09-25,DUB,LCJ,2027-08-19,,,unavailable
2026-09-25,DUB,LCJ,2027-08-20,,,unavailable
2026-09-25,DUB,LCJ,2027-08-21,18:10,391.00,ok
2026-09-25,DUB,LCJ,2027-08-22,,,unavailable
2026-09-25,DUB,LCJ,2027-08-23,,,unavailable
2026-09-25,DUB,LCJ,2027-08-24,12:45,391.00,ok
2026-09-25,DUB,LCJ,2027-08-25,,,unavailable
2026-09-25,DUB,LCJ,2027-08-26,,,unavailable
2026-09-25,DUB,LCJ,2027-08-27,,,unavailable
2026-09-25,DUB,LCJ,2027-08-28,18:10,349.00,ok
2026-09-25,DUB,LCJ,2027-08-29,,,unavailable
2026-09-25,DUB,LCJ,2027-08-30,,,unavailable
2026-09-25,DUB,LCJ,2027-08-31,12:45,391.00,ok
2026-09-25,LCJ,STN,2026-09-25,,,unavailable
2026-09-25,LCJ,STN,2026-09-26,11:35,1075.54,ok
2026-09-25,LCJ,STN,2026-09-27,15:45,1539.87,ok
2026-09-25,LCJ,STN,2026-09-28,16:45,684.46,ok
2026-09-25,LCJ,STN,2026-09-29,20:45,303.18,ok
2026-09-25,LCJ,STN,2026-09-30,11:50,262.58,ok
2026-09-25,LCJ,STN,2026-10-01,16:15,436.98,ok
2026-09-25,LCJ,STN,2026-10-02,,,unavailable
2026-09-25,LCJ,STN,2026-10-03,11:35,629.37,ok
2026-09-25,LCJ,STN,2026-10-04,15:45,817.20,ok
2026-09-25,LCJ,STN,2026-10-05,16:45,382.37,ok
2026-09-25,LCJ,STN,2026-10-06,20:45,260.36,ok
2026-09-25,LCJ,STN,2026-10-07,11:50,166.66,ok
2026-09-25,LCJ,STN,2026-10-08,16:15,223.27,ok
2026-09-25,LCJ,STN,2026-10-09,,,unavailable
2026-09-25,LCJ,STN,2026-10-10,11:35,234.23,ok
2026-09-25,LCJ,STN,2026-10-11,15:45,378.00,ok
2026-09-25,LCJ,STN,2026-10-12,16:45,265.83,ok
2026-09-25,LCJ,STN,2026-10-13,20:45,120.49,ok
2026-09-25,LCJ,STN,2026-10-14,11:50,111.18,ok
2026-09-25,LCJ,STN,2026-10-15,16:15,120.49,ok
2026-09-25,LCJ,STN,2026-10-16,,,unavailable
2026-09-25,LCJ,STN,2026-10-17,11:35,213.96,ok
2026-09-25,LCJ,STN,2026-10-18,15:45,233.02,ok
2026-09-25,LCJ,STN,2026-10-19,16:45,158.00,ok
2026-09-25,LCJ,STN,2026-10-20,20:45,77.64,ok
2026-09-25,LCJ,STN,2026-10-21,11:50,83.55,ok
2026-09-25,LCJ,STN,2026-10-22,16:15,133.11,ok
2026-09-25,LCJ,STN,2026-10-23,,,unavailable
2026-09-25,LCJ,STN,2026-10-24,11:35,129.75,ok
2026-09-25,LCJ,STN,2026-10-25,13:40,111.88,ok
2026-09-25,LCJ,STN,2026-10-26,10:55,96.13,ok
2026-09-25,LCJ,STN,2026-10-27,20:30,102.86,ok
2026-09-25,LCJ,STN,2026-10-28,,,unavailable
2026-09-25,LCJ,STN,2026-10-29,17:45,215.32,ok
2026-09-25,LCJ,STN,2026-10-30,10:10,198.98,ok
2026-09-25,LCJ,STN,2026-10-31,12:25,384.66,ok
2026-09-25,LCJ,STN,2026-11-01,13:40,403.00,ok
2026-09-25,LCJ,STN,2026-11-02,10:55,556.33,ok
2026-09-25,LCJ,STN,2026-11-03,,,unavailable
2026-09-25,LCJ,STN,2026-11-04,,,unavailable
2026-09-25,LCJ,STN,2026-11-05,17:45,289.10,ok
2026-09-25,LCJ,STN,2026-11-06,10:10,240.57,ok
2026-09-25,LCJ,STN,2026-11-07,12:25,297.86,ok
2026-09-25,LCJ,STN,2026-11-08,13:40,214.62,ok
2026-09-25,LCJ,STN,2026-11-09,10:55,267.19,ok
2026-09-25,LCJ,STN,2026-11-10,,,unavailable
2026-09-25,LCJ,STN,2026-11-11,,,unavailable
2026-09-25,LCJ,STN,2026-11-12,17:45,278.20,ok
2026-09-25,LCJ,STN,2026-11-13,10:10,157.67,ok
2026-09-25,LCJ,STN,2026-11-14,12:25,166.43,ok
2026-09-25,LCJ,STN,2026-11-15,17:30,148.91,ok
2026-09-25,LCJ,STN,2026-11-16,10:55,131.38,ok
2026-09-25,LCJ,STN,2026-11-17,,,unavailable
2026-09-25,LCJ,STN,2026-11-18,,,unavailable
2026-09-25,LCJ,STN,2026-11-19,17:45,135.67,ok
2026-09-25,LCJ,STN,2026-11-20,10:10,170.81,ok
2026-09-25,LCJ,STN,2026-11-21,12:25,140.14,ok
2026-09-25,LCJ,STN,2026-11-22,17:30,119.75,ok
2026-09-25,LCJ,STN,2026-11-23,10:55,127.00,ok
2026-09-25,LCJ,STN,2026-11-24,,,unavailable
2026-09-25,LCJ,STN,2026-11-25,,,unavailable
2026-09-25,LCJ,STN,2026-11-26,17:45,103.30,ok
2026-09-25,LCJ,STN,2026-11-27,10:10,113.86,ok
2026-09-25,LCJ,STN,2026-11-28,12:25,100.72,ok
2026-09-25,LCJ,STN,2026-11-29,13:40,87.00,ok
2026-09-25,LCJ,STN,2026-11-30,10:55,232.14,ok
2026-09-25,LCJ,STN,2026-12-01,,,unavailable
2026-09-25,LCJ,STN,2026-12-02,,,unavailable
2026-09-25,LCJ,STN,2026-12-03,17:45,175.19,ok
2026-09-25,LCJ,STN,2026-12-04,14:20,106.71,ok
2026-09-25,LCJ,STN,2026-12-05,12:25,87.00,ok
2026-09-25,LCJ,STN,2026-12-06,13:40,91.96,ok
2026-09-25,LCJ,STN,2026-12-07,10:55,103.43,ok
2026-09-25,LCJ,STN,2026-12-08,,,unavailable
2026-09-25,LCJ,STN,2026-12-09,,,unavailable
2026-09-25,LCJ,STN,2026-12-10,17:45,100.55,ok
2026-09-25,LCJ,STN,2026-12-11,14:20,87.00,ok
2026-09-25,LCJ,STN,2026-12-12,12:25,78.81,ok
2026-09-25,LCJ,STN,2026-12-13,13:40,87.00,ok
2026-09-25,LCJ,STN,2026-12-14,10:55,87.43,ok
2026-09-25,LCJ,STN,2026-12-15,,,unavailable
2026-09-25,LCJ,STN,2026-12-16,,,unavailable
2026-09-25,LCJ,STN,2026-12-17,17:45,87.00,ok
2026-09-25,LCJ,STN,2026-12-18,14:20,102.34,ok
2026-09-25,LCJ,STN,2026-12-19,12:25,204.14,ok
2026-09-25,LCJ,STN,2026-12-20,17:30,127.15,ok
2026-09-25,LCJ,STN,2026-12-21,10:55,179.27,ok
2026-09-25,LCJ,STN,2026-12-22,21:25,197.10,ok
2026-09-25,LCJ,STN,2026-12-23,09:35,347.09,ok
2026-09-25,LCJ,STN,2026-12-24,,,unavailable
2026-09-25,LCJ,STN,2026-12-25,,,unavailable
2026-09-25,LCJ,STN,2026-12-26,12:25,319.22,ok
2026-09-25,LCJ,STN,2026-12-27,17:30,347.09,ok
2026-09-25,LCJ,STN,2026-12-28,10:55,571.47,ok
2026-09-25,LCJ,STN,2026-12-29,21:25,456.58,ok
2026-09-25,LCJ,STN,2026-12-30,09:35,473.09,ok
2026-09-25,LCJ,STN,2026-12-31,17:45,476.15,ok
2026-09-25,LCJ,STN,2027-01-01,10:10,378.00,ok
2026-09-25,LCJ,STN,2027-01-02,12:25,750.54,ok
2026-09-25,LCJ,STN,2027-01-03,17:30,699.72,ok
2026-09-25,LCJ,STN,2027-01-04,10:55,514.00,ok
2026-09-25,LCJ,STN,2027-01-05,,,unavailable
2026-09-25,LCJ,STN,2027-01-06,,,unavailable
2026-09-25,LCJ,STN,2027-01-07,17:45,238.47,ok
2026-09-25,LCJ,STN,2027-01-08,14:20,183.64,ok
2026-09-25,LCJ,STN,2027-01-09,12:25,192.39,ok
2026-09-25,LCJ,STN,2027-01-10,17:30,238.47,ok
2026-09-25,LCJ,STN,2027-01-11,10:55,218.63,ok
2026-09-25,LCJ,STN,2027-01-12,,,unavailable
2026-09-25,LCJ,STN,2027-01-13,,,unavailable
2026-09-25,LCJ,STN,2027-01-14,17:45,105.10,ok
2026-09-25,LCJ,STN,2027-01-15,14:20,127.00,ok
2026-09-25,LCJ,STN,2027-01-16,12:25,209.88,ok
2026-09-25,LCJ,STN,2027-01-17,17:30,132.00,ok
2026-09-25,LCJ,STN,2027-01-18,10:55,227.38,ok
2026-09-25,LCJ,STN,2027-01-19,,,unavailable
2026-09-25,LCJ,STN,2027-01-20,,,unavailable
2026-09-25,LCJ,STN,2027-01-21,17:45,126.79,ok
2026-09-25,LCJ,STN,2027-01-22,14:20,132.00,ok
2026-09-25,LCJ,STN,2027-01-23,12:25,158.00,ok
2026-09-25,LCJ,STN,2027-01-24,17:30,174.62,ok
2026-09-25,LCJ,STN,2027-01-25,10:55,132.00,ok
2026-09-25,LCJ,STN,2027-01-26,,,unavailable
2026-09-25,LCJ,STN,2027-01-27,,,unavailable
2026-09-25,LCJ,STN,2027-01-28,17:45,132.00,ok
2026-09-25,LCJ,STN,2027-01-29,14:20,158.00,ok
2026-09-25,LCJ,STN,2027-01-30,12:25,166.15,ok
2026-09-25,LCJ,STN,2027-01-31,17:30,245.29,ok
2026-09-25,LCJ,STN,2027-02-01,10:55,157.40,ok
2026-09-25,LCJ,STN,2027-02-02,,,unavailable
2026-09-25,LCJ,STN,2027-02-03,,,unavailable
2026-09-25,LCJ,STN,2027-02-04,17:45,127.00,ok
2026-09-25,LCJ,STN,2027-02-05,10:10,109.29,ok
2026-09-25,LCJ,STN,2027-02-06,12:25,135.53,ok
2026-09-25,LCJ,STN,2027-02-07,17:30,148.66,ok
2026-09-25,LCJ,STN,2027-02-08,10:55,139.91,ok
2026-09-25,LCJ,STN,2027-02-09,,,unavailable
2026-09-25,LCJ,STN,2027-02-10,,,unavailable
2026-09-25,LCJ,STN,2027-02-11,17:45,158.00,ok
2026-09-25,LCJ,STN,2027-02-12,10:10,201.48,ok
2026-09-25,LCJ,STN,2027-02-13,12:25,289.00,ok
2026-09-25,LCJ,STN,2027-02-14,17:30,157.40,ok
2026-09-25,LCJ,STN,2027-02-15,10:55,187.00,ok
2026-09-25,LCJ,STN,2027-02-16,,,unavailable
2026-09-25,LCJ,STN,2027-02-17,,,unavailable
2026-09-25,LCJ,STN,2027-02-18,17:45,236.13,ok
2026-09-25,LCJ,STN,2027-02-19,10:10,289.00,ok
2026-09-25,LCJ,STN,2027-02-20,12:25,468.00,ok
2026-09-25,LCJ,STN,2027-02-21,13:40,410.36,ok
2026-09-25,LCJ,STN,2027-02-22,10:55,266.74,ok
2026-09-25,LCJ,STN,2027-02-23,,,unavailable
2026-09-25,LCJ,STN,2027-02-24,,,unavailable
2026-09-25,LCJ,STN,2027-02-25,17:45,148.91,ok
2026-09-25,LCJ,STN,2027-02-26,10:10,158.00,ok
2026-09-25,LCJ,STN,2027-02-27,12:25,158.00,ok
2026-09-25,LCJ,STN,2027-02-28,13:40,158.00,ok
2026-09-25,LCJ,STN,2027-03-01,10:55,174.62,ok
2026-09-25,LCJ,STN,2027-03-02,,,unavailable
2026-09-25,LCJ,STN,2027-03-03,,,unavailable
2026-09-25,LCJ,STN,2027-03-04,17:45,196.76,ok
2026-09-25,LCJ,STN,2027-03-05,10:10,158.00,ok
2026-09-25,LCJ,STN,2027-03-06,12:25,158.00,ok
2026-09-25,LCJ,STN,2027-03-07,17:30,253.62,ok
2026-09-25,LCJ,STN,2027-03-08,10:55,148.91,ok
2026-09-25,LCJ,STN,2027-03-09,,,unavailable
2026-09-25,LCJ,STN,2027-03-10,,,unavailable
2026-09-25,LCJ,STN,2027-03-11,17:45,148.66,ok
2026-09-25,LCJ,STN,2027-03-12,10:10,113.67,ok
2026-09-25,LCJ,STN,2027-03-13,12:25,158.00,ok
2026-09-25,LCJ,STN,2027-03-14,17:30,257.99,ok
2026-09-25,LCJ,STN,2027-03-15,10:55,153.03,ok
2026-09-25,LCJ,STN,2027-03-16,,,unavailable
2026-09-25,LCJ,STN,2027-03-17,,,unavailable
2026-09-25,LCJ,STN,2027-03-18,17:45,157.40,ok
2026-09-25,LCJ,STN,2027-03-19,14:20,122.41,ok
2026-09-25,LCJ,STN,2027-03-20,12:25,251.00,ok
2026-09-25,LCJ,STN,2027-03-21,13:40,158.00,ok
2026-09-25,LCJ,STN,2027-03-22,10:55,161.78,ok
2026-09-25,LCJ,STN,2027-03-23,16:15,161.78,ok
2026-09-25,LCJ,STN,2027-03-24,,,unavailable
2026-09-25,LCJ,STN,2027-03-25,17:45,473.09,ok
2026-09-25,LCJ,STN,2027-03-26,10:10,227.38,ok
2026-09-25,LCJ,STN,2027-03-27,12:25,468.00,ok
2026-09-25,LCJ,STN,2027-03-28,15:45,217.00,ok
2026-09-25,LCJ,STN,2027-03-29,15:25,514.00,ok
2026-09-25,LCJ,STN,2027-03-30,20:30,468.00,ok
2026-09-25,LCJ,STN,2027-03-31,12:20,514.00,ok
2026-09-25,LCJ,STN,2027-04-01,16:00,421.00,ok
2026-09-25,LCJ,STN,2027-04-02,16:20,421.00,ok
2026-09-25,LCJ,STN,2027-04-03,12:05,514.00,ok
2026-09-25,LCJ,STN,2027-04-04,15:45,514.00,ok
2026-09-25,LCJ,STN,2027-04-05,15:25,514.00,ok
2026-09-25,LCJ,STN,2027-04-06,20:30,425.37,ok
2026-09-25,LCJ,STN,2027-04-07,12:20,206.02,ok
2026-09-25,LCJ,STN,2027-04-08,16:00,191.37,ok
2026-09-25,LCJ,STN,2027-04-09,16:20,191.37,ok
2026-09-25,LCJ,STN,2027-04-10,12:05,251.00,ok
2026-09-25,LCJ,STN,2027-04-11,15:45,289.00,ok
2026-09-25,LCJ,STN,2027-04-12,15:25,289.00,ok
2026-09-25,LCJ,STN,2027-04-13,20:30,378.00,ok
2026-09-25,LCJ,STN,2027-04-14,12:20,421.00,ok
2026-09-25,LCJ,STN,2027-04-15,16:00,468.00,ok
2026-09-25,LCJ,STN,2027-04-16,16:20,421.00,ok
2026-09-25,LCJ,STN,2027-04-17,12:05,468.00,ok
2026-09-25,LCJ,STN,2027-04-18,15:45,514.00,ok
2026-09-25,LCJ,STN,2027-04-19,15:25,514.00,ok
2026-09-25,LCJ,STN,2027-04-20,20:30,688.00,ok
2026-09-25,LCJ,STN,2027-04-21,12:20,514.00,ok
2026-09-25,LCJ,STN,2027-04-22,16:00,421.00,ok
2026-09-25,LCJ,STN,2027-04-23,16:20,421.00,ok
2026-09-25,LCJ,STN,2027-04-24,12:05,514.00,ok
2026-09-25,LCJ,STN,2027-04-25,15:45,514.00,ok
2026-09-25,LCJ,STN,2027-04-26,15:25,514.00,ok
2026-09-25,LCJ,STN,2027-04-27,20:30,421.00,ok
2026-09-25,LCJ,STN,2027-04-28,12:20,378.00,ok
2026-09-25,LCJ,STN,2027-04-29,16:00,378.00,ok
2026-09-25,LCJ,STN,2027-04-30,16:20,251.00,ok
2026-09-25,LCJ,STN,2027-05-01,12:05,251.00,ok
2026-09-25,LCJ,STN,2027-05-02,15:45,332.00,ok
2026-09-25,LCJ,STN,2027-05-03,15:25,332.00,ok
2026-09-25,LCJ,STN,2027-05-04,20:30,289.00,ok
2026-09-25,LCJ,STN,2027-05-05,12:20,217.00,ok
2026-09-25,LCJ,STN,2027-05-06,16:00,217.00,ok
2026-09-25,LCJ,STN,2027-05-07,16:20,187.00,ok
2026-09-25,LCJ,STN,2027-05-08,12:05,217.00,ok
2026-09-25,LCJ,STN,2027-05-09,15:45,289.00,ok
2026-09-25,LCJ,STN,2027-05-10,15:25,289.00,ok
2026-09-25,LCJ,STN,2027-05-11,20:30,289.00,ok
2026-09-25,LCJ,STN,2027-05-12,12:20,217.00,ok
2026-09-25,LCJ,STN,2027-05-13,16:00,187.00,ok
2026-09-25,LCJ,STN,2027-05-14,16:20,217.00,ok
2026-09-25,LCJ,STN,2027-05-15,12:05,187.00,ok
2026-09-25,LCJ,STN,2027-05-16,15:45,289.00,ok
2026-09-25,LCJ,STN,2027-05-17,15:25,289.00,ok
2026-09-25,LCJ,STN,2027-05-18,20:30,289.00,ok
2026-09-25,LCJ,STN,2027-05-19,12:20,217.00,ok
2026-09-25,LCJ,STN,2027-05-20,16:00,187.00,ok
2026-09-25,LCJ,STN,2027-05-21,16:20,217.00,ok
2026-09-25,LCJ,STN,2027-05-22,12:05,217.00,ok
2026-09-25,LCJ,STN,2027-05-23,15:45,251.00,ok
2026-09-25,LCJ,STN,2027-05-24,15:25,251.00,ok
2026-09-25,LCJ,STN,2027-05-25,20:30,293.37,ok
2026-09-25,LCJ,STN,2027-05-26,12:20,255.37,ok
2026-09-25,LCJ,STN,2027-05-27,16:00,332.00,ok
2026-09-25,LCJ,STN,2027-05-28,16:20,378.00,ok
2026-09-25,LCJ,STN,2027-05-29,12:05,472.38,ok
2026-09-25,LCJ,STN,2027-05-30,15:45,468.00,ok
2026-09-25,LCJ,STN,2027-05-31,15:25,293.37,ok
2026-09-25,LCJ,STN,2027-06-01,20:30,293.38,ok
2026-09-25,LCJ,STN,2027-06-02,12:20,217.00,ok
2026-09-25,LCJ,STN,2027-06-03,16:00,217.00,ok
2026-09-25,LCJ,STN,2027-06-04,16:20,217.00,ok
2026-09-25,LCJ,STN,2027-06-05,12:05,293.38,ok
2026-09-25,LCJ,STN,2027-06-06,15:45,289.00,ok
2026-09-25,LCJ,STN,2027-06-07,15:25,255.38,ok
2026-09-25,LCJ,STN,2027-06-08,20:30,255.38,ok
2026-09-25,LCJ,STN,2027-06-09,12:20,217.00,ok
2026-09-25,LCJ,STN,2027-06-10,16:00,221.38,ok
2026-09-25,LCJ,STN,2027-06-11,16:20,191.38,ok
2026-09-25,LCJ,STN,2027-06-12,12:05,289.00,ok
2026-09-25,LCJ,STN,2027-06-13,15:45,289.00,ok
2026-09-25,LCJ,STN,2027-06-14,15:25,336.38,ok
2026-09-25,LCJ,STN,2027-06-15,20:30,332.00,ok
2026-09-25,LCJ,STN,2027-06-16,12:20,217.00,ok
2026-09-25,LCJ,STN,2027-06-17,16:00,251.00,ok
2026-09-25,LCJ,STN,2027-06-18,16:20,217.00,ok
2026-09-25,LCJ,STN,2027-06-19,12:05,251.00,ok
2026-09-25,LCJ,STN,2027-06-20,15:45,251.00,ok
2026-09-25,LCJ,STN,2027-06-21,15:25,251.00,ok
2026-09-25,LCJ,STN,2027-06-22,20:30,251.00,ok
2026-09-25,LCJ,STN,2027-06-23,12:20,191.37,ok
2026-09-25,LCJ,STN,2027-06-24,16:00,217.00,ok
2026-09-25,LCJ,STN,2027-06-25,16:20,289.00,ok
2026-09-25,LCJ,STN,2027-06-26,12:05,332.00,ok
2026-09-25,LCJ,STN,2027-06-27,15:45,332.00,ok
2026-09-25,LCJ,STN,2027-06-28,15:25,332.00,ok
2026-09-25,LCJ,STN,2027-06-29,20:30,332.00,ok
2026-09-25,LCJ,STN,2027-06-30,12:20,251.00,ok
2026-09-25,LCJ,STN,2027-07-01,16:00,251.00,ok
2026-09-25,LCJ,STN,2027-07-02,16:20,217.00,ok
2026-09-25,LCJ,STN,2027-07-03,12:05,289.00,ok
2026-09-25,LCJ,STN,2027-07-04,15:45,289.00,ok
2026-09-25,LCJ,STN,2027-07-05,15:25,217.00,ok
2026-09-25,LCJ,STN,2027-07-06,20:30,217.00,ok
2026-09-25,LCJ,STN,2027-07-07,12:20,187.00,ok
2026-09-25,LCJ,STN,2027-07-08,16:00,187.00,ok
2026-09-25,LCJ,STN,2027-07-09,16:20,206.02,ok
2026-09-25,LCJ,STN,2027-07-10,12:05,217.00,ok
2026-09-25,LCJ,STN,2027-07-11,15:45,217.00,ok
2026-09-25,LCJ,STN,2027-07-12,15:25,217.00,ok
2026-09-25,LCJ,STN,2027-07-13,20:30,217.00,ok
2026-09-25,LCJ,STN,2027-07-14,12:20,187.00,ok
2026-09-25,LCJ,STN,2027-07-15,16:00,187.00,ok
2026-09-25,LCJ,STN,2027-07-16,16:20,187.00,ok
2026-09-25,LCJ,STN,2027-07-17,12:05,187.00,ok
2026-09-25,LCJ,STN,2027-07-18,15:45,187.00,ok
2026-09-25,LCJ,STN,2027-07-19,15:25,187.00,ok
2026-09-25,LCJ,STN,2027-07-20,20:30,187.00,ok
2026-09-25,LCJ,STN,2027-07-21,12:20,187.00,ok
2026-09-25,LCJ,STN,2027-07-22,16:00,187.00,ok
2026-09-25,LCJ,STN,2027-07-23,16:20,187.00,ok
2026-09-25,LCJ,STN,2027-07-24,12:05,217.00,ok
2026-09-25,LCJ,STN,2027-07-25,15:45,238.47,ok
2026-09-25,LCJ,STN,2027-07-26,15:25,217.00,ok
2026-09-25,LCJ,STN,2027-07-27,20:30,217.00,ok
2026-09-25,LCJ,STN,2027-07-28,12:20,187.00,ok
2026-09-25,LCJ,STN,2027-07-29,16:00,187.00,ok
2026-09-25,LCJ,STN,2027-07-30,16:20,217.00,ok
2026-09-25,LCJ,STN,2027-07-31,12:05,332.00,ok
2026-09-25,LCJ,STN,2027-08-01,15:45,332.00,ok
2026-09-25,LCJ,STN,2027-08-02,15:25,332.00,ok
2026-09-25,LCJ,STN,2027-08-03,20:30,332.00,ok
2026-09-25,LCJ,STN,2027-08-04,12:20,251.00,ok
2026-09-25,LCJ,STN,2027-08-05,16:00,251.00,ok
2026-09-25,LCJ,STN,2027-08-06,16:20,289.00,ok
2026-09-25,LCJ,STN,2027-08-07,12:05,421.00,ok
2026-09-25,LCJ,STN,2027-08-08,15:45,421.00,ok
2026-09-25,LCJ,STN,2027-08-09,15:25,421.00,ok
2026-09-25,LCJ,STN,2027-08-10,20:30,421.00,ok
2026-09-25,LCJ,STN,2027-08-11,12:20,378.00,ok
2026-09-25,LCJ,STN,2027-08-12,16:00,421.00,ok
2026-09-25,LCJ,STN,2027-08-13,16:20,468.00,ok
2026-09-25,LCJ,STN,2027-08-14,12:05,514.00,ok
2026-09-25,LCJ,STN,2027-08-15,15:45,514.00,ok
2026-09-25,LCJ,STN,2027-08-16,15:25,565.00,ok
2026-09-25,LCJ,STN,2027-08-17,20:30,565.00,ok
2026-09-25,LCJ,STN,2027-08-18,12:20,514.00,ok
2026-09-25,LCJ,STN,2027-08-19,16:00,514.00,ok
2026-09-25,LCJ,STN,2027-08-20,16:20,514.00,ok
2026-09-25,LCJ,STN,2027-08-21,12:05,565.00,ok
2026-09-25,LCJ,STN,2027-08-22,15:45,565.00,ok
2026-09-25,LCJ,STN,2027-08-23,15:25,625.00,ok
2026-09-25,LCJ,STN,2027-08-24,20:30,625.00,ok
2026-09-25,LCJ,STN,2027-08-25,12:20,565.00,ok
2026-09-25,LCJ,STN,2027-08-26,16:00,565.00,ok
2026-09-25,LCJ,STN,2027-08-27,16:20,625.00,ok
2026-09-25,LCJ,STN,2027-08-28,12:05,688.00,ok
2026-09-25,LCJ,STN,2027-08-29,15:45,688.00,ok
2026-09-25,LCJ,STN,2027-08-30,15:25,625.00,ok
2026-09-25,LCJ,STN,2027-08-31,20:30,625.00,ok
2026-09-25,STN,LCJ,2026-09-25,,,unavailable
2026-09-25,STN,LCJ,2026-09-26,08:00,1261.26,ok
2026-09-25,STN,LCJ,2026-09-27,12:10,1523.28,ok
2026-09-25,STN,LCJ,2026-09-28,13:10,540.31,ok
2026-09-25,STN,LCJ,2026-09-29,17:10,187.77,ok
2026-09-25,STN,LCJ,2026-09-30,08:15,139.15,ok
2026-09-25,STN,LCJ,2026-10-01,12:40,432.76,ok
2026-09-25,STN,LCJ,2026-10-02,,,unavailable
2026-09-25,STN,LCJ,2026-10-03,08:00,336.37,ok
2026-09-25,STN,LCJ,2026-10-04,12:10,223.27,ok
2026-09-25,STN,LCJ,2026-10-05,13:10,153.36,ok
2026-09-25,STN,LCJ,2026-10-06,17:10,74.00,ok
2026-09-25,STN,LCJ,2026-10-07,08:15,74.96,ok
2026-09-25,STN,LCJ,2026-10-08,12:40,229.99,ok
2026-09-25,STN,LCJ,2026-10-09,,,unavailable
2026-09-25,STN,LCJ,2026-10-10,08:00,342.41,ok
2026-09-25,STN,LCJ,2026-10-11,12:10,129.75,ok
2026-09-25,STN,LCJ,2026-10-12,13:10,111.00,ok
2026-09-25,STN,LCJ,2026-10-13,17:10,96.13,ok
2026-09-25,STN,LCJ,2026-10-14,08:15,91.76,ok
2026-09-25,STN,LCJ,2026-10-15,12:40,304.61,ok
2026-09-25,STN,LCJ,2026-10-16,,,unavailable
2026-09-25,STN,LCJ,2026-10-17,08:00,311.44,ok
2026-09-25,STN,LCJ,2026-10-18,12:10,356.14,ok
2026-09-25,STN,LCJ,2026-10-19,13:10,221.33,ok
2026-09-25,STN,LCJ,2026-10-20,17:10,194.61,ok
2026-09-25,STN,LCJ,2026-10-21,08:15,225.62,ok
2026-09-25,STN,LCJ,2026-10-22,12:40,344.07,ok
2026-09-25,STN,LCJ,2026-10-23,,,unavailable
2026-09-25,STN,LCJ,2026-10-24,08:00,390.99,ok
2026-09-25,STN,LCJ,2026-10-25,13:55,260.36,ok
2026-09-25,STN,LCJ,2026-10-26,07:20,172.34,ok
2026-09-25,STN,LCJ,2026-10-27,16:55,260.36,ok
2026-09-25,STN,LCJ,2026-10-28,,,unavailable
2026-09-25,STN,LCJ,2026-10-29,14:10,218.33,ok
2026-09-25,STN,LCJ,2026-10-30,06:35,96.13,ok
2026-09-25,STN,LCJ,2026-10-31,08:50,137.48,ok
2026-09-25,STN,LCJ,2026-11-01,10:05,86.48,ok
2026-09-25,STN,LCJ,2026-11-02,07:20,87.00,ok
2026-09-25,STN,LCJ,2026-11-03,,,unavailable
2026-09-25,STN,LCJ,2026-11-04,,,unavailable
2026-09-25,STN,LCJ,2026-11-05,14:10,101.75,ok
2026-09-25,STN,LCJ,2026-11-06,06:35,87.00,ok
2026-09-25,STN,LCJ,2026-11-07,08:50,106.84,ok
2026-09-25,STN,LCJ,2026-11-08,10:05,76.30,ok
2026-09-25,STN,LCJ,2026-11-09,07:20,87.00,ok
2026-09-25,STN,LCJ,2026-11-10,,,unavailable
2026-09-25,STN,LCJ,2026-11-11,,,unavailable
2026-09-25,STN,LCJ,2026-11-12,14:10,167.97,ok
2026-09-25,STN,LCJ,2026-11-13,06:35,89.28,ok
2026-09-25,STN,LCJ,2026-11-14,08:50,87.00,ok
2026-09-25,STN,LCJ,2026-11-15,10:05,142.47,ok
2026-09-25,STN,LCJ,2026-11-16,07:20,178.10,ok
2026-09-25,STN,LCJ,2026-11-17,,,unavailable
2026-09-25,STN,LCJ,2026-11-18,,,unavailable
2026-09-25,STN,LCJ,2026-11-19,14:10,162.83,ok
2026-09-25,STN,LCJ,2026-11-20,06:35,173.01,ok
2026-09-25,STN,LCJ,2026-11-21,08:50,117.02,ok
2026-09-25,STN,LCJ,2026-11-22,10:05,137.38,ok
2026-09-25,STN,LCJ,2026-11-23,07:20,101.38,ok
2026-09-25,STN,LCJ,2026-11-24,,,unavailable
2026-09-25,STN,LCJ,2026-11-25,,,unavailable
2026-09-25,STN,LCJ,2026-11-26,14:10,240.57,ok
2026-09-25,STN,LCJ,2026-11-27,06:35,218.82,ok
2026-09-25,STN,LCJ,2026-11-28,08:50,101.75,ok
2026-09-25,STN,LCJ,2026-11-29,10:05,87.00,ok
2026-09-25,STN,LCJ,2026-11-30,07:20,91.57,ok
2026-09-25,STN,LCJ,2026-12-01,,,unavailable
2026-09-25,STN,LCJ,2026-12-02,,,unavailable
2026-09-25,STN,LCJ,2026-12-03,14:10,173.01,ok
2026-09-25,STN,LCJ,2026-12-04,06:35,87.00,ok
2026-09-25,STN,LCJ,2026-12-05,08:50,87.00,ok
2026-09-25,STN,LCJ,2026-12-06,10:05,106.84,ok
2026-09-25,STN,LCJ,2026-12-07,07:20,212.71,ok
2026-09-25,STN,LCJ,2026-12-08,,,unavailable
2026-09-25,STN,LCJ,2026-12-09,,,unavailable
2026-09-25,STN,LCJ,2026-12-10,14:10,229.00,ok
2026-09-25,STN,LCJ,2026-12-11,10:45,105.23,ok
2026-09-25,STN,LCJ,2026-12-12,08:50,179.39,ok
2026-09-25,STN,LCJ,2026-12-13,10:05,198.46,ok
2026-09-25,STN,LCJ,2026-12-14,07:20,173.00,ok
2026-09-25,STN,LCJ,2026-12-15,,,unavailable
2026-09-25,STN,LCJ,2026-12-16,,,unavailable
2026-09-25,STN,LCJ,2026-12-17,14:10,799.02,ok
2026-09-25,STN,LCJ,2026-12-18,06:35,681.96,ok
2026-09-25,STN,LCJ,2026-12-19,08:50,1336.18,ok
2026-09-25,STN,LCJ,2026-12-20,13:55,1053.50,ok
2026-09-25,STN,LCJ,2026-12-21,07:20,600.20,ok
2026-09-25,STN,LCJ,2026-12-22,17:50,735.11,ok
2026-09-25,STN,LCJ,2026-12-23,05:55,996.13,ok
2026-09-25,STN,LCJ,2026-12-24,,,unavailable
2026-09-25,STN,LCJ,2026-12-25,,,unavailable
2026-09-25,STN,LCJ,2026-12-26,08:50,351.13,ok
2026-09-25,STN,LCJ,2026-12-27,10:05,254.45,ok
2026-09-25,STN,LCJ,2026-12-28,07:20,221.35,ok
2026-09-25,STN,LCJ,2026-12-29,17:50,236.17,ok
2026-09-25,STN,LCJ,2026-12-30,05:55,120.98,ok
2026-09-25,STN,LCJ,2026-12-31,14:10,124.65,ok
2026-09-25,STN,LCJ,2027-01-01,06:35,111.00,ok
2026-09-25,STN,LCJ,2027-01-02,08:50,187.00,ok
2026-09-25,STN,LCJ,2027-01-03,10:05,158.00,ok
2026-09-25,STN,LCJ,2027-01-04,07:20,111.00,ok
2026-09-25,STN,LCJ,2027-01-05,,,unavailable
2026-09-25,STN,LCJ,2027-01-06,,,unavailable
2026-09-25,STN,LCJ,2027-01-07,14:10,137.38,ok
2026-09-25,STN,LCJ,2027-01-08,10:45,111.00,ok
2026-09-25,STN,LCJ,2027-01-09,08:50,101.75,ok
2026-09-25,STN,LCJ,2027-01-10,13:55,132.00,ok
2026-09-25,STN,LCJ,2027-01-11,07:20,111.92,ok
2026-09-25,STN,LCJ,2027-01-12,,,unavailable
2026-09-25,STN,LCJ,2027-01-13,,,unavailable
2026-09-25,STN,LCJ,2027-01-14,14:10,132.00,ok
2026-09-25,STN,LCJ,2027-01-15,10:45,132.00,ok
2026-09-25,STN,LCJ,2027-01-16,08:50,152.64,ok
2026-09-25,STN,LCJ,2027-01-17,13:55,132.00,ok
2026-09-25,STN,LCJ,2027-01-18,07:20,132.00,ok
2026-09-25,STN,LCJ,2027-01-19,,,unavailable
2026-09-25,STN,LCJ,2027-01-20,,,unavailable
2026-09-25,STN,LCJ,2027-01-21,14:10,158.00,ok
2026-09-25,STN,LCJ,2027-01-22,10:45,162.82,ok
2026-09-25,STN,LCJ,2027-01-23,08:50,152.64,ok
2026-09-25,STN,LCJ,2027-01-24,13:55,132.00,ok
2026-09-25,STN,LCJ,2027-01-25,07:20,158.00,ok
2026-09-25,STN,LCJ,2027-01-26,,,unavailable
2026-09-25,STN,LCJ,2027-01-27,,,unavailable
2026-09-25,STN,LCJ,2027-01-28,14:10,144.25,ok
2026-09-25,STN,LCJ,2027-01-29,10:45,206.02,ok
2026-09-25,STN,LCJ,2027-01-30,08:50,187.00,ok
2026-09-25,STN,LCJ,2027-01-31,13:55,157.73,ok
2026-09-25,STN,LCJ,2027-02-01,07:20,142.46,ok
2026-09-25,STN,LCJ,2027-02-02,,,unavailable
2026-09-25,STN,LCJ,2027-02-03,,,unavailable
2026-09-25,STN,LCJ,2027-02-04,14:10,158.00,ok
2026-09-25,STN,LCJ,2027-02-05,06:35,203.55,ok
2026-09-25,STN,LCJ,2027-02-06,08:50,158.00,ok
2026-09-25,STN,LCJ,2027-02-07,10:05,158.00,ok
2026-09-25,STN,LCJ,2027-02-08,07:20,158.00,ok
2026-09-25,STN,LCJ,2027-02-09,,,unavailable
2026-09-25,STN,LCJ,2027-02-10,,,unavailable
2026-09-25,STN,LCJ,2027-02-11,14:10,402.03,ok
2026-09-25,STN,LCJ,2027-02-12,06:35,332.00,ok
2026-09-25,STN,LCJ,2027-02-13,08:50,421.00,ok
2026-09-25,STN,LCJ,2027-02-14,10:05,376.58,ok
2026-09-25,STN,LCJ,2027-02-15,07:20,284.97,ok
2026-09-25,STN,LCJ,2027-02-16,,,unavailable
2026-09-25,STN,LCJ,2027-02-17,,,unavailable
2026-09-25,STN,LCJ,2027-02-18,14:10,422.41,ok
2026-09-25,STN,LCJ,2027-02-19,06:35,254.43,ok
2026-09-25,STN,LCJ,2027-02-20,08:50,152.64,ok
2026-09-25,STN,LCJ,2027-02-21,10:05,158.00,ok
2026-09-25,STN,LCJ,2027-02-22,07:20,187.00,ok
2026-09-25,STN,LCJ,2027-02-23,,,unavailable
2026-09-25,STN,LCJ,2027-02-24,,,unavailable
2026-09-25,STN,LCJ,2027-02-25,14:10,178.09,ok
2026-09-25,STN,LCJ,2027-02-26,06:35,157.74,ok
2026-09-25,STN,LCJ,2027-02-27,08:50,187.00,ok
2026-09-25,STN,LCJ,2027-02-28,10:05,158.00,ok
2026-09-25,STN,LCJ,2027-03-01,07:20,147.55,ok
2026-09-25,STN,LCJ,2027-03-02,,,unavailable
2026-09-25,STN,LCJ,2027-03-03,,,unavailable
2026-09-25,STN,LCJ,2027-03-04,14:10,254.43,ok
2026-09-25,STN,LCJ,2027-03-05,06:35,158.00,ok
2026-09-25,STN,LCJ,2027-03-06,08:50,158.00,ok
2026-09-25,STN,LCJ,2027-03-07,13:55,174.62,ok
2026-09-25,STN,LCJ,2027-03-08,07:20,217.00,ok
2026-09-25,STN,LCJ,2027-03-09,,,unavailable
2026-09-25,STN,LCJ,2027-03-10,,,unavailable
2026-09-25,STN,LCJ,2027-03-11,14:10,173.00,ok
2026-09-25,STN,LCJ,2027-03-12,06:35,158.00,ok
2026-09-25,STN,LCJ,2027-03-13,08:50,183.17,ok
2026-09-25,STN,LCJ,2027-03-14,13:55,174.62,ok
2026-09-25,STN,LCJ,2027-03-15,07:20,187.00,ok
2026-09-25,STN,LCJ,2027-03-16,,,unavailable
2026-09-25,STN,LCJ,2027-03-17,,,unavailable
2026-09-25,STN,LCJ,2027-03-18,14:10,132.28,ok
2026-09-25,STN,LCJ,2027-03-19,10:45,483.46,ok
2026-09-25,STN,LCJ,2027-03-20,08:50,605.61,ok
2026-09-25,STN,LCJ,2027-03-21,10:05,332.00,ok
2026-09-25,STN,LCJ,2027-03-22,07:20,483.49,ok
2026-09-25,STN,LCJ,2027-03-23,12:40,332.00,ok
2026-09-25,STN,LCJ,2027-03-24,,,unavailable
2026-09-25,STN,LCJ,2027-03-25,14:10,641.24,ok
2026-09-25,STN,LCJ,2027-03-26,10:45,468.00,ok
2026-09-25,STN,LCJ,2027-03-27,08:50,332.00,ok
2026-09-25,STN,LCJ,2027-03-28,12:10,206.02,ok
2026-09-25,STN,LCJ,2027-03-29,11:50,217.00,ok
2026-09-25,STN,LCJ,2027-03-30,16:55,217.00,ok
2026-09-25,STN,LCJ,2027-03-31,08:45,187.00,ok
2026-09-25,STN,LCJ,2027-04-01,12:25,187.00,ok
2026-09-25,STN,LCJ,2027-04-02,12:45,187.00,ok
2026-09-25,STN,LCJ,2027-04-03,08:30,187.00,ok
2026-09-25,STN,LCJ,2027-04-04,12:10,187.00,ok
2026-09-25,STN,LCJ,2027-04-05,11:50,187.00,ok
2026-09-25,STN,LCJ,2027-04-06,16:55,191.37,ok
2026-09-25,STN,LCJ,2027-04-07,08:45,332.00,ok
2026-09-25,STN,LCJ,2027-04-08,12:25,336.37,ok
2026-09-25,STN,LCJ,2027-04-09,12:45,336.37,ok
2026-09-25,STN,LCJ,2027-04-10,08:30,378.00,ok
2026-09-25,STN,LCJ,2027-04-11,12:10,378.00,ok
2026-09-25,STN,LCJ,2027-04-12,11:50,378.00,ok
2026-09-25,STN,LCJ,2027-04-13,16:55,332.00,ok
2026-09-25,STN,LCJ,2027-04-14,08:45,378.00,ok
2026-09-25,STN,LCJ,2027-04-15,12:25,421.00,ok
2026-09-25,STN,LCJ,2027-04-16,12:45,468.00,ok
2026-09-25,STN,LCJ,2027-04-17,08:30,332.00,ok
2026-09-25,STN,LCJ,2027-04-18,12:10,187.00,ok
2026-09-25,STN,LCJ,2027-04-19,11:50,187.00,ok
2026-09-25,STN,LCJ,2027-04-20,16:55,289.00,ok
2026-09-25,STN,LCJ,2027-04-21,08:45,187.00,ok
2026-09-25,STN,LCJ,2027-04-22,12:25,187.00,ok
2026-09-25,STN,LCJ,2027-04-23,12:45,187.00,ok
2026-09-25,STN,LCJ,2027-04-24,08:30,187.00,ok
2026-09-25,STN,LCJ,2027-04-25,12:10,187.00,ok
2026-09-25,STN,LCJ,2027-04-26,11:50,187.00,ok
2026-09-25,STN,LCJ,2027-04-27,16:55,187.00,ok
2026-09-25,STN,LCJ,2027-04-28,08:45,187.00,ok
2026-09-25,STN,LCJ,2027-04-29,12:25,217.00,ok
2026-09-25,STN,LCJ,2027-04-30,12:45,251.00,ok
2026-09-25,STN,LCJ,2027-05-01,08:30,332.00,ok
2026-09-25,STN,LCJ,2027-05-02,12:10,421.00,ok
2026-09-25,STN,LCJ,2027-05-03,11:50,421.00,ok
2026-09-25,STN,LCJ,2027-05-04,16:55,332.00,ok
2026-09-25,STN,LCJ,2027-05-05,08:45,251.00,ok
2026-09-25,STN,LCJ,2027-05-06,12:25,289.00,ok
2026-09-25,STN,LCJ,2027-05-07,12:45,289.00,ok
2026-09-25,STN,LCJ,2027-05-08,08:30,332.00,ok
2026-09-25,STN,LCJ,2027-05-09,12:10,289.00,ok
2026-09-25,STN,LCJ,2027-05-10,11:50,289.00,ok
2026-09-25,STN,LCJ,2027-05-11,16:55,289.00,ok
2026-09-25,STN,LCJ,2027-05-12,08:45,251.00,ok
2026-09-25,STN,LCJ,2027-05-13,12:25,332.00,ok
2026-09-25,STN,LCJ,2027-05-14,12:45,378.00,ok
2026-09-25,STN,LCJ,2027-05-15,08:30,421.00,ok
2026-09-25,STN,LCJ,2027-05-16,12:10,289.00,ok
2026-09-25,STN,LCJ,2027-05-17,11:50,289.00,ok
2026-09-25,STN,LCJ,2027-05-18,16:55,332.00,ok
2026-09-25,STN,LCJ,2027-05-19,08:45,289.00,ok
2026-09-25,STN,LCJ,2027-05-20,12:25,332.00,ok
2026-09-25,STN,LCJ,2027-05-21,12:45,468.00,ok
2026-09-25,STN,LCJ,2027-05-22,08:30,514.00,ok
2026-09-25,STN,LCJ,2027-05-23,12:10,421.00,ok
2026-09-25,STN,LCJ,2027-05-24,11:50,421.00,ok
2026-09-25,STN,LCJ,2027-05-25,16:55,336.37,ok
2026-09-25,STN,LCJ,2027-05-26,08:45,255.37,ok
2026-09-25,STN,LCJ,2027-05-27,12:25,251.00,ok
2026-09-25,STN,LCJ,2027-05-28,12:45,251.00,ok
2026-09-25,STN,LCJ,2027-05-29,08:30,293.38,ok
2026-09-25,STN,LCJ,2027-05-30,12:10,289.00,ok
2026-09-25,STN,LCJ,2027-05-31,11:50,221.37,ok
2026-09-25,STN,LCJ,2027-06-01,16:55,221.38,ok
2026-09-25,STN,LCJ,2027-06-02,08:45,187.00,ok
2026-09-25,STN,LCJ,2027-06-03,12:25,187.00,ok
2026-09-25,STN,LCJ,2027-06-04,12:45,217.00,ok
2026-09-25,STN,LCJ,2027-06-05,08:30,255.38,ok
2026-09-25,STN,LCJ,2027-06-06,12:10,251.00,ok
2026-09-25,STN,LCJ,2027-06-07,11:50,221.38,ok
2026-09-25,STN,LCJ,2027-06-08,16:55,221.38,ok
2026-09-25,STN,LCJ,2027-06-09,08:45,187.00,ok
2026-09-25,STN,LCJ,2027-06-10,12:25,221.38,ok
2026-09-25,STN,LCJ,2027-06-11,12:45,255.38,ok
2026-09-25,STN,LCJ,2027-06-12,08:30,332.00,ok
2026-09-25,STN,LCJ,2027-06-13,12:10,332.00,ok
2026-09-25,STN,LCJ,2027-06-14,11:50,255.38,ok
2026-09-25,STN,LCJ,2027-06-15,16:55,251.00,ok
2026-09-25,STN,LCJ,2027-06-16,08:45,217.00,ok
2026-09-25,STN,LCJ,2027-06-17,12:25,251.00,ok
2026-09-25,STN,LCJ,2027-06-18,12:45,289.00,ok
2026-09-25,STN,LCJ,2027-06-19,08:30,378.00,ok
2026-09-25,STN,LCJ,2027-06-20,12:10,378.00,ok
2026-09-25,STN,LCJ,2027-06-21,11:50,251.00,ok
2026-09-25,STN,LCJ,2027-06-22,16:55,251.00,ok
2026-09-25,STN,LCJ,2027-06-23,08:45,255.37,ok
2026-09-25,STN,LCJ,2027-06-24,12:25,289.00,ok
2026-09-25,STN,LCJ,2027-06-25,12:45,316.99,ok
2026-09-25,STN,LCJ,2027-06-26,08:30,332.00,ok
2026-09-25,STN,LCJ,2027-06-27,12:10,332.00,ok
2026-09-25,STN,LCJ,2027-06-28,11:50,289.00,ok
2026-09-25,STN,LCJ,2027-06-29,16:55,289.00,ok
2026-09-25,STN,LCJ,2027-06-30,08:45,289.00,ok
2026-09-25,STN,LCJ,2027-07-01,12:25,332.00,ok
2026-09-25,STN,LCJ,2027-07-02,12:45,332.00,ok
2026-09-25,STN,LCJ,2027-07-03,08:30,421.00,ok
2026-09-25,STN,LCJ,2027-07-04,12:10,421.00,ok
2026-09-25,STN,LCJ,2027-07-05,11:50,378.00,ok
2026-09-25,STN,LCJ,2027-07-06,16:55,378.00,ok
2026-09-25,STN,LCJ,2027-07-07,08:45,332.00,ok
2026-09-25,STN,LCJ,2027-07-08,12:25,332.00,ok
2026-09-25,STN,LCJ,2027-07-09,12:45,421.00,ok
2026-09-25,STN,LCJ,2027-07-10,08:30,468.00,ok
2026-09-25,STN,LCJ,2027-07-11,12:10,468.00,ok
2026-09-25,STN,LCJ,2027-07-12,11:50,468.00,ok
2026-09-25,STN,LCJ,2027-07-13,16:55,468.00,ok
2026-09-25,STN,LCJ,2027-07-14,08:45,421.00,ok
2026-09-25,STN,LCJ,2027-07-15,12:25,514.00,ok
2026-09-25,STN,LCJ,2027-07-16,12:45,625.00,ok
2026-09-25,STN,LCJ,2027-07-17,08:30,688.00,ok
2026-09-25,STN,LCJ,2027-07-18,12:10,688.00,ok
2026-09-25,STN,LCJ,2027-07-19,11:50,625.00,ok
2026-09-25,STN,LCJ,2027-07-20,16:55,625.00,ok
2026-09-25,STN,LCJ,2027-07-21,08:45,625.00,ok
2026-09-25,STN,LCJ,2027-07-22,12:25,625.00,ok
2026-09-25,STN,LCJ,2027-07-23,12:45,625.00,ok
2026-09-25,STN,LCJ,2027-07-24,08:30,761.00,ok
2026-09-25,STN,LCJ,2027-07-25,12:10,761.00,ok
2026-09-25,STN,LCJ,2027-07-26,11:50,565.00,ok
2026-09-25,STN,LCJ,2027-07-27,16:55,565.00,ok
2026-09-25,STN,LCJ,2027-07-28,08:45,565.00,ok
2026-09-25,STN,LCJ,2027-07-29,12:25,565.00,ok
2026-09-25,STN,LCJ,2027-07-30,12:45,565.00,ok
2026-09-25,STN,LCJ,2027-07-31,08:30,625.00,ok
2026-09-25,STN,LCJ,2027-08-01,12:10,625.00,ok
2026-09-25,STN,LCJ,2027-08-02,11:50,565.00,ok
2026-09-25,STN,LCJ,2027-08-03,16:55,565.00,ok
2026-09-25,STN,LCJ,2027-08-04,08:45,468.00,ok
2026-09-25,STN,LCJ,2027-08-05,12:25,468.00,ok
2026-09-25,STN,LCJ,2027-08-06,12:45,468.00,ok
2026-09-25,STN,LCJ,2027-08-07,08:30,514.00,ok
2026-09-25,STN,LCJ,2027-08-08,12:10,514.00,ok
2026-09-25,STN,LCJ,2027-08-09,11:50,378.00,ok
2026-09-25,STN,LCJ,2027-08-10,16:55,378.00,ok
2026-09-25,STN,LCJ,2027-08-11,08:45,332.00,ok
2026-09-25,STN,LCJ,2027-08-12,12:25,332.00,ok
2026-09-25,STN,LCJ,2027-08-13,12:45,378.00,ok
2026-09-25,STN,LCJ,2027-08-14,08:30,514.00,ok
2026-09-25,STN,LCJ,2027-08-15,12:10,514.00,ok
2026-09-25,STN,LCJ,2027-08-16,11:50,332.00,ok
2026-09-25,STN,LCJ,2027-08-17,16:55,332.00,ok
2026-09-25,STN,LCJ,2027-08-18,08:45,251.00,ok
2026-09-25,STN,LCJ,2027-08-19,12:25,251.00,ok
2026-09-25,STN,LCJ,2027-08-20,12:45,332.00,ok
2026-09-25,STN,LCJ,2027-08-21,08:30,332.00,ok
2026-09-25,STN,LCJ,2027-08-22,12:10,332.00,ok
2026-09-25,STN,LCJ,2027-08-23,11:50,187.00,ok
2026-09-25,STN,LCJ,2027-08-24,16:55,187.00,ok
2026-09-25,STN,LCJ,2027-08-25,08:45,187.00,ok
2026-09-25,STN,LCJ,2027-08-26,12:25,187.00,ok
2026-09-25,STN,LCJ,2027-08-27,12:45,187.00,ok
2026-09-25,STN,LCJ,2027-08-28,08:30,187.00,ok
2026-09-25,STN,LCJ,2027-08-29,12:10,187.00,ok
2026-09-25,STN,LCJ,2027-08-30,11:50,187.00,ok
2026-09-25,STN,LCJ,2027-08-31,16:55,187.00,ok
2026-09-25,LCJ,AGP,2026-11-01,20:20,201.48,ok
2026-09-25,LCJ,AGP,2026-11-12,12:50,166.43,ok
2026-09-25,AGP,LCJ,2026-11-22,16:10,232.14,ok
2026-09-25,LCJ,ALC,2027-07-30,17:10,446.38,ok
2026-09-25,ALC,LCJ,2027-07-30,13:30,646.38,ok
2026-09-25,BGY,LCJ,2026-09-30,06:10,100.72,ok
2026-09-25,LCJ,BHX,2026-10-01,10:20,204.85,ok
2026-09-25,LCJ,STN,2026-10-01,16:15,474.20,ok
2026-09-25,LCJ,STN,2026-11-08,13:40,219.00,ok
2026-09-25,STN,LCJ,2026-09-29,17:10,249.02,ok
2026-09-25,STN,LCJ,2027-02-07,13:55,158.00,ok
2026-09-26,LCJ,AGP,2026-09-26,20:10,438.05,ok
2026-09-26,LCJ,AGP,2026-10-03,20:10,149.21,ok
2026-09-26,LCJ,AGP,2026-10-07,19:25,113.86,ok
2026-09-26,LCJ,AGP,2026-10-10,20:10,210.24,ok
2026-09-26,LCJ,AGP,2026-10-14,19:25,236.52,ok
2026-09-26,LCJ,AGP,2026-10-17,20:10,204.55,ok
2026-09-26,LCJ,AGP,2026-10-21,19:25,245.29,ok
2026-09-26,LCJ,AGP,2026-10-24,20:10,162.05,ok
2026-09-26,LCJ,AGP,2026-10-30,20:40,131.53,ok
2026-09-26,LCJ,AGP,2026-11-05,12:50,341.67,ok
2026-09-26,LCJ,AGP,2026-11-06,20:40,339.82,ok
2026-09-26,LCJ,AGP,2026-11-08,20:20,264.13,ok
2026-09-26,LCJ,AGP,2026-11-12,12:50,227.76,ok
2026-09-26,LCJ,AGP,2026-11-15,20:20,118.24,ok
2026-09-26,LCJ,AGP,2026-11-20,20:40,122.62,ok
2026-09-26,LCJ,AGP,2026-11-26,12:50,197.93,ok
2026-09-26,LCJ,AGP,2026-12-11,20:40,214.62,ok
2026-09-26,LCJ,AGP,2026-12-18,20:40,249.67,ok
2026-09-26,LCJ,AGP,2026-12-20,20:20,150.42,ok
2026-09-26,LCJ,AGP,2026-12-27,20:20,657.76,ok
2026-09-26,LCJ,AGP,2027-01-10,20:20,96.34,ok
2026-09-26,LCJ,AGP,2027-01-17,20:20,450.51,ok
2026-09-26,LCJ,AGP,2027-01-22,20:40,231.84,ok
2026-09-26,LCJ,AGP,2027-01-24,20:20,219.00,ok
2026-09-26,LCJ,AGP,2027-01-29,20:40,297.86,ok
2026-09-26,LCJ,AGP,2027-02-05,20:40,240.91,ok
2026-09-26,LCJ,AGP,2027-02-21,20:20,438.05,ok
2026-09-26,LCJ,AGP,2027-02-26,20:40,232.14,ok
2026-09-26,LCJ,AGP,2027-03-05,20:40,153.00,ok
2026-09-26,LCJ,AGP,2027-03-14,20:20,268.25,ok
2026-09-26,LCJ,AGP,2027-03-19,20:40,231.84,ok
2026-09-26,LCJ,AGP,2027-03-26,20:40,367.95,ok
2026-09-26,LCJ,AGP,2027-05-20,18:50,323.00,ok
2026-09-26,LCJ,AGP,2027-06-07,20:00,323.00,ok
2026-09-26,LCJ,AGP,2027-06-14,20:00,327.38,ok
2026-09-26,AGP,LCJ,2026-09-26,,,unavailable
2026-09-26,AGP,LCJ,2026-09-30,15:20,919.95,ok
2026-09-26,AGP,LCJ,2026-10-03,15:40,946.23,ok
2026-09-26,AGP,LCJ,2026-10-07,15:20,700.90,ok
2026-09-26,AGP,LCJ,2026-10-10,15:40,366.75,ok
2026-09-26,AGP,LCJ,2026-10-14,15:20,341.67,ok
2026-09-26,AGP,LCJ,2026-10-17,15:40,534.43,ok
2026-09-26,AGP,LCJ,2026-10-21,15:20,394.24,ok
2026-09-26,AGP,LCJ,2026-10-24,15:40,284.71,ok
2026-09-26,AGP,LCJ,2026-10-25,16:10,534.03,ok
2026-09-26,AGP,LCJ,2026-10-30,16:30,393.17,ok
2026-09-26,AGP,LCJ,2026-11-01,16:10,304.95,ok
2026-09-26,AGP,LCJ,2026-11-06,16:30,219.40,ok
2026-09-26,AGP,LCJ,2026-11-08,16:10,311.68,ok
2026-09-26,AGP,LCJ,2026-11-12,08:40,227.76,ok
2026-09-26,AGP,LCJ,2026-11-13,16:30,332.90,ok
2026-09-26,AGP,LCJ,2026-11-15,16:10,629.94,ok
2026-09-26,AGP,LCJ,2026-11-19,08:40,158.43,ok
2026-09-26,AGP,LCJ,2026-11-27,16:30,144.53,ok
2026-09-26,AGP,LCJ,2026-11-29,16:10,348.28,ok
2026-09-26,AGP,LCJ,2026-12-04,16:30,271.57,ok
2026-09-26,AGP,LCJ,2026-12-06,16:10,172.41,ok
2026-09-26,AGP,LCJ,2026-12-13,16:10,188.33,ok
2026-09-26,AGP,LCJ,2026-12-18,16:30,153.29,ok
2026-09-26,AGP,LCJ,2026-12-20,16:10,145.25,ok
2026-09-26,AGP,LCJ,2026-12-27,16:10,141.87,ok
2026-09-26,AGP,LCJ,2027-01-01,16:30,183.95,ok
2026-09-26,AGP,LCJ,2027-01-03,16:10,354.81,ok
2026-09-26,AGP,LCJ,2027-01-08,16:30,433.67,ok
2026-09-26,AGP,LCJ,2027-01-10,16:10,309.75,ok
2026-09-26,AGP,LCJ,2027-01-22,16:30,351.04,ok
2026-09-26,AGP,LCJ,2027-01-24,16:10,309.75,ok
2026-09-26,AGP,LCJ,2027-01-29,16:30,405.70,ok
2026-09-26,AGP,LCJ,2027-01-31,16:10,401.32,ok
2026-09-26,AGP,LCJ,2027-02-07,16:10,201.48,ok
2026-09-26,AGP,LCJ,2027-02-14,16:10,401.32,ok
2026-09-26,AGP,LCJ,2027-02-19,16:30,328.52,ok
2026-09-26,AGP,LCJ,2027-02-26,16:30,473.09,ok
2026-09-26,AGP,LCJ,2027-02-28,16:10,231.84,ok
2026-09-26,AGP,LCJ,2027-03-05,16:30,153.00,ok
2026-09-26,AGP,LCJ,2027-03-07,16:10,231.84,ok
2026-09-26,AGP,LCJ,2027-03-12,16:30,254.05,ok
2026-09-26,AGP,LCJ,2027-03-14,16:10,319.76,ok
2026-09-26,AGP,LCJ,2027-03-19,16:30,289.10,ok
2026-09-26,AGP,LCJ,2027-03-21,16:10,309.75,ok
2026-09-26,AGP,LCJ,2027-03-26,16:30,268.25,ok
2026-09-26,AGP,LCJ,2027-05-20,14:40,472.00,ok
2026-09-26,AGP,LCJ,2027-06-07,15:50,625.00,ok
2026-09-26,AGP,LCJ,2027-06-14,15:50,421.38,ok
2026-09-26,LCJ,ALC,2026-09-28,21:30,626.42,ok
2026-09-26,LCJ,ALC,2026-09-30,09:40,123.25,ok
2026-09-26,LCJ,ALC,2026-10-02,09:45,442.00,ok
2026-09-26,LCJ,ALC,2026-10-05,21:30,95.00,ok
2026-09-26,LCJ,ALC,2026-10-07,09:40,254.05,ok
2026-09-26,LCJ,ALC,2026-10-09,09:45,468.71,ok
2026-09-26,LCJ,ALC,2026-10-12,21:30,247.24,ok
2026-09-26,LCJ,ALC,2026-10-14,09:40,485.00,ok
2026-09-26,LCJ,ALC,2026-10-16,09:45,438.05,ok
2026-09-26,LCJ,ALC,2026-10-19,21:30,127.00,ok
2026-09-26,LCJ,ALC,2026-10-21,09:40,535.00,ok
2026-09-26,LCJ,ALC,2026-10-23,09:45,367.95,ok
2026-09-26,LCJ,ALC,2026-10-26,19:20,159.20,ok
2026-09-26,LCJ,ALC,2026-10-29,11:55,227.86,ok
2026-09-26,LCJ,ALC,2026-11-02,19:20,140.14,ok
2026-09-26,LCJ,ALC,2026-11-05,11:55,640.80,ok
2026-09-26,LCJ,ALC,2026-11-09,19:20,170.81,ok
2026-09-26,LCJ,ALC,2026-11-12,11:55,219.00,ok
2026-09-26,LCJ,ALC,2026-11-16,19:20,105.10,ok
2026-09-26,LCJ,ALC,2026-11-23,19:20,125.61,ok
2026-09-26,LCJ,ALC,2026-11-26,11:55,184.96,ok
2026-09-26,LCJ,ALC,2026-11-30,19:20,128.28,ok
2026-09-26,LCJ,ALC,2026-12-03,11:55,210.24,ok
2026-09-26,LCJ,ALC,2026-12-10,11:55,108.00,ok
2026-09-26,LCJ,ALC,2026-12-14,19:20,105.10,ok
2026-09-26,LCJ,ALC,2026-12-21,19:20,227.76,ok
2026-09-26,LCJ,ALC,2026-12-24,11:55,403.00,ok
2026-09-26,LCJ,ALC,2026-12-28,19:20,440.29,ok
2026-09-26,LCJ,ALC,2026-12-31,11:55,801.66,ok
2026-09-26,LCJ,ALC,2027-01-14,11:55,176.02,ok
2026-09-26,LCJ,ALC,2027-01-18,19:20,250.81,ok
2026-09-26,LCJ,ALC,2027-01-21,11:55,302.24,ok
2026-09-26,LCJ,ALC,2027-01-25,19:20,179.57,ok
2026-09-26,LCJ,ALC,2027-02-04,11:55,205.86,ok
2026-09-26,LCJ,ALC,2027-02-15,19:20,302.24,ok
2026-09-26,LCJ,ALC,2027-02-18,11:55,214.40,ok
2026-09-26,LCJ,ALC,2027-02-22,19:20,179.57,ok
2026-09-26,LCJ,ALC,2027-02-25,11:55,240.91,ok
2026-09-26,LCJ,ALC,2027-03-04,11:55,275.95,ok
2026-09-26,LCJ,ALC,2027-03-08,19:20,214.62,ok
2026-09-26,LCJ,ALC,2027-03-11,11:55,210.24,ok
2026-09-26,LCJ,ALC,2027-03-15,19:20,162.00,ok
2026-09-26,LCJ,ALC,2027-03-18,11:55,214.40,ok
2026-09-26,LCJ,ALC,2027-03-22,19:20,306.62,ok
2026-09-26,LCJ,ALC,2027-03-25,11:55,385.48,ok
2026-09-26,LCJ,ALC,2027-04-09,17:10,535.00,ok
2026-09-26,LCJ,ALC,2027-06-07,09:35,302.00,ok
2026-09-26,LCJ,ALC,2027-06-11,17:10,485.00,ok
2026-09-26,LCJ,ALC,2027-06-14,09:35,395.38,ok
2026-09-26,LCJ,ALC,2027-06-18,17:10,539.38,ok
2026-09-26,LCJ,ALC,2027-08-06,17:10,539.38,ok
2026-09-26,ALC,LCJ,2026-09-28,17:50,1366.79,ok
2026-09-26,ALC,LCJ,2026-09-30,05:50,621.27,ok
2026-09-26,ALC,LCJ,2026-10-02,06:00,538.81,ok
2026-09-26,ALC,LCJ,2026-10-05,17:50,411.76,ok
2026-09-26,ALC,LCJ,2026-10-09,06:00,486.24,ok
2026-09-26,ALC,LCJ,2026-10-12,17:50,836.71,ok
2026-09-26,ALC,LCJ,2026-10-14,05:50,403.00,ok
2026-09-26,ALC,LCJ,2026-10-16,06:00,302.24,ok
2026-09-26,ALC,LCJ,2026-10-19,17:50,635.19,ok
2026-09-26,ALC,LCJ,2026-10-21,05:50,227.86,ok
2026-09-26,ALC,LCJ,2026-10-23,06:00,271.57,ok
2026-09-26,ALC,LCJ,2026-10-26,15:40,868.02,ok
2026-09-26,ALC,LCJ,2026-10-29,08:15,362.40,ok
2026-09-26,ALC,LCJ,2026-10-31,06:30,404.14,ok
2026-09-26,ALC,LCJ,2026-11-02,15:40,420.57,ok
2026-09-26,ALC,LCJ,2026-11-05,08:15,258.43,ok
2026-09-26,ALC,LCJ,2026-11-12,08:15,522.61,ok
2026-09-26,ALC,LCJ,2026-11-16,15:40,551.95,ok
2026-09-26,ALC,LCJ,2026-11-19,08:15,177.46,ok
2026-09-26,ALC,LCJ,2026-11-23,15:40,278.46,ok
2026-09-26,ALC,LCJ,2026-11-30,15:40,236.52,ok
2026-09-26,ALC,LCJ,2026-12-07,15:40,192.72,ok
2026-09-26,ALC,LCJ,2026-12-10,08:15,96.34,ok
2026-09-26,ALC,LCJ,2026-12-14,15:40,192.72,ok
2026-09-26,ALC,LCJ,2026-12-21,15:40,197.10,ok
2026-09-26,ALC,LCJ,2026-12-24,08:15,96.34,ok
2026-09-26,ALC,LCJ,2026-12-28,15:40,259.18,ok
2026-09-26,ALC,LCJ,2026-12-31,08:15,140.14,ok
2026-09-26,ALC,LCJ,2027-01-07,08:15,581.00,ok
2026-09-26,ALC,LCJ,2027-01-11,15:40,394.24,ok
2026-09-26,ALC,LCJ,2027-01-14,08:15,192.72,ok
2026-09-26,ALC,LCJ,2027-01-18,15:40,192.72,ok
2026-09-26,ALC,LCJ,2027-01-21,08:15,144.53,ok
2026-09-26,ALC,LCJ,2027-01-25,15:40,297.86,ok
2026-09-26,ALC,LCJ,2027-01-28,08:15,374.67,ok
2026-09-26,ALC,LCJ,2027-02-01,15:40,250.81,ok
2026-09-26,ALC,LCJ,2027-02-04,08:15,148.27,ok
2026-09-26,ALC,LCJ,2027-02-11,08:15,381.09,ok
2026-09-26,ALC,LCJ,2027-02-15,15:40,324.14,ok
2026-09-26,ALC,LCJ,2027-02-18,08:15,176.02,ok
2026-09-26,ALC,LCJ,2027-02-25,08:15,176.02,ok
2026-09-26,ALC,LCJ,2027-03-01,15:40,389.86,ok
2026-09-26,ALC,LCJ,2027-03-11,08:15,214.40,ok
2026-09-26,ALC,LCJ,2027-03-22,15:40,288.09,ok
2026-09-26,ALC,LCJ,2027-03-25,08:15,350.43,ok
2026-09-26,ALC,LCJ,2027-06-07,05:55,778.00,ok
2026-09-26,ALC,LCJ,2027-06-11,13:30,391.00,ok
2026-09-26,ALC,LCJ,2027-06-14,05:55,590.38,ok
2026-09-26,ALC,LCJ,2027-06-18,13:30,348.38,ok
2026-09-26,ALC,LCJ,2027-08-06,13:30,646.38,ok
2026-09-26,LCJ,BGY,2026-09-28,13:30,635.19,ok
2026-09-26,LCJ,BGY,2026-09-30,08:25,117.95,ok
2026-09-26,LCJ,BGY,2026-10-01,09:50,157.67,ok
2026-09-26,LCJ,BGY,2026-10-02,13:30,473.09,ok
2026-09-26,LCJ,BGY,2026-10-04,18:05,65.00,ok
2026-09-26,LCJ,BGY,2026-10-05,13:30,83.19,ok
2026-09-26,LCJ,BGY,2026-10-07,12:45,74.43,ok
2026-09-26,LCJ,BGY,2026-10-08,09:50,153.29,ok
2026-09-26,LCJ,BGY,2026-10-09,13:30,240.91,ok
2026-09-26,LCJ,BGY,2026-10-12,13:30,82.52,ok
2026-09-26,LCJ,BGY,2026-10-14,12:45,70.05,ok
2026-09-26,LCJ,BGY,2026-10-15,09:50,188.33,ok
2026-09-26,LCJ,BGY,2026-10-16,13:30,175.19,ok
2026-09-26,LCJ,BGY,2026-10-18,18:05,82.90,ok
2026-09-26,LCJ,BGY,2026-10-21,08:35,65.00,ok
2026-09-26,LCJ,BGY,2026-10-22,09:50,72.10,ok
2026-09-26,LCJ,BGY,2026-10-23,13:30,144.01,ok
2026-09-26,LCJ,BGY,2026-10-26,12:25,65.00,ok
2026-09-26,LCJ,BGY,2026-10-28,15:55,65.00,ok
2026-09-26,LCJ,BGY,2026-10-30,12:10,138.51,ok
2026-09-26,LCJ,BGY,2026-11-02,12:25,70.05,ok
2026-09-26,LCJ,BGY,2026-11-06,12:10,285.29,ok
2026-09-26,LCJ,BGY,2026-11-09,12:25,70.26,ok
2026-09-26,LCJ,BGY,2026-11-16,12:25,75.34,ok
2026-09-26,LCJ,BGY,2026-11-20,12:10,176.09,ok
2026-09-26,LCJ,BGY,2026-11-27,12:10,162.05,ok
2026-09-26,LCJ,BGY,2026-12-04,12:10,212.26,ok
2026-09-26,LCJ,BGY,2026-12-11,12:10,183.95,ok
2026-09-26,LCJ,BGY,2026-12-14,12:25,91.96,ok
2026-09-26,LCJ,BGY,2026-12-18,12:10,93.86,ok
2026-09-26,LCJ,BGY,2026-12-21,12:25,85.40,ok
2026-09-26,LCJ,BGY,2026-12-23,19:25,151.00,ok
2026-09-26,LCJ,BGY,2026-12-28,12:25,286.12,ok
2026-09-26,LCJ,BGY,2027-01-04,12:25,153.00,ok
2026-09-26,LCJ,BGY,2027-02-05,12:10,153.29,ok
2026-09-26,LCJ,BGY,2027-02-08,12:25,122.62,ok
2026-09-26,LCJ,BGY,2027-02-19,12:10,131.38,ok
2026-09-26,LCJ,BGY,2027-03-01,12:25,122.62,ok
2026-09-26,LCJ,BGY,2027-03-08,12:25,122.62,ok
2026-09-26,LCJ,BGY,2027-03-12,12:10,153.29,ok
2026-09-26,LCJ,BGY,2027-03-19,12:10,170.74,ok
2026-09-26,LCJ,BGY,2027-03-22,12:25,117.95,ok
2026-09-26,LCJ,BGY,2027-03-26,12:10,240.91,ok
2026-09-26,BGY,LCJ,2026-09-28,11:15,1500.65,ok
2026-09-26,BGY,LCJ,2026-09-29,19:55,862.99,ok
2026-09-26,BGY,LCJ,2026-10-04,15:25,360.17,ok
2026-09-26,BGY,LCJ,2026-10-05,11:15,245.29,ok
2026-09-26,BGY,LCJ,2026-10-06,19:55,144.53,ok
2026-09-26,BGY,LCJ,2026-10-07,10:30,65.00,ok
2026-09-26,BGY,LCJ,2026-10-09,11:15,105.10,ok
2026-09-26,BGY,LCJ,2026-10-11,15:25,345.27,ok
2026-09-26,BGY,LCJ,2026-10-12,11:15,140.14,ok
2026-09-26,BGY,LCJ,2026-10-13,19:55,65.67,ok
2026-09-26,BGY,LCJ,2026-10-18,15:25,676.60,ok
2026-09-26,BGY,LCJ,2026-10-20,19:55,135.76,ok
2026-09-26,BGY,LCJ,2026-10-22,07:35,97.45,ok
2026-09-26,BGY,LCJ,2026-10-23,11:15,105.10,ok
2026-09-26,BGY,LCJ,2026-10-26,10:05,212.30,ok
2026-09-26,BGY,LCJ,2026-10-28,13:35,66.93,ok
2026-09-26,BGY,LCJ,2026-11-02,10:05,149.29,ok
2026-09-26,BGY,LCJ,2026-11-06,09:50,81.91,ok
2026-09-26,BGY,LCJ,2026-11-09,10:05,176.09,ok
2026-09-26,BGY,LCJ,2026-11-16,10:05,171.30,ok
2026-09-26,BGY,LCJ,2026-11-20,09:50,74.33,ok
2026-09-26,BGY,LCJ,2026-11-23,10:05,121.24,ok
2026-09-26,BGY,LCJ,2026-11-27,09:50,70.26,ok
2026-09-26,BGY,LCJ,2026-11-30,10:05,141.80,ok
2026-09-26,BGY,LCJ,2026-12-07,10:05,210.24,ok
2026-09-26,BGY,LCJ,2026-12-11,09:50,70.05,ok
2026-09-26,BGY,LCJ,2026-12-14,10:05,93.86,ok
2026-09-26,BGY,LCJ,2026-12-18,09:50,122.62,ok
2026-09-26,BGY,LCJ,2026-12-21,10:05,184.94,ok
2026-09-26,BGY,LCJ,2026-12-23,17:05,188.33,ok
2026-09-26,BGY,LCJ,2026-12-28,10:05,112.48,ok
2026-09-26,BGY,LCJ,2026-12-30,17:05,161.89,ok
2026-09-26,BGY,LCJ,2027-01-01,09:50,143.33,ok
2026-09-26,BGY,LCJ,2027-01-04,10:05,235.78,ok
2026-09-26,BGY,LCJ,2027-02-01,10:05,122.62,ok
2026-09-26,BGY,LCJ,2027-02-08,10:05,153.29,ok
2026-09-26,BGY,LCJ,2027-02-15,10:05,143.33,ok
2026-09-26,BGY,LCJ,2027-02-19,09:50,144.53,ok
2026-09-26,BGY,LCJ,2027-03-01,10:05,179.57,ok
2026-09-26,BGY,LCJ,2027-03-05,09:50,109.48,ok
2026-09-26,BGY,LCJ,2027-03-22,10:05,143.33,ok
2026-09-26,BGY,LCJ,2027-03-26,09:50,197.10,ok
2026-09-26,LCJ,BHX,2026-09-28,22:10,327.43,ok
2026-09-26,LCJ,BHX,2026-10-01,10:20,213.64,ok
2026-09-26,LCJ,BHX,2026-10-05,22:10,145.33,ok
2026-09-26,LCJ,BHX,2026-10-08,10:20,145.33,ok
2026-09-26,LCJ,BHX,2026-10-12,22:10,130.37,ok
2026-09-26,LCJ,BHX,2026-10-15,10:20,145.33,ok
2026-09-26,LCJ,BHX,2026-10-19,22:10,183.06,ok
2026-09-26,LCJ,BHX,2026-10-22,10:20,140.95,ok
2026-09-26,LCJ,BHX,2026-10-25,19:30,145.33,ok
2026-09-26,LCJ,BHX,2026-10-29,19:10,175.26,ok
2026-09-26,LCJ,BHX,2026-10-30,10:25,209.22,ok
2026-09-26,LCJ,BHX,2026-11-01,19:30,345.97,ok
2026-09-26,LCJ,BHX,2026-11-05,19:10,152.17,ok
2026-09-26,LCJ,BHX,2026-11-06,10:25,164.13,ok
2026-09-26,LCJ,BHX,2026-11-08,19:30,240.91,ok
2026-09-26,LCJ,BHX,2026-11-12,19:10,128.48,ok
2026-09-26,LCJ,BHX,2026-11-15,19:30,139.26,ok
2026-09-26,LCJ,BHX,2026-11-22,19:30,131.38,ok
2026-09-26,LCJ,BHX,2026-11-26,19:10,91.96,ok
2026-09-26,LCJ,BHX,2026-12-04,10:25,83.19,ok
2026-09-26,LCJ,BHX,2026-12-17,19:10,96.34,ok
2026-09-26,LCJ,BHX,2026-12-18,10:25,179.57,ok
2026-09-26,LCJ,BHX,2026-12-27,19:30,363.57,ok
2026-09-26,LCJ,BHX,2026-12-31,19:10,453.64,ok
2026-09-26,LCJ,BHX,2027-01-01,10:25,508.14,ok
2026-09-26,LCJ,BHX,2027-01-08,10:25,223.38,ok
2026-09-26,LCJ,BHX,2027-01-10,19:30,201.48,ok
2026-09-26,LCJ,BHX,2027-01-15,10:25,183.95,ok
2026-09-26,LCJ,BHX,2027-01-22,10:25,183.95,ok
2026-09-26,LCJ,BHX,2027-01-24,19:30,170.81,ok
2026-09-26,LCJ,BHX,2027-01-31,19:30,166.43,ok
2026-09-26,LCJ,BHX,2027-02-07,19:30,153.29,ok
2026-09-26,LCJ,BHX,2027-02-12,10:25,144.53,ok
2026-09-26,LCJ,BHX,2027-02-28,19:30,197.10,ok
2026-09-26,LCJ,BHX,2027-03-05,10:25,122.62,ok
2026-09-26,LCJ,BHX,2027-03-07,19:30,144.53,ok
2026-09-26,LCJ,BHX,2027-03-12,10:25,219.00,ok
2026-09-26,LCJ,BHX,2027-03-14,19:30,166.43,ok
2026-09-26,LCJ,BHX,2027-03-21,19:30,127.00,ok
2026-09-26,LCJ,BHX,2027-03-23,19:50,289.10,ok
2026-09-26,LCJ,BHX,2027-03-25,19:10,170.81,ok
2026-09-26,LCJ,BHX,2027-05-31,15:40,493.38,ok
2026-09-26,BHX,LCJ,2026-09-28,18:25,102.79,ok
2026-09-26,BHX,LCJ,2026-10-01,06:35,204.79,ok
2026-09-26,BHX,LCJ,2026-10-05,18:25,140.21,ok
2026-09-26,BHX,LCJ,2026-10-08,06:35,102.79,ok
2026-09-26,BHX,LCJ,2026-10-12,18:25,102.79,ok
2026-09-26,BHX,LCJ,2026-10-15,06:35,175.26,ok
2026-09-26,BHX,LCJ,2026-10-19,18:25,208.38,ok
2026-09-26,BHX,LCJ,2026-10-22,06:35,332.96,ok
2026-09-26,BHX,LCJ,2026-10-25,15:45,291.63,ok
2026-09-26,BHX,LCJ,2026-10-29,15:25,127.78,ok
2026-09-26,BHX,LCJ,2026-11-01,15:45,132.29,ok
2026-09-26,BHX,LCJ,2026-11-05,15:25,106.84,ok
2026-09-26,BHX,LCJ,2026-11-20,06:40,105.64,ok
2026-09-26,BHX,LCJ,2026-11-22,15:45,108.70,ok
2026-09-26,BHX,LCJ,2026-11-27,06:40,136.68,ok
2026-09-26,BHX,LCJ,2026-11-29,15:45,218.82,ok
2026-09-26,BHX,LCJ,2026-12-06,15:45,91.57,ok
2026-09-26,BHX,LCJ,2026-12-10,15:25,137.38,ok
2026-09-26,BHX,LCJ,2026-12-11,06:40,149.50,ok
2026-09-26,BHX,LCJ,2026-12-13,15:45,279.90,ok
2026-09-26,BHX,LCJ,2026-12-17,15:25,505.69,ok
2026-09-26,BHX,LCJ,2026-12-18,06:40,855.06,ok
2026-09-26,BHX,LCJ,2026-12-20,15:45,680.89,ok
2026-09-26,BHX,LCJ,2026-12-27,15:45,432.59,ok
2026-09-26,BHX,LCJ,2026-12-31,15:25,204.00,ok
2026-09-26,BHX,LCJ,2027-01-01,06:40,203.55,ok
2026-09-26,BHX,LCJ,2027-01-03,15:45,305.34,ok
2026-09-26,BHX,LCJ,2027-01-10,15:45,127.20,ok
2026-09-26,BHX,LCJ,2027-01-15,06:40,170.00,ok
2026-09-26,BHX,LCJ,2027-01-17,15:45,142.47,ok
2026-09-26,BHX,LCJ,2027-01-22,06:40,239.18,ok
2026-09-26,BHX,LCJ,2027-01-24,15:45,152.65,ok
2026-09-26,BHX,LCJ,2027-02-07,15:45,167.92,ok
2026-09-26,BHX,LCJ,2027-02-14,15:45,325.70,ok
2026-09-26,BHX,LCJ,2027-03-05,06:40,213.73,ok
2026-09-26,BHX,LCJ,2027-03-07,15:45,147.56,ok
2026-09-26,BHX,LCJ,2027-03-12,06:40,234.09,ok
2026-09-26,BHX,LCJ,2027-03-23,16:05,493.67,ok
2026-09-26,BHX,LCJ,2027-03-25,15:25,452.95,ok
2026-09-26,BHX,LCJ,2027-05-31,11:55,314.38,ok
2026-09-26,LCJ,CRL,2026-09-27,14:25,622.04,ok
2026-09-26,LCJ,CRL,2026-10-01,15:30,65.00,ok
2026-09-26,LCJ,CRL,2026-10-04,14:25,100.72,ok
2026-09-26,LCJ,CRL,2026-10-11,14:25,170.81,ok
2026-09-26,LCJ,CRL,2026-10-18,14:25,127.00,ok
2026-09-26,LCJ,CRL,2026-10-22,15:30,65.83,ok
2026-09-26,CRL,LCJ,2026-09-27,12:05,700.90,ok
2026-09-26,CRL,LCJ,2026-10-04,12:05,78.81,ok
2026-09-26,CRL,LCJ,2026-10-08,13:05,65.00,ok
2026-09-26,CRL,LCJ,2026-10-11,12:05,96.34,ok
2026-09-26,CRL,LCJ,2026-10-15,13:05,78.81,ok
2026-09-26,CRL,LCJ,2026-10-18,12:05,210.24,ok
2026-09-26,LCJ,DUB,2026-09-28,17:30,1553.98,ok
2026-09-26,LCJ,DUB,2026-10-01,22:45,227.76,ok
2026-09-26,LCJ,DUB,2026-10-05,17:30,280.33,ok
2026-09-26,LCJ,DUB,2026-10-08,22:45,219.00,ok
2026-09-26,LCJ,DUB,2026-10-12,17:30,245.29,ok
2026-09-26,LCJ,DUB,2026-10-15,22:45,135.76,ok
2026-09-26,LCJ,DUB,2026-10-19,17:30,175.45,ok
2026-09-26,LCJ,DUB,2026-10-22,22:45,148.91,ok
2026-09-26,LCJ,DUB,2026-10-26,13:05,196.87,ok
2026-09-26,LCJ,DUB,2026-10-30,20:25,414.96,ok
2026-09-26,LCJ,DUB,2026-11-02,13:05,385.71,ok
2026-09-26,LCJ,DUB,2026-11-06,20:25,210.24,ok
2026-09-26,LCJ,DUB,2026-11-09,13:05,130.00,ok
2026-09-26,LCJ,DUB,2026-11-16,13:05,136.05,ok
2026-09-26,LCJ,DUB,2026-11-23,13:05,135.65,ok
2026-09-26,LCJ,DUB,2026-11-27,20:25,141.26,ok
2026-09-26,LCJ,DUB,2026-11-30,13:05,139.86,ok
2026-09-26,LCJ,DUB,2026-12-07,13:05,153.21,ok
2026-09-26,LCJ,DUB,2026-12-14,13:05,218.55,ok
2026-09-26,LCJ,DUB,2026-12-18,20:25,235.86,ok
2026-09-26,LCJ,DUB,2026-12-21,13:05,300.79,ok
2026-09-26,LCJ,DUB,2026-12-23,11:20,240.91,ok
2026-09-26,LCJ,DUB,2026-12-28,13:05,361.65,ok
2026-09-26,LCJ,DUB,2026-12-30,11:20,438.05,ok
2026-09-26,LCJ,DUB,2027-01-01,20:25,651.63,ok
2026-09-26,LCJ,DUB,2027-01-04,13:05,783.28,ok
2026-09-26,LCJ,DUB,2027-01-08,20:25,324.14,ok
2026-09-26,LCJ,DUB,2027-01-11,13:05,378.35,ok
2026-09-26,LCJ,DUB,2027-01-15,20:25,219.00,ok
2026-09-26,LCJ,DUB,2027-01-18,13:05,378.35,ok
2026-09-26,LCJ,DUB,2027-01-29,20:25,153.29,ok
2026-09-26,LCJ,DUB,2027-02-05,20:25,153.29,ok
2026-09-26,LCJ,DUB,2027-03-05,20:25,157.67,ok
2026-09-26,LCJ,DUB,2027-03-12,20:25,166.43,ok
2026-09-26,LCJ,DUB,2027-03-15,13:05,502.00,ok
2026-09-26,LCJ,DUB,2027-03-19,20:25,162.05,ok
2026-09-26,LCJ,DUB,2027-04-03,22:15,858.38,ok
2026-09-26,LCJ,DUB,2027-05-29,22:15,391.00,ok
2026-09-26,LCJ,DUB,2027-06-08,16:50,548.00,ok
2026-09-26,DUB,LCJ,2026-09-28,13:20,731.57,ok
2026-09-26,DUB,LCJ,2026-10-01,18:35,401.95,ok
2026-09-26,DUB,LCJ,2026-10-05,13:20,162.05,ok
2026-09-26,DUB,LCJ,2026-10-08,18:35,254.05,ok
2026-09-26,DUB,LCJ,2026-10-12,13:20,183.95,ok
2026-09-26,DUB,LCJ,2026-10-15,18:35,267.19,ok
2026-09-26,DUB,LCJ,2026-10-19,13:20,200.81,ok
2026-09-26,DUB,LCJ,2026-10-22,18:35,417.15,ok
2026-09-26,DUB,LCJ,2026-10-26,09:00,334.15,ok
2026-09-26,DUB,LCJ,2026-10-30,16:20,294.68,ok
2026-09-26,DUB,LCJ,2026-11-02,09:00,137.89,ok
2026-09-26,DUB,LCJ,2026-11-06,16:20,166.43,ok
2026-09-26,DUB,LCJ,2026-11-13,16:20,145.55,ok
2026-09-26,DUB,LCJ,2026-11-16,09:00,151.51,ok
2026-09-26,DUB,LCJ,2026-11-23,09:00,143.14,ok
2026-09-26,DUB,LCJ,2026-11-27,16:20,141.61,ok
2026-09-26,DUB,LCJ,2026-12-04,16:20,139.86,ok
2026-09-26,DUB,LCJ,2026-12-14,09:00,185.40,ok
2026-09-26,DUB,LCJ,2026-12-18,16:20,776.75,ok
2026-09-26,DUB,LCJ,2026-12-21,09:00,659.00,ok
2026-09-26,DUB,LCJ,2026-12-23,07:15,884.90,ok
2026-09-26,DUB,LCJ,2026-12-28,09:00,361.65,ok
2026-09-26,DUB,LCJ,2026-12-30,07:15,384.22,ok
2026-09-26,DUB,LCJ,2027-01-01,16:20,315.38,ok
2026-09-26,DUB,LCJ,2027-01-04,09:00,332.07,ok
2026-09-26,DUB,LCJ,2027-01-08,16:20,245.71,ok
2026-09-26,DUB,LCJ,2027-01-11,09:00,180.24,ok
2026-09-26,DUB,LCJ,2027-01-15,16:20,210.24,ok
2026-09-26,DUB,LCJ,2027-01-29,16:20,157.67,ok
2026-09-26,DUB,LCJ,2027-02-05,16:20,183.95,ok
2026-09-26,DUB,LCJ,2027-02-26,16:20,157.67,ok
2026-09-26,DUB,LCJ,2027-03-05,16:20,148.91,ok
2026-09-26,DUB,LCJ,2027-03-26,16:20,560.71,ok
2026-09-26,DUB,LCJ,2027-04-03,18:10,506.38,ok
2026-09-26,DUB,LCJ,2027-05-29,18:10,548.00,ok
2026-09-26,DUB,LCJ,2027-06-08,12:45,548.00,ok
2026-09-26,LCJ,STN,2026-09-26,,,unavailable
2026-09-26,LCJ,STN,2026-09-27,,,unavailable
2026-09-26,LCJ,STN,2026-09-28,16:45,684.33,ok
2026-09-26,LCJ,STN,2026-09-29,20:45,303.13,ok
2026-09-26,LCJ,STN,2026-09-30,11:50,354.52,ok
2026-09-26,LCJ,STN,2026-10-01,16:15,474.05,ok
2026-09-26,LCJ,STN,2026-10-03,11:35,692.38,ok
2026-09-26,LCJ,STN,2026-10-04,15:45,804.33,ok
2026-09-26,LCJ,STN,2026-10-05,16:45,476.94,ok
2026-09-26,LCJ,STN,2026-10-06,20:45,255.38,ok
2026-09-26,LCJ,STN,2026-10-07,11:50,221.38,ok
2026-09-26,LCJ,STN,2026-10-08,16:15,255.38,ok
2026-09-26,LCJ,STN,2026-10-10,11:35,225.72,ok
2026-09-26,LCJ,STN,2026-10-11,15:45,333.75,ok
2026-09-26,LCJ,STN,2026-10-12,16:45,265.32,ok
2026-09-26,LCJ,STN,2026-10-13,20:45,132.00,ok
2026-09-26,LCJ,STN,2026-10-14,11:50,215.34,ok
2026-09-26,LCJ,STN,2026-10-15,16:15,162.38,ok
2026-09-26,LCJ,STN,2026-10-17,11:35,213.32,ok
2026-09-26,LCJ,STN,2026-10-18,15:45,232.92,ok
2026-09-26,LCJ,STN,2026-10-19,16:45,140.78,ok
2026-09-26,LCJ,STN,2026-10-20,20:45,79.34,ok
2026-09-26,LCJ,STN,2026-10-21,11:50,80.35,ok
2026-09-26,LCJ,STN,2026-10-22,16:15,133.07,ok
2026-09-26,LCJ,STN,2026-10-24,11:35,129.70,ok
2026-09-26,LCJ,STN,2026-10-25,13:40,111.85,ok
2026-09-26,LCJ,STN,2026-10-26,10:55,127.21,ok
2026-09-26,LCJ,STN,2026-10-27,20:30,102.85,ok
2026-09-26,LCJ,STN,2026-10-29,17:45,222.96,ok
2026-09-26,LCJ,STN,2026-10-30,10:10,191.38,ok
2026-09-26,LCJ,STN,2026-10-31,12:25,354.52,ok
2026-09-26,LCJ,STN,2026-11-01,13:40,398.62,ok
2026-09-26,LCJ,STN,2026-11-02,10:55,560.71,ok
2026-09-26,LCJ,STN,2026-11-05,17:45,293.48,ok
2026-09-26,LCJ,STN,2026-11-06,10:10,244.99,ok
2026-09-26,LCJ,STN,2026-11-08,13:40,227.76,ok
2026-09-26,LCJ,STN,2026-11-09,10:55,271.57,ok
2026-09-26,LCJ,STN,2026-11-12,17:45,283.20,ok
2026-09-26,LCJ,STN,2026-11-13,10:10,153.29,ok
2026-09-26,LCJ,STN,2026-11-14,12:25,157.67,ok
2026-09-26,LCJ,STN,2026-11-16,10:55,135.76,ok
2026-09-26,LCJ,STN,2026-11-19,17:45,139.36,ok
2026-09-26,LCJ,STN,2026-11-21,12:25,135.76,ok
2026-09-26,LCJ,STN,2026-11-22,17:30,122.23,ok
2026-09-26,LCJ,STN,2026-11-23,10:55,122.62,ok
2026-09-26,LCJ,STN,2026-11-26,17:45,129.02,ok
2026-09-26,LCJ,STN,2026-11-30,10:55,227.76,ok
2026-09-26,LCJ,STN,2026-12-03,17:45,183.95,ok
2026-09-26,LCJ,STN,2026-12-04,10:10,111.52,ok
2026-09-26,LCJ,STN,2026-12-06,13:40,87.57,ok
2026-09-26,LCJ,STN,2026-12-10,17:45,100.72,ok
2026-09-26,LCJ,STN,2026-12-14,10:55,87.57,ok
2026-09-26,LCJ,STN,2026-12-18,14:20,102.33,ok
2026-09-26,LCJ,STN,2026-12-19,12:25,196.55,ok
2026-09-26,LCJ,STN,2026-12-20,17:30,127.14,ok
2026-09-26,LCJ,STN,2026-12-21,10:55,175.19,ok
2026-09-26,LCJ,STN,2026-12-22,21:25,210.24,ok
2026-09-26,LCJ,STN,2026-12-23,09:35,325.95,ok
2026-09-26,LCJ,STN,2026-12-26,12:25,319.76,ok
2026-09-26,LCJ,STN,2026-12-27,17:30,351.49,ok
2026-09-26,LCJ,STN,2026-12-28,10:55,557.20,ok
2026-09-26,LCJ,STN,2026-12-29,21:25,475.23,ok
2026-09-26,LCJ,STN,2026-12-30,09:35,468.71,ok
2026-09-26,LCJ,STN,2026-12-31,17:45,476.24,ok
2026-09-26,LCJ,STN,2027-01-02,12:25,750.65,ok
2026-09-26,LCJ,STN,2027-01-03,17:30,696.52,ok
2026-09-26,LCJ,STN,2027-01-07,17:45,238.51,ok
2026-09-26,LCJ,STN,2027-01-08,14:20,183.95,ok
2026-09-26,LCJ,STN,2027-01-09,12:25,192.72,ok
2026-09-26,LCJ,STN,2027-01-10,17:30,238.51,ok
2026-09-26,LCJ,STN,2027-01-11,10:55,219.00,ok
2026-09-26,LCJ,STN,2027-01-16,12:25,210.24,ok
2026-09-26,LCJ,STN,2027-01-18,10:55,227.76,ok
2026-09-26,LCJ,STN,2027-01-21,17:45,127.00,ok
2026-09-26,LCJ,STN,2027-01-24,17:30,174.65,ok
2026-09-26,LCJ,STN,2027-01-30,12:25,166.43,ok
2026-09-26,LCJ,STN,2027-02-01,10:55,157.67,ok
2026-09-26,LCJ,STN,2027-02-04,17:45,122.62,ok
2026-09-26,LCJ,STN,2027-02-05,10:10,109.48,ok
2026-09-26,LCJ,STN,2027-02-06,12:25,135.76,ok
2026-09-26,LCJ,STN,2027-02-07,17:30,148.91,ok
2026-09-26,LCJ,STN,2027-02-08,10:55,140.14,ok
2026-09-26,LCJ,STN,2027-02-14,17:30,153.29,ok
2026-09-26,LCJ,STN,2027-02-18,17:45,236.52,ok
2026-09-26,LCJ,STN,2027-02-21,13:40,410.42,ok
2026-09-26,LCJ,STN,2027-02-22,10:55,267.19,ok
2026-09-26,LCJ,STN,2027-03-01,10:55,174.65,ok
2026-09-26,LCJ,STN,2027-03-04,17:45,197.10,ok
2026-09-26,LCJ,STN,2027-03-07,17:30,254.05,ok
2026-09-26,LCJ,STN,2027-03-11,17:45,144.53,ok
2026-09-26,LCJ,STN,2027-03-12,10:10,113.86,ok
2026-09-26,LCJ,STN,2027-03-14,17:30,258.43,ok
2026-09-26,LCJ,STN,2027-03-15,10:55,153.29,ok
2026-09-26,LCJ,STN,2027-03-18,17:45,162.05,ok
2026-09-26,LCJ,STN,2027-03-19,14:20,122.62,ok
2026-09-26,LCJ,STN,2027-03-22,10:55,166.43,ok
2026-09-26,LCJ,STN,2027-03-23,16:15,162.05,ok
2026-09-26,LCJ,STN,2027-03-26,10:10,227.76,ok
2026-09-26,LCJ,STN,2027-03-31,12:20,518.38,ok
2026-09-26,LCJ,STN,2027-04-03,12:05,518.38,ok
2026-09-26,LCJ,STN,2027-04-04,15:45,518.38,ok
2026-09-26,LCJ,STN,2027-04-06,20:30,421.00,ok
2026-09-26,LCJ,STN,2027-04-07,12:20,206.06,ok
2026-09-26,LCJ,STN,2027-04-08,16:00,187.00,ok
2026-09-26,LCJ,STN,2027-04-09,16:20,187.00,ok
2026-09-26,LCJ,STN,2027-05-25,20:30,289.00,ok
2026-09-26,LCJ,STN,2027-05-26,12:20,251.00,ok
2026-09-26,LCJ,STN,2027-05-28,16:20,382.38,ok
2026-09-26,LCJ,STN,2027-05-29,12:05,468.00,ok
2026-09-26,LCJ,STN,2027-05-31,15:25,293.38,ok
2026-09-26,LCJ,STN,2027-06-02,12:20,221.38,ok
2026-09-26,LCJ,STN,2027-06-04,16:20,221.38,ok
2026-09-26,LCJ,STN,2027-06-05,12:05,289.00,ok
2026-09-26,LCJ,STN,2027-06-06,15:45,293.38,ok
2026-09-26,LCJ,STN,2027-06-08,20:30,251.00,ok
2026-09-26,LCJ,STN,2027-06-11,16:20,187.00,ok
2026-09-26,LCJ,STN,2027-06-23,12:20,187.00,ok
2026-09-26,LCJ,STN,2027-07-09,16:20,206.06,ok
2026-09-26,LCJ,STN,2027-07-25,15:45,238.51,ok
2026-09-26,STN,LCJ,2026-09-26,,,unavailable
2026-09-26,STN,LCJ,2026-09-27,12:10,1523.38,ok
2026-09-26,STN,LCJ,2026-09-28,13:10,609.55,ok
2026-09-26,STN,LCJ,2026-09-29,17:10,355.07,ok
2026-09-26,STN,LCJ,2026-09-30,08:15,164.74,ok
2026-09-26,STN,LCJ,2026-10-01,12:40,432.78,ok
2026-09-26,STN,LCJ,2026-10-03,08:00,291.04,ok
2026-09-26,STN,LCJ,2026-10-04,12:10,218.27,ok
2026-09-26,STN,LCJ,2026-10-05,13:10,153.31,ok
2026-09-26,STN,LCJ,2026-10-06,17:10,82.98,ok
2026-09-26,STN,LCJ,2026-10-07,08:15,74.00,ok
2026-09-26,STN,LCJ,2026-10-08,12:40,221.38,ok
2026-09-26,STN,LCJ,2026-10-10,08:00,297.08,ok
2026-09-26,STN,LCJ,2026-10-11,12:10,140.78,ok
2026-09-26,STN,LCJ,2026-10-12,13:10,100.92,ok
2026-09-26,STN,LCJ,2026-10-13,17:10,107.47,ok
2026-09-26,STN,LCJ,2026-10-14,08:15,99.00,ok
2026-09-26,STN,LCJ,2026-10-15,12:40,251.32,ok
2026-09-26,STN,LCJ,2026-10-17,08:00,360.56,ok
2026-09-26,STN,LCJ,2026-10-18,12:10,356.18,ok
2026-09-26,STN,LCJ,2026-10-19,13:10,225.72,ok
2026-09-26,STN,LCJ,2026-10-20,17:10,194.62,ok
2026-09-26,STN,LCJ,2026-10-21,08:15,217.00,ok
2026-09-26,STN,LCJ,2026-10-22,12:40,350.14,ok
2026-09-26,STN,LCJ,2026-10-24,08:00,384.53,ok
2026-09-26,STN,LCJ,2026-10-25,13:55,255.38,ok
2026-09-26,STN,LCJ,2026-10-26,07:20,169.04,ok
2026-09-26,STN,LCJ,2026-10-27,16:55,255.38,ok
2026-09-26,STN,LCJ,2026-10-29,14:10,213.32,ok
2026-09-26,STN,LCJ,2026-10-30,06:35,100.92,ok
2026-09-26,STN,LCJ,2026-10-31,08:50,137.45,ok
2026-09-26,STN,LCJ,2026-11-02,07:20,88.88,ok
2026-09-26,STN,LCJ,2026-11-05,14:10,111.93,ok
2026-09-26,STN,LCJ,2026-11-06,06:35,88.45,ok
2026-09-26,STN,LCJ,2026-11-07,08:50,111.93,ok
2026-09-26,STN,LCJ,2026-11-12,14:10,192.74,ok
2026-09-26,STN,LCJ,2026-11-14,08:50,91.51,ok
2026-09-26,STN,LCJ,2026-11-16,07:20,173.01,ok
2026-09-26,STN,LCJ,2026-11-20,06:35,167.92,ok
2026-09-26,STN,LCJ,2026-11-21,08:50,122.11,ok
2026-09-26,STN,LCJ,2026-11-23,07:20,118.27,ok
2026-09-26,STN,LCJ,2026-11-26,14:10,282.63,ok
2026-09-26,STN,LCJ,2026-11-29,10:05,90.07,ok
2026-09-26,STN,LCJ,2026-11-30,07:20,96.66,ok
2026-09-26,STN,LCJ,2026-12-06,10:05,117.02,ok
2026-09-26,STN,LCJ,2026-12-10,14:10,239.18,ok
2026-09-26,STN,LCJ,2026-12-11,06:35,99.43,ok
2026-09-26,STN,LCJ,2026-12-12,08:50,179.38,ok
2026-09-26,STN,LCJ,2026-12-13,10:05,193.37,ok
2026-09-26,STN,LCJ,2026-12-14,07:20,193.37,ok
2026-09-26,STN,LCJ,2026-12-17,14:10,788.89,ok
2026-09-26,STN,LCJ,2026-12-18,06:35,682.00,ok
2026-09-26,STN,LCJ,2026-12-19,08:50,1305.87,ok
2026-09-26,STN,LCJ,2026-12-20,13:55,1053.56,ok
2026-09-26,STN,LCJ,2026-12-21,07:20,600.35,ok
2026-09-26,STN,LCJ,2026-12-22,17:50,722.10,ok
2026-09-26,STN,LCJ,2026-12-23,05:55,996.24,ok
2026-09-26,STN,LCJ,2026-12-26,08:50,346.06,ok
2026-09-26,STN,LCJ,2026-12-27,10:05,249.36,ok
2026-09-26,STN,LCJ,2026-12-28,07:20,191.24,ok
2026-09-26,STN,LCJ,2026-12-29,17:50,202.06,ok
2026-09-26,STN,LCJ,2026-12-30,05:55,120.96,ok
2026-09-26,STN,LCJ,2026-12-31,14:10,105.22,ok
2026-09-26,STN,LCJ,2027-01-11,07:20,111.93,ok
2026-09-26,STN,LCJ,2027-01-16,08:50,152.65,ok
2026-09-26,STN,LCJ,2027-01-22,10:45,162.83,ok
2026-09-26,STN,LCJ,2027-01-23,08:50,152.65,ok
2026-09-26,STN,LCJ,2027-01-28,14:10,144.27,ok
2026-09-26,STN,LCJ,2027-01-29,10:45,206.06,ok
2026-09-26,STN,LCJ,2027-01-31,13:55,157.74,ok
2026-09-26,STN,LCJ,2027-02-01,07:20,142.47,ok
2026-09-26,STN,LCJ,2027-02-11,14:10,407.14,ok
2026-09-26,STN,LCJ,2027-02-14,10:05,376.60,ok
2026-09-26,STN,LCJ,2027-02-15,07:20,279.90,ok
2026-09-26,STN,LCJ,2027-02-19,06:35,254.45,ok
2026-09-26,STN,LCJ,2027-02-20,08:50,152.65,ok
2026-09-26,STN,LCJ,2027-02-25,14:10,178.10,ok
2026-09-26,STN,LCJ,2027-03-01,07:20,147.56,ok
2026-09-26,STN,LCJ,2027-03-04,14:10,254.45,ok
2026-09-26,STN,LCJ,2027-03-07,13:55,174.65,ok
2026-09-26,STN,LCJ,2027-03-11,14:10,178.10,ok
2026-09-26,STN,LCJ,2027-03-13,08:50,183.19,ok
2026-09-26,STN,LCJ,2027-03-14,13:55,174.65,ok
2026-09-26,STN,LCJ,2027-03-18,14:10,132.29,ok
2026-09-26,STN,LCJ,2027-03-19,10:45,483.49,ok
2026-09-26,STN,LCJ,2027-03-20,08:50,595.47,ok
2026-09-26,STN,LCJ,2027-03-25,14:10,641.28,ok
2026-09-26,STN,LCJ,2027-03-28,12:10,206.06,ok
2026-09-26,STN,LCJ,2027-03-31,08:45,191.38,ok
2026-09-26,STN,LCJ,2027-04-03,08:30,191.38,ok
2026-09-26,STN,LCJ,2027-04-04,12:10,191.38,ok
2026-09-26,STN,LCJ,2027-04-06,16:55,187.00,ok
2026-09-26,STN,LCJ,2027-04-08,12:25,332.00,ok
2026-09-26,STN,LCJ,2027-04-09,12:45,332.00,ok
2026-09-26,STN,LCJ,2027-05-25,16:55,332.00,ok
2026-09-26,STN,LCJ,2027-05-26,08:45,251.00,ok
2026-09-26,STN,LCJ,2027-05-28,12:45,255.38,ok
2026-09-26,STN,LCJ,2027-05-29,08:30,289.00,ok
2026-09-26,STN,LCJ,2027-05-31,11:50,221.38,ok
2026-09-26,STN,LCJ,2027-06-02,08:45,191.38,ok
2026-09-26,STN,LCJ,2027-06-04,12:45,221.38,ok
2026-09-26,STN,LCJ,2027-06-06,12:10,255.38,ok
2026-09-26,STN,LCJ,2027-06-08,16:55,217.00,ok
2026-09-26,STN,LCJ,2027-06-11,12:45,251.00,ok
2026-09-26,STN,LCJ,2027-06-23,08:45,251.00,ok
2026-09-26,STN,LCJ,2027-06-25,12:45,317.04,ok
2026-09-26,LCJ,AGP,2026-10-03,20:10,175.32,ok
2026-09-26,LCJ,AGP,2026-11-12,12:50,232.14,ok
2026-09-26,LCJ,AGP,2026-11-19,12:50,131.38,ok
2026-09-26,LCJ,AGP,2027-02-07,20:20,346.05,ok
2026-09-26,AGP,LCJ,2026-10-03,15:40,950.61,ok
2026-09-26,AGP,LCJ,2026-10-10,15:40,418.47,ok
2026-09-26,AGP,LCJ,2026-11-22,16:10,240.91,ok
2026-09-26,LCJ,ALC,2026-10-07,09:40,249.67,ok
2026-09-26,LCJ,ALC,2026-11-19,11:55,219.00,ok
2026-09-26,LCJ,ALC,2027-05-28,17:10,539.38,ok
2026-09-26,ALC,LCJ,2027-05-28,13:30,306.38,ok
2026-09-26,LCJ,BGY,2026-10-01,09:50,153.29,ok
2026-09-26,LCJ,BGY,2026-10-02,13:30,516.90,ok
2026-09-26,LCJ,BGY,2026-10-05,13:30,91.96,ok
2026-09-26,LCJ,BGY,2026-10-09,13:30,249.67,ok
2026-09-26,LCJ,BGY,2026-10-14,12:45,65.67,ok
2026-09-26,LCJ,BGY,2027-02-22,12:25,87.57,ok
2026-09-26,BGY,LCJ,2026-09-29,19:55,845.47,ok
2026-09-26,BGY,LCJ,2026-10-05,11:15,249.67,ok
2026-09-26,BGY,LCJ,2026-10-08,07:35,78.81,ok
2026-09-26,BGY,LCJ,2026-10-12,11:15,148.91,ok
2026-09-26,BGY,LCJ,2026-10-15,07:35,70.05,ok
2026-09-26,BGY,LCJ,2026-10-23,11:15,87.57,ok
2026-09-26,BGY,LCJ,2027-03-15,10:05,337.29,ok
2026-09-26,LCJ,BHX,2026-09-28,22:10,372.02,ok
2026-09-26,LCJ,BHX,2026-10-05,22:10,175.26,ok
2026-09-26,CRL,LCJ,2026-10-15,13:05,74.43,ok
2026-09-26,CRL,LCJ,2026-10-22,13:05,70.05,ok
2026-09-26,LCJ,DUB,2026-10-12,17:30,254.05,ok
2026-09-26,LCJ,DUB,2026-11-09,13:05,132.19,ok
2026-09-26,LCJ,DUB,2027-06-05,22:15,446.00,ok
2026-09-26,DUB,LCJ,2026-10-05,13:20,175.19,ok
2026-09-26,DUB,LCJ,2026-10-15,18:35,280.33,ok
2026-09-26,DUB,LCJ,2026-11-02,09:00,145.77,ok
2026-09-26,DUB,LCJ,2026-11-30,09:00,137.89,ok
2026-09-26,DUB,LCJ,2027-06-05,18:10,603.00,ok
2026-09-26,LCJ,STN,2026-10-07,11:50,241.97,ok
2026-09-26,LCJ,STN,2026-11-05,17:45,306.62,ok
2026-09-26,STN,LCJ,2026-12-27,10:05,244.27,ok
2026-09-26,STN,LCJ,2027-06-05,08:30,251.00,ok
2026-09-26,LCJ,AGP,2026-10-03,20:10,204.55,ok
2026-09-26,LCJ,AGP,2026-10-10,20:10,201.48,ok
2026-09-26,LCJ,AGP,2026-10-14,19:25,232.14,ok
2026-09-26,LCJ,AGP,2026-10-21,19:25,249.67,ok
2026-09-26,LCJ,AGP,2026-11-05,12:50,337.29,ok
2026-09-26,LCJ,AGP,2026-11-19,12:50,140.14,ok
2026-09-26,LCJ,AGP,2027-03-29,20:00,421.38,ok
2026-09-26,LCJ,AGP,2027-05-31,20:00,417.00,ok
2026-09-26,LCJ,AGP,2027-06-28,20:00,522.38,ok
2026-09-26,LCJ,AGP,2027-07-15,18:50,374.38,ok
2026-09-26,LCJ,AGP,2027-07-29,18:50,323.00,ok
2026-09-26,LCJ,AGP,2027-08-26,18:50,327.38,ok
2026-09-26,AGP,LCJ,2026-09-30,15:20,906.80,ok
2026-09-26,AGP,LCJ,2026-10-03,15:40,954.99,ok
2026-09-26,AGP,LCJ,2026-10-14,15:20,367.95,ok
2026-09-26,AGP,LCJ,2026-10-17,15:40,516.90,ok
2026-09-26,AGP,LCJ,2026-10-24,15:40,280.33,ok
2026-09-26,AGP,LCJ,2026-11-12,08:40,249.67,ok
2026-09-26,AGP,LCJ,2026-11-13,16:30,328.52,ok
2026-09-26,AGP,LCJ,2026-11-22,16:10,249.67,ok
2026-09-26,AGP,LCJ,2026-11-29,16:10,352.66,ok
2026-09-26,AGP,LCJ,2027-03-29,15:50,327.38,ok
2026-09-26,AGP,LCJ,2027-05-31,15:50,518.00,ok
2026-09-26,AGP,LCJ,2027-06-28,15:50,421.38,ok
2026-09-26,AGP,LCJ,2027-07-15,14:40,573.38,ok
2026-09-26,AGP,LCJ,2027-07-29,14:40,569.00,ok
2026-09-26,AGP,LCJ,2027-08-26,14:40,573.38,ok
2026-09-26,LCJ,ALC,2026-09-28,21:30,617.66,ok
2026-09-26,LCJ,ALC,2026-09-30,09:40,146.80,ok
2026-09-26,LCJ,ALC,2026-10-07,09:40,240.91,ok
2026-09-26,LCJ,ALC,2026-10-09,09:45,446.81,ok
2026-09-26,LCJ,ALC,2026-10-16,09:45,433.67,ok
2026-09-26,LCJ,ALC,2026-11-02,19:20,153.29,ok
2026-09-26,LCJ,ALC,2026-11-05,11:55,594.80,ok
2026-09-26,LCJ,ALC,2026-11-12,11:55,210.24,ok
2026-09-26,LCJ,ALC,2026-11-19,11:55,214.62,ok
2026-09-26,LCJ,ALC,2026-11-23,19:20,108.00,ok
2026-09-26,LCJ,ALC,2026-11-30,19:20,108.00,ok
2026-09-26,LCJ,ALC,2027-03-29,09:35,348.38,ok
2026-09-26,LCJ,ALC,2027-05-31,09:35,391.00,ok
2026-09-26,LCJ,ALC,2027-06-28,09:35,539.38,ok
2026-09-26,LCJ,ALC,2027-08-13,17:10,539.38,ok
2026-09-26,ALC,LCJ,2026-09-28,17:50,1358.03,ok
2026-09-26,ALC,LCJ,2026-10-02,06:00,512.52,ok
2026-09-26,ALC,LCJ,2026-10-07,05:50,389.86,ok
2026-09-26,ALC,LCJ,2026-10-09,06:00,464.33,ok
2026-09-26,ALC,LCJ,2026-10-16,06:00,289.10,ok
2026-09-26,ALC,LCJ,2026-10-19,17:50,630.81,ok
2026-09-26,ALC,LCJ,2026-10-23,06:00,267.19,ok
2026-09-26,ALC,LCJ,2026-11-05,08:15,267.19,ok
2026-09-26,ALC,LCJ,2026-11-12,08:15,487.56,ok
2026-09-26,ALC,LCJ,2026-11-16,15:40,525.66,ok
2026-09-26,ALC,LCJ,2026-12-03,08:15,197.10,ok
2026-09-26,ALC,LCJ,2027-03-29,05:55,782.38,ok
2026-09-26,ALC,LCJ,2027-05-31,05:55,485.00,ok
2026-09-26,ALC,LCJ,2027-06-28,05:55,539.38,ok
2026-09-26,ALC,LCJ,2027-08-13,13:30,646.38,ok
2026-09-26,LCJ,BGY,2026-09-28,13:30,626.42,ok
2026-09-26,LCJ,BGY,2026-09-29,22:10,65.18,ok
2026-09-26,LCJ,BGY,2026-10-01,09:50,157.67,ok
2026-09-26,LCJ,BGY,2026-10-02,13:30,543.19,ok
2026-09-26,LCJ,BGY,2026-10-04,18:05,66.88,ok
2026-09-26,LCJ,BGY,2026-10-05,13:30,96.34,ok
2026-09-26,LCJ,BGY,2026-10-09,13:30,267.19,ok
2026-09-26,LCJ,BGY,2026-10-15,09:50,197.10,ok
2026-09-26,LCJ,BGY,2026-10-16,13:30,170.81,ok
2026-09-26,LCJ,BGY,2026-10-21,08:35,67.50,ok
2026-09-26,LCJ,BGY,2026-10-26,12:25,67.72,ok
2026-09-26,LCJ,BGY,2026-11-02,12:25,74.43,ok
2026-09-26,LCJ,BGY,2026-11-09,12:25,65.00,ok
2026-09-26,LCJ,BGY,2026-11-16,12:25,65.00,ok
2026-09-26,LCJ,BGY,2026-11-27,12:10,157.67,ok
2026-09-26,LCJ,BGY,2026-12-07,12:25,70.05,ok
2026-09-26,BGY,LCJ,2026-09-29,19:55,819.18,ok
2026-09-26,BGY,LCJ,2026-09-30,06:10,105.10,ok
2026-09-26,BGY,LCJ,2026-10-02,11:15,157.67,ok
2026-09-26,BGY,LCJ,2026-10-04,15:25,404.08,ok
2026-09-26,BGY,LCJ,2026-10-05,11:15,271.57,ok
2026-09-26,BGY,LCJ,2026-10-08,07:35,65.67,ok
2026-09-26,BGY,LCJ,2026-10-12,11:15,170.81,ok
2026-09-26,BGY,LCJ,2026-10-15,07:35,65.67,ok
2026-09-26,BGY,LCJ,2026-10-21,06:20,70.05,ok
2026-09-26,BGY,LCJ,2026-10-23,11:15,109.48,ok
2026-09-26,BGY,LCJ,2026-10-30,09:50,76.26,ok
2026-09-26,BGY,LCJ,2026-11-06,09:50,65.00,ok
2026-09-26,BGY,LCJ,2026-11-20,09:50,65.00,ok
2026-09-26,BGY,LCJ,2026-11-27,09:50,65.00,ok
2026-09-26,LCJ,BHX,2026-10-01,10:20,243.35,ok
2026-09-26,LCJ,BHX,2026-12-04,10:25,78.81,ok
2026-09-26,LCJ,BHX,2026-12-13,19:30,179.57,ok
2026-09-26,LCJ,BHX,2027-04-08,21:50,539.38,ok
2026-09-26,LCJ,BHX,2027-06-07,15:40,310.00,ok
2026-09-26,LCJ,BHX,2027-06-10,21:50,272.00,ok
2026-09-26,LCJ,BHX,2027-06-14,15:40,310.00,ok
2026-09-26,BHX,LCJ,2026-10-30,06:40,102.79,ok
2026-09-26,BHX,LCJ,2026-11-01,15:45,127.20,ok
2026-09-26,BHX,LCJ,2026-12-06,15:45,96.66,ok
2026-09-26,BHX,LCJ,2027-04-08,18:05,276.38,ok
2026-09-26,BHX,LCJ,2027-06-07,11:55,272.00,ok
2026-09-26,BHX,LCJ,2027-06-10,18:05,272.00,ok
2026-09-26,BHX,LCJ,2027-06-14,11:55,272.00,ok
2026-09-26,LCJ,CRL,2026-09-27,14:25,639.57,ok
2026-09-26,LCJ,CRL,2026-10-04,14:25,96.34,ok
2026-09-26,LCJ,CRL,2026-10-11,14:25,166.43,ok
2026-09-26,LCJ,CRL,2026-10-18,14:25,131.38,ok
2026-09-26,CRL,LCJ,2026-09-27,12:05,692.14,ok
2026-09-26,CRL,LCJ,2026-10-08,13:05,65.83,ok
2026-09-26,CRL,LCJ,2026-10-11,12:05,100.72,ok
2026-09-26,CRL,LCJ,2026-10-15,13:05,65.67,ok
2026-09-26,CRL,LCJ,2026-10-22,13:05,65.67,ok
2026-09-26,LCJ,DUB,2026-10-01,22:45,219.00,ok
2026-09-26,LCJ,DUB,2026-10-05,17:30,297.86,ok
2026-09-26,LCJ,DUB,2026-10-08,22:45,214.62,ok
2026-09-26,LCJ,DUB,2026-10-12,17:30,258.43,ok
2026-09-26,LCJ,DUB,2026-10-30,20:25,471.28,ok
2026-09-26,LCJ,DUB,2026-11-06,20:25,201.48,ok
2026-09-26,LCJ,DUB,2026-11-27,20:25,130.00,ok
2026-09-26,LCJ,DUB,2026-11-30,13:05,130.00,ok
2026-09-26,LCJ,DUB,2027-06-01,16:50,603.00,ok
2026-09-26,LCJ,DUB,2027-06-12,22:15,450.38,ok
2026-09-26,LCJ,DUB,2027-06-29,16:50,506.38,ok
2026-09-26,DUB,LCJ,2026-09-28,13:20,753.47,ok
2026-09-26,DUB,LCJ,2026-10-05,13:20,179.57,ok
2026-09-26,DUB,LCJ,2026-10-08,18:35,249.67,ok
2026-09-26,DUB,LCJ,2026-10-12,13:20,188.33,ok
2026-09-26,DUB,LCJ,2026-10-15,18:35,311.00,ok
2026-09-26,DUB,LCJ,2026-11-13,16:20,130.00,ok
2026-09-26,DUB,LCJ,2026-11-20,16:20,132.19,ok
2026-09-26,DUB,LCJ,2026-11-30,09:00,130.00,ok
2026-09-26,DUB,LCJ,2026-12-11,16:20,162.05,ok
2026-09-26,DUB,LCJ,2027-06-01,12:45,502.00,ok
2026-09-26,DUB,LCJ,2027-06-12,18:10,552.38,ok
2026-09-26,DUB,LCJ,2027-06-29,12:45,786.38,ok
2026-09-26,LCJ,STN,2026-10-11,15:45,370.18,ok
2026-09-26,LCJ,STN,2026-10-12,16:45,304.64,ok
2026-09-26,LCJ,STN,2026-10-20,20:45,75.53,ok
2026-09-26,LCJ,STN,2026-10-25,17:30,111.85,ok
2026-09-26,LCJ,STN,2026-10-29,17:45,202.81,ok
2026-09-26,LCJ,STN,2026-10-31,12:25,401.88,ok
2026-09-26,LCJ,STN,2026-11-01,13:40,394.24,ok
2026-09-26,LCJ,STN,2026-11-05,17:45,297.86,ok
2026-09-26,LCJ,STN,2026-11-14,12:25,162.05,ok
2026-09-26,LCJ,STN,2026-11-15,17:30,144.53,ok
2026-09-26,LCJ,STN,2026-11-29,13:40,90.99,ok
2026-09-26,LCJ,STN,2026-12-03,17:45,179.57,ok
2026-09-26,LCJ,STN,2026-12-06,13:40,96.34,ok
2026-09-26,LCJ,STN,2026-12-11,10:10,87.00,ok
2026-09-26,LCJ,STN,2026-12-13,17:30,87.00,ok
2026-09-26,LCJ,STN,2026-12-30,09:35,464.33,ok
2026-09-26,LCJ,STN,2027-03-08,10:55,144.53,ok
2026-09-26,LCJ,STN,2027-04-08,16:00,191.38,ok
2026-09-26,LCJ,STN,2027-05-30,15:45,472.38,ok
2026-09-26,LCJ,STN,2027-06-01,20:30,289.00,ok
2026-09-26,LCJ,STN,2027-06-07,15:25,251.00,ok
2026-09-26,LCJ,STN,2027-06-09,12:20,221.38,ok
2026-09-26,LCJ,STN,2027-06-10,16:00,217.00,ok
2026-09-26,LCJ,STN,2027-06-12,12:05,293.38,ok
2026-09-26,LCJ,STN,2027-06-13,15:45,293.38,ok
2026-09-26,LCJ,STN,2027-06-14,15:25,332.00,ok
2026-09-26,LCJ,STN,2027-06-20,15:45,255.38,ok
2026-09-26,LCJ,STN,2027-06-29,20:30,336.38,ok
2026-09-26,STN,LCJ,2026-09-28,13:10,561.58,ok
2026-09-26,STN,LCJ,2026-09-29,17:10,327.03,ok
2026-09-26,STN,LCJ,2026-10-05,13:10,178.45,ok
2026-09-26,STN,LCJ,2026-10-06,17:10,100.90,ok
2026-09-26,STN,LCJ,2026-10-07,08:15,75.10,ok
2026-09-26,STN,LCJ,2026-10-11,12:10,186.78,ok
2026-09-26,STN,LCJ,2026-10-13,17:10,124.71,ok
2026-09-26,STN,LCJ,2026-11-06,06:35,91.34,ok
2026-09-26,STN,LCJ,2026-11-28,08:50,106.84,ok
2026-09-26,STN,LCJ,2026-11-29,10:05,87.00,ok
2026-09-26,STN,LCJ,2026-12-04,06:35,91.64,ok
2026-09-26,STN,LCJ,2026-12-17,14:10,824.52,ok
2026-09-26,STN,LCJ,2026-12-21,07:20,665.98,ok
2026-09-26,STN,LCJ,2027-04-08,12:25,336.38,ok
2026-09-26,STN,LCJ,2027-05-30,12:10,293.38,ok
2026-09-26,STN,LCJ,2027-06-01,16:55,217.00,ok
2026-09-26,STN,LCJ,2027-06-07,11:50,217.00,ok
2026-09-26,STN,LCJ,2027-06-09,08:45,191.38,ok
2026-09-26,STN,LCJ,2027-06-10,12:25,217.00,ok
2026-09-26,STN,LCJ,2027-06-12,08:30,336.38,ok
2026-09-26,STN,LCJ,2027-06-13,12:10,336.38,ok
2026-09-26,STN,LCJ,2027-06-14,11:50,251.00,ok
2026-09-26,STN,LCJ,2027-06-20,12:10,382.38,ok
2026-09-26,STN,LCJ,2027-06-29,16:55,293.38,ok
2026-09-26,LCJ,AGP,2026-09-26,,,unavailable
2026-09-26,LCJ,AGP,2026-11-06,20:40,388.79,ok
2026-09-26,LCJ,AGP,2027-04-08,18:50,374.38,ok
2026-09-26,AGP,LCJ,2026-11-12,08:40,284.71,ok
2026-09-26,AGP,LCJ,2026-11-19,08:40,142.66,ok
2026-09-26,AGP,LCJ,2027-04-08,14:40,688.38,ok
2026-09-26,LCJ,ALC,2027-07-30,17:10,442.00,ok
2026-09-26,ALC,LCJ,2026-10-14,05:50,446.81,ok
2026-09-26,ALC,LCJ,2027-07-30,13:30,642.00,ok
2026-09-26,LCJ,BGY,2026-10-12,13:30,95.91,ok
2026-09-26,LCJ,BGY,2026-11-09,12:25,66.31,ok
2026-09-26,BGY,LCJ,2026-11-06,09:50,66.31,ok
2026-09-26,BGY,LCJ,2026-11-27,09:50,67.63,ok
2026-09-26,LCJ,BHX,2027-03-29,15:40,450.38,ok
2026-09-26,LCJ,BHX,2027-06-10,21:50,276.38,ok
2026-09-26,BHX,LCJ,2027-03-29,11:55,361.38,ok
2026-09-26,BHX,LCJ,2027-06-10,18:05,276.38,ok
2026-09-26,CRL,LCJ,2026-10-11,12:05,105.10,ok
2026-09-26,LCJ,DUB,2026-11-02,13:05,431.30,ok
2026-09-26,LCJ,DUB,2027-04-03,22:15,854.00,ok
2026-09-26,LCJ,DUB,2027-05-29,22:15,395.38,ok
2026-09-26,LCJ,DUB,2027-06-05,22:15,450.38,ok
2026-09-26,DUB,LCJ,2027-04-03,18:10,502.00,ok
2026-09-26,DUB,LCJ,2027-05-29,18:10,552.38,ok
2026-09-26,DUB,LCJ,2027-06-05,18:10,607.38,ok
2026-09-26,LCJ,STN,2026-10-03,11:35,765.38,ok
2026-09-26,LCJ,STN,2026-11-02,10:55,569.47,ok
2026-09-26,LCJ,STN,2026-12-11,14:20,87.00,ok
2026-09-26,LCJ,STN,2027-03-29,15:25,518.38,ok
2026-09-26,LCJ,STN,2027-04-02,16:20,425.38,ok
2026-09-26,LCJ,STN,2027-04-03,12:05,514.00,ok
2026-09-26,LCJ,STN,2027-04-07,12:20,210.44,ok
2026-09-26,LCJ,STN,2027-05-29,12:05,472.38,ok
2026-09-26,LCJ,STN,2027-06-05,12:05,293.38,ok
2026-09-26,LCJ,STN,2027-06-10,16:00,221.38,ok
2026-09-26,STN,LCJ,2026-09-30,08:15,191.33,ok
2026-09-26,STN,LCJ,2026-10-06,17:10,105.37,ok
2026-09-26,STN,LCJ,2026-10-07,08:15,77.24,ok
2026-09-26,STN,LCJ,2026-10-22,12:40,397.50,ok
2026-09-26,STN,LCJ,2027-02-07,10:05,158.00,ok
2026-09-26,STN,LCJ,2027-03-29,11:50,221.38,ok
2026-09-26,STN,LCJ,2027-04-02,12:45,191.38,ok
2026-09-26,STN,LCJ,2027-04-03,08:30,187.00,ok
2026-09-26,STN,LCJ,2027-04-07,08:45,336.38,ok
2026-09-26,STN,LCJ,2027-05-29,08:30,293.38,ok
2026-09-26,STN,LCJ,2027-06-05,08:30,255.38,ok
2026-09-26,STN,LCJ,2027-06-10,12:25,221.38,ok
2026-09-26,LCJ,DUB,2026-12-11,20:25,131.97,ok
2026-09-26,LCJ,STN,2026-12-11,10:10,87.00,ok
2026-09-26,LCJ,STN,2027-04-11,15:45,293.38,ok
2026-09-26,STN,LCJ,2027-04-11,12:10,382.38,ok
2026-09-26,ALC,LCJ,2026-11-05,08:15,271.57,ok
2026-09-26,LCJ,BGY,2027-02-22,12:25,109.48,ok
2026-09-26,BGY,LCJ,2027-02-26,09:50,109.48,ok
2026-09-26,CRL,LCJ,2026-10-18,12:05,214.62,ok
2026-09-26,LCJ,STN,2026-10-03,11:35,692.38,ok
2026-09-26,LCJ,STN,2026-10-20,20:45,77.11,ok
2026-09-26,STN,LCJ,2027-02-07,13:55,158.00,ok
2026-09-26,STN,LCJ,2027-06-06,12:10,251.00,ok
2026-09-27,LCJ,AGP,2026-10-03,20:10,159.64,ok
2026-09-27,LCJ,AGP,2026-10-07,19:25,122.62,ok
2026-09-27,LCJ,AGP,2026-10-10,20:10,170.81,ok
2026-09-27,LCJ,AGP,2026-10-14,19:25,210.24,ok
2026-09-27,LCJ,AGP,2026-10-21,19:25,232.14,ok
2026-09-27,LCJ,AGP,2026-10-24,20:10,157.67,ok
2026-09-27,LCJ,AGP,2026-10-30,20:40,149.21,ok
2026-09-27,LCJ,AGP,2026-11-05,12:50,319.76,ok
2026-09-27,LCJ,AGP,2026-11-06,20:40,404.48,ok
2026-09-27,LCJ,AGP,2026-11-08,20:20,270.52,ok
2026-09-27,LCJ,AGP,2026-11-12,12:50,271.57,ok
2026-09-27,LCJ,AGP,2026-11-15,20:20,122.62,ok
2026-09-27,LCJ,AGP,2026-11-19,12:50,131.38,ok
2026-09-27,LCJ,AGP,2026-11-20,20:40,105.10,ok
2026-09-27,LCJ,AGP,2026-11-26,12:50,183.47,ok
2026-09-27,LCJ,AGP,2026-12-11,20:40,210.24,ok
2026-09-27,LCJ,AGP,2026-12-18,20:40,240.91,ok
2026-09-27,LCJ,AGP,2026-12-20,20:20,164.65,ok
2026-09-27,LCJ,AGP,2026-12-27,20:20,653.38,ok
2026-09-27,LCJ,AGP,2027-01-15,20:40,385.48,ok
2026-09-27,LCJ,AGP,2027-01-17,20:20,507.70,ok
2026-09-27,LCJ,AGP,2027-01-24,20:20,214.62,ok
2026-09-27,LCJ,AGP,2027-02-05,20:40,236.52,ok
2026-09-27,LCJ,AGP,2027-02-12,20:40,411.76,ok
2026-09-27,LCJ,AGP,2027-03-29,20:00,417.00,ok
2026-09-27,LCJ,AGP,2027-04-05,20:00,569.00,ok
2026-09-27,LCJ,AGP,2027-05-06,18:50,327.38,ok
2026-09-27,LCJ,AGP,2027-06-14,20:00,323.00,ok
2026-09-27,LCJ,AGP,2027-06-28,20:00,518.00,ok
2026-09-27,LCJ,AGP,2027-07-15,18:50,370.00,ok
2026-09-27,LCJ,AGP,2027-07-26,20:00,327.38,ok
2026-09-27,LCJ,AGP,2027-08-05,18:50,327.38,ok
2026-09-27,LCJ,AGP,2027-08-26,18:50,323.00,ok
2026-09-27,AGP,LCJ,2026-09-30,15:20,1025.09,ok
2026-09-27,AGP,LCJ,2026-10-03,15:40,1025.09,ok
2026-09-27,AGP,LCJ,2026-10-10,15:40,417.00,ok
2026-09-27,AGP,LCJ,2026-10-14,15:20,346.05,ok
2026-09-27,AGP,LCJ,2026-10-17,15:40,459.95,ok
2026-09-27,AGP,LCJ,2026-10-21,15:20,359.19,ok
2026-09-27,AGP,LCJ,2026-10-24,15:40,275.95,ok
2026-09-27,AGP,LCJ,2026-10-30,16:30,388.79,ok
2026-09-27,AGP,LCJ,2026-11-01,16:10,264.63,ok
2026-09-27,AGP,LCJ,2026-11-06,16:30,194.16,ok
2026-09-27,AGP,LCJ,2026-11-08,16:10,296.83,ok
2026-09-27,AGP,LCJ,2026-11-12,08:40,293.48,ok
2026-09-27,AGP,LCJ,2026-11-13,16:30,315.38,ok
2026-09-27,AGP,LCJ,2026-11-15,16:10,620.56,ok
2026-09-27,AGP,LCJ,2026-11-19,08:40,168.48,ok
2026-09-27,AGP,LCJ,2026-11-22,16:10,275.95,ok
2026-09-27,AGP,LCJ,2026-11-27,16:30,140.14,ok
2026-09-27,AGP,LCJ,2026-11-29,16:10,353.89,ok
2026-09-27,AGP,LCJ,2026-12-04,16:30,267.19,ok
2026-09-27,AGP,LCJ,2026-12-18,16:30,148.91,ok
2026-09-27,AGP,LCJ,2026-12-27,16:10,137.49,ok
2026-09-27,AGP,LCJ,2027-01-01,16:30,179.57,ok
2026-09-27,AGP,LCJ,2027-01-03,16:10,359.19,ok
2026-09-27,AGP,LCJ,2027-01-29,16:30,401.32,ok
2026-09-27,AGP,LCJ,2027-02-07,16:10,210.24,ok
2026-09-27,AGP,LCJ,2027-02-14,16:10,351.04,ok
2026-09-27,AGP,LCJ,2027-03-26,16:30,231.84,ok
2026-09-27,AGP,LCJ,2027-03-29,15:50,323.00,ok
2026-09-27,AGP,LCJ,2027-04-05,15:50,370.00,ok
2026-09-27,AGP,LCJ,2027-05-06,14:40,522.38,ok
2026-09-27,AGP,LCJ,2027-06-14,15:50,417.00,ok
2026-09-27,AGP,LCJ,2027-06-28,15:50,417.00,ok
2026-09-27,AGP,LCJ,2027-07-15,14:40,569.00,ok
2026-09-27,AGP,LCJ,2027-07-26,15:50,573.38,ok
2026-09-27,AGP,LCJ,2027-08-05,14:40,573.38,ok
2026-09-27,AGP,LCJ,2027-08-26,14:40,569.00,ok
2026-09-27,LCJ,ALC,2026-09-28,,,unavailable
2026-09-27,LCJ,ALC,2026-09-30,09:40,207.04,ok
2026-09-27,LCJ,ALC,2026-10-02,09:45,391.00,ok
2026-09-27,LCJ,ALC,2026-10-07,09:40,223.38,ok
2026-09-27,LCJ,ALC,2026-10-09,09:45,398.62,ok
2026-09-27,LCJ,ALC,2026-10-14,09:40,442.00,ok
2026-09-27,LCJ,ALC,2026-10-16,09:45,442.43,ok
2026-09-27,LCJ,ALC,2026-10-19,21:30,135.76,ok
2026-09-27,LCJ,ALC,2026-10-21,09:40,896.06,ok
2026-09-27,LCJ,ALC,2026-10-23,09:45,341.67,ok
2026-09-27,LCJ,ALC,2026-10-26,19:20,164.72,ok
2026-09-27,LCJ,ALC,2026-10-29,11:55,220.19,ok
2026-09-27,LCJ,ALC,2026-10-31,10:10,312.95,ok
2026-09-27,LCJ,ALC,2026-11-02,19:20,157.67,ok
2026-09-27,LCJ,ALC,2026-11-05,11:55,536.26,ok
2026-09-27,LCJ,ALC,2026-11-09,19:20,179.57,ok
2026-09-27,LCJ,ALC,2026-11-12,11:55,205.86,ok
2026-09-27,LCJ,ALC,2026-11-19,11:55,192.72,ok
2026-09-27,LCJ,ALC,2026-11-26,11:55,166.21,ok
2026-09-27,LCJ,ALC,2026-12-03,11:55,205.86,ok
2026-09-27,LCJ,ALC,2026-12-24,11:55,394.24,ok
2026-09-27,LCJ,ALC,2026-12-28,19:20,444.67,ok
2026-09-27,LCJ,ALC,2026-12-31,11:55,797.28,ok
2026-09-27,LCJ,ALC,2027-01-21,11:55,297.86,ok
2026-09-27,LCJ,ALC,2027-02-18,11:55,250.81,ok
2026-09-27,LCJ,ALC,2027-03-01,19:20,162.00,ok
2026-09-27,LCJ,ALC,2027-03-25,11:55,389.86,ok
2026-09-27,LCJ,ALC,2027-03-29,09:35,344.00,ok
2026-09-27,LCJ,ALC,2027-04-02,17:10,646.38,ok
2026-09-27,LCJ,ALC,2027-04-05,09:35,485.00,ok
2026-09-27,LCJ,ALC,2027-05-28,17:10,535.00,ok
2026-09-27,LCJ,ALC,2027-06-14,09:35,391.00,ok
2026-09-27,LCJ,ALC,2027-06-18,17:10,535.00,ok
2026-09-27,LCJ,ALC,2027-06-28,09:35,535.00,ok
2026-09-27,LCJ,ALC,2027-07-23,17:10,489.38,ok
2026-09-27,LCJ,ALC,2027-07-26,09:35,348.38,ok
2026-09-27,LCJ,ALC,2027-07-30,17:10,446.38,ok
2026-09-27,LCJ,ALC,2027-08-13,17:10,535.00,ok
2026-09-27,ALC,LCJ,2026-09-28,17:50,1314.22,ok
2026-09-27,ALC,LCJ,2026-09-30,05:50,410.71,ok
2026-09-27,ALC,LCJ,2026-10-02,06:00,420.52,ok
2026-09-27,ALC,LCJ,2026-10-05,17:50,433.67,ok
2026-09-27,ALC,LCJ,2026-10-07,05:50,398.62,ok
2026-09-27,ALC,LCJ,2026-10-09,06:00,438.05,ok
2026-09-27,ALC,LCJ,2026-10-14,05:50,451.19,ok
2026-09-27,ALC,LCJ,2026-10-16,06:00,267.19,ok
2026-09-27,ALC,LCJ,2026-10-19,17:50,604.52,ok
2026-09-27,ALC,LCJ,2026-10-23,06:00,214.62,ok
2026-09-27,ALC,LCJ,2026-10-26,15:40,854.00,ok
2026-09-27,ALC,LCJ,2026-10-29,08:15,366.78,ok
2026-09-27,ALC,LCJ,2026-11-02,15:40,400.86,ok
2026-09-27,ALC,LCJ,2026-11-05,08:15,275.95,ok
2026-09-27,ALC,LCJ,2026-11-09,15:40,407.38,ok
2026-09-27,ALC,LCJ,2026-11-12,08:15,433.71,ok
2026-09-27,ALC,LCJ,2026-11-16,15:40,551.95,ok
2026-09-27,ALC,LCJ,2026-11-19,08:15,184.60,ok
2026-09-27,ALC,LCJ,2026-11-23,15:40,271.23,ok
2026-09-27,ALC,LCJ,2026-12-10,08:15,91.96,ok
2026-09-27,ALC,LCJ,2026-12-28,15:40,263.56,ok
2026-09-27,ALC,LCJ,2026-12-31,08:15,135.76,ok
2026-09-27,ALC,LCJ,2027-01-04,15:40,451.19,ok
2026-09-27,ALC,LCJ,2027-01-11,15:40,389.86,ok
2026-09-27,ALC,LCJ,2027-01-21,08:15,140.14,ok
2026-09-27,ALC,LCJ,2027-01-25,15:40,293.48,ok
2026-09-27,ALC,LCJ,2027-02-22,15:40,196.00,ok
2026-09-27,ALC,LCJ,2027-03-15,15:40,214.62,ok
2026-09-27,ALC,LCJ,2027-03-29,05:55,778.00,ok
2026-09-27,ALC,LCJ,2027-04-02,13:30,395.38,ok
2026-09-27,ALC,LCJ,2027-04-05,05:55,344.00,ok
2026-09-27,ALC,LCJ,2027-05-28,13:30,302.00,ok
2026-09-27,ALC,LCJ,2027-06-14,05:55,586.00,ok
2026-09-27,ALC,LCJ,2027-06-18,13:30,344.00,ok
2026-09-27,ALC,LCJ,2027-06-28,05:55,535.00,ok
2026-09-27,ALC,LCJ,2027-07-23,13:30,590.38,ok
2026-09-27,ALC,LCJ,2027-07-26,05:55,782.38,ok
2026-09-27,ALC,LCJ,2027-07-30,13:30,646.38,ok
2026-09-27,ALC,LCJ,2027-08-13,13:30,642.00,ok
2026-09-27,LCJ,BGY,2026-09-28,13:30,867.37,ok
2026-09-27,LCJ,BGY,2026-09-29,22:10,65.00,ok
2026-09-27,LCJ,BGY,2026-10-01,09:50,175.19,ok
2026-09-27,LCJ,BGY,2026-10-02,13:30,530.05,ok
2026-09-27,LCJ,BGY,2026-10-04,18:05,65.00,ok
2026-09-27,LCJ,BGY,2026-10-05,13:30,109.48,ok
2026-09-27,LCJ,BGY,2026-10-07,12:45,83.19,ok
2026-09-27,LCJ,BGY,2026-10-08,09:50,170.81,ok
2026-09-27,LCJ,BGY,2026-10-09,13:30,271.57,ok
2026-09-27,LCJ,BGY,2026-10-11,18:05,153.78,ok
2026-09-27,LCJ,BGY,2026-10-12,13:30,97.45,ok
2026-09-27,LCJ,BGY,2026-10-15,09:50,166.43,ok
2026-09-27,LCJ,BGY,2026-10-16,13:30,183.95,ok
2026-09-27,LCJ,BGY,2026-10-18,18:05,80.06,ok
2026-09-27,LCJ,BGY,2026-10-19,13:30,74.43,ok
2026-09-27,LCJ,BGY,2026-10-21,08:35,69.38,ok
2026-09-27,LCJ,BGY,2026-10-22,09:50,66.05,ok
2026-09-27,LCJ,BGY,2026-10-23,13:30,117.51,ok
2026-09-27,LCJ,BGY,2026-10-26,12:25,71.05,ok
2026-09-27,LCJ,BGY,2026-10-30,12:10,135.45,ok
2026-09-27,LCJ,BGY,2026-11-06,12:10,247.04,ok
2026-09-27,LCJ,BGY,2026-11-09,12:25,65.00,ok
2026-09-27,LCJ,BGY,2026-11-27,12:10,153.29,ok
2026-09-27,LCJ,BGY,2026-12-04,12:10,216.64,ok
2026-09-27,LCJ,BGY,2026-12-07,12:25,65.67,ok
2026-09-27,LCJ,BGY,2026-12-11,12:10,192.72,ok
2026-09-27,LCJ,BGY,2026-12-23,19:25,174.29,ok
2026-09-27,LCJ,BGY,2026-12-30,19:25,341.67,ok
2026-09-27,LCJ,BGY,2027-03-15,12:25,341.67,ok
2026-09-27,LCJ,BGY,2027-04-05,14:00,327.00,ok
2026-09-27,BGY,LCJ,2026-09-28,11:15,1443.35,ok
2026-09-27,BGY,LCJ,2026-09-29,19:55,670.23,ok
2026-09-27,BGY,LCJ,2026-09-30,06:10,135.76,ok
2026-09-27,BGY,LCJ,2026-10-04,15:25,472.07,ok
2026-09-27,BGY,LCJ,2026-10-05,11:15,306.62,ok
2026-09-27,BGY,LCJ,2026-10-06,19:55,214.62,ok
2026-09-27,BGY,LCJ,2026-10-09,11:15,118.24,ok
2026-09-27,BGY,LCJ,2026-10-11,15:25,301.95,ok
2026-09-27,BGY,LCJ,2026-10-12,11:15,175.19,ok
2026-09-27,BGY,LCJ,2026-10-16,11:15,157.67,ok
2026-09-27,BGY,LCJ,2026-10-18,15:25,574.00,ok
2026-09-27,BGY,LCJ,2026-10-19,11:15,258.43,ok
2026-09-27,BGY,LCJ,2026-10-20,19:55,148.91,ok
2026-09-27,BGY,LCJ,2026-10-22,07:35,111.38,ok
2026-09-27,BGY,LCJ,2026-10-23,11:15,127.00,ok
2026-09-27,BGY,LCJ,2026-10-26,10:05,194.87,ok
2026-09-27,BGY,LCJ,2026-10-28,13:35,69.38,ok
2026-09-27,BGY,LCJ,2026-10-30,09:50,84.44,ok
2026-09-27,BGY,LCJ,2026-11-02,10:05,141.58,ok
2026-09-27,BGY,LCJ,2026-11-06,09:50,65.00,ok
2026-09-27,BGY,LCJ,2026-11-09,10:05,172.54,ok
2026-09-27,BGY,LCJ,2026-11-16,10:05,142.40,ok
2026-09-27,BGY,LCJ,2026-11-27,09:50,65.00,ok
2026-09-27,BGY,LCJ,2026-11-30,10:05,141.58,ok
2026-09-27,BGY,LCJ,2026-12-07,10:05,201.48,ok
2026-09-27,BGY,LCJ,2026-12-21,10:05,218.09,ok
2026-09-27,BGY,LCJ,2027-04-05,11:45,183.00,ok
2026-09-27,LCJ,BHX,2026-09-28,22:10,375.53,ok
2026-09-27,LCJ,BHX,2026-10-01,10:20,367.56,ok
2026-09-27,LCJ,BHX,2026-10-05,22:10,209.22,ok
2026-09-27,LCJ,BHX,2026-10-08,10:20,140.95,ok
2026-09-27,LCJ,BHX,2026-10-12,22:10,135.83,ok
2026-09-27,LCJ,BHX,2026-10-15,10:20,140.95,ok
2026-09-27,LCJ,BHX,2026-10-19,22:10,174.78,ok
2026-09-27,LCJ,BHX,2026-10-22,10:20,135.83,ok
2026-09-27,LCJ,BHX,2026-10-25,19:30,135.83,ok
2026-09-27,LCJ,BHX,2026-10-30,10:25,213.64,ok
2026-09-27,LCJ,BHX,2026-11-01,19:30,351.71,ok
2026-09-27,LCJ,BHX,2026-11-05,19:10,147.04,ok
2026-09-27,LCJ,BHX,2026-11-06,10:25,157.29,ok
2026-09-27,LCJ,BHX,2026-11-08,19:30,236.52,ok
2026-09-27,LCJ,BHX,2026-11-12,19:10,132.86,ok
2026-09-27,LCJ,BHX,2026-11-15,19:30,179.51,ok
2026-09-27,LCJ,BHX,2026-11-19,19:10,100.72,ok
2026-09-27,LCJ,BHX,2026-11-22,19:30,135.76,ok
2026-09-27,LCJ,BHX,2026-11-29,19:30,214.62,ok
2026-09-27,LCJ,BHX,2026-12-17,19:10,105.10,ok
2026-09-27,LCJ,BHX,2026-12-20,19:30,249.08,ok
2026-09-27,LCJ,BHX,2027-01-07,19:10,238.00,ok
2026-09-27,LCJ,BHX,2027-01-14,19:10,238.00,ok
2026-09-27,LCJ,BHX,2027-01-21,19:10,204.00,ok
2026-09-27,LCJ,BHX,2027-01-28,19:10,170.00,ok
2026-09-27,LCJ,BHX,2027-01-29,10:25,145.00,ok
2026-09-27,LCJ,BHX,2027-02-04,19:10,170.00,ok
2026-09-27,LCJ,BHX,2027-02-07,19:30,148.91,ok
2026-09-27,LCJ,BHX,2027-03-07,19:30,148.91,ok
2026-09-27,LCJ,BHX,2027-03-14,19:30,162.05,ok
2026-09-27,LCJ,BHX,2027-03-19,10:25,153.29,ok
2026-09-27,LCJ,BHX,2027-03-26,10:25,188.33,ok
2026-09-27,LCJ,BHX,2027-03-29,15:40,446.00,ok
2026-09-27,LCJ,BHX,2027-04-08,21:50,535.00,ok
2026-09-27,LCJ,BHX,2027-04-15,21:50,276.38,ok
2026-09-27,LCJ,BHX,2027-04-19,15:40,276.38,ok
2026-09-27,LCJ,BHX,2027-04-22,21:50,276.38,ok
2026-09-27,LCJ,BHX,2027-05-27,21:50,361.38,ok
2026-09-27,LCJ,BHX,2027-06-03,21:50,450.38,ok
2026-09-27,LCJ,BHX,2027-06-07,15:40,314.38,ok
2026-09-27,LCJ,BHX,2027-06-28,15:40,314.38,ok
2026-09-27,BHX,LCJ,2026-09-28,18:25,135.83,ok
2026-09-27,BHX,LCJ,2026-10-01,06:35,225.56,ok
2026-09-27,BHX,LCJ,2026-10-08,06:35,98.41,ok
2026-09-27,BHX,LCJ,2026-10-12,18:25,98.41,ok
2026-09-27,BHX,LCJ,2026-10-15,06:35,170.88,ok
2026-09-27,BHX,LCJ,2026-10-19,18:25,170.88,ok
2026-09-27,BHX,LCJ,2026-10-22,06:35,327.22,ok
2026-09-27,BHX,LCJ,2026-10-25,15:45,327.22,ok
2026-09-27,BHX,LCJ,2026-10-29,15:25,123.97,ok
2026-09-27,BHX,LCJ,2026-10-30,06:40,123.97,ok
2026-09-27,BHX,LCJ,2026-11-01,15:45,111.93,ok
2026-09-27,BHX,LCJ,2026-11-05,15:25,101.75,ok
2026-09-27,BHX,LCJ,2026-11-22,15:45,134.88,ok
2026-09-27,BHX,LCJ,2026-11-27,06:40,177.88,ok
2026-09-27,BHX,LCJ,2026-12-04,06:40,193.37,ok
2026-09-27,BHX,LCJ,2026-12-06,15:45,91.57,ok
2026-09-27,BHX,LCJ,2026-12-10,15:25,127.20,ok
2026-09-27,BHX,LCJ,2026-12-13,15:45,274.81,ok
2026-09-27,BHX,LCJ,2026-12-17,15:25,510.07,ok
2026-09-27,BHX,LCJ,2026-12-18,06:40,839.79,ok
2026-09-27,BHX,LCJ,2026-12-31,15:25,180.61,ok
2026-09-27,BHX,LCJ,2027-01-03,15:45,295.16,ok
2026-09-27,BHX,LCJ,2027-01-07,15:25,170.00,ok
2026-09-27,BHX,LCJ,2027-01-08,06:40,119.00,ok
2026-09-27,BHX,LCJ,2027-01-14,15:25,170.00,ok
2026-09-27,BHX,LCJ,2027-01-15,06:40,145.00,ok
2026-09-27,BHX,LCJ,2027-01-21,15:25,170.00,ok
2026-09-27,BHX,LCJ,2027-01-28,15:25,204.00,ok
2026-09-27,BHX,LCJ,2027-01-29,06:40,187.09,ok
2026-09-27,BHX,LCJ,2027-01-31,15:45,145.00,ok
2026-09-27,BHX,LCJ,2027-02-04,15:25,170.00,ok
2026-09-27,BHX,LCJ,2027-03-12,06:40,229.00,ok
2026-09-27,BHX,LCJ,2027-03-23,16:05,488.58,ok
2026-09-27,BHX,LCJ,2027-03-29,11:55,357.00,ok
2026-09-27,BHX,LCJ,2027-04-08,18:05,272.00,ok
2026-09-27,BHX,LCJ,2027-04-15,18:05,276.38,ok
2026-09-27,BHX,LCJ,2027-04-19,11:55,276.38,ok
2026-09-27,BHX,LCJ,2027-04-22,18:05,276.38,ok
2026-09-27,BHX,LCJ,2027-05-27,18:05,276.38,ok
2026-09-27,BHX,LCJ,2027-06-03,18:05,276.38,ok
2026-09-27,BHX,LCJ,2027-06-07,11:55,276.38,ok
2026-09-27,BHX,LCJ,2027-06-28,11:55,408.38,ok
2026-09-27,LCJ,CRL,2026-09-27,,,unavailable
2026-09-27,LCJ,CRL,2026-10-01,15:30,83.79,ok
2026-09-27,LCJ,CRL,2026-10-04,14:25,105.10,ok
2026-09-27,LCJ,CRL,2026-10-11,14:25,162.05,ok
2026-09-27,LCJ,CRL,2026-10-18,14:25,118.24,ok
2026-09-27,LCJ,CRL,2026-10-22,15:30,65.00,ok
2026-09-27,CRL,LCJ,2026-09-27,,,unavailable
2026-09-27,CRL,LCJ,2026-10-01,13:05,219.00,ok
2026-09-27,CRL,LCJ,2026-10-04,12:05,87.57,ok
2026-09-27,CRL,LCJ,2026-10-08,13:05,65.00,ok
2026-09-27,CRL,LCJ,2026-10-11,12:05,109.48,ok
2026-09-27,CRL,LCJ,2026-10-18,12:05,210.24,ok
2026-09-27,LCJ,DUB,2026-09-28,17:30,1023.84,ok
2026-09-27,LCJ,DUB,2026-10-01,22:45,337.29,ok
2026-09-27,LCJ,DUB,2026-10-05,17:30,271.57,ok
2026-09-27,LCJ,DUB,2026-10-08,22:45,210.24,ok
2026-09-27,LCJ,DUB,2026-10-12,17:30,271.57,ok
2026-09-27,LCJ,DUB,2026-10-15,22:45,131.38,ok
2026-09-27,LCJ,DUB,2026-10-19,17:30,196.00,ok
2026-09-27,LCJ,DUB,2026-10-26,13:05,235.22,ok
2026-09-27,LCJ,DUB,2026-10-30,20:25,464.31,ok
2026-09-27,LCJ,DUB,2026-11-02,13:05,470.47,ok
2026-09-27,LCJ,DUB,2026-11-06,20:25,227.76,ok
2026-09-27,LCJ,DUB,2026-11-09,13:05,134.38,ok
2026-09-27,LCJ,DUB,2026-11-13,20:25,135.76,ok
2026-09-27,LCJ,DUB,2026-11-16,13:05,136.57,ok
2026-09-27,LCJ,DUB,2026-11-20,20:25,157.67,ok
2026-09-27,LCJ,DUB,2026-12-04,20:25,118.24,ok
2026-09-27,LCJ,DUB,2026-12-07,13:05,157.59,ok
2026-09-27,LCJ,DUB,2026-12-11,20:25,130.00,ok
2026-09-27,LCJ,DUB,2026-12-14,13:05,186.06,ok
2026-09-27,LCJ,DUB,2026-12-18,20:25,222.06,ok
2026-09-27,LCJ,DUB,2026-12-21,13:05,295.57,ok
2026-09-27,LCJ,DUB,2026-12-28,13:05,414.68,ok
2026-09-27,LCJ,DUB,2026-12-30,11:20,455.57,ok
2026-09-27,LCJ,DUB,2027-01-08,20:25,328.52,ok
2026-09-27,LCJ,DUB,2027-01-25,13:05,446.00,ok
2026-09-27,LCJ,DUB,2027-01-29,20:25,157.67,ok
2026-09-27,LCJ,DUB,2027-03-30,16:50,663.38,ok
2026-09-27,LCJ,DUB,2027-04-10,22:15,786.38,ok
2026-09-27,LCJ,DUB,2027-05-29,22:15,391.00,ok
2026-09-27,LCJ,DUB,2027-06-01,16:50,607.38,ok
2026-09-27,LCJ,DUB,2027-06-08,16:50,552.38,ok
2026-09-27,LCJ,DUB,2027-06-12,22:15,446.00,ok
2026-09-27,LCJ,DUB,2027-06-19,22:15,450.38,ok
2026-09-27,LCJ,DUB,2027-06-26,22:15,506.38,ok
2026-09-27,LCJ,DUB,2027-06-29,16:50,502.00,ok
2026-09-27,DUB,LCJ,2026-09-28,13:20,797.28,ok
2026-09-27,DUB,LCJ,2026-10-01,18:35,464.31,ok
2026-09-27,DUB,LCJ,2026-10-05,13:20,197.10,ok
2026-09-27,DUB,LCJ,2026-10-08,18:35,258.43,ok
2026-09-27,DUB,LCJ,2026-10-15,18:35,332.90,ok
2026-09-27,DUB,LCJ,2026-10-19,13:20,226.00,ok
2026-09-27,DUB,LCJ,2026-10-26,09:00,315.22,ok
2026-09-27,DUB,LCJ,2026-10-30,16:20,258.25,ok
2026-09-27,DUB,LCJ,2026-11-02,09:00,161.54,ok
2026-09-27,DUB,LCJ,2026-11-06,16:20,157.67,ok
2026-09-27,DUB,LCJ,2026-11-09,09:00,130.00,ok
2026-09-27,DUB,LCJ,2026-11-16,09:00,130.00,ok
2026-09-27,DUB,LCJ,2026-11-20,16:20,130.00,ok
2026-09-27,DUB,LCJ,2026-11-23,09:00,151.76,ok
2026-09-27,DUB,LCJ,2026-11-30,09:00,133.29,ok
2026-09-27,DUB,LCJ,2026-12-04,16:20,144.81,ok
2026-09-27,DUB,LCJ,2026-12-11,16:20,166.43,ok
2026-09-27,DUB,LCJ,2026-12-14,09:00,208.26,ok
2026-09-27,DUB,LCJ,2026-12-18,16:20,750.64,ok
2026-09-27,DUB,LCJ,2026-12-21,09:00,593.27,ok
2026-09-27,DUB,LCJ,2026-12-23,07:15,924.33,ok
2026-09-27,DUB,LCJ,2026-12-28,09:00,432.07,ok
2026-09-27,DUB,LCJ,2026-12-30,07:15,343.13,ok
2026-09-27,DUB,LCJ,2027-01-01,16:20,306.62,ok
2026-09-27,DUB,LCJ,2027-01-15,16:20,205.86,ok
2026-09-27,DUB,LCJ,2027-01-25,09:00,166.00,ok
2026-09-27,DUB,LCJ,2027-03-26,16:20,556.33,ok
2026-09-27,DUB,LCJ,2027-03-30,12:45,552.38,ok
2026-09-27,DUB,LCJ,2027-04-10,18:10,353.38,ok
2026-09-27,DUB,LCJ,2027-05-29,18:10,548.00,ok
2026-09-27,DUB,LCJ,2027-06-01,12:45,506.38,ok
2026-09-27,DUB,LCJ,2027-06-08,12:45,552.38,ok
2026-09-27,DUB,LCJ,2027-06-12,18:10,548.00,ok
2026-09-27,DUB,LCJ,2027-06-19,18:10,663.38,ok
2026-09-27,DUB,LCJ,2027-06-26,18:10,786.38,ok
2026-09-27,DUB,LCJ,2027-06-29,12:45,782.00,ok
2026-09-27,LCJ,STN,2026-09-28,16:45,799.95,ok
2026-09-27,LCJ,STN,2026-09-29,20:45,429.92,ok
2026-09-27,LCJ,STN,2026-10-01,16:15,508.47,ok
2026-09-27,LCJ,STN,2026-10-03,11:35,765.38,ok
2026-09-27,LCJ,STN,2026-10-04,15:45,791.36,ok
2026-09-27,LCJ,STN,2026-10-05,16:45,440.14,ok
2026-09-27,LCJ,STN,2026-10-06,20:45,289.00,ok
2026-09-27,LCJ,STN,2026-10-07,11:50,260.94,ok
2026-09-27,LCJ,STN,2026-10-08,16:15,289.00,ok
2026-09-27,LCJ,STN,2026-10-10,11:35,270.23,ok
2026-09-27,LCJ,STN,2026-10-11,15:45,412.76,ok
2026-09-27,LCJ,STN,2026-10-12,16:45,300.26,ok
2026-09-27,LCJ,STN,2026-10-14,11:50,187.00,ok
2026-09-27,LCJ,STN,2026-10-15,16:15,158.00,ok
2026-09-27,LCJ,STN,2026-10-17,11:35,237.30,ok
2026-09-27,LCJ,STN,2026-10-18,15:45,271.54,ok
2026-09-27,LCJ,STN,2026-10-19,16:45,136.40,ok
2026-09-27,LCJ,STN,2026-10-20,20:45,74.00,ok
2026-09-27,LCJ,STN,2026-10-21,11:50,74.00,ok
2026-09-27,LCJ,STN,2026-10-24,11:35,133.07,ok
2026-09-27,LCJ,STN,2026-10-25,17:30,111.15,ok
2026-09-27,LCJ,STN,2026-10-26,10:55,120.48,ok
2026-09-27,LCJ,STN,2026-10-27,20:30,117.35,ok
2026-09-27,LCJ,STN,2026-10-29,17:45,230.01,ok
2026-09-27,LCJ,STN,2026-10-30,10:10,202.81,ok
2026-09-27,LCJ,STN,2026-10-31,12:25,395.39,ok
2026-09-27,LCJ,STN,2026-11-01,13:40,389.86,ok
2026-09-27,LCJ,STN,2026-11-02,10:55,573.85,ok
2026-09-27,LCJ,STN,2026-11-05,17:45,267.19,ok
2026-09-27,LCJ,STN,2026-11-09,10:55,254.05,ok
2026-09-27,LCJ,STN,2026-11-12,17:45,287.58,ok
2026-09-27,LCJ,STN,2026-11-14,12:25,157.67,ok
2026-09-27,LCJ,STN,2026-11-15,17:30,157.67,ok
2026-09-27,LCJ,STN,2026-11-16,10:55,140.14,ok
2026-09-27,LCJ,STN,2026-11-19,17:45,135.68,ok
2026-09-27,LCJ,STN,2026-11-23,10:55,118.24,ok
2026-09-27,LCJ,STN,2026-11-26,17:45,140.06,ok
2026-09-27,LCJ,STN,2026-11-27,10:10,140.14,ok
2026-09-27,LCJ,STN,2026-11-29,13:40,87.00,ok
2026-09-27,LCJ,STN,2026-11-30,10:55,223.38,ok
2026-09-27,LCJ,STN,2026-12-04,14:20,105.22,ok
2026-09-27,LCJ,STN,2026-12-05,12:25,99.57,ok
2026-09-27,LCJ,STN,2026-12-06,13:40,91.96,ok
2026-09-27,LCJ,STN,2026-12-07,10:55,107.50,ok
2026-09-27,LCJ,STN,2026-12-10,17:45,105.10,ok
2026-09-27,LCJ,STN,2026-12-14,10:55,91.96,ok
2026-09-27,LCJ,STN,2026-12-21,10:55,179.57,ok
2026-09-27,LCJ,STN,2026-12-23,09:35,368.27,ok
2026-09-27,LCJ,STN,2026-12-27,17:30,325.95,ok
2026-09-27,LCJ,STN,2026-12-30,09:35,459.95,ok
2026-09-27,LCJ,STN,2026-12-31,17:45,465.16,ok
2026-09-27,LCJ,STN,2027-01-04,10:55,561.97,ok
2026-09-27,LCJ,STN,2027-01-08,14:20,188.33,ok
2026-09-27,LCJ,STN,2027-01-18,10:55,223.38,ok
2026-09-27,LCJ,STN,2027-01-23,12:25,132.00,ok
2026-09-27,LCJ,STN,2027-01-29,14:20,132.00,ok
2026-09-27,LCJ,STN,2027-01-30,12:25,162.05,ok
2026-09-27,LCJ,STN,2027-02-04,17:45,118.24,ok
2026-09-27,LCJ,STN,2027-02-18,17:45,232.14,ok
2026-09-27,LCJ,STN,2027-02-25,17:45,144.53,ok
2026-09-27,LCJ,STN,2027-03-11,17:45,148.91,ok
2026-09-27,LCJ,STN,2027-03-14,17:30,267.19,ok
2026-09-27,LCJ,STN,2027-03-18,17:45,157.67,ok
2026-09-27,LCJ,STN,2027-03-25,17:45,468.71,ok
2026-09-27,LCJ,STN,2027-03-29,15:25,514.00,ok
2026-09-27,LCJ,STN,2027-03-30,20:30,472.38,ok
2026-09-27,LCJ,STN,2027-03-31,12:20,514.00,ok
2026-09-27,LCJ,STN,2027-04-04,15:45,514.00,ok
2026-09-27,LCJ,STN,2027-04-07,12:20,206.06,ok
2026-09-27,LCJ,STN,2027-04-08,16:00,187.00,ok
2026-09-27,LCJ,STN,2027-04-10,12:05,255.38,ok
2026-09-27,LCJ,STN,2027-04-11,15:45,289.00,ok
2026-09-27,LCJ,STN,2027-04-15,16:00,472.38,ok
2026-09-27,LCJ,STN,2027-04-16,16:20,425.38,ok
2026-09-27,LCJ,STN,2027-04-19,15:25,518.38,ok
2026-09-27,LCJ,STN,2027-04-22,16:00,425.38,ok
2026-09-27,LCJ,STN,2027-05-26,12:20,255.38,ok
2026-09-27,LCJ,STN,2027-05-27,16:00,336.38,ok
2026-09-27,LCJ,STN,2027-05-28,16:20,378.00,ok
2026-09-27,LCJ,STN,2027-05-29,12:05,468.00,ok
2026-09-27,LCJ,STN,2027-06-01,20:30,293.38,ok
2026-09-27,LCJ,STN,2027-06-02,12:20,217.00,ok
2026-09-27,LCJ,STN,2027-06-03,16:00,221.38,ok
2026-09-27,LCJ,STN,2027-06-07,15:25,255.38,ok
2026-09-27,LCJ,STN,2027-06-08,20:30,255.38,ok
2026-09-27,LCJ,STN,2027-06-11,16:20,191.38,ok
2026-09-27,LCJ,STN,2027-06-12,12:05,289.00,ok
2026-09-27,LCJ,STN,2027-06-19,12:05,255.38,ok
2026-09-27,LCJ,STN,2027-06-20,15:45,251.00,ok
2026-09-27,LCJ,STN,2027-06-25,16:20,293.38,ok
2026-09-27,LCJ,STN,2027-06-26,12:05,336.38,ok
2026-09-27,LCJ,STN,2027-06-28,15:25,336.38,ok
2026-09-27,LCJ,STN,2027-06-29,20:30,332.00,ok
2026-09-27,STN,LCJ,2026-09-27,,,unavailable
2026-09-27,STN,LCJ,2026-09-28,13:10,557.20,ok
2026-09-27,STN,LCJ,2026-09-29,17:10,389.48,ok
2026-09-27,STN,LCJ,2026-09-30,08:15,248.98,ok
2026-09-27,STN,LCJ,2026-10-01,12:40,425.38,ok
2026-09-27,STN,LCJ,2026-10-03,08:00,284.99,ok
2026-09-27,STN,LCJ,2026-10-04,12:10,342.43,ok
2026-09-27,STN,LCJ,2026-10-06,17:10,94.62,ok
2026-09-27,STN,LCJ,2026-10-07,08:15,75.23,ok
2026-09-27,STN,LCJ,2026-10-08,12:40,218.84,ok
2026-09-27,STN,LCJ,2026-10-10,08:00,291.04,ok
2026-09-27,STN,LCJ,2026-10-11,12:10,162.25,ok
2026-09-27,STN,LCJ,2026-10-12,13:10,96.54,ok
2026-09-27,STN,LCJ,2026-10-13,17:10,221.34,ok
2026-09-27,STN,LCJ,2026-10-14,08:15,91.72,ok
2026-09-27,STN,LCJ,2026-10-15,12:40,252.55,ok
2026-09-27,STN,LCJ,2026-10-17,08:00,408.36,ok
2026-09-27,STN,LCJ,2026-10-19,13:10,260.94,ok
2026-09-27,STN,LCJ,2026-10-20,17:10,198.43,ok
2026-09-27,STN,LCJ,2026-10-21,08:15,265.85,ok
2026-09-27,STN,LCJ,2026-10-22,12:40,403.98,ok
2026-09-27,STN,LCJ,2026-10-24,08:00,322.89,ok
2026-09-27,STN,LCJ,2026-10-25,13:55,252.55,ok
2026-09-27,STN,LCJ,2026-10-26,07:20,175.70,ok
2026-09-27,STN,LCJ,2026-10-27,16:55,218.27,ok
2026-09-27,STN,LCJ,2026-10-29,14:10,205.88,ok
2026-09-27,STN,LCJ,2026-11-05,14:10,91.57,ok
2026-09-27,STN,LCJ,2026-11-06,06:35,92.83,ok
2026-09-27,STN,LCJ,2026-11-07,08:50,117.02,ok
2026-09-27,STN,LCJ,2026-11-12,14:10,197.12,ok
2026-09-27,STN,LCJ,2026-11-13,06:35,87.00,ok
2026-09-27,STN,LCJ,2026-11-14,08:50,96.02,ok
2026-09-27,STN,LCJ,2026-11-16,07:20,183.19,ok
2026-09-27,STN,LCJ,2026-11-19,14:10,167.92,ok
2026-09-27,STN,LCJ,2026-11-21,08:50,127.20,ok
2026-09-27,STN,LCJ,2026-11-23,07:20,105.22,ok
2026-09-27,STN,LCJ,2026-11-27,06:35,213.73,ok
2026-09-27,STN,LCJ,2026-11-30,07:20,137.38,ok
2026-09-27,STN,LCJ,2026-12-03,14:10,167.92,ok
2026-09-27,STN,LCJ,2026-12-04,06:35,87.00,ok
2026-09-27,STN,LCJ,2026-12-05,08:50,105.22,ok
2026-09-27,STN,LCJ,2026-12-07,07:20,217.09,ok
2026-09-27,STN,LCJ,2026-12-10,14:10,249.36,ok
2026-09-27,STN,LCJ,2026-12-13,10:05,183.19,ok
2026-09-27,STN,LCJ,2026-12-14,07:20,213.73,ok
2026-09-27,STN,LCJ,2026-12-17,14:10,814.34,ok
2026-09-27,STN,LCJ,2026-12-18,06:35,661.64,ok
2026-09-27,STN,LCJ,2026-12-19,08:50,1280.42,ok
2026-09-27,STN,LCJ,2026-12-22,17:50,702.65,ok
2026-09-27,STN,LCJ,2026-12-23,05:55,966.80,ok
2026-09-27,STN,LCJ,2026-12-26,08:50,356.24,ok
2026-09-27,STN,LCJ,2026-12-27,10:05,264.63,ok
2026-09-27,STN,LCJ,2026-12-29,17:50,212.79,ok
2026-09-27,STN,LCJ,2027-01-14,14:10,111.00,ok
2026-09-27,STN,LCJ,2027-01-15,10:45,111.00,ok
2026-09-27,STN,LCJ,2027-01-18,07:20,111.00,ok
2026-09-27,STN,LCJ,2027-01-30,08:50,158.00,ok
2026-09-27,STN,LCJ,2027-02-04,14:10,132.00,ok
2026-09-27,STN,LCJ,2027-02-05,06:35,193.37,ok
2026-09-27,STN,LCJ,2027-02-07,10:05,158.00,ok
2026-09-27,STN,LCJ,2027-02-11,14:10,402.05,ok
2026-09-27,STN,LCJ,2027-02-14,10:05,371.51,ok
2026-09-27,STN,LCJ,2027-02-18,14:10,427.50,ok
2026-09-27,STN,LCJ,2027-03-01,07:20,152.65,ok
2026-09-27,STN,LCJ,2027-03-11,14:10,173.01,ok
2026-09-27,STN,LCJ,2027-03-13,08:50,178.10,ok
2026-09-27,STN,LCJ,2027-03-20,08:50,610.74,ok
2026-09-27,STN,LCJ,2027-03-29,11:50,217.00,ok
2026-09-27,STN,LCJ,2027-03-30,16:55,221.38,ok
2026-09-27,STN,LCJ,2027-03-31,08:45,187.00,ok
2026-09-27,STN,LCJ,2027-04-04,12:10,187.00,ok
2026-09-27,STN,LCJ,2027-04-06,16:55,191.38,ok
2026-09-27,STN,LCJ,2027-04-07,08:45,332.00,ok
2026-09-27,STN,LCJ,2027-04-08,12:25,332.00,ok
2026-09-27,STN,LCJ,2027-04-10,08:30,382.38,ok
2026-09-27,STN,LCJ,2027-04-11,12:10,378.00,ok
2026-09-27,STN,LCJ,2027-04-15,12:25,425.38,ok
2026-09-27,STN,LCJ,2027-04-16,12:45,472.38,ok
2026-09-27,STN,LCJ,2027-04-19,11:50,191.38,ok
2026-09-27,STN,LCJ,2027-04-22,12:25,191.38,ok
2026-09-27,STN,LCJ,2027-05-26,08:45,255.38,ok
2026-09-27,STN,LCJ,2027-05-27,12:25,255.38,ok
2026-09-27,STN,LCJ,2027-05-28,12:45,251.00,ok
2026-09-27,STN,LCJ,2027-05-29,08:30,289.00,ok
2026-09-27,STN,LCJ,2027-06-01,16:55,221.38,ok
2026-09-27,STN,LCJ,2027-06-02,08:45,187.00,ok
2026-09-27,STN,LCJ,2027-06-03,12:25,191.38,ok
2026-09-27,STN,LCJ,2027-06-07,11:50,221.38,ok
2026-09-27,STN,LCJ,2027-06-08,16:55,221.38,ok
2026-09-27,STN,LCJ,2027-06-11,12:45,255.38,ok
2026-09-27,STN,LCJ,2027-06-12,08:30,332.00,ok
2026-09-27,STN,LCJ,2027-06-19,08:30,382.38,ok
2026-09-27,STN,LCJ,2027-06-20,12:10,378.00,ok
2026-09-27,STN,LCJ,2027-06-25,12:45,321.42,ok
2026-09-27,STN,LCJ,2027-06-26,08:30,336.38,ok
2026-09-27,STN,LCJ,2027-06-28,11:50,293.38,ok
2026-09-27,STN,LCJ,2027-06-29,16:55,289.00,ok
2026-09-28,LCJ,AGP,2026-09-30,19:25,155.17,ok
2026-09-28,LCJ,AGP,2026-10-03,20:10,215.15,ok
2026-09-28,LCJ,AGP,2026-10-07,19:25,126.67,ok
2026-09-28,LCJ,AGP,2026-10-10,20:10,161.63,ok
2026-09-28,LCJ,AGP,2026-10-14,19:25,209.69,ok
2026-09-28,LCJ,AGP,2026-10-21,19:25,235.91,ok
2026-09-28,LCJ,AGP,2026-10-24,20:10,144.15,ok
2026-09-28,LCJ,AGP,2026-10-30,20:40,156.70,ok
2026-09-28,LCJ,AGP,2026-11-01,20:20,205.32,ok
2026-09-28,LCJ,AGP,2026-11-05,12:50,279.60,ok
2026-09-28,LCJ,AGP,2026-11-12,12:50,297.08,ok
2026-09-28,LCJ,AGP,2026-11-15,20:20,113.56,ok
2026-09-28,LCJ,AGP,2026-11-19,12:50,122.30,ok
2026-09-28,LCJ,AGP,2026-11-20,20:40,126.67,ok
2026-09-28,LCJ,AGP,2026-11-26,12:50,170.06,ok
2026-09-28,LCJ,AGP,2026-12-04,20:40,147.83,ok
2026-09-28,LCJ,AGP,2026-12-11,20:40,205.32,ok
2026-09-28,LCJ,AGP,2026-12-18,20:40,227.17,ok
2026-09-28,LCJ,AGP,2027-01-03,20:20,292.71,ok
2026-09-28,LCJ,AGP,2027-01-10,20:20,96.09,ok
2026-09-28,LCJ,AGP,2027-01-15,20:40,388.84,ok
2026-09-28,LCJ,AGP,2027-01-24,20:20,218.43,ok
2026-09-28,LCJ,AGP,2027-01-29,20:40,297.08,ok
2026-09-28,LCJ,AGP,2027-02-05,20:40,235.91,ok
2026-09-28,LCJ,AGP,2027-02-07,20:20,340.78,ok
2026-09-28,LCJ,AGP,2027-02-12,20:40,410.69,ok
2026-09-28,LCJ,AGP,2027-02-21,20:20,436.91,ok
2026-09-28,LCJ,AGP,2027-02-26,20:40,231.54,ok
2026-09-28,LCJ,AGP,2027-03-26,20:40,366.99,ok
2026-09-28,AGP,LCJ,2026-09-30,15:20,1188.46,ok
2026-09-28,AGP,LCJ,2026-10-03,15:40,1101.07,ok
2026-09-28,AGP,LCJ,2026-10-07,15:20,589.84,ok
2026-09-28,AGP,LCJ,2026-10-10,15:40,373.45,ok
2026-09-28,AGP,LCJ,2026-10-14,15:20,336.41,ok
2026-09-28,AGP,LCJ,2026-10-17,15:40,476.23,ok
2026-09-28,AGP,LCJ,2026-10-21,15:20,393.21,ok
2026-09-28,AGP,LCJ,2026-10-24,15:40,283.97,ok
2026-09-28,AGP,LCJ,2026-10-25,16:10,518.00,ok
2026-09-28,AGP,LCJ,2026-10-30,16:30,382.57,ok
2026-09-28,AGP,LCJ,2026-11-01,16:10,274.53,ok
2026-09-28,AGP,LCJ,2026-11-05,08:40,65.50,ok
2026-09-28,AGP,LCJ,2026-11-06,16:30,188.51,ok
2026-09-28,AGP,LCJ,2026-11-08,16:10,269.58,ok
2026-09-28,AGP,LCJ,2026-11-12,08:40,292.71,ok
2026-09-28,AGP,LCJ,2026-11-13,16:30,297.08,ok
2026-09-28,AGP,LCJ,2026-11-15,16:10,597.13,ok
2026-09-28,AGP,LCJ,2026-11-19,08:40,170.06,ok
2026-09-28,AGP,LCJ,2026-11-20,16:30,160.75,ok
2026-09-28,AGP,LCJ,2026-11-22,16:10,301.45,ok
2026-09-28,AGP,LCJ,2026-11-27,16:30,131.04,ok
2026-09-28,AGP,LCJ,2026-11-29,16:10,348.28,ok
2026-09-28,AGP,LCJ,2026-12-04,16:30,266.50,ok
2026-09-28,AGP,LCJ,2026-12-06,16:10,201.34,ok
2026-09-28,AGP,LCJ,2026-12-13,16:10,179.11,ok
2026-09-28,AGP,LCJ,2026-12-18,16:30,148.52,ok
2026-09-28,AGP,LCJ,2026-12-27,16:10,141.39,ok
2026-09-28,AGP,LCJ,2027-01-01,16:30,183.48,ok
2026-09-28,AGP,LCJ,2027-01-03,16:10,358.26,ok
2026-09-28,AGP,LCJ,2027-01-08,16:30,432.54,ok
2026-09-28,AGP,LCJ,2027-02-05,16:30,161.63,ok
2026-09-28,AGP,LCJ,2027-02-07,16:10,222.80,ok
2026-09-28,AGP,LCJ,2027-02-19,16:30,323.30,ok
2026-09-28,AGP,LCJ,2027-02-26,16:30,471.86,ok
2026-09-28,AGP,LCJ,2027-03-07,16:10,193.90,ok
2026-09-28,AGP,LCJ,2027-03-12,16:30,253.39,ok
2026-09-28,AGP,LCJ,2027-03-14,16:10,318.93,ok
2026-09-28,AGP,LCJ,2027-03-19,16:30,288.34,ok
2026-09-28,LCJ,ALC,2026-09-30,09:40,170.41,ok
2026-09-28,LCJ,ALC,2026-10-02,09:45,442.00,ok
2026-09-28,LCJ,ALC,2026-10-05,21:30,116.85,ok
2026-09-28,LCJ,ALC,2026-10-07,09:40,257.76,ok
2026-09-28,LCJ,ALC,2026-10-09,09:45,384.47,ok
2026-09-28,LCJ,ALC,2026-10-12,21:30,215.81,ok
2026-09-28,LCJ,ALC,2026-10-14,09:40,391.00,ok
2026-09-28,LCJ,ALC,2026-10-16,09:45,458.75,ok
2026-09-28,LCJ,ALC,2026-10-19,21:30,135.41,ok
2026-09-28,LCJ,ALC,2026-10-21,09:40,731.29,ok
2026-09-28,LCJ,ALC,2026-10-23,09:45,345.15,ok
2026-09-28,LCJ,ALC,2026-10-29,11:55,227.86,ok
2026-09-28,LCJ,ALC,2026-11-02,19:20,170.37,ok
2026-09-28,LCJ,ALC,2026-11-05,11:55,540.64,ok
2026-09-28,LCJ,ALC,2026-11-09,19:20,200.95,ok
2026-09-28,LCJ,ALC,2026-11-12,11:55,209.69,ok
2026-09-28,LCJ,ALC,2026-11-16,19:20,104.82,ok
2026-09-28,LCJ,ALC,2026-11-19,11:55,200.95,ok
2026-09-28,LCJ,ALC,2026-11-26,11:55,184.96,ok
2026-09-28,LCJ,ALC,2026-12-03,11:55,205.32,ok
2026-09-28,LCJ,ALC,2026-12-07,19:20,117.93,ok
2026-09-28,LCJ,ALC,2026-12-14,19:20,109.19,ok
2026-09-28,LCJ,ALC,2026-12-21,19:20,227.17,ok
2026-09-28,LCJ,ALC,2026-12-24,11:55,384.47,ok
2026-09-28,LCJ,ALC,2026-12-28,19:20,498.95,ok
2026-09-28,LCJ,ALC,2026-12-31,11:55,790.84,ok
2026-09-28,LCJ,ALC,2027-01-21,11:55,292.71,ok
2026-09-28,LCJ,ALC,2027-01-25,19:20,174.74,ok
2026-09-28,LCJ,ALC,2027-02-04,11:55,205.32,ok
2026-09-28,LCJ,ALC,2027-02-08,19:20,166.00,ok
2026-09-28,LCJ,ALC,2027-02-11,11:55,157.26,ok
2026-09-28,LCJ,ALC,2027-02-15,19:20,301.45,ok
2026-09-28,LCJ,ALC,2027-02-22,19:20,179.11,ok
2026-09-28,LCJ,ALC,2027-02-25,11:55,240.28,ok
2026-09-28,LCJ,ALC,2027-03-04,11:55,275.23,ok
2026-09-28,LCJ,ALC,2027-03-08,19:20,214.06,ok
2026-09-28,LCJ,ALC,2027-03-11,11:55,214.06,ok
2026-09-28,LCJ,ALC,2027-03-22,19:20,305.82,ok
2026-09-28,LCJ,ALC,2027-03-25,11:55,388.84,ok
2026-09-28,LCJ,ALC,2027-04-02,17:10,642.00,ok
2026-09-28,LCJ,ALC,2027-07-30,17:10,442.00,ok
2026-09-28,LCJ,ALC,2027-08-06,17:10,535.00,ok
2026-09-28,ALC,LCJ,2026-09-28,17:50,1297.69,ok
2026-09-28,ALC,LCJ,2026-09-30,05:50,362.40,ok
2026-09-28,ALC,LCJ,2026-10-02,06:00,362.62,ok
2026-09-28,ALC,LCJ,2026-10-05,17:50,965.62,ok
2026-09-28,ALC,LCJ,2026-10-07,05:50,410.69,ok
2026-09-28,ALC,LCJ,2026-10-09,06:00,436.91,ok
2026-09-28,ALC,LCJ,2026-10-12,17:50,700.90,ok
2026-09-28,ALC,LCJ,2026-10-14,05:50,467.49,ok
2026-09-28,ALC,LCJ,2026-10-16,06:00,253.39,ok
2026-09-28,ALC,LCJ,2026-10-19,17:50,567.99,ok
2026-09-28,ALC,LCJ,2026-10-21,05:50,232.68,ok
2026-09-28,ALC,LCJ,2026-10-23,06:00,257.76,ok
2026-09-28,ALC,LCJ,2026-10-26,15:40,762.88,ok
2026-09-28,ALC,LCJ,2026-10-29,08:15,362.40,ok
2026-09-28,ALC,LCJ,2026-10-31,06:30,410.71,ok
2026-09-28,ALC,LCJ,2026-11-02,15:40,415.09,ok
2026-09-28,ALC,LCJ,2026-11-05,08:15,266.50,ok
2026-09-28,ALC,LCJ,2026-11-09,15:40,380.10,ok
2026-09-28,ALC,LCJ,2026-11-16,15:40,541.77,ok
2026-09-28,ALC,LCJ,2026-11-19,08:15,177.46,ok
2026-09-28,ALC,LCJ,2026-11-23,15:40,249.54,ok
2026-09-28,ALC,LCJ,2026-11-26,08:15,96.09,ok
2026-09-28,ALC,LCJ,2026-11-30,15:40,253.39,ok
2026-09-28,ALC,LCJ,2026-12-03,08:15,196.58,ok
2026-09-28,ALC,LCJ,2026-12-07,15:40,192.21,ok
2026-09-28,ALC,LCJ,2026-12-10,08:15,96.09,ok
2026-09-28,ALC,LCJ,2026-12-14,15:40,187.84,ok
2026-09-28,ALC,LCJ,2026-12-21,15:40,179.11,ok
2026-09-28,ALC,LCJ,2026-12-24,08:15,104.82,ok
2026-09-28,ALC,LCJ,2026-12-28,15:40,258.74,ok
2026-09-28,ALC,LCJ,2026-12-31,08:15,157.26,ok
2026-09-28,ALC,LCJ,2027-01-04,15:40,458.75,ok
2026-09-28,ALC,LCJ,2027-01-11,15:40,384.47,ok
2026-09-28,ALC,LCJ,2027-01-14,08:15,192.21,ok
2026-09-28,ALC,LCJ,2027-01-18,15:40,192.21,ok
2026-09-28,ALC,LCJ,2027-01-21,08:15,139.78,ok
2026-09-28,ALC,LCJ,2027-01-25,15:40,283.97,ok
2026-09-28,ALC,LCJ,2027-02-11,08:15,380.10,ok
2026-09-28,ALC,LCJ,2027-02-15,15:40,323.30,ok
2026-09-28,ALC,LCJ,2027-02-22,15:40,214.40,ok
2026-09-28,ALC,LCJ,2027-03-01,15:40,388.84,ok
2026-09-28,ALC,LCJ,2027-03-08,15:40,214.40,ok
2026-09-28,ALC,LCJ,2027-03-15,15:40,214.06,ok
2026-09-28,ALC,LCJ,2027-03-25,08:15,340.78,ok
2026-09-28,ALC,LCJ,2027-04-02,13:30,391.00,ok
2026-09-28,ALC,LCJ,2027-07-30,13:30,642.00,ok
2026-09-28,ALC,LCJ,2027-08-06,13:30,642.00,ok
2026-09-28,LCJ,BGY,2026-09-28,,,unavailable
2026-09-28,LCJ,BGY,2026-09-29,22:10,101.71,ok
2026-09-28,LCJ,BGY,2026-09-30,08:25,99.33,ok
2026-09-28,LCJ,BGY,2026-10-01,09:50,196.58,ok
2026-09-28,LCJ,BGY,2026-10-02,13:30,528.67,ok
2026-09-28,LCJ,BGY,2026-10-04,18:05,74.35,ok
2026-09-28,LCJ,BGY,2026-10-05,13:30,122.30,ok
2026-09-28,LCJ,BGY,2026-10-06,22:10,65.50,ok
2026-09-28,LCJ,BGY,2026-10-07,12:45,82.98,ok
2026-09-28,LCJ,BGY,2026-10-08,09:50,170.37,ok
2026-09-28,LCJ,BGY,2026-10-09,13:30,227.17,ok
2026-09-28,LCJ,BGY,2026-10-11,18:05,117.51,ok
2026-09-28,LCJ,BGY,2026-10-12,13:30,65.00,ok
2026-09-28,LCJ,BGY,2026-10-13,22:10,66.22,ok
2026-09-28,LCJ,BGY,2026-10-14,12:45,65.50,ok
2026-09-28,LCJ,BGY,2026-10-15,09:50,200.95,ok
2026-09-28,LCJ,BGY,2026-10-16,13:30,170.37,ok
2026-09-28,LCJ,BGY,2026-10-18,18:05,84.44,ok
2026-09-28,LCJ,BGY,2026-10-19,13:30,87.35,ok
2026-09-28,LCJ,BGY,2026-10-20,22:10,65.50,ok
2026-09-28,LCJ,BGY,2026-10-21,08:35,65.00,ok
2026-09-28,LCJ,BGY,2026-10-22,09:50,67.18,ok
2026-09-28,LCJ,BGY,2026-10-23,13:30,121.89,ok
2026-09-28,LCJ,BGY,2026-10-26,12:25,72.87,ok
2026-09-28,LCJ,BGY,2026-11-02,12:25,69.87,ok
2026-09-28,LCJ,BGY,2026-11-06,12:10,242.48,ok
2026-09-28,LCJ,BGY,2026-11-20,12:10,163.65,ok
2026-09-28,LCJ,BGY,2026-11-23,12:25,65.50,ok
2026-09-28,LCJ,BGY,2026-11-27,12:10,126.67,ok
2026-09-28,LCJ,BGY,2026-11-30,12:25,65.50,ok
2026-09-28,LCJ,BGY,2026-12-04,12:10,204.95,ok
2026-09-28,LCJ,BGY,2026-12-07,12:25,65.50,ok
2026-09-28,LCJ,BGY,2026-12-11,12:10,196.58,ok
2026-09-28,LCJ,BGY,2026-12-14,12:25,91.72,ok
2026-09-28,LCJ,BGY,2026-12-18,12:10,88.47,ok
2026-09-28,LCJ,BGY,2026-12-21,12:25,83.12,ok
2026-09-28,LCJ,BGY,2026-12-28,12:25,293.92,ok
2026-09-28,LCJ,BGY,2026-12-30,19:25,336.41,ok
2026-09-28,LCJ,BGY,2027-01-01,12:10,153.00,ok
2026-09-28,LCJ,BGY,2027-02-05,12:10,152.89,ok
2026-09-28,LCJ,BGY,2027-02-08,12:25,122.30,ok
2026-09-28,LCJ,BGY,2027-02-19,12:10,131.04,ok
2026-09-28,LCJ,BGY,2027-02-22,12:25,109.19,ok
2026-09-28,LCJ,BGY,2027-03-01,12:25,122.30,ok
2026-09-28,LCJ,BGY,2027-03-05,12:10,100.45,ok
2026-09-28,LCJ,BGY,2027-03-08,12:25,122.30,ok
2026-09-28,LCJ,BGY,2027-03-12,12:10,152.89,ok
2026-09-28,LCJ,BGY,2027-03-15,12:25,340.78,ok
2026-09-28,LCJ,BGY,2027-03-26,12:10,240.28,ok
2026-09-28,BGY,LCJ,2026-09-28,,,unavailable
2026-09-28,BGY,LCJ,2026-09-29,19:55,589.84,ok
2026-09-28,BGY,LCJ,2026-09-30,06:10,157.26,ok
2026-09-28,BGY,LCJ,2026-10-01,07:35,69.87,ok
2026-09-28,BGY,LCJ,2026-10-02,11:15,174.74,ok
2026-09-28,BGY,LCJ,2026-10-04,15:25,412.00,ok
2026-09-28,BGY,LCJ,2026-10-05,11:15,301.45,ok
2026-09-28,BGY,LCJ,2026-10-06,19:55,235.91,ok
2026-09-28,BGY,LCJ,2026-10-07,10:30,67.23,ok
2026-09-28,BGY,LCJ,2026-10-08,07:35,65.50,ok
2026-09-28,BGY,LCJ,2026-10-09,11:15,152.89,ok
2026-09-28,BGY,LCJ,2026-10-11,15:25,307.61,ok
2026-09-28,BGY,LCJ,2026-10-12,11:15,148.52,ok
2026-09-28,BGY,LCJ,2026-10-13,19:55,65.50,ok
2026-09-28,BGY,LCJ,2026-10-15,07:35,74.24,ok
2026-09-28,BGY,LCJ,2026-10-16,11:15,183.48,ok
2026-09-28,BGY,LCJ,2026-10-18,15:25,578.38,ok
2026-09-28,BGY,LCJ,2026-10-19,11:15,288.34,ok
2026-09-28,BGY,LCJ,2026-10-20,19:55,166.00,ok
2026-09-28,BGY,LCJ,2026-10-21,06:20,69.87,ok
2026-09-28,BGY,LCJ,2026-10-22,07:35,113.57,ok
2026-09-28,BGY,LCJ,2026-10-23,11:15,157.26,ok
2026-09-28,BGY,LCJ,2026-10-26,10:05,199.25,ok
2026-09-28,BGY,LCJ,2026-10-28,13:35,71.03,ok
2026-09-28,BGY,LCJ,2026-10-30,09:50,97.45,ok
2026-09-28,BGY,LCJ,2026-11-09,10:05,168.99,ok
2026-09-28,BGY,LCJ,2026-11-16,10:05,194.70,ok
2026-09-28,BGY,LCJ,2026-11-23,10:05,137.20,ok
2026-09-28,BGY,LCJ,2026-12-04,09:50,91.72,ok
2026-09-28,BGY,LCJ,2026-12-07,10:05,196.58,ok
2026-09-28,BGY,LCJ,2026-12-11,09:50,65.50,ok
2026-09-28,BGY,LCJ,2026-12-14,10:05,96.92,ok
2026-09-28,BGY,LCJ,2026-12-18,09:50,117.93,ok
2026-09-28,BGY,LCJ,2026-12-23,17:05,187.84,ok
2026-09-28,BGY,LCJ,2026-12-28,10:05,116.86,ok
2026-09-28,BGY,LCJ,2027-02-01,10:05,122.30,ok
2026-09-28,BGY,LCJ,2027-02-08,10:05,152.89,ok
2026-09-28,BGY,LCJ,2027-02-19,09:50,144.15,ok
2026-09-28,BGY,LCJ,2027-02-26,09:50,109.19,ok
2026-09-28,BGY,LCJ,2027-03-01,10:05,179.11,ok
2026-09-28,BGY,LCJ,2027-03-05,09:50,109.19,ok
2026-09-28,BGY,LCJ,2027-03-15,10:05,336.41,ok
2026-09-28,BGY,LCJ,2027-03-19,09:50,109.19,ok
2026-09-28,BGY,LCJ,2027-03-26,09:50,196.58,ok
2026-09-28,LCJ,BHX,2026-09-28,22:10,687.06,ok
2026-09-28,LCJ,BHX,2026-10-01,10:20,375.53,ok
2026-09-28,LCJ,BHX,2026-10-05,22:10,175.26,ok
2026-09-28,LCJ,BHX,2026-10-08,10:20,123.97,ok
2026-09-28,LCJ,BHX,2026-10-12,22:10,140.21,ok
2026-09-28,LCJ,BHX,2026-10-19,22:10,169.39,ok
2026-09-28,LCJ,BHX,2026-10-22,10:20,119.59,ok
2026-09-28,LCJ,BHX,2026-10-25,19:30,140.21,ok
2026-09-28,LCJ,BHX,2026-10-30,10:25,233.18,ok
2026-09-28,LCJ,BHX,2026-11-01,19:30,451.40,ok
2026-09-28,LCJ,BHX,2026-11-05,19:10,157.29,ok
2026-09-28,LCJ,BHX,2026-11-08,19:30,235.91,ok
2026-09-28,LCJ,BHX,2026-11-15,19:30,184.63,ok
2026-09-28,LCJ,BHX,2026-11-19,19:10,113.56,ok
2026-09-28,LCJ,BHX,2026-11-22,19:30,144.15,ok
2026-09-28,LCJ,BHX,2026-11-26,19:10,91.72,ok
2026-09-28,LCJ,BHX,2026-11-29,19:30,205.32,ok
2026-09-28,LCJ,BHX,2026-12-03,19:10,74.24,ok
2026-09-28,LCJ,BHX,2026-12-04,10:25,78.61,ok
2026-09-28,LCJ,BHX,2026-12-10,19:10,100.45,ok
2026-09-28,LCJ,BHX,2026-12-13,19:30,179.11,ok
2026-09-28,LCJ,BHX,2026-12-17,19:10,113.56,ok
2026-09-28,LCJ,BHX,2026-12-18,10:25,179.11,ok
2026-09-28,LCJ,BHX,2026-12-20,19:30,233.58,ok
2026-09-28,LCJ,BHX,2026-12-27,19:30,362.62,ok
2026-09-28,LCJ,BHX,2026-12-31,19:10,443.69,ok
2026-09-28,LCJ,BHX,2027-01-01,10:25,506.82,ok
2026-09-28,LCJ,BHX,2027-01-08,10:25,222.80,ok
2026-09-28,LCJ,BHX,2027-01-10,19:30,200.95,ok
2026-09-28,LCJ,BHX,2027-01-15,10:25,183.48,ok
2026-09-28,LCJ,BHX,2027-01-22,10:25,183.48,ok
2026-09-28,LCJ,BHX,2027-01-24,19:30,166.00,ok
2026-09-28,LCJ,BHX,2027-01-31,19:30,166.00,ok
2026-09-28,LCJ,BHX,2027-02-07,19:30,148.52,ok
2026-09-28,LCJ,BHX,2027-02-12,10:25,144.15,ok
2026-09-28,LCJ,BHX,2027-02-28,19:30,196.58,ok
2026-09-28,LCJ,BHX,2027-03-05,10:25,122.30,ok
2026-09-28,LCJ,BHX,2027-03-07,19:30,144.15,ok
2026-09-28,LCJ,BHX,2027-03-12,10:25,218.43,ok
2026-09-28,LCJ,BHX,2027-03-14,19:30,161.63,ok
2026-09-28,LCJ,BHX,2027-03-19,10:25,152.89,ok
2026-09-28,LCJ,BHX,2027-03-21,19:30,126.67,ok
2026-09-28,LCJ,BHX,2027-03-23,19:50,288.34,ok
2026-09-28,LCJ,BHX,2027-03-25,19:10,174.74,ok
2026-09-28,LCJ,BHX,2027-03-26,10:25,196.58,ok
2026-09-28,LCJ,BHX,2027-04-01,21:50,595.38,ok
2026-09-28,LCJ,BHX,2027-05-31,15:40,489.00,ok
2026-09-28,LCJ,BHX,2027-06-07,15:40,310.00,ok
2026-09-28,BHX,LCJ,2026-09-28,18:25,612.94,ok
2026-09-28,BHX,LCJ,2026-10-01,06:35,261.24,ok
2026-09-28,BHX,LCJ,2026-10-05,18:25,123.97,ok
2026-09-28,BHX,LCJ,2026-10-08,06:35,74.00,ok
2026-09-28,BHX,LCJ,2026-10-12,18:25,102.79,ok
2026-09-28,BHX,LCJ,2026-10-15,06:35,193.75,ok
2026-09-28,BHX,LCJ,2026-10-19,18:25,183.06,ok
2026-09-28,BHX,LCJ,2026-10-22,06:35,430.46,ok
2026-09-28,BHX,LCJ,2026-10-25,15:45,331.60,ok
2026-09-28,BHX,LCJ,2026-11-01,15:45,96.50,ok
2026-09-28,BHX,LCJ,2026-11-05,15:25,96.50,ok
2026-09-28,BHX,LCJ,2026-11-12,15:25,76.17,ok
2026-09-28,BHX,LCJ,2026-11-19,15:25,101.58,ok
2026-09-28,BHX,LCJ,2026-11-20,06:40,110.76,ok
2026-09-28,BHX,LCJ,2026-11-27,06:40,164.13,ok
2026-09-28,BHX,LCJ,2026-11-29,15:45,213.37,ok
2026-09-28,BHX,LCJ,2026-12-04,06:40,193.04,ok
2026-09-28,BHX,LCJ,2026-12-06,15:45,91.41,ok
2026-09-28,BHX,LCJ,2026-12-10,15:25,137.15,ok
2026-09-28,BHX,LCJ,2026-12-13,15:45,274.35,ok
2026-09-28,BHX,LCJ,2026-12-18,06:40,792.65,ok
2026-09-28,BHX,LCJ,2026-12-27,15:45,431.87,ok
2026-09-28,BHX,LCJ,2027-01-01,06:40,203.21,ok
2026-09-28,BHX,LCJ,2027-01-03,15:45,284.51,ok
2026-09-28,BHX,LCJ,2027-01-10,15:45,126.98,ok
2026-09-28,BHX,LCJ,2027-01-17,15:45,142.23,ok
2026-09-28,BHX,LCJ,2027-01-22,06:40,238.78,ok
2026-09-28,BHX,LCJ,2027-01-24,15:45,152.39,ok
2026-09-28,BHX,LCJ,2027-02-07,15:45,167.64,ok
2026-09-28,BHX,LCJ,2027-02-14,15:45,320.08,ok
2026-09-28,BHX,LCJ,2027-03-05,06:40,213.37,ok
2026-09-28,BHX,LCJ,2027-03-07,15:45,147.31,ok
2026-09-28,BHX,LCJ,2027-03-12,06:40,223.53,ok
2026-09-28,BHX,LCJ,2027-03-23,16:05,482.68,ok
2026-09-28,BHX,LCJ,2027-03-25,15:25,462.36,ok
2026-09-28,BHX,LCJ,2027-04-01,18:05,276.38,ok
2026-09-28,BHX,LCJ,2027-05-31,11:55,310.00,ok
2026-09-28,BHX,LCJ,2027-06-07,11:55,272.00,ok
2026-09-28,LCJ,CRL,2026-10-01,15:30,79.05,ok
2026-09-28,LCJ,CRL,2026-10-04,14:25,96.09,ok
2026-09-28,LCJ,CRL,2026-10-08,15:30,78.61,ok
2026-09-28,LCJ,CRL,2026-10-11,14:25,152.89,ok
2026-09-28,LCJ,CRL,2026-10-15,15:30,65.50,ok
2026-09-28,LCJ,CRL,2026-10-18,14:25,135.41,ok
2026-09-28,LCJ,CRL,2026-10-22,15:30,65.92,ok
2026-09-28,CRL,LCJ,2026-10-01,13:05,249.02,ok
2026-09-28,CRL,LCJ,2026-10-04,12:05,104.82,ok
2026-09-28,CRL,LCJ,2026-10-08,13:05,65.87,ok
2026-09-28,CRL,LCJ,2026-10-11,12:05,109.19,ok
2026-09-28,CRL,LCJ,2026-10-15,13:05,78.61,ok
2026-09-28,CRL,LCJ,2026-10-18,12:05,205.32,ok
2026-09-28,CRL,LCJ,2026-10-22,13:05,74.24,ok
2026-09-28,LCJ,DUB,2026-09-28,17:30,1388.35,ok
2026-09-28,LCJ,DUB,2026-10-01,22:45,362.62,ok
2026-09-28,LCJ,DUB,2026-10-05,17:30,275.23,ok
2026-09-28,LCJ,DUB,2026-10-08,22:45,222.80,ok
2026-09-28,LCJ,DUB,2026-10-12,17:30,301.45,ok
2026-09-28,LCJ,DUB,2026-10-15,22:45,126.67,ok
2026-09-28,LCJ,DUB,2026-10-19,17:30,121.00,ok
2026-09-28,LCJ,DUB,2026-10-22,22:45,166.00,ok
2026-09-28,LCJ,DUB,2026-10-26,13:05,149.05,ok
2026-09-28,LCJ,DUB,2026-10-30,20:25,450.38,ok
2026-09-28,LCJ,DUB,2026-11-02,13:05,391.58,ok
2026-09-28,LCJ,DUB,2026-11-06,20:25,222.80,ok
2026-09-28,LCJ,DUB,2026-11-09,13:05,140.92,ok
2026-09-28,LCJ,DUB,2026-11-13,20:25,139.78,ok
2026-09-28,LCJ,DUB,2026-11-16,13:05,132.62,ok
2026-09-28,LCJ,DUB,2026-11-20,20:25,157.26,ok
2026-09-28,LCJ,DUB,2026-11-23,13:05,130.00,ok
2026-09-28,LCJ,DUB,2026-12-04,20:25,122.30,ok
2026-09-28,LCJ,DUB,2026-12-14,13:05,190.44,ok
2026-09-28,LCJ,DUB,2026-12-23,11:20,235.91,ok
2026-09-28,LCJ,DUB,2026-12-28,13:05,419.06,ok
2026-09-28,LCJ,DUB,2026-12-30,11:20,454.38,ok
2026-09-28,LCJ,DUB,2027-01-01,20:25,548.00,ok
2026-09-28,LCJ,DUB,2027-01-08,20:25,327.67,ok
2026-09-28,LCJ,DUB,2027-01-15,20:25,218.43,ok
2026-09-28,LCJ,DUB,2027-01-18,13:05,349.00,ok
2026-09-28,LCJ,DUB,2027-01-29,20:25,157.26,ok
2026-09-28,LCJ,DUB,2027-02-05,20:25,152.89,ok
2026-09-28,LCJ,DUB,2027-02-15,13:05,502.00,ok
2026-09-28,LCJ,DUB,2027-02-26,20:25,174.74,ok
2026-09-28,LCJ,DUB,2027-03-05,20:25,157.26,ok
2026-09-28,LCJ,DUB,2027-03-12,20:25,161.63,ok
2026-09-28,LCJ,DUB,2027-03-19,20:25,161.63,ok
2026-09-28,LCJ,DUB,2027-03-30,16:50,659.00,ok
2026-09-28,LCJ,DUB,2027-04-03,22:15,858.38,ok
2026-09-28,LCJ,DUB,2027-04-06,16:50,607.38,ok
2026-09-28,DUB,LCJ,2026-09-28,,,unavailable
2026-09-28,DUB,LCJ,2026-10-01,18:35,516.81,ok
2026-09-28,DUB,LCJ,2026-10-05,13:20,235.91,ok
2026-09-28,DUB,LCJ,2026-10-08,18:35,240.28,ok
2026-09-28,DUB,LCJ,2026-10-12,13:20,214.06,ok
2026-09-28,DUB,LCJ,2026-10-15,18:35,366.99,ok
2026-09-28,DUB,LCJ,2026-10-19,13:20,203.71,ok
2026-09-28,DUB,LCJ,2026-10-22,18:35,473.86,ok
2026-09-28,DUB,LCJ,2026-10-26,09:00,204.75,ok
2026-09-28,DUB,LCJ,2026-10-30,16:20,190.95,ok
2026-09-28,DUB,LCJ,2026-11-02,09:00,133.58,ok
2026-09-28,DUB,LCJ,2026-11-06,16:20,152.89,ok
2026-09-28,DUB,LCJ,2026-11-09,09:00,132.45,ok
2026-09-28,DUB,LCJ,2026-11-13,16:20,131.97,ok
2026-09-28,DUB,LCJ,2026-11-20,16:20,134.63,ok
2026-09-28,DUB,LCJ,2026-11-27,16:20,130.00,ok
2026-09-28,DUB,LCJ,2026-11-30,09:00,133.28,ok
2026-09-28,DUB,LCJ,2026-12-04,16:20,144.77,ok
2026-09-28,DUB,LCJ,2026-12-07,09:00,157.59,ok
2026-09-28,DUB,LCJ,2026-12-11,16:20,166.00,ok
2026-09-28,DUB,LCJ,2026-12-14,09:00,248.49,ok
2026-09-28,DUB,LCJ,2026-12-23,07:15,908.81,ok
2026-09-28,DUB,LCJ,2026-12-28,09:00,436.45,ok
2026-09-28,DUB,LCJ,2026-12-30,07:15,347.51,ok
2026-09-28,DUB,LCJ,2027-01-01,16:20,305.82,ok
2026-09-28,DUB,LCJ,2027-01-15,16:20,205.32,ok
2026-09-28,DUB,LCJ,2027-01-22,16:20,180.24,ok
2026-09-28,DUB,LCJ,2027-01-29,16:20,157.26,ok
2026-09-28,DUB,LCJ,2027-02-05,16:20,179.11,ok
2026-09-28,DUB,LCJ,2027-02-15,09:00,502.00,ok
2026-09-28,DUB,LCJ,2027-02-19,16:20,240.28,ok
2026-09-28,DUB,LCJ,2027-02-26,16:20,157.26,ok
2026-09-28,DUB,LCJ,2027-03-05,16:20,148.52,ok
2026-09-28,DUB,LCJ,2027-03-26,16:20,554.88,ok
2026-09-28,DUB,LCJ,2027-03-30,12:45,548.00,ok
2026-09-28,DUB,LCJ,2027-04-03,18:10,506.38,ok
2026-09-28,DUB,LCJ,2027-04-06,12:45,310.38,ok
2026-09-28,LCJ,STN,2026-09-28,,,unavailable
2026-09-28,LCJ,STN,2026-09-29,20:45,303.13,ok
2026-09-28,LCJ,STN,2026-09-30,11:50,401.88,ok
2026-09-28,LCJ,STN,2026-10-01,16:15,562.71,ok
2026-09-28,LCJ,STN,2026-10-03,11:35,845.38,ok
2026-09-28,LCJ,STN,2026-10-04,15:45,692.38,ok
2026-09-28,LCJ,STN,2026-10-05,16:45,382.38,ok
2026-09-28,LCJ,STN,2026-10-06,20:45,338.05,ok
2026-09-28,LCJ,STN,2026-10-07,11:50,221.34,ok
2026-09-28,LCJ,STN,2026-10-08,16:15,299.03,ok
2026-09-28,LCJ,STN,2026-10-10,11:35,260.37,ok
2026-09-28,LCJ,STN,2026-10-11,15:45,489.38,ok
2026-09-28,LCJ,STN,2026-10-12,16:45,255.38,ok
2026-09-28,LCJ,STN,2026-10-13,20:45,136.40,ok
2026-09-28,LCJ,STN,2026-10-14,11:50,158.00,ok
2026-09-28,LCJ,STN,2026-10-15,16:15,136.40,ok
2026-09-28,LCJ,STN,2026-10-17,11:35,252.55,ok
2026-09-28,LCJ,STN,2026-10-18,15:45,245.72,ok
2026-09-28,LCJ,STN,2026-10-19,16:45,134.08,ok
2026-09-28,LCJ,STN,2026-10-21,11:50,94.62,ok
2026-09-28,LCJ,STN,2026-10-22,16:15,111.15,ok
2026-09-28,LCJ,STN,2026-10-24,11:35,162.25,ok
2026-09-28,LCJ,STN,2026-10-25,13:40,96.10,ok
2026-09-28,LCJ,STN,2026-10-27,20:30,100.92,ok
2026-09-28,LCJ,STN,2026-10-29,17:45,234.26,ok
2026-09-28,LCJ,STN,2026-10-30,10:10,238.60,ok
2026-09-28,LCJ,STN,2026-10-31,12:25,401.88,ok
2026-09-28,LCJ,STN,2026-11-01,13:40,401.95,ok
2026-09-28,LCJ,STN,2026-11-02,10:55,607.32,ok
2026-09-28,LCJ,STN,2026-11-05,17:45,270.87,ok
2026-09-28,LCJ,STN,2026-11-06,10:10,240.70,ok
2026-09-28,LCJ,STN,2026-11-07,12:25,297.08,ok
2026-09-28,LCJ,STN,2026-11-08,13:40,231.54,ok
2026-09-28,LCJ,STN,2026-11-09,10:55,253.39,ok
2026-09-28,LCJ,STN,2026-11-12,17:45,282.63,ok
2026-09-28,LCJ,STN,2026-11-13,10:10,148.52,ok
2026-09-28,LCJ,STN,2026-11-14,12:25,152.89,ok
2026-09-28,LCJ,STN,2026-11-15,17:30,157.26,ok
2026-09-28,LCJ,STN,2026-11-16,10:55,135.41,ok
2026-09-28,LCJ,STN,2026-11-19,17:45,124.64,ok
2026-09-28,LCJ,STN,2026-11-20,10:10,166.00,ok
2026-09-28,LCJ,STN,2026-11-21,12:25,135.41,ok
2026-09-28,LCJ,STN,2026-11-22,17:30,124.64,ok
2026-09-28,LCJ,STN,2026-11-23,10:55,113.56,ok
2026-09-28,LCJ,STN,2026-11-26,17:45,143.04,ok
2026-09-28,LCJ,STN,2026-11-27,10:10,144.15,ok
2026-09-28,LCJ,STN,2026-11-28,12:25,100.45,ok
2026-09-28,LCJ,STN,2026-11-29,13:40,89.36,ok
2026-09-28,LCJ,STN,2026-11-30,10:55,222.80,ok
2026-09-28,LCJ,STN,2026-12-03,17:45,179.11,ok
2026-09-28,LCJ,STN,2026-12-04,14:20,109.60,ok
2026-09-28,LCJ,STN,2026-12-05,12:25,99.45,ok
2026-09-28,LCJ,STN,2026-12-06,13:40,91.72,ok
2026-09-28,LCJ,STN,2026-12-07,10:55,107.27,ok
2026-09-28,LCJ,STN,2026-12-10,17:45,104.82,ok
2026-09-28,LCJ,STN,2026-12-12,12:25,82.98,ok
2026-09-28,LCJ,STN,2026-12-14,10:55,91.72,ok
2026-09-28,LCJ,STN,2026-12-17,17:45,103.81,ok
2026-09-28,LCJ,STN,2026-12-21,10:55,179.11,ok
2026-09-28,LCJ,STN,2026-12-22,21:25,209.69,ok
2026-09-28,LCJ,STN,2026-12-23,09:35,377.39,ok
2026-09-28,LCJ,STN,2026-12-26,12:25,318.93,ok
2026-09-28,LCJ,STN,2026-12-27,13:40,392.26,ok
2026-09-28,LCJ,STN,2026-12-28,10:55,561.58,ok
2026-09-28,LCJ,STN,2026-12-29,21:25,460.86,ok
2026-09-28,LCJ,STN,2026-12-30,09:35,454.38,ok
2026-09-28,LCJ,STN,2027-01-02,12:25,755.03,ok
2026-09-28,LCJ,STN,2027-01-03,17:30,703.45,ok
2026-09-28,LCJ,STN,2027-01-08,14:20,192.21,ok
2026-09-28,LCJ,STN,2027-01-09,12:25,192.21,ok
2026-09-28,LCJ,STN,2027-01-11,10:55,218.43,ok
2026-09-28,LCJ,STN,2027-01-14,17:45,104.82,ok
2026-09-28,LCJ,STN,2027-01-15,14:20,126.67,ok
2026-09-28,LCJ,STN,2027-01-16,12:25,209.69,ok
2026-09-28,LCJ,STN,2027-01-18,10:55,222.80,ok
2026-09-28,LCJ,STN,2027-01-21,17:45,126.67,ok
2026-09-28,LCJ,STN,2027-01-24,17:30,158.00,ok
2026-09-28,LCJ,STN,2027-01-30,12:25,161.63,ok
2026-09-28,LCJ,STN,2027-01-31,17:30,244.65,ok
2026-09-28,LCJ,STN,2027-02-01,10:55,152.89,ok
2026-09-28,LCJ,STN,2027-02-04,17:45,113.56,ok
2026-09-28,LCJ,STN,2027-02-05,10:10,109.19,ok
2026-09-28,LCJ,STN,2027-02-06,12:25,135.41,ok
2026-09-28,LCJ,STN,2027-02-07,17:30,148.52,ok
2026-09-28,LCJ,STN,2027-02-08,10:55,135.41,ok
2026-09-28,LCJ,STN,2027-02-12,10:10,200.95,ok
2026-09-28,LCJ,STN,2027-02-14,17:30,152.89,ok
2026-09-28,LCJ,STN,2027-02-18,17:45,231.54,ok
2026-09-28,LCJ,STN,2027-02-22,10:55,270.87,ok
2026-09-28,LCJ,STN,2027-02-25,17:45,144.15,ok
2026-09-28,LCJ,STN,2027-03-04,17:45,196.58,ok
2026-09-28,LCJ,STN,2027-03-07,17:30,253.39,ok
2026-09-28,LCJ,STN,2027-03-08,10:55,144.15,ok
2026-09-28,LCJ,STN,2027-03-11,17:45,144.15,ok
2026-09-28,LCJ,STN,2027-03-12,10:10,113.56,ok
2026-09-28,LCJ,STN,2027-03-14,17:30,262.13,ok
2026-09-28,LCJ,STN,2027-03-15,10:55,148.52,ok
2026-09-28,LCJ,STN,2027-03-18,17:45,152.89,ok
2026-09-28,LCJ,STN,2027-03-19,14:20,122.30,ok
2026-09-28,LCJ,STN,2027-03-22,10:55,166.00,ok
2026-09-28,LCJ,STN,2027-03-23,16:15,161.63,ok
2026-09-28,LCJ,STN,2027-03-25,17:45,471.86,ok
2026-09-28,LCJ,STN,2027-03-26,10:10,227.17,ok
2026-09-28,LCJ,STN,2027-03-30,20:30,468.00,ok
2026-09-28,LCJ,STN,2027-04-01,16:00,425.38,ok
2026-09-28,LCJ,STN,2027-04-03,12:05,518.38,ok
2026-09-28,LCJ,STN,2027-04-04,15:45,518.38,ok
2026-09-28,LCJ,STN,2027-04-06,20:30,425.38,ok
2026-09-28,LCJ,STN,2027-04-21,12:20,518.38,ok
2026-09-28,LCJ,STN,2027-05-26,12:20,251.00,ok
2026-09-28,LCJ,STN,2027-05-31,15:25,289.00,ok
2026-09-28,LCJ,STN,2027-06-04,16:20,217.00,ok
2026-09-28,LCJ,STN,2027-06-07,15:25,251.00,ok
2026-09-28,STN,LCJ,2026-09-28,,,unavailable
2026-09-28,STN,LCJ,2026-09-29,17:10,578.61,ok
2026-09-28,STN,LCJ,2026-09-30,08:15,258.33,ok
2026-09-28,STN,LCJ,2026-10-01,12:40,365.80,ok
2026-09-28,STN,LCJ,2026-10-03,08:00,245.72,ok
2026-09-28,STN,LCJ,2026-10-04,12:10,377.54,ok
2026-09-28,STN,LCJ,2026-10-05,13:10,184.89,ok
2026-09-28,STN,LCJ,2026-10-06,17:10,74.00,ok
2026-09-28,STN,LCJ,2026-10-07,08:15,79.11,ok
2026-09-28,STN,LCJ,2026-10-08,12:40,255.38,ok
2026-09-28,STN,LCJ,2026-10-10,08:00,213.32,ok
2026-09-28,STN,LCJ,2026-10-11,12:10,221.38,ok
2026-09-28,STN,LCJ,2026-10-12,13:10,99.00,ok
2026-09-28,STN,LCJ,2026-10-13,17:10,187.00,ok
2026-09-28,STN,LCJ,2026-10-15,12:40,213.89,ok
2026-09-28,STN,LCJ,2026-10-17,08:00,403.98,ok
2026-09-28,STN,LCJ,2026-10-18,12:10,354.52,ok
2026-09-28,STN,LCJ,2026-10-19,13:10,270.23,ok
2026-09-28,STN,LCJ,2026-10-20,17:10,225.63,ok
2026-09-28,STN,LCJ,2026-10-22,12:40,397.50,ok
2026-09-28,STN,LCJ,2026-10-24,08:00,457.80,ok
2026-09-28,STN,LCJ,2026-10-25,10:05,310.20,ok
2026-09-28,STN,LCJ,2026-10-27,16:55,189.18,ok
2026-09-28,STN,LCJ,2026-10-29,14:10,153.31,ok
2026-09-28,STN,LCJ,2026-10-30,06:35,118.02,ok
2026-09-28,STN,LCJ,2026-10-31,08:50,191.38,ok
2026-09-28,STN,LCJ,2026-11-01,10:05,86.33,ok
2026-09-28,STN,LCJ,2026-11-02,07:20,98.32,ok
2026-09-28,STN,LCJ,2026-11-05,14:10,86.33,ok
2026-09-28,STN,LCJ,2026-11-06,06:35,92.77,ok
2026-09-28,STN,LCJ,2026-11-07,08:50,111.74,ok
2026-09-28,STN,LCJ,2026-11-08,10:05,76.17,ok
2026-09-28,STN,LCJ,2026-11-12,14:10,179.95,ok
2026-09-28,STN,LCJ,2026-11-14,08:50,95.96,ok
2026-09-28,STN,LCJ,2026-11-15,10:05,142.23,ok
2026-09-28,STN,LCJ,2026-11-16,07:20,187.96,ok
2026-09-28,STN,LCJ,2026-11-19,14:10,167.64,ok
2026-09-28,STN,LCJ,2026-11-20,06:35,167.64,ok
2026-09-28,STN,LCJ,2026-11-21,08:50,126.98,ok
2026-09-28,STN,LCJ,2026-11-22,10:05,132.07,ok
2026-09-28,STN,LCJ,2026-11-23,07:20,103.29,ok
2026-09-28,STN,LCJ,2026-11-26,14:10,278.25,ok
2026-09-28,STN,LCJ,2026-11-27,06:35,218.45,ok
2026-09-28,STN,LCJ,2026-11-28,08:50,106.66,ok
2026-09-28,STN,LCJ,2026-11-30,07:20,152.39,ok
2026-09-28,STN,LCJ,2026-12-03,14:10,172.72,ok
2026-09-28,STN,LCJ,2026-12-05,08:50,109.60,ok
2026-09-28,STN,LCJ,2026-12-06,10:05,121.90,ok
2026-09-28,STN,LCJ,2026-12-07,07:20,212.79,ok
2026-09-28,STN,LCJ,2026-12-10,14:10,248.94,ok
2026-09-28,STN,LCJ,2026-12-11,06:35,102.33,ok
2026-09-28,STN,LCJ,2026-12-12,08:50,175.57,ok
2026-09-28,STN,LCJ,2026-12-13,10:05,203.21,ok
2026-09-28,STN,LCJ,2026-12-14,07:20,213.37,ok
2026-09-28,STN,LCJ,2026-12-17,14:10,818.06,ok
2026-09-28,STN,LCJ,2026-12-18,06:35,665.61,ok
2026-09-28,STN,LCJ,2026-12-19,08:50,1237.63,ok
2026-09-28,STN,LCJ,2026-12-20,13:55,1051.80,ok
2026-09-28,STN,LCJ,2026-12-21,07:20,649.16,ok
2026-09-28,STN,LCJ,2026-12-22,17:50,813.31,ok
2026-09-28,STN,LCJ,2026-12-23,05:55,915.28,ok
2026-09-28,STN,LCJ,2026-12-26,08:50,351.15,ok
2026-09-28,STN,LCJ,2026-12-27,10:05,274.35,ok
2026-09-28,STN,LCJ,2026-12-28,07:20,195.62,ok
2026-09-28,STN,LCJ,2026-12-29,17:50,217.09,ok
2026-09-28,STN,LCJ,2026-12-30,05:55,125.34,ok
2026-09-28,STN,LCJ,2027-01-02,08:50,191.38,ok
2026-09-28,STN,LCJ,2027-01-07,14:10,142.23,ok
2026-09-28,STN,LCJ,2027-01-09,08:50,101.58,ok
2026-09-28,STN,LCJ,2027-01-11,07:20,111.74,ok
2026-09-28,STN,LCJ,2027-01-16,08:50,152.39,ok
2026-09-28,STN,LCJ,2027-01-22,10:45,162.55,ok
2026-09-28,STN,LCJ,2027-01-23,08:50,152.39,ok
2026-09-28,STN,LCJ,2027-01-31,13:55,157.47,ok
2026-09-28,STN,LCJ,2027-02-01,07:20,142.23,ok
2026-09-28,STN,LCJ,2027-02-05,06:35,193.04,ok
2026-09-28,STN,LCJ,2027-02-11,14:10,396.30,ok
2026-09-28,STN,LCJ,2027-02-14,10:05,370.89,ok
2026-09-28,STN,LCJ,2027-02-15,07:20,289.59,ok
2026-09-28,STN,LCJ,2027-02-18,14:10,426.79,ok
2026-09-28,STN,LCJ,2027-02-19,06:35,254.02,ok
2026-09-28,STN,LCJ,2027-02-20,08:50,152.39,ok
2026-09-28,STN,LCJ,2027-02-25,14:10,177.80,ok
2026-09-28,STN,LCJ,2027-02-26,06:35,157.47,ok
2026-09-28,STN,LCJ,2027-03-01,07:20,152.39,ok
2026-09-28,STN,LCJ,2027-03-04,14:10,248.94,ok
2026-09-28,STN,LCJ,2027-03-11,14:10,167.64,ok
2026-09-28,STN,LCJ,2027-03-13,08:50,177.80,ok
2026-09-28,STN,LCJ,2027-03-18,14:10,132.07,ok
2026-09-28,STN,LCJ,2027-03-19,10:45,482.68,ok
2026-09-28,STN,LCJ,2027-03-20,08:50,604.64,ok
2026-09-28,STN,LCJ,2027-03-22,07:20,482.68,ok
2026-09-28,STN,LCJ,2027-03-25,14:10,640.21,ok
2026-09-28,STN,LCJ,2027-03-26,06:35,584.31,ok
2026-09-28,STN,LCJ,2027-03-30,16:55,217.00,ok
2026-09-28,STN,LCJ,2027-04-01,12:25,191.38,ok
2026-09-28,STN,LCJ,2027-04-03,08:30,191.38,ok
2026-09-28,STN,LCJ,2027-04-04,12:10,191.38,ok
2026-09-28,STN,LCJ,2027-04-21,08:45,191.38,ok
2026-09-28,STN,LCJ,2027-05-26,08:45,251.00,ok
2026-09-28,STN,LCJ,2027-05-31,11:50,217.00,ok
2026-09-28,STN,LCJ,2027-06-04,12:45,217.00,ok
2026-09-28,STN,LCJ,2027-06-06,12:10,255.38,ok
2026-09-28,STN,LCJ,2027-06-07,11:50,217.00,ok
2026-09-29,LCJ,AGP,2026-09-30,19:25,182.94,ok
2026-09-29,LCJ,AGP,2026-10-03,20:10,204.66,ok
2026-09-29,LCJ,AGP,2026-10-07,19:25,122.30,ok
2026-09-29,LCJ,AGP,2026-10-14,19:25,214.06,ok
2026-09-29,LCJ,AGP,2026-10-17,20:10,156.68,ok
2026-09-29,LCJ,AGP,2026-10-21,19:25,240.28,ok
2026-09-29,LCJ,AGP,2026-10-24,20:10,131.04,ok
2026-09-29,LCJ,AGP,2026-10-30,20:40,177.30,ok
2026-09-29,LCJ,AGP,2026-11-01,20:20,196.58,ok
2026-09-29,LCJ,AGP,2026-11-05,12:50,266.50,ok
2026-09-29,LCJ,AGP,2026-11-06,20:40,336.98,ok
2026-09-29,LCJ,AGP,2026-11-08,20:20,270.33,ok
2026-09-29,LCJ,AGP,2026-11-12,12:50,266.50,ok
2026-09-29,LCJ,AGP,2026-11-19,12:50,117.93,ok
2026-09-29,LCJ,AGP,2026-11-26,12:50,159.69,ok
2026-09-29,LCJ,AGP,2026-12-04,20:40,147.84,ok
2026-09-29,LCJ,AGP,2026-12-11,20:40,200.95,ok
2026-09-29,LCJ,AGP,2026-12-20,20:20,159.47,ok
2026-09-29,LCJ,AGP,2026-12-27,20:20,718.99,ok
2026-09-29,LCJ,AGP,2027-01-15,20:40,415.06,ok
2026-09-29,LCJ,AGP,2027-01-17,20:20,450.43,ok
2026-09-29,LCJ,AGP,2027-01-22,20:40,231.79,ok
2026-09-29,LCJ,AGP,2027-01-24,20:20,214.06,ok
2026-09-29,LCJ,AGP,2027-02-05,20:40,231.54,ok
2026-09-29,LCJ,AGP,2027-02-12,20:40,406.32,ok
2026-09-29,LCJ,AGP,2027-03-14,20:20,247.00,ok
2026-09-29,LCJ,AGP,2027-03-19,20:40,231.79,ok
2026-09-29,LCJ,AGP,2027-04-08,18:50,370.00,ok
2026-09-29,LCJ,AGP,2027-05-06,18:50,323.00,ok
2026-09-29,LCJ,AGP,2027-07-26,20:00,323.00,ok
2026-09-29,LCJ,AGP,2027-07-29,18:50,327.37,ok
2026-09-29,LCJ,AGP,2027-08-05,18:50,323.00,ok
2026-09-29,AGP,LCJ,2026-09-30,15:20,1385.08,ok
2026-09-29,AGP,LCJ,2026-10-03,15:40,799.57,ok
2026-09-29,AGP,LCJ,2026-10-07,15:20,524.30,ok
2026-09-29,AGP,LCJ,2026-10-10,15:40,417.00,ok
2026-09-29,AGP,LCJ,2026-10-17,15:40,511.19,ok
2026-09-29,AGP,LCJ,2026-10-24,15:40,288.34,ok
2026-09-29,AGP,LCJ,2026-10-25,16:10,454.03,ok
2026-09-29,AGP,LCJ,2026-10-30,16:30,382.54,ok
2026-09-29,AGP,LCJ,2026-11-01,16:10,260.31,ok
2026-09-29,AGP,LCJ,2026-11-05,08:40,82.98,ok
2026-09-29,AGP,LCJ,2026-11-06,16:30,182.94,ok
2026-09-29,AGP,LCJ,2026-11-08,16:10,252.93,ok
2026-09-29,AGP,LCJ,2026-11-12,08:40,327.67,ok
2026-09-29,AGP,LCJ,2026-11-13,16:30,288.34,ok
2026-09-29,AGP,LCJ,2026-11-15,16:10,592.38,ok
2026-09-29,AGP,LCJ,2026-11-19,08:40,167.11,ok
2026-09-29,AGP,LCJ,2026-11-20,16:30,155.62,ok
2026-09-29,AGP,LCJ,2026-11-22,16:10,305.82,ok
2026-09-29,AGP,LCJ,2026-11-27,16:30,126.67,ok
2026-09-29,AGP,LCJ,2026-11-29,16:10,333.01,ok
2026-09-29,AGP,LCJ,2026-12-04,16:30,262.13,ok
2026-09-29,AGP,LCJ,2026-12-06,16:10,205.74,ok
2026-09-29,AGP,LCJ,2026-12-13,16:10,183.48,ok
2026-09-29,AGP,LCJ,2026-12-20,16:10,141.42,ok
2026-09-29,AGP,LCJ,2026-12-27,16:10,137.53,ok
2026-09-29,AGP,LCJ,2027-01-03,16:10,362.62,ok
2026-09-29,AGP,LCJ,2027-01-10,16:10,309.69,ok
2026-09-29,AGP,LCJ,2027-01-22,16:30,401.24,ok
2026-09-29,AGP,LCJ,2027-01-24,16:10,309.69,ok
2026-09-29,AGP,LCJ,2027-01-29,16:30,401.24,ok
2026-09-29,AGP,LCJ,2027-01-31,16:10,401.24,ok
2026-09-29,AGP,LCJ,2027-02-05,16:30,170.37,ok
2026-09-29,AGP,LCJ,2027-02-14,16:10,350.96,ok
2026-09-29,AGP,LCJ,2027-02-19,16:30,318.93,ok
2026-09-29,AGP,LCJ,2027-02-28,16:10,231.79,ok
2026-09-29,AGP,LCJ,2027-03-07,16:10,193.86,ok
2026-09-29,AGP,LCJ,2027-03-21,16:10,309.69,ok
2026-09-29,AGP,LCJ,2027-03-26,16:30,231.79,ok
2026-09-29,AGP,LCJ,2027-04-08,14:40,684.00,ok
2026-09-29,AGP,LCJ,2027-05-06,14:40,518.00,ok
2026-09-29,AGP,LCJ,2027-07-26,15:50,569.00,ok
2026-09-29,AGP,LCJ,2027-07-29,14:40,573.37,ok
2026-09-29,AGP,LCJ,2027-08-05,14:40,569.00,ok
2026-09-29,LCJ,ALC,2026-09-30,09:40,576.34,ok
2026-09-29,LCJ,ALC,2026-10-02,09:45,485.00,ok
2026-09-29,LCJ,ALC,2026-10-05,21:30,95.00,ok
2026-09-29,LCJ,ALC,2026-10-07,09:40,192.21,ok
2026-09-29,LCJ,ALC,2026-10-09,09:45,445.65,ok
2026-09-29,LCJ,ALC,2026-10-12,21:30,191.90,ok
2026-09-29,LCJ,ALC,2026-10-14,09:40,295.06,ok
2026-09-29,LCJ,ALC,2026-10-16,09:45,493.71,ok
2026-09-29,LCJ,ALC,2026-10-19,21:30,131.04,ok
2026-09-29,LCJ,ALC,2026-10-21,09:40,600.13,ok
2026-09-29,LCJ,ALC,2026-10-23,09:45,318.93,ok
2026-09-29,LCJ,ALC,2026-10-26,19:20,188.49,ok
2026-09-29,LCJ,ALC,2026-10-29,11:55,504.92,ok
2026-09-29,LCJ,ALC,2026-10-31,10:10,258.30,ok
2026-09-29,LCJ,ALC,2026-11-02,19:20,157.26,ok
2026-09-29,LCJ,ALC,2026-11-05,11:55,536.12,ok
2026-09-29,LCJ,ALC,2026-11-09,19:20,209.69,ok
2026-09-29,LCJ,ALC,2026-11-12,11:55,214.06,ok
2026-09-29,LCJ,ALC,2026-11-19,11:55,183.48,ok
2026-09-29,LCJ,ALC,2026-11-23,19:20,126.09,ok
2026-09-29,LCJ,ALC,2026-11-26,11:55,208.85,ok
2026-09-29,LCJ,ALC,2026-11-30,19:20,128.06,ok
2026-09-29,LCJ,ALC,2026-12-03,11:55,209.69,ok
2026-09-29,LCJ,ALC,2026-12-10,11:55,110.18,ok
2026-09-29,LCJ,ALC,2026-12-24,11:55,397.58,ok
2026-09-29,LCJ,ALC,2026-12-28,19:20,603.82,ok
2026-09-29,LCJ,ALC,2026-12-31,11:55,786.47,ok
2026-09-29,LCJ,ALC,2027-01-14,11:55,175.98,ok
2026-09-29,LCJ,ALC,2027-01-18,19:20,250.76,ok
2026-09-29,LCJ,ALC,2027-01-21,11:55,288.34,ok
2026-09-29,LCJ,ALC,2027-01-25,19:20,170.37,ok
2026-09-29,LCJ,ALC,2027-02-18,11:55,250.76,ok
2026-09-29,LCJ,ALC,2027-03-04,11:55,270.87,ok
2026-09-29,LCJ,ALC,2027-03-11,11:55,209.69,ok
2026-09-29,LCJ,ALC,2027-03-18,11:55,214.35,ok
2026-09-29,LCJ,ALC,2027-04-16,17:10,535.00,ok
2026-09-29,LCJ,ALC,2027-07-23,17:10,485.00,ok
2026-09-29,LCJ,ALC,2027-07-26,09:35,344.00,ok
2026-09-29,LCJ,ALC,2027-07-30,17:10,446.37,ok
2026-09-29,ALC,LCJ,2026-09-30,05:50,603.82,ok
2026-09-29,ALC,LCJ,2026-10-02,06:00,419.43,ok
2026-09-29,ALC,LCJ,2026-10-05,17:50,808.31,ok
2026-09-29,ALC,LCJ,2026-10-07,05:50,323.30,ok
2026-09-29,ALC,LCJ,2026-10-09,06:00,428.17,ok
2026-09-29,ALC,LCJ,2026-10-12,17:50,633.53,ok
2026-09-29,ALC,LCJ,2026-10-14,05:50,380.10,ok
2026-09-29,ALC,LCJ,2026-10-16,06:00,270.87,ok
2026-09-29,ALC,LCJ,2026-10-19,17:50,585.47,ok
2026-09-29,ALC,LCJ,2026-10-21,05:50,218.34,ok
2026-09-29,ALC,LCJ,2026-10-23,06:00,288.34,ok
2026-09-29,ALC,LCJ,2026-10-26,15:40,721.17,ok
2026-09-29,ALC,LCJ,2026-10-29,08:15,516.46,ok
2026-09-29,ALC,LCJ,2026-10-31,06:30,295.06,ok
2026-09-29,ALC,LCJ,2026-11-02,15:40,575.45,ok
2026-09-29,ALC,LCJ,2026-11-05,08:15,262.13,ok
2026-09-29,ALC,LCJ,2026-11-12,08:15,383.76,ok
2026-09-29,ALC,LCJ,2026-11-16,15:40,559.25,ok
2026-09-29,ALC,LCJ,2026-11-19,08:15,177.42,ok
2026-09-29,ALC,LCJ,2026-11-23,15:40,276.02,ok
2026-09-29,ALC,LCJ,2026-11-30,15:40,244.65,ok
2026-09-29,ALC,LCJ,2026-12-07,15:40,200.95,ok
2026-09-29,ALC,LCJ,2026-12-17,08:15,115.91,ok
2026-09-29,ALC,LCJ,2026-12-28,15:40,217.55,ok
2026-09-29,ALC,LCJ,2026-12-31,08:15,161.63,ok
2026-09-29,ALC,LCJ,2027-01-04,15:40,467.49,ok
2026-09-29,ALC,LCJ,2027-01-07,08:15,524.33,ok
2026-09-29,ALC,LCJ,2027-01-11,15:40,380.10,ok
2026-09-29,ALC,LCJ,2027-01-25,15:40,305.82,ok
2026-09-29,ALC,LCJ,2027-01-28,08:15,374.59,ok
2026-09-29,ALC,LCJ,2027-02-01,15:40,250.76,ok
2026-09-29,ALC,LCJ,2027-02-04,08:15,148.23,ok
2026-09-29,ALC,LCJ,2027-02-18,08:15,175.98,ok
2026-09-29,ALC,LCJ,2027-02-22,15:40,214.35,ok
2026-09-29,ALC,LCJ,2027-02-25,08:15,175.98,ok
2026-09-29,ALC,LCJ,2027-03-08,15:40,180.35,ok
2026-09-29,ALC,LCJ,2027-03-11,08:15,214.35,ok
2026-09-29,ALC,LCJ,2027-03-15,15:40,209.69,ok
2026-09-29,ALC,LCJ,2027-03-18,08:15,162.00,ok
2026-09-29,ALC,LCJ,2027-03-22,15:40,288.03,ok
2026-09-29,ALC,LCJ,2027-07-23,13:30,586.00,ok
2026-09-29,ALC,LCJ,2027-07-26,05:55,778.00,ok
2026-09-29,ALC,LCJ,2027-07-30,13:30,646.37,ok
2026-09-29,LCJ,BGY,2026-09-29,22:10,465.64,ok
2026-09-29,LCJ,BGY,2026-09-30,08:25,113.28,ok
2026-09-29,LCJ,BGY,2026-10-02,13:30,445.65,ok
2026-09-29,LCJ,BGY,2026-10-04,18:05,65.00,ok
2026-09-29,LCJ,BGY,2026-10-05,13:30,109.19,ok
2026-09-29,LCJ,BGY,2026-10-06,22:10,69.87,ok
2026-09-29,LCJ,BGY,2026-10-09,13:30,222.80,ok
2026-09-29,LCJ,BGY,2026-10-11,18:05,86.49,ok
2026-09-29,LCJ,BGY,2026-10-12,13:30,79.86,ok
2026-09-29,LCJ,BGY,2026-10-13,22:10,65.00,ok
2026-09-29,LCJ,BGY,2026-10-15,09:50,174.74,ok
2026-09-29,LCJ,BGY,2026-10-16,13:30,183.48,ok
2026-09-29,LCJ,BGY,2026-10-18,18:05,75.49,ok
2026-09-29,LCJ,BGY,2026-10-19,13:30,96.09,ok
2026-09-29,LCJ,BGY,2026-10-22,09:50,65.00,ok
2026-09-29,LCJ,BGY,2026-10-23,13:30,99.95,ok
2026-09-29,LCJ,BGY,2026-10-26,12:25,65.00,ok
2026-09-29,LCJ,BGY,2026-10-30,12:10,107.90,ok
2026-09-29,LCJ,BGY,2026-11-02,12:25,74.24,ok
2026-09-29,LCJ,BGY,2026-11-06,12:10,221.91,ok
2026-09-29,LCJ,BGY,2026-11-09,12:25,69.76,ok
2026-09-29,LCJ,BGY,2026-11-13,12:10,80.34,ok
2026-09-29,LCJ,BGY,2026-11-16,12:25,77.41,ok
2026-09-29,LCJ,BGY,2026-11-20,12:10,161.87,ok
2026-09-29,LCJ,BGY,2026-12-04,12:10,200.52,ok
2026-09-29,LCJ,BGY,2026-12-21,12:25,83.14,ok
2026-09-29,LCJ,BGY,2026-12-23,19:25,179.57,ok
2026-09-29,LCJ,BGY,2026-12-28,12:25,327.30,ok
2026-09-29,LCJ,BGY,2027-01-04,12:25,170.70,ok
2026-09-29,LCJ,BGY,2027-03-19,12:10,170.70,ok
2026-09-29,LCJ,BGY,2027-03-22,12:25,117.92,ok
2026-09-29,BGY,LCJ,2026-09-29,19:55,436.91,ok
2026-09-29,BGY,LCJ,2026-09-30,06:10,436.91,ok
2026-09-29,BGY,LCJ,2026-10-02,11:15,152.89,ok
2026-09-29,BGY,LCJ,2026-10-04,15:25,440.23,ok
2026-09-29,BGY,LCJ,2026-10-05,11:15,192.21,ok
2026-09-29,BGY,LCJ,2026-10-06,19:55,117.93,ok
2026-09-29,BGY,LCJ,2026-10-07,10:30,65.00,ok
2026-09-29,BGY,LCJ,2026-10-09,11:15,69.87,ok
2026-09-29,BGY,LCJ,2026-10-11,15:25,261.81,ok
2026-09-29,BGY,LCJ,2026-10-12,11:15,152.89,ok
2026-09-29,BGY,LCJ,2026-10-15,07:35,65.50,ok
2026-09-29,BGY,LCJ,2026-10-16,11:15,166.00,ok
2026-09-29,BGY,LCJ,2026-10-18,15:25,410.01,ok
2026-09-29,BGY,LCJ,2026-10-19,11:15,305.82,ok
2026-09-29,BGY,LCJ,2026-10-21,06:20,65.50,ok
2026-09-29,BGY,LCJ,2026-10-22,07:35,97.43,ok
2026-09-29,BGY,LCJ,2026-10-26,10:05,156.26,ok
2026-09-29,BGY,LCJ,2026-10-28,13:35,65.00,ok
2026-09-29,BGY,LCJ,2026-10-30,09:50,94.37,ok
2026-09-29,BGY,LCJ,2026-11-02,10:05,132.37,ok
2026-09-29,BGY,LCJ,2026-11-06,09:50,82.48,ok
2026-09-29,BGY,LCJ,2026-11-09,10:05,156.54,ok
2026-09-29,BGY,LCJ,2026-11-16,10:05,192.74,ok
2026-09-29,BGY,LCJ,2026-11-20,09:50,74.31,ok
2026-09-29,BGY,LCJ,2026-11-23,10:05,121.20,ok
2026-09-29,BGY,LCJ,2026-11-27,09:50,72.47,ok
2026-09-29,BGY,LCJ,2026-11-30,10:05,140.02,ok
2026-09-29,BGY,LCJ,2026-12-07,10:05,187.84,ok
2026-09-29,BGY,LCJ,2026-12-14,10:05,96.90,ok
2026-09-29,BGY,LCJ,2026-12-21,10:05,218.00,ok
2026-09-29,BGY,LCJ,2026-12-23,17:05,183.48,ok
2026-09-29,BGY,LCJ,2026-12-28,10:05,112.46,ok
2026-09-29,BGY,LCJ,2026-12-30,17:05,161.87,ok
2026-09-29,BGY,LCJ,2027-01-01,09:50,143.29,ok
2026-09-29,BGY,LCJ,2027-01-04,10:05,235.72,ok
2026-09-29,BGY,LCJ,2027-02-15,10:05,143.29,ok
2026-09-29,BGY,LCJ,2027-03-15,10:05,332.04,ok
2026-09-29,BGY,LCJ,2027-03-22,10:05,143.29,ok
2026-09-29,BGY,LCJ,2027-05-31,11:45,341.36,ok
2026-09-29,LCJ,BHX,2026-10-01,10:20,361.37,ok
2026-09-29,LCJ,BHX,2026-10-05,22:10,142.04,ok
2026-09-29,LCJ,BHX,2026-10-08,10:20,65.00,ok
2026-09-29,LCJ,BHX,2026-10-12,22:10,123.25,ok
2026-09-29,LCJ,BHX,2026-10-15,10:20,150.04,ok
2026-09-29,LCJ,BHX,2026-10-19,22:10,118.88,ok
2026-09-29,LCJ,BHX,2026-10-22,10:20,88.20,ok
2026-09-29,LCJ,BHX,2026-10-25,19:30,111.40,ok
2026-09-29,LCJ,BHX,2026-10-29,19:10,150.04,ok
2026-09-29,LCJ,BHX,2026-10-30,10:25,235.86,ok
2026-09-29,LCJ,BHX,2026-11-01,19:30,424.89,ok
2026-09-29,LCJ,BHX,2026-11-05,19:10,147.10,ok
2026-09-29,LCJ,BHX,2026-11-06,10:25,132.90,ok
2026-09-29,LCJ,BHX,2026-11-08,19:30,231.54,ok
2026-09-29,LCJ,BHX,2026-11-12,19:10,87.00,ok
2026-09-29,LCJ,BHX,2026-11-15,19:30,178.52,ok
2026-09-29,LCJ,BHX,2026-11-19,19:10,117.93,ok
2026-09-29,LCJ,BHX,2026-11-26,19:10,87.35,ok
2026-09-29,LCJ,BHX,2026-11-29,19:30,196.58,ok
2026-09-29,LCJ,BHX,2026-12-06,19:30,166.59,ok
2026-09-29,LCJ,BHX,2026-12-13,19:30,170.37,ok
2026-09-29,LCJ,BHX,2026-12-17,19:10,109.19,ok
2026-09-29,LCJ,BHX,2026-12-18,10:25,170.37,ok
2026-09-29,LCJ,BHX,2026-12-20,19:30,229.17,ok
2026-09-29,LCJ,BHX,2026-12-31,19:10,490.83,ok
2026-09-29,LCJ,BHX,2027-01-10,19:30,205.32,ok
2026-09-29,LCJ,BHX,2027-03-14,19:30,157.26,ok
2026-09-29,LCJ,BHX,2027-03-25,19:10,170.37,ok
2026-09-29,LCJ,BHX,2027-03-26,10:25,187.84,ok
2026-09-29,LCJ,BHX,2027-04-01,21:50,591.00,ok
2026-09-29,LCJ,BHX,2027-04-15,21:50,272.00,ok
2026-09-29,LCJ,BHX,2027-04-19,15:40,272.00,ok
2026-09-29,LCJ,BHX,2027-04-22,21:50,272.00,ok
2026-09-29,LCJ,BHX,2027-05-17,15:40,276.37,ok
2026-09-29,LCJ,BHX,2027-05-27,21:50,361.37,ok
2026-09-29,LCJ,BHX,2027-05-31,15:40,493.37,ok
2026-09-29,LCJ,BHX,2027-06-03,21:50,450.37,ok
2026-09-29,LCJ,BHX,2027-06-10,21:50,276.37,ok
2026-09-29,LCJ,BHX,2027-06-28,15:40,310.00,ok
2026-09-29,BHX,LCJ,2026-10-01,06:35,309.40,ok
2026-09-29,BHX,LCJ,2026-10-05,18:25,92.57,ok
2026-09-29,BHX,LCJ,2026-10-08,06:35,65.00,ok
2026-09-29,BHX,LCJ,2026-10-12,18:25,111.40,ok
2026-09-29,BHX,LCJ,2026-10-15,06:35,176.22,ok
2026-09-29,BHX,LCJ,2026-10-19,18:25,145.67,ok
2026-09-29,BHX,LCJ,2026-10-22,06:35,430.39,ok
2026-09-29,BHX,LCJ,2026-10-25,15:45,379.85,ok
2026-09-29,BHX,LCJ,2026-10-29,15:25,111.40,ok
2026-09-29,BHX,LCJ,2026-10-30,06:40,111.40,ok
2026-09-29,BHX,LCJ,2026-11-20,06:40,105.67,ok
2026-09-29,BHX,LCJ,2026-11-22,15:45,105.67,ok
2026-09-29,BHX,LCJ,2026-11-27,06:40,173.41,ok
2026-09-29,BHX,LCJ,2026-11-29,15:45,208.29,ok
2026-09-29,BHX,LCJ,2026-12-04,06:40,187.96,ok
2026-09-29,BHX,LCJ,2026-12-10,15:25,152.39,ok
2026-09-29,BHX,LCJ,2026-12-11,06:40,149.55,ok
2026-09-29,BHX,LCJ,2026-12-13,15:45,269.26,ok
2026-09-29,BHX,LCJ,2026-12-17,15:25,505.77,ok
2026-09-29,BHX,LCJ,2026-12-20,15:45,680.80,ok
2026-09-29,BHX,LCJ,2026-12-31,15:25,180.67,ok
2026-09-29,BHX,LCJ,2027-01-03,15:45,279.43,ok
2026-09-29,BHX,LCJ,2027-01-10,15:45,132.07,ok
2026-09-29,BHX,LCJ,2027-01-29,06:40,187.04,ok
2026-09-29,BHX,LCJ,2027-02-28,15:45,174.37,ok
2026-09-29,BHX,LCJ,2027-03-12,06:40,228.61,ok
2026-09-29,BHX,LCJ,2027-03-23,16:05,477.60,ok
2026-09-29,BHX,LCJ,2027-03-25,15:25,457.28,ok
2026-09-29,BHX,LCJ,2027-04-01,18:05,272.00,ok
2026-09-29,BHX,LCJ,2027-04-15,18:05,272.00,ok
2026-09-29,BHX,LCJ,2027-04-19,11:55,272.00,ok
2026-09-29,BHX,LCJ,2027-04-22,18:05,272.00,ok
2026-09-29,BHX,LCJ,2027-05-17,11:55,276.37,ok
2026-09-29,BHX,LCJ,2027-05-27,18:05,276.37,ok
2026-09-29,BHX,LCJ,2027-05-31,11:55,314.37,ok
2026-09-29,BHX,LCJ,2027-06-03,18:05,276.37,ok
2026-09-29,BHX,LCJ,2027-06-10,18:05,276.37,ok
2026-09-29,BHX,LCJ,2027-06-28,11:55,404.00,ok
2026-09-29,LCJ,CRL,2026-10-01,15:30,78.60,ok
2026-09-29,LCJ,CRL,2026-10-04,14:25,131.04,ok
2026-09-29,LCJ,CRL,2026-10-08,15:30,65.50,ok
2026-09-29,LCJ,CRL,2026-10-11,14:25,144.15,ok
2026-09-29,LCJ,CRL,2026-10-22,15:30,65.00,ok
2026-09-29,CRL,LCJ,2026-10-01,13:05,288.34,ok
2026-09-29,CRL,LCJ,2026-10-04,12:05,126.67,ok
2026-09-29,CRL,LCJ,2026-10-08,13:05,67.71,ok
2026-09-29,CRL,LCJ,2026-10-15,13:05,65.50,ok
2026-09-29,CRL,LCJ,2026-10-18,12:05,209.69,ok
2026-09-29,CRL,LCJ,2026-10-22,13:05,65.50,ok
2026-09-29,LCJ,DUB,2026-10-01,22:45,327.67,ok
2026-09-29,LCJ,DUB,2026-10-05,17:30,240.28,ok
2026-09-29,LCJ,DUB,2026-10-12,17:30,266.50,ok
2026-09-29,LCJ,DUB,2026-10-15,22:45,96.09,ok
2026-09-29,LCJ,DUB,2026-10-19,17:30,137.60,ok
2026-09-29,LCJ,DUB,2026-10-22,22:45,187.84,ok
2026-09-29,LCJ,DUB,2026-10-26,13:05,143.41,ok
2026-09-29,LCJ,DUB,2026-10-30,20:25,450.37,ok
2026-09-29,LCJ,DUB,2026-11-02,13:05,391.47,ok
2026-09-29,LCJ,DUB,2026-11-09,13:05,145.29,ok
2026-09-29,LCJ,DUB,2026-11-27,20:25,145.51,ok
2026-09-29,LCJ,DUB,2026-12-07,13:05,153.24,ok
2026-09-29,LCJ,DUB,2026-12-11,20:25,133.58,ok
2026-09-29,LCJ,DUB,2026-12-14,13:05,186.08,ok
2026-09-29,LCJ,DUB,2026-12-18,20:25,218.13,ok
2026-09-29,LCJ,DUB,2026-12-21,13:05,295.60,ok
2026-09-29,LCJ,DUB,2026-12-28,13:05,351.94,ok
2026-09-29,LCJ,DUB,2027-01-01,20:25,589.29,ok
2026-09-29,LCJ,DUB,2027-01-04,13:05,783.11,ok
2026-09-29,LCJ,DUB,2027-01-11,13:05,378.28,ok
2026-09-29,LCJ,DUB,2027-01-25,13:05,450.37,ok
2026-09-29,LCJ,DUB,2027-03-15,13:05,506.37,ok
2026-09-29,LCJ,DUB,2027-04-03,22:15,854.00,ok
2026-09-29,LCJ,DUB,2027-04-06,16:50,603.00,ok
2026-09-29,LCJ,DUB,2027-04-10,22:15,782.00,ok
2026-09-29,LCJ,DUB,2027-06-01,16:50,603.00,ok
2026-09-29,LCJ,DUB,2027-06-05,22:15,446.00,ok
2026-09-29,LCJ,DUB,2027-06-08,16:50,548.00,ok
2026-09-29,LCJ,DUB,2027-06-19,22:15,446.00,ok
2026-09-29,LCJ,DUB,2027-06-26,22:15,502.00,ok
2026-09-29,DUB,LCJ,2026-10-01,18:35,607.37,ok
2026-09-29,DUB,LCJ,2026-10-05,13:20,179.11,ok
2026-09-29,DUB,LCJ,2026-10-08,18:35,235.91,ok
2026-09-29,DUB,LCJ,2026-10-12,13:20,192.21,ok
2026-09-29,DUB,LCJ,2026-10-15,18:35,318.93,ok
2026-09-29,DUB,LCJ,2026-10-19,13:20,196.00,ok
2026-09-29,DUB,LCJ,2026-10-22,18:35,417.09,ok
2026-09-29,DUB,LCJ,2026-10-26,09:00,198.91,ok
2026-09-29,DUB,LCJ,2026-10-30,16:20,171.38,ok
2026-09-29,DUB,LCJ,2026-11-02,09:00,137.17,ok
2026-09-29,DUB,LCJ,2026-11-06,16:20,148.52,ok
2026-09-29,DUB,LCJ,2026-11-09,09:00,130.00,ok
2026-09-29,DUB,LCJ,2026-11-13,16:20,145.51,ok
2026-09-29,DUB,LCJ,2026-11-20,16:20,130.00,ok
2026-09-29,DUB,LCJ,2026-11-23,09:00,130.00,ok
2026-09-29,DUB,LCJ,2026-12-07,09:00,136.55,ok
2026-09-29,DUB,LCJ,2026-12-14,09:00,250.76,ok
2026-09-29,DUB,LCJ,2026-12-18,16:20,686.00,ok
2026-09-29,DUB,LCJ,2026-12-21,09:00,686.00,ok
2026-09-29,DUB,LCJ,2026-12-23,07:15,900.07,ok
2026-09-29,DUB,LCJ,2026-12-28,09:00,425.20,ok
2026-09-29,DUB,LCJ,2026-12-30,07:15,337.29,ok
2026-09-29,DUB,LCJ,2027-01-01,16:20,301.45,ok
2026-09-29,DUB,LCJ,2027-01-04,09:00,332.00,ok
2026-09-29,DUB,LCJ,2027-01-08,16:20,245.66,ok
2026-09-29,DUB,LCJ,2027-01-11,09:00,166.00,ok
2026-09-29,DUB,LCJ,2027-01-15,16:20,200.95,ok
2026-09-29,DUB,LCJ,2027-01-22,16:20,180.20,ok
2026-09-29,DUB,LCJ,2027-01-25,09:00,170.37,ok
2026-09-29,DUB,LCJ,2027-02-05,16:20,183.48,ok
2026-09-29,DUB,LCJ,2027-02-12,16:20,226.00,ok
2026-09-29,DUB,LCJ,2027-03-12,16:20,230.37,ok
2026-09-29,DUB,LCJ,2027-03-15,09:00,552.37,ok
2026-09-29,DUB,LCJ,2027-03-26,16:20,563.62,ok
2026-09-29,DUB,LCJ,2027-04-03,18:10,502.00,ok
2026-09-29,DUB,LCJ,2027-04-06,12:45,306.00,ok
2026-09-29,DUB,LCJ,2027-04-10,18:10,349.00,ok
2026-09-29,DUB,LCJ,2027-06-01,12:45,502.00,ok
2026-09-29,DUB,LCJ,2027-06-05,18:10,603.00,ok
2026-09-29,DUB,LCJ,2027-06-08,12:45,548.00,ok
2026-09-29,DUB,LCJ,2027-06-19,18:10,659.00,ok
2026-09-29,DUB,LCJ,2027-06-26,18:10,782.00,ok
2026-09-29,LCJ,STN,2026-09-29,20:45,563.04,ok
2026-09-29,LCJ,STN,2026-09-30,11:50,535.95,ok
2026-09-29,LCJ,STN,2026-10-01,16:15,401.58,ok
2026-09-29,LCJ,STN,2026-10-03,11:35,714.20,ok
2026-09-29,LCJ,STN,2026-10-04,15:45,692.37,ok
2026-09-29,LCJ,STN,2026-10-05,16:45,320.93,ok
2026-09-29,LCJ,STN,2026-10-06,20:45,336.37,ok
2026-09-29,LCJ,STN,2026-10-07,11:50,191.37,ok
2026-09-29,LCJ,STN,2026-10-08,16:15,288.13,ok
2026-09-29,LCJ,STN,2026-10-10,11:35,215.87,ok
2026-09-29,LCJ,STN,2026-10-11,15:45,518.37,ok
2026-09-29,LCJ,STN,2026-10-12,16:45,221.37,ok
2026-09-29,LCJ,STN,2026-10-13,20:45,96.14,ok
2026-09-29,LCJ,STN,2026-10-14,11:50,116.84,ok
2026-09-29,LCJ,STN,2026-10-15,16:15,113.17,ok
2026-09-29,LCJ,STN,2026-10-17,11:35,248.63,ok
2026-09-29,LCJ,STN,2026-10-18,15:45,176.94,ok
2026-09-29,LCJ,STN,2026-10-19,16:45,107.53,ok
2026-09-29,LCJ,STN,2026-10-20,20:45,65.00,ok
2026-09-29,LCJ,STN,2026-10-21,11:50,82.16,ok
2026-09-29,LCJ,STN,2026-10-22,16:15,95.62,ok
2026-09-29,LCJ,STN,2026-10-24,11:35,187.00,ok
2026-09-29,LCJ,STN,2026-10-25,17:30,74.00,ok
2026-09-29,LCJ,STN,2026-10-26,10:55,97.11,ok
2026-09-29,LCJ,STN,2026-10-27,20:30,71.55,ok
2026-09-29,LCJ,STN,2026-10-29,17:45,221.37,ok
2026-09-29,LCJ,STN,2026-10-30,10:10,234.22,ok
2026-09-29,LCJ,STN,2026-10-31,12:25,395.35,ok
2026-09-29,LCJ,STN,2026-11-01,13:40,388.84,ok
2026-09-29,LCJ,STN,2026-11-02,10:55,581.10,ok
2026-09-29,LCJ,STN,2026-11-05,17:45,266.50,ok
2026-09-29,LCJ,STN,2026-11-06,10:10,260.35,ok
2026-09-29,LCJ,STN,2026-11-07,12:25,292.71,ok
2026-09-29,LCJ,STN,2026-11-09,10:55,231.54,ok
2026-09-29,LCJ,STN,2026-11-12,17:45,272.67,ok
2026-09-29,LCJ,STN,2026-11-14,12:25,148.52,ok
2026-09-29,LCJ,STN,2026-11-15,17:30,161.63,ok
2026-09-29,LCJ,STN,2026-11-16,10:55,144.15,ok
2026-09-29,LCJ,STN,2026-11-19,17:45,101.39,ok
2026-09-29,LCJ,STN,2026-11-20,10:10,170.37,ok
2026-09-29,LCJ,STN,2026-11-21,12:25,126.67,ok
2026-09-29,LCJ,STN,2026-11-22,13:40,113.56,ok
2026-09-29,LCJ,STN,2026-11-23,10:55,104.82,ok
2026-09-29,LCJ,STN,2026-11-26,17:45,138.12,ok
2026-09-29,LCJ,STN,2026-11-28,12:25,91.72,ok
2026-09-29,LCJ,STN,2026-11-29,13:40,105.96,ok
2026-09-29,LCJ,STN,2026-12-03,17:45,174.74,ok
2026-09-29,LCJ,STN,2026-12-04,10:10,109.60,ok
2026-09-29,LCJ,STN,2026-12-12,12:25,91.72,ok
2026-09-29,LCJ,STN,2026-12-17,17:45,99.46,ok
2026-09-29,LCJ,STN,2026-12-18,14:20,102.35,ok
2026-09-29,LCJ,STN,2026-12-19,12:25,187.00,ok
2026-09-29,LCJ,STN,2026-12-20,13:40,138.12,ok
2026-09-29,LCJ,STN,2026-12-22,21:25,214.06,ok
2026-09-29,LCJ,STN,2026-12-23,09:35,368.18,ok
2026-09-29,LCJ,STN,2026-12-27,13:40,387.97,ok
2026-09-29,LCJ,STN,2026-12-28,10:55,537.94,ok
2026-09-29,LCJ,STN,2026-12-29,21:25,470.96,ok
2026-09-29,LCJ,STN,2026-12-30,09:35,445.65,ok
2026-09-29,LCJ,STN,2026-12-31,17:45,465.04,ok
2026-09-29,LCJ,STN,2027-01-02,12:25,750.48,ok
2026-09-29,LCJ,STN,2027-01-03,13:40,688.00,ok
2026-09-29,LCJ,STN,2027-01-04,10:55,561.85,ok
2026-09-29,LCJ,STN,2027-01-07,17:45,238.45,ok
2026-09-29,LCJ,STN,2027-01-08,14:20,187.84,ok
2026-09-29,LCJ,STN,2027-01-10,17:30,275.69,ok
2026-09-29,LCJ,STN,2027-01-23,12:25,144.23,ok
2026-09-29,LCJ,STN,2027-01-25,10:55,136.37,ok
2026-09-29,LCJ,STN,2027-02-04,17:45,109.19,ok
2026-09-29,LCJ,STN,2027-02-07,17:30,144.15,ok
2026-09-29,LCJ,STN,2027-02-18,17:45,227.17,ok
2026-09-29,LCJ,STN,2027-02-21,13:40,410.33,ok
2026-09-29,LCJ,STN,2027-02-22,10:55,266.50,ok
2026-09-29,LCJ,STN,2027-02-25,17:45,148.52,ok
2026-09-29,LCJ,STN,2027-02-28,13:40,162.37,ok
2026-09-29,LCJ,STN,2027-03-01,10:55,174.60,ok
2026-09-29,LCJ,STN,2027-03-07,17:30,249.02,ok
2026-09-29,LCJ,STN,2027-03-13,12:25,162.37,ok
2026-09-29,LCJ,STN,2027-03-28,15:45,221.37,ok
2026-09-29,LCJ,STN,2027-04-01,16:00,421.00,ok
2026-09-29,LCJ,STN,2027-04-02,16:20,421.00,ok
2026-09-29,LCJ,STN,2027-04-03,12:05,514.00,ok
2026-09-29,LCJ,STN,2027-04-04,15:45,514.00,ok
2026-09-29,LCJ,STN,2027-04-06,20:30,421.00,ok
2026-09-29,LCJ,STN,2027-04-07,12:20,210.38,ok
2026-09-29,LCJ,STN,2027-04-10,12:05,251.00,ok
2026-09-29,LCJ,STN,2027-04-15,16:00,468.00,ok
2026-09-29,LCJ,STN,2027-04-16,16:20,421.00,ok
2026-09-29,LCJ,STN,2027-04-19,15:25,514.00,ok
2026-09-29,LCJ,STN,2027-04-21,12:20,514.00,ok
2026-09-29,LCJ,STN,2027-04-22,16:00,421.00,ok
2026-09-29,LCJ,STN,2027-05-14,16:20,221.37,ok
2026-09-29,LCJ,STN,2027-05-17,15:25,293.37,ok
2026-09-29,LCJ,STN,2027-05-27,16:00,336.37,ok
2026-09-29,LCJ,STN,2027-05-28,16:20,382.37,ok
2026-09-29,LCJ,STN,2027-05-30,15:45,468.00,ok
2026-09-29,LCJ,STN,2027-05-31,15:25,293.37,ok
2026-09-29,LCJ,STN,2027-06-01,20:30,289.00,ok
2026-09-29,LCJ,STN,2027-06-03,16:00,221.37,ok
2026-09-29,LCJ,STN,2027-06-05,12:05,289.00,ok
2026-09-29,LCJ,STN,2027-06-06,15:45,289.00,ok
2026-09-29,LCJ,STN,2027-06-08,20:30,251.00,ok
2026-09-29,LCJ,STN,2027-06-09,12:20,217.00,ok
2026-09-29,LCJ,STN,2027-06-10,16:00,221.37,ok
2026-09-29,LCJ,STN,2027-06-11,16:20,187.00,ok
2026-09-29,LCJ,STN,2027-06-13,15:45,293.37,ok
2026-09-29,LCJ,STN,2027-06-19,12:05,251.00,ok
2026-09-29,LCJ,STN,2027-06-25,16:20,289.00,ok
2026-09-29,LCJ,STN,2027-06-26,12:05,332.00,ok
2026-09-29,LCJ,STN,2027-06-28,15:25,332.00,ok
2026-09-29,LCJ,STN,2027-07-09,16:20,206.01,ok
2026-09-29,LCJ,STN,2027-07-25,15:45,238.45,ok
2026-09-29,STN,LCJ,2026-09-29,17:10,719.86,ok
2026-09-29,STN,LCJ,2026-09-30,08:15,384.61,ok
2026-09-29,STN,LCJ,2026-10-01,12:40,391.88,ok
2026-09-29,STN,LCJ,2026-10-03,08:00,181.31,ok
2026-09-29,STN,LCJ,2026-10-04,12:10,336.37,ok
2026-09-29,STN,LCJ,2026-10-05,13:10,205.78,ok
2026-09-29,STN,LCJ,2026-10-06,17:10,69.15,ok
2026-09-29,STN,LCJ,2026-10-07,08:15,65.00,ok
2026-09-29,STN,LCJ,2026-10-08,12:40,180.69,ok
2026-09-29,STN,LCJ,2026-10-10,08:00,112.60,ok
2026-09-29,STN,LCJ,2026-10-11,12:10,294.65,ok
2026-09-29,STN,LCJ,2026-10-12,13:10,86.53,ok
2026-09-29,STN,LCJ,2026-10-13,17:10,155.28,ok
2026-09-29,STN,LCJ,2026-10-14,08:15,86.53,ok
2026-09-29,STN,LCJ,2026-10-15,12:40,205.99,ok
2026-09-29,STN,LCJ,2026-10-17,08:00,401.81,ok
2026-09-29,STN,LCJ,2026-10-18,12:10,332.00,ok
2026-09-29,STN,LCJ,2026-10-19,13:10,270.79,ok
2026-09-29,STN,LCJ,2026-10-20,17:10,229.98,ok
2026-09-29,STN,LCJ,2026-10-21,08:15,270.79,ok
2026-09-29,STN,LCJ,2026-10-22,12:40,450.41,ok
2026-09-29,STN,LCJ,2026-10-24,08:00,421.00,ok
2026-09-29,STN,LCJ,2026-10-25,10:05,304.60,ok
2026-09-29,STN,LCJ,2026-10-26,07:20,141.26,ok
2026-09-29,STN,LCJ,2026-10-27,16:55,180.69,ok
2026-09-29,STN,LCJ,2026-10-29,14:10,112.60,ok
2026-09-29,STN,LCJ,2026-10-30,06:35,99.99,ok
2026-09-29,STN,LCJ,2026-10-31,08:50,160.96,ok
2026-09-29,STN,LCJ,2026-11-02,07:20,100.20,ok
2026-09-29,STN,LCJ,2026-11-06,06:35,87.00,ok
2026-09-29,STN,LCJ,2026-11-12,14:10,136.37,ok
2026-09-29,STN,LCJ,2026-11-15,10:05,132.07,ok
2026-09-29,STN,LCJ,2026-11-16,07:20,177.80,ok
2026-09-29,STN,LCJ,2026-11-20,06:35,157.47,ok
2026-09-29,STN,LCJ,2026-11-22,10:05,142.23,ok
2026-09-29,STN,LCJ,2026-11-23,07:20,134.45,ok
2026-09-29,STN,LCJ,2026-11-26,14:10,283.12,ok
2026-09-29,STN,LCJ,2026-11-28,08:50,111.74,ok
2026-09-29,STN,LCJ,2026-11-29,10:05,88.18,ok
2026-09-29,STN,LCJ,2026-12-03,14:10,167.64,ok
2026-09-29,STN,LCJ,2026-12-04,10:45,87.00,ok
2026-09-29,STN,LCJ,2026-12-05,08:50,105.23,ok
2026-09-29,STN,LCJ,2026-12-06,10:05,111.74,ok
2026-09-29,STN,LCJ,2026-12-07,07:20,208.44,ok
2026-09-29,STN,LCJ,2026-12-11,06:35,99.46,ok
2026-09-29,STN,LCJ,2026-12-12,08:50,175.60,ok
2026-09-29,STN,LCJ,2026-12-13,10:05,193.04,ok
2026-09-29,STN,LCJ,2026-12-14,07:20,208.29,ok
2026-09-29,STN,LCJ,2026-12-17,14:10,802.81,ok
2026-09-29,STN,LCJ,2026-12-18,06:35,675.78,ok
2026-09-29,STN,LCJ,2026-12-19,08:50,1232.49,ok
2026-09-29,STN,LCJ,2026-12-21,07:20,665.72,ok
2026-09-29,STN,LCJ,2026-12-22,17:50,813.38,ok
2026-09-29,STN,LCJ,2026-12-23,05:55,900.64,ok
2026-09-29,STN,LCJ,2026-12-26,08:50,340.40,ok
2026-09-29,STN,LCJ,2026-12-27,10:05,279.43,ok
2026-09-29,STN,LCJ,2026-12-28,07:20,197.73,ok
2026-09-29,STN,LCJ,2026-12-29,17:50,208.44,ok
2026-09-29,STN,LCJ,2026-12-30,05:55,117.32,ok
2026-09-29,STN,LCJ,2026-12-31,14:10,105.23,ok
2026-09-29,STN,LCJ,2027-01-02,08:50,187.00,ok
2026-09-29,STN,LCJ,2027-01-25,07:20,162.37,ok
2026-09-29,STN,LCJ,2027-01-28,14:10,144.23,ok
2026-09-29,STN,LCJ,2027-01-29,10:45,206.01,ok
2026-09-29,STN,LCJ,2027-02-05,06:35,187.96,ok
2026-09-29,STN,LCJ,2027-02-06,08:50,162.37,ok
2026-09-29,STN,LCJ,2027-02-07,13:55,162.37,ok
2026-09-29,STN,LCJ,2027-02-28,10:05,162.37,ok
2026-09-29,STN,LCJ,2027-03-07,13:55,174.60,ok
2026-09-29,STN,LCJ,2027-03-11,14:10,172.72,ok
2026-09-29,STN,LCJ,2027-03-12,06:35,162.37,ok
2026-09-29,STN,LCJ,2027-03-14,13:55,174.60,ok
2026-09-29,STN,LCJ,2027-03-15,07:20,191.37,ok
2026-09-29,STN,LCJ,2027-03-19,10:45,477.60,ok
2026-09-29,STN,LCJ,2027-03-20,08:50,609.72,ok
2026-09-29,STN,LCJ,2027-03-26,06:35,594.47,ok
2026-09-29,STN,LCJ,2027-03-28,12:10,210.38,ok
2026-09-29,STN,LCJ,2027-04-01,12:25,187.00,ok
2026-09-29,STN,LCJ,2027-04-02,12:45,187.00,ok
2026-09-29,STN,LCJ,2027-04-03,08:30,187.00,ok
2026-09-29,STN,LCJ,2027-04-04,12:10,187.00,ok
2026-09-29,STN,LCJ,2027-04-06,16:55,187.00,ok
2026-09-29,STN,LCJ,2027-04-07,08:45,336.37,ok
2026-09-29,STN,LCJ,2027-04-10,08:30,378.00,ok
2026-09-29,STN,LCJ,2027-04-15,12:25,421.00,ok
2026-09-29,STN,LCJ,2027-04-16,12:45,468.00,ok
2026-09-29,STN,LCJ,2027-04-19,11:50,187.00,ok
2026-09-29,STN,LCJ,2027-04-21,08:45,187.00,ok
2026-09-29,STN,LCJ,2027-04-22,12:25,187.00,ok
2026-09-29,STN,LCJ,2027-05-04,16:55,362.15,ok
2026-09-29,STN,LCJ,2027-05-14,12:45,382.37,ok
2026-09-29,STN,LCJ,2027-05-17,11:50,293.37,ok
2026-09-29,STN,LCJ,2027-05-27,12:25,255.37,ok
2026-09-29,STN,LCJ,2027-05-28,12:45,255.37,ok
2026-09-29,STN,LCJ,2027-05-30,12:10,289.00,ok
2026-09-29,STN,LCJ,2027-05-31,11:50,221.37,ok
2026-09-29,STN,LCJ,2027-06-01,16:55,217.00,ok
2026-09-29,STN,LCJ,2027-06-03,12:25,191.37,ok
2026-09-29,STN,LCJ,2027-06-05,08:30,251.00,ok
2026-09-29,STN,LCJ,2027-06-06,12:10,251.00,ok
2026-09-29,STN,LCJ,2027-06-08,16:55,217.00,ok
2026-09-29,STN,LCJ,2027-06-09,08:45,187.00,ok
2026-09-29,STN,LCJ,2027-06-10,12:25,221.37,ok
2026-09-29,STN,LCJ,2027-06-11,12:45,251.00,ok
2026-09-29,STN,LCJ,2027-06-13,12:10,336.37,ok
2026-09-29,STN,LCJ,2027-06-19,08:30,378.00,ok
2026-09-29,STN,LCJ,2027-06-25,12:45,316.96,ok
2026-09-29,STN,LCJ,2027-06-26,08:30,332.00,ok
2026-09-29,STN,LCJ,2027-06-28,11:50,289.00,ok
2026-09-30,LCJ,AGP,2026-09-30,19:25,641.03,ok
2026-09-30,LCJ,AGP,2026-10-03,20:10,267.07,ok
2026-09-30,LCJ,AGP,2026-10-07,19:25,122.22,ok
2026-09-30,LCJ,AGP,2026-10-10,20:10,148.42,ok
2026-09-30,LCJ,AGP,2026-10-14,19:25,205.19,ok
2026-09-30,LCJ,AGP,2026-10-21,19:25,218.29,ok
2026-09-30,LCJ,AGP,2026-10-24,20:10,148.42,ok
2026-09-30,LCJ,AGP,2026-10-30,20:40,232.96,ok
2026-09-30,LCJ,AGP,2026-11-01,20:20,165.89,ok
2026-09-30,LCJ,AGP,2026-11-05,12:50,270.69,ok
2026-09-30,LCJ,AGP,2026-11-06,20:40,341.35,ok
2026-09-30,LCJ,AGP,2026-11-08,20:20,316.55,ok
2026-09-30,LCJ,AGP,2026-11-12,12:50,301.26,ok
2026-09-30,LCJ,AGP,2026-11-15,20:20,109.12,ok
2026-09-30,LCJ,AGP,2026-11-19,12:50,104.76,ok
2026-09-30,LCJ,AGP,2026-11-20,20:40,104.76,ok
2026-09-30,LCJ,AGP,2026-11-26,12:50,188.57,ok
2026-09-30,LCJ,AGP,2026-12-11,20:40,200.82,ok
2026-09-30,LCJ,AGP,2026-12-20,20:20,186.43,ok
2026-09-30,LCJ,AGP,2027-01-10,20:20,96.02,ok
2026-09-30,LCJ,AGP,2027-01-15,20:40,419.16,ok
2026-09-30,LCJ,AGP,2027-02-05,20:40,231.39,ok
2026-09-30,LCJ,AGP,2027-02-07,20:20,336.19,ok
2026-09-30,LCJ,AGP,2027-02-12,20:40,406.06,ok
2026-09-30,LCJ,AGP,2027-02-19,20:40,179.00,ok
2026-09-30,LCJ,AGP,2027-02-21,20:20,436.63,ok
2026-09-30,LCJ,AGP,2027-03-26,20:40,366.76,ok
2026-09-30,LCJ,AGP,2027-07-12,20:00,374.37,ok
2026-09-30,LCJ,AGP,2027-07-29,18:50,323.00,ok
2026-09-30,AGP,LCJ,2026-09-30,15:20,1336.16,ok
2026-09-30,AGP,LCJ,2026-10-03,15:40,785.96,ok
2026-09-30,AGP,LCJ,2026-10-07,15:20,445.36,ok
2026-09-30,AGP,LCJ,2026-10-10,15:40,472.00,ok
2026-09-30,AGP,LCJ,2026-10-14,15:20,314.36,ok
2026-09-30,AGP,LCJ,2026-10-17,15:40,471.56,ok
2026-09-30,AGP,LCJ,2026-10-21,15:20,379.86,ok
2026-09-30,AGP,LCJ,2026-10-24,15:40,323.09,ok
2026-09-30,AGP,LCJ,2026-11-01,16:10,299.41,ok
2026-09-30,AGP,LCJ,2026-11-05,08:40,82.92,ok
2026-09-30,AGP,LCJ,2026-11-06,16:30,187.31,ok
2026-09-30,AGP,LCJ,2026-11-08,16:10,257.30,ok
2026-09-30,AGP,LCJ,2026-11-12,08:40,292.53,ok
2026-09-30,AGP,LCJ,2026-11-13,16:30,305.63,ok
2026-09-30,AGP,LCJ,2026-11-15,16:10,651.13,ok
2026-09-30,AGP,LCJ,2026-11-22,16:10,301.26,ok
2026-09-30,AGP,LCJ,2026-11-27,16:30,126.59,ok
2026-09-30,AGP,LCJ,2026-12-04,16:30,261.96,ok
2026-09-30,AGP,LCJ,2027-01-01,16:30,187.72,ok
2026-09-30,AGP,LCJ,2027-01-03,16:10,358.26,ok
2026-09-30,AGP,LCJ,2027-01-29,16:30,405.61,ok
2026-09-30,AGP,LCJ,2027-02-05,16:30,170.26,ok
2026-09-30,AGP,LCJ,2027-02-07,16:10,218.43,ok
2026-09-30,AGP,LCJ,2027-02-19,16:30,314.56,ok
2026-09-30,AGP,LCJ,2027-02-28,16:10,268.19,ok
2026-09-30,AGP,LCJ,2027-03-19,16:30,301.26,ok
2026-09-30,AGP,LCJ,2027-07-12,15:50,629.37,ok
2026-09-30,AGP,LCJ,2027-07-29,14:40,569.00,ok
2026-09-30,LCJ,ALC,2026-09-30,09:40,763.99,ok
2026-09-30,LCJ,ALC,2026-10-05,21:30,118.49,ok
2026-09-30,LCJ,ALC,2026-10-07,09:40,209.56,ok
2026-09-30,LCJ,ALC,2026-10-09,09:45,397.33,ok
2026-09-30,LCJ,ALC,2026-10-12,21:30,248.02,ok
2026-09-30,LCJ,ALC,2026-10-14,09:40,338.57,ok
2026-09-30,LCJ,ALC,2026-10-16,09:45,528.33,ok
2026-09-30,LCJ,ALC,2026-10-19,21:30,130.96,ok
2026-09-30,LCJ,ALC,2026-10-23,09:45,292.53,ok
2026-09-30,LCJ,ALC,2026-10-29,11:55,520.83,ok
2026-09-30,LCJ,ALC,2026-11-02,19:20,157.16,ok
2026-09-30,LCJ,ALC,2026-11-05,11:55,540.49,ok
2026-09-30,LCJ,ALC,2026-11-09,19:20,213.92,ok
2026-09-30,LCJ,ALC,2026-11-12,11:55,222.66,ok
2026-09-30,LCJ,ALC,2026-11-16,19:20,100.39,ok
2026-09-30,LCJ,ALC,2026-11-19,11:55,200.82,ok
2026-09-30,LCJ,ALC,2026-11-23,19:20,114.11,ok
2026-09-30,LCJ,ALC,2026-11-26,11:55,244.55,ok
2026-09-30,LCJ,ALC,2026-11-30,19:20,111.06,ok
2026-09-30,LCJ,ALC,2026-12-03,11:55,205.19,ok
2026-09-30,LCJ,ALC,2026-12-07,19:20,117.86,ok
2026-09-30,LCJ,ALC,2026-12-10,11:55,108.00,ok
2026-09-30,LCJ,ALC,2026-12-21,19:20,222.80,ok
2026-09-30,LCJ,ALC,2026-12-31,11:55,760.25,ok
2026-09-30,LCJ,ALC,2027-01-14,11:55,214.35,ok
2026-09-30,LCJ,ALC,2027-01-28,11:55,140.37,ok
2026-09-30,LCJ,ALC,2027-02-08,19:20,165.89,ok
2026-09-30,LCJ,ALC,2027-02-11,11:55,157.16,ok
2026-09-30,LCJ,ALC,2027-03-25,11:55,388.59,ok
2026-09-30,LCJ,ALC,2027-07-12,09:35,446.37,ok
2026-09-30,LCJ,ALC,2027-07-30,17:10,442.00,ok
2026-09-30,ALC,LCJ,2026-09-30,05:50,803.31,ok
2026-09-30,ALC,LCJ,2026-10-02,06:00,628.76,ok
2026-09-30,ALC,LCJ,2026-10-05,17:50,751.03,ok
2026-09-30,ALC,LCJ,2026-10-07,05:50,305.63,ok
2026-09-30,ALC,LCJ,2026-10-09,06:00,585.09,ok
2026-09-30,ALC,LCJ,2026-10-14,05:50,462.83,ok
2026-09-30,ALC,LCJ,2026-10-16,06:00,275.06,ok
2026-09-30,ALC,LCJ,2026-10-19,17:50,628.76,ok
2026-09-30,ALC,LCJ,2026-10-21,05:50,250.13,ok
2026-09-30,ALC,LCJ,2026-10-23,06:00,301.26,ok
2026-09-30,ALC,LCJ,2026-10-29,08:15,576.07,ok
2026-09-30,ALC,LCJ,2026-10-31,06:30,338.57,ok
2026-09-30,ALC,LCJ,2026-11-02,15:40,540.49,ok
2026-09-30,ALC,LCJ,2026-11-05,08:15,266.33,ok
2026-09-30,ALC,LCJ,2026-11-09,15:40,371.13,ok
2026-09-30,ALC,LCJ,2026-11-16,15:40,554.53,ok
2026-09-30,ALC,LCJ,2026-11-26,08:15,96.02,ok
2026-09-30,ALC,LCJ,2026-11-30,15:40,266.33,ok
2026-09-30,ALC,LCJ,2026-12-03,08:15,196.46,ok
2026-09-30,ALC,LCJ,2026-12-07,15:40,227.02,ok
2026-09-30,ALC,LCJ,2026-12-10,08:15,96.02,ok
2026-09-30,ALC,LCJ,2026-12-14,15:40,178.99,ok
2026-09-30,ALC,LCJ,2026-12-17,08:15,108.00,ok
2026-09-30,ALC,LCJ,2026-12-21,15:40,174.74,ok
2026-09-30,ALC,LCJ,2026-12-24,08:15,104.76,ok
2026-09-30,ALC,LCJ,2026-12-31,08:15,165.89,ok
2026-09-30,ALC,LCJ,2027-01-04,15:40,484.66,ok
2026-09-30,ALC,LCJ,2027-01-14,08:15,166.00,ok
2026-09-30,ALC,LCJ,2027-01-21,08:15,139.69,ok
2026-09-30,ALC,LCJ,2027-01-25,15:40,301.45,ok
2026-09-30,ALC,LCJ,2027-01-28,08:15,378.96,ok
2026-09-30,ALC,LCJ,2027-02-22,15:40,218.72,ok
2026-09-30,ALC,LCJ,2027-03-08,15:40,175.98,ok
2026-09-30,ALC,LCJ,2027-03-15,15:40,209.56,ok
2026-09-30,ALC,LCJ,2027-07-12,05:55,646.37,ok
2026-09-30,ALC,LCJ,2027-07-30,13:30,642.00,ok
2026-09-30,LCJ,BGY,2026-09-30,08:25,507.93,ok
2026-09-30,LCJ,BGY,2026-10-01,09:50,218.29,ok
2026-09-30,LCJ,BGY,2026-10-02,13:30,445.36,ok
2026-09-30,LCJ,BGY,2026-10-05,13:30,130.96,ok
2026-09-30,LCJ,BGY,2026-10-06,22:10,109.12,ok
2026-09-30,LCJ,BGY,2026-10-07,12:45,65.46,ok
2026-09-30,LCJ,BGY,2026-10-08,09:50,148.42,ok
2026-09-30,LCJ,BGY,2026-10-09,13:30,231.39,ok
2026-09-30,LCJ,BGY,2026-10-14,12:45,65.46,ok
2026-09-30,LCJ,BGY,2026-10-15,09:50,178.99,ok
2026-09-30,LCJ,BGY,2026-10-16,13:30,178.99,ok
2026-09-30,LCJ,BGY,2026-10-18,18:05,79.86,ok
2026-09-30,LCJ,BGY,2026-10-19,13:30,91.66,ok
2026-09-30,LCJ,BGY,2026-10-20,22:10,65.46,ok
2026-09-30,LCJ,BGY,2026-10-23,13:30,86.49,ok
2026-09-30,LCJ,BGY,2026-11-02,12:25,65.46,ok
2026-09-30,LCJ,BGY,2026-11-09,12:25,65.00,ok
2026-09-30,LCJ,BGY,2026-11-13,12:10,65.00,ok
2026-09-30,LCJ,BGY,2026-11-16,12:25,65.00,ok
2026-09-30,LCJ,BGY,2026-11-23,12:25,65.46,ok
2026-09-30,LCJ,BGY,2026-11-27,12:10,126.59,ok
2026-09-30,LCJ,BGY,2026-11-30,12:25,65.46,ok
2026-09-30,LCJ,BGY,2026-12-04,12:10,204.89,ok
2026-09-30,LCJ,BGY,2026-12-07,12:25,65.46,ok
2026-09-30,LCJ,BGY,2026-12-11,12:10,187.72,ok
2026-09-30,LCJ,BGY,2026-12-30,19:25,331.83,ok
2026-09-30,LCJ,BGY,2027-02-22,12:25,109.12,ok
2026-09-30,LCJ,BGY,2027-03-05,12:10,100.39,ok
2026-09-30,LCJ,BGY,2027-03-15,12:25,340.56,ok
2026-09-30,BGY,LCJ,2026-09-30,06:10,445.36,ok
2026-09-30,BGY,LCJ,2026-10-01,07:35,69.82,ok
2026-09-30,BGY,LCJ,2026-10-02,11:15,187.72,ok
2026-09-30,BGY,LCJ,2026-10-04,15:25,494.50,ok
2026-09-30,BGY,LCJ,2026-10-05,11:15,192.09,ok
2026-09-30,BGY,LCJ,2026-10-06,19:55,135.32,ok
2026-09-30,BGY,LCJ,2026-10-08,07:35,65.46,ok
2026-09-30,BGY,LCJ,2026-10-09,11:15,109.12,ok
2026-09-30,BGY,LCJ,2026-10-11,15:25,300.64,ok
2026-09-30,BGY,LCJ,2026-10-12,11:15,192.09,ok
2026-09-30,BGY,LCJ,2026-10-13,19:55,91.66,ok
2026-09-30,BGY,LCJ,2026-10-15,07:35,65.46,ok
2026-09-30,BGY,LCJ,2026-10-16,11:15,174.62,ok
2026-09-30,BGY,LCJ,2026-10-18,15:25,414.38,ok
2026-09-30,BGY,LCJ,2026-10-19,11:15,309.99,ok
2026-09-30,BGY,LCJ,2026-10-20,19:55,183.36,ok
2026-09-30,BGY,LCJ,2026-10-21,06:20,65.46,ok
2026-09-30,BGY,LCJ,2026-10-23,11:15,174.62,ok
2026-09-30,BGY,LCJ,2026-10-26,10:05,181.02,ok
2026-09-30,BGY,LCJ,2026-10-30,09:50,111.37,ok
2026-09-30,BGY,LCJ,2026-11-06,09:50,65.00,ok
2026-09-30,BGY,LCJ,2026-11-09,10:05,160.91,ok
2026-09-30,BGY,LCJ,2026-11-16,10:05,197.11,ok
2026-09-30,BGY,LCJ,2026-11-20,09:50,65.00,ok
2026-09-30,BGY,LCJ,2026-11-23,10:05,306.82,ok
2026-09-30,BGY,LCJ,2026-11-27,09:50,65.00,ok
2026-09-30,BGY,LCJ,2026-11-30,10:05,166.24,ok
2026-09-30,BGY,LCJ,2026-12-04,09:50,91.66,ok
2026-09-30,BGY,LCJ,2026-12-07,10:05,187.72,ok
2026-09-30,BGY,LCJ,2026-12-11,09:50,74.19,ok
2026-09-30,BGY,LCJ,2026-12-14,10:05,116.83,ok
2026-09-30,BGY,LCJ,2026-12-18,09:50,113.56,ok
2026-09-30,BGY,LCJ,2027-02-26,09:50,109.12,ok
2026-09-30,BGY,LCJ,2027-03-15,10:05,331.83,ok
2026-09-30,BGY,LCJ,2027-03-19,09:50,109.12,ok
2026-09-30,BGY,LCJ,2027-03-26,09:50,196.46,ok
2026-09-30,BGY,LCJ,2027-05-31,11:45,313.18,ok
2026-09-30,LCJ,BHX,2026-10-01,10:20,314.37,ok
2026-09-30,LCJ,BHX,2026-10-05,22:10,171.45,ok
2026-09-30,LCJ,BHX,2026-10-08,10:20,104.80,ok
2026-09-30,LCJ,BHX,2026-10-15,10:20,123.25,ok
2026-09-30,LCJ,BHX,2026-10-19,22:10,123.25,ok
2026-09-30,LCJ,BHX,2026-10-22,10:20,104.80,ok
2026-09-30,LCJ,BHX,2026-10-29,19:10,111.40,ok
2026-09-30,LCJ,BHX,2026-11-01,19:30,376.79,ok
2026-09-30,LCJ,BHX,2026-11-05,19:10,177.26,ok
2026-09-30,LCJ,BHX,2026-11-06,10:25,87.00,ok
2026-09-30,LCJ,BHX,2026-11-08,19:30,213.92,ok
2026-09-30,LCJ,BHX,2026-11-15,19:30,253.42,ok
2026-09-30,LCJ,BHX,2026-11-19,19:10,117.86,ok
2026-09-30,LCJ,BHX,2026-11-22,19:30,148.42,ok
2026-09-30,LCJ,BHX,2026-11-26,19:10,78.56,ok
2026-09-30,LCJ,BHX,2026-11-29,19:30,200.82,ok
2026-09-30,LCJ,BHX,2026-12-03,19:10,65.46,ok
2026-09-30,LCJ,BHX,2026-12-04,10:25,78.56,ok
2026-09-30,LCJ,BHX,2026-12-06,19:30,204.48,ok
2026-09-30,LCJ,BHX,2026-12-10,19:10,104.76,ok
2026-09-30,LCJ,BHX,2026-12-13,19:30,165.89,ok
2026-09-30,LCJ,BHX,2026-12-17,19:10,104.76,ok
2026-09-30,LCJ,BHX,2026-12-18,10:25,166.00,ok
2026-09-30,LCJ,BHX,2026-12-27,19:30,344.93,ok
2026-09-30,LCJ,BHX,2027-01-03,19:30,794.37,ok
2026-09-30,LCJ,BHX,2027-01-10,19:30,209.56,ok
2026-09-30,LCJ,BHX,2027-01-15,10:25,174.74,ok
2026-09-30,LCJ,BHX,2027-01-28,19:10,174.37,ok
2026-09-30,LCJ,BHX,2027-03-19,10:25,152.79,ok
2026-09-30,LCJ,BHX,2027-03-21,19:30,126.59,ok
2026-09-30,LCJ,BHX,2027-03-23,19:50,288.16,ok
2026-09-30,LCJ,BHX,2027-03-26,10:25,187.72,ok
2026-09-30,LCJ,BHX,2027-04-05,15:40,595.37,ok
2026-09-30,LCJ,BHX,2027-05-17,15:40,272.00,ok
2026-09-30,LCJ,BHX,2027-05-27,21:50,357.00,ok
2026-09-30,LCJ,BHX,2027-05-31,15:40,489.00,ok
2026-09-30,LCJ,BHX,2027-06-03,21:50,446.00,ok
2026-09-30,LCJ,BHX,2027-06-10,21:50,272.00,ok
2026-09-30,BHX,LCJ,2026-10-05,18:25,74.00,ok
2026-09-30,BHX,LCJ,2026-10-08,06:35,92.57,ok
2026-09-30,BHX,LCJ,2026-10-15,06:35,123.25,ok
2026-09-30,BHX,LCJ,2026-10-19,18:25,150.04,ok
2026-09-30,BHX,LCJ,2026-10-22,06:35,434.76,ok
2026-09-30,BHX,LCJ,2026-10-25,15:45,428.16,ok
2026-09-30,BHX,LCJ,2026-10-29,15:25,65.00,ok
2026-09-30,BHX,LCJ,2026-10-30,06:40,92.57,ok
2026-09-30,BHX,LCJ,2026-11-01,15:45,81.42,ok
2026-09-30,BHX,LCJ,2026-11-05,15:25,91.60,ok
2026-09-30,BHX,LCJ,2026-11-12,15:25,76.33,ok
2026-09-30,BHX,LCJ,2026-11-15,15:45,110.04,ok
2026-09-30,BHX,LCJ,2026-11-19,15:25,101.78,ok
2026-09-30,BHX,LCJ,2026-11-26,15:25,110.69,ok
2026-09-30,BHX,LCJ,2026-11-29,15:45,188.34,ok
2026-09-30,BHX,LCJ,2026-12-03,15:25,111.05,ok
2026-09-30,BHX,LCJ,2026-12-04,06:40,178.16,ok
2026-09-30,BHX,LCJ,2026-12-06,15:45,91.60,ok
2026-09-30,BHX,LCJ,2026-12-10,15:25,147.61,ok
2026-09-30,BHX,LCJ,2026-12-11,06:40,153.92,ok
2026-09-30,BHX,LCJ,2026-12-13,15:45,269.81,ok
2026-09-30,BHX,LCJ,2026-12-17,15:25,510.14,ok
2026-09-30,BHX,LCJ,2026-12-18,06:40,767.24,ok
2026-09-30,BHX,LCJ,2026-12-20,15:45,749.90,ok
2026-09-30,BHX,LCJ,2026-12-27,15:45,351.28,ok
2026-09-30,BHX,LCJ,2027-01-01,06:40,172.72,ok
2026-09-30,BHX,LCJ,2027-01-03,15:45,274.35,ok
2026-09-30,BHX,LCJ,2027-01-17,15:45,127.24,ok
2026-09-30,BHX,LCJ,2027-01-28,15:25,208.37,ok
2026-09-30,BHX,LCJ,2027-01-31,15:45,149.37,ok
2026-09-30,BHX,LCJ,2027-02-14,15:45,315.00,ok
2026-09-30,BHX,LCJ,2027-02-28,15:45,170.00,ok
2026-09-30,BHX,LCJ,2027-03-25,15:25,519.31,ok
2026-09-30,BHX,LCJ,2027-04-05,11:55,276.37,ok
2026-09-30,BHX,LCJ,2027-05-17,11:55,272.00,ok
2026-09-30,BHX,LCJ,2027-05-27,18:05,272.00,ok
2026-09-30,BHX,LCJ,2027-05-31,11:55,310.00,ok
2026-09-30,BHX,LCJ,2027-06-03,18:05,272.00,ok
2026-09-30,BHX,LCJ,2027-06-10,18:05,272.00,ok
2026-09-30,LCJ,CRL,2026-10-01,15:30,86.49,ok
2026-09-30,LCJ,CRL,2026-10-04,14:25,161.52,ok
2026-09-30,LCJ,CRL,2026-10-08,15:30,74.19,ok
2026-09-30,LCJ,CRL,2026-10-11,14:25,144.06,ok
2026-09-30,LCJ,CRL,2026-10-15,15:30,65.46,ok
2026-09-30,LCJ,CRL,2026-10-18,14:25,170.26,ok
2026-09-30,CRL,LCJ,2026-10-01,13:05,375.49,ok
2026-09-30,CRL,LCJ,2026-10-04,12:05,139.69,ok
2026-09-30,CRL,LCJ,2026-10-08,13:05,65.00,ok
2026-09-30,CRL,LCJ,2026-10-11,12:05,113.49,ok
2026-09-30,CRL,LCJ,2026-10-15,13:05,65.46,ok
2026-09-30,CRL,LCJ,2026-10-18,12:05,205.19,ok
2026-09-30,CRL,LCJ,2026-10-22,13:05,65.46,ok
2026-09-30,LCJ,DUB,2026-10-01,22:45,178.99,ok
2026-09-30,LCJ,DUB,2026-10-05,17:30,240.12,ok
2026-09-30,LCJ,DUB,2026-10-08,22:45,209.56,ok
2026-09-30,LCJ,DUB,2026-10-12,17:30,283.79,ok
2026-09-30,LCJ,DUB,2026-10-15,22:45,148.42,ok
2026-09-30,LCJ,DUB,2026-10-19,17:30,167.16,ok
2026-09-30,LCJ,DUB,2026-10-22,22:45,187.72,ok
2026-09-30,LCJ,DUB,2026-11-06,20:25,205.19,ok
2026-09-30,LCJ,DUB,2026-11-09,13:05,145.28,ok
2026-09-30,LCJ,DUB,2026-11-13,20:25,126.59,ok
2026-09-30,LCJ,DUB,2026-11-16,13:05,135.24,ok
2026-09-30,LCJ,DUB,2026-11-20,20:25,144.06,ok
2026-09-30,LCJ,DUB,2026-11-27,20:25,130.00,ok
2026-09-30,LCJ,DUB,2026-12-04,20:25,122.22,ok
2026-09-30,LCJ,DUB,2026-12-07,13:05,130.00,ok
2026-09-30,LCJ,DUB,2026-12-11,20:25,130.00,ok
2026-09-30,LCJ,DUB,2026-12-14,13:05,157.48,ok
2026-09-30,LCJ,DUB,2026-12-21,13:05,255.17,ok
2026-09-30,LCJ,DUB,2026-12-23,11:20,227.02,ok
2026-09-30,LCJ,DUB,2026-12-28,13:05,313.91,ok
2026-09-30,LCJ,DUB,2026-12-30,11:20,436.63,ok
2026-09-30,LCJ,DUB,2027-01-08,20:25,323.30,ok
2026-09-30,LCJ,DUB,2027-01-15,20:25,209.69,ok
2026-09-30,LCJ,DUB,2027-01-25,13:05,446.00,ok
2026-09-30,LCJ,DUB,2027-02-26,20:25,174.62,ok
2026-09-30,LCJ,DUB,2027-03-01,13:05,506.37,ok
2026-09-30,LCJ,DUB,2027-03-15,13:05,502.00,ok
2026-09-30,LCJ,DUB,2027-03-26,20:25,264.00,ok
2026-09-30,LCJ,DUB,2027-04-03,22:20,854.00,ok
2026-09-30,LCJ,DUB,2027-04-10,22:20,782.00,ok
2026-09-30,LCJ,DUB,2027-04-17,22:20,659.00,ok
2026-09-30,LCJ,DUB,2027-04-24,22:20,603.00,ok
2026-09-30,LCJ,DUB,2027-05-01,22:20,446.00,ok
2026-09-30,LCJ,DUB,2027-05-08,22:20,502.00,ok
2026-09-30,LCJ,DUB,2027-05-15,22:20,446.00,ok
2026-09-30,LCJ,DUB,2027-05-22,22:20,391.00,ok
2026-09-30,LCJ,DUB,2027-05-29,22:20,395.37,ok
2026-09-30,LCJ,DUB,2027-06-01,16:50,607.37,ok
2026-09-30,LCJ,DUB,2027-06-05,22:20,446.00,ok
2026-09-30,LCJ,DUB,2027-06-12,22:20,446.00,ok
2026-09-30,LCJ,DUB,2027-06-19,22:20,446.00,ok
2026-09-30,LCJ,DUB,2027-06-26,22:20,502.00,ok
2026-09-30,LCJ,DUB,2027-07-03,22:20,548.00,ok
2026-09-30,LCJ,DUB,2027-07-10,22:20,603.00,ok
2026-09-30,LCJ,DUB,2027-07-17,22:20,718.00,ok
2026-09-30,LCJ,DUB,2027-07-24,22:20,718.00,ok
2026-09-30,LCJ,DUB,2027-07-31,22:20,854.00,ok
2026-09-30,LCJ,DUB,2027-08-07,22:20,935.00,ok
2026-09-30,LCJ,DUB,2027-08-14,22:20,1113.00,ok
2026-09-30,LCJ,DUB,2027-08-21,22:20,1215.00,ok
2026-09-30,LCJ,DUB,2027-08-28,22:20,1020.00,ok
2026-09-30,DUB,LCJ,2026-10-05,13:20,200.82,ok
2026-09-30,DUB,LCJ,2026-10-08,18:35,266.33,ok
2026-09-30,DUB,LCJ,2026-10-12,13:20,196.46,ok
2026-09-30,DUB,LCJ,2026-10-15,18:35,331.83,ok
2026-09-30,DUB,LCJ,2026-10-19,13:20,200.37,ok
2026-09-30,DUB,LCJ,2026-10-22,18:35,535.91,ok
2026-09-30,DUB,LCJ,2026-10-26,09:00,233.06,ok
2026-09-30,DUB,LCJ,2026-11-02,09:00,140.70,ok
2026-09-30,DUB,LCJ,2026-11-06,16:20,135.32,ok
2026-09-30,DUB,LCJ,2026-11-09,09:00,136.55,ok
2026-09-30,DUB,LCJ,2026-11-13,16:20,130.00,ok
2026-09-30,DUB,LCJ,2026-11-30,09:00,139.83,ok
2026-09-30,DUB,LCJ,2026-12-04,16:20,144.76,ok
2026-09-30,DUB,LCJ,2026-12-07,09:00,131.97,ok
2026-09-30,DUB,LCJ,2026-12-11,16:20,165.89,ok
2026-09-30,DUB,LCJ,2026-12-14,09:00,214.20,ok
2026-09-30,DUB,LCJ,2026-12-18,16:20,627.25,ok
2026-09-30,DUB,LCJ,2026-12-23,07:15,855.83,ok
2026-09-30,DUB,LCJ,2026-12-28,09:00,371.47,ok
2026-09-30,DUB,LCJ,2027-01-01,16:20,297.08,ok
2026-09-30,DUB,LCJ,2027-01-15,16:20,196.46,ok
2026-09-30,DUB,LCJ,2027-01-25,09:00,166.00,ok
2026-09-30,DUB,LCJ,2027-01-29,16:20,161.63,ok
2026-09-30,DUB,LCJ,2027-02-19,16:20,240.12,ok
2026-09-30,DUB,LCJ,2027-03-01,09:00,506.37,ok
2026-09-30,DUB,LCJ,2027-03-12,16:20,226.00,ok
2026-09-30,DUB,LCJ,2027-03-15,09:00,548.00,ok
2026-09-30,DUB,LCJ,2027-03-26,16:20,563.26,ok
2026-09-30,DUB,LCJ,2027-04-03,18:15,502.00,ok
2026-09-30,DUB,LCJ,2027-04-10,18:15,349.00,ok
2026-09-30,DUB,LCJ,2027-04-17,18:15,349.00,ok
2026-09-30,DUB,LCJ,2027-04-24,18:15,349.00,ok
2026-09-30,DUB,LCJ,2027-05-01,18:15,548.00,ok
2026-09-30,DUB,LCJ,2027-05-08,18:15,391.00,ok
2026-09-30,DUB,LCJ,2027-05-15,18:15,502.00,ok
2026-09-30,DUB,LCJ,2027-05-22,18:15,502.00,ok
2026-09-30,DUB,LCJ,2027-05-29,18:15,552.37,ok
2026-09-30,DUB,LCJ,2027-06-01,12:45,506.37,ok
2026-09-30,DUB,LCJ,2027-06-05,18:15,603.00,ok
2026-09-30,DUB,LCJ,2027-06-12,18:15,548.00,ok
2026-09-30,DUB,LCJ,2027-06-19,18:15,659.00,ok
2026-09-30,DUB,LCJ,2027-06-26,18:15,782.00,ok
2026-09-30,DUB,LCJ,2027-07-03,18:15,854.00,ok
2026-09-30,DUB,LCJ,2027-07-10,18:15,854.00,ok
2026-09-30,DUB,LCJ,2027-07-17,18:15,935.00,ok
2026-09-30,DUB,LCJ,2027-07-24,18:15,782.00,ok
2026-09-30,DUB,LCJ,2027-07-31,18:15,718.00,ok
2026-09-30,DUB,LCJ,2027-08-07,18:15,548.00,ok
2026-09-30,DUB,LCJ,2027-08-14,18:15,548.00,ok
2026-09-30,DUB,LCJ,2027-08-21,18:15,391.00,ok
2026-09-30,DUB,LCJ,2027-08-28,18:15,349.00,ok
2026-09-30,LCJ,STN,2026-09-30,11:50,719.86,ok
2026-09-30,LCJ,STN,2026-10-04,15:45,765.37,ok
2026-09-30,LCJ,STN,2026-10-05,16:45,391.88,ok
2026-09-30,LCJ,STN,2026-10-07,11:50,221.37,ok
2026-09-30,LCJ,STN,2026-10-08,16:15,276.58,ok
2026-09-30,LCJ,STN,2026-10-10,11:35,248.63,ok
2026-09-30,LCJ,STN,2026-10-11,15:45,472.37,ok
2026-09-30,LCJ,STN,2026-10-12,16:45,255.37,ok
2026-09-30,LCJ,STN,2026-10-13,20:45,125.87,ok
2026-09-30,LCJ,STN,2026-10-17,11:35,215.87,ok
2026-09-30,LCJ,STN,2026-10-18,15:45,177.66,ok
2026-09-30,LCJ,STN,2026-10-19,16:45,129.16,ok
2026-09-30,LCJ,STN,2026-10-21,11:50,65.00,ok
2026-09-30,LCJ,STN,2026-10-22,16:15,155.01,ok
2026-09-30,LCJ,STN,2026-10-24,11:35,191.37,ok
2026-09-30,LCJ,STN,2026-10-27,20:30,65.00,ok
2026-09-30,LCJ,STN,2026-10-30,14:20,255.37,ok
2026-09-30,LCJ,STN,2026-10-31,12:25,348.43,ok
2026-09-30,LCJ,STN,2026-11-01,13:40,340.56,ok
2026-09-30,LCJ,STN,2026-11-02,10:55,585.09,ok
2026-09-30,LCJ,STN,2026-11-05,17:45,253.22,ok
2026-09-30,LCJ,STN,2026-11-07,12:25,270.69,ok
2026-09-30,LCJ,STN,2026-11-08,13:40,205.19,ok
2026-09-30,LCJ,STN,2026-11-09,10:55,218.29,ok
2026-09-30,LCJ,STN,2026-11-13,10:10,135.32,ok
2026-09-30,LCJ,STN,2026-11-14,12:25,139.69,ok
2026-09-30,LCJ,STN,2026-11-15,13:40,152.79,ok
2026-09-30,LCJ,STN,2026-11-16,10:55,139.69,ok
2026-09-30,LCJ,STN,2026-11-20,10:10,165.89,ok
2026-09-30,LCJ,STN,2026-11-21,12:25,117.86,ok
2026-09-30,LCJ,STN,2026-11-22,13:40,104.76,ok
2026-09-30,LCJ,STN,2026-11-23,10:55,96.02,ok
2026-09-30,LCJ,STN,2026-11-27,10:10,135.32,ok
2026-09-30,LCJ,STN,2026-11-28,12:25,91.66,ok
2026-09-30,LCJ,STN,2026-11-29,13:40,105.95,ok
2026-09-30,LCJ,STN,2026-11-30,10:55,196.46,ok
2026-09-30,LCJ,STN,2026-12-03,17:45,174.62,ok
2026-09-30,LCJ,STN,2026-12-04,14:20,92.98,ok
2026-09-30,LCJ,STN,2026-12-05,12:25,87.00,ok
2026-09-30,LCJ,STN,2026-12-06,13:40,104.76,ok
2026-09-30,LCJ,STN,2026-12-07,10:55,102.35,ok
2026-09-30,LCJ,STN,2026-12-10,17:45,104.76,ok
2026-09-30,LCJ,STN,2026-12-12,12:25,96.02,ok
2026-09-30,LCJ,STN,2026-12-14,10:55,87.29,ok
2026-09-30,LCJ,STN,2026-12-17,17:45,103.83,ok
2026-09-30,LCJ,STN,2026-12-21,10:55,174.74,ok
2026-09-30,LCJ,STN,2026-12-22,21:25,213.92,ok
2026-09-30,LCJ,STN,2026-12-26,12:25,283.79,ok
2026-09-30,LCJ,STN,2026-12-29,21:25,475.33,ok
2026-09-30,LCJ,STN,2026-12-30,09:35,454.09,ok
2026-09-30,LCJ,STN,2027-01-02,12:25,754.85,ok
2026-09-30,LCJ,STN,2027-01-03,13:40,569.37,ok
2026-09-30,LCJ,STN,2027-01-09,12:25,192.09,ok
2026-09-30,LCJ,STN,2027-01-11,10:55,192.21,ok
2026-09-30,LCJ,STN,2027-01-14,17:45,104.76,ok
2026-09-30,LCJ,STN,2027-01-15,14:20,126.59,ok
2026-09-30,LCJ,STN,2027-01-25,10:55,132.00,ok
2026-09-30,LCJ,STN,2027-01-28,17:45,136.37,ok
2026-09-30,LCJ,STN,2027-01-31,17:30,244.49,ok
2026-09-30,LCJ,STN,2027-02-04,17:45,109.12,ok
2026-09-30,LCJ,STN,2027-02-12,10:10,200.82,ok
2026-09-30,LCJ,STN,2027-02-14,17:30,148.52,ok
2026-09-30,LCJ,STN,2027-02-20,12:25,472.37,ok
2026-09-30,LCJ,STN,2027-02-25,17:45,148.42,ok
2026-09-30,LCJ,STN,2027-02-28,13:40,158.00,ok
2026-09-30,LCJ,STN,2027-03-01,10:55,178.97,ok
2026-09-30,LCJ,STN,2027-03-05,10:10,162.37,ok
2026-09-30,LCJ,STN,2027-03-08,10:55,144.06,ok
2026-09-30,LCJ,STN,2027-03-13,12:25,158.00,ok
2026-09-30,LCJ,STN,2027-03-25,17:45,471.56,ok
2026-09-30,LCJ,STN,2027-03-26,10:10,227.02,ok
2026-09-30,LCJ,STN,2027-03-28,10:30,217.00,ok
2026-09-30,LCJ,STN,2027-03-29,,,unavailable
2026-09-30,LCJ,STN,2027-03-30,21:20,468.00,ok
2026-09-30,LCJ,STN,2027-03-31,17:40,514.00,ok
2026-09-30,LCJ,STN,2027-04-01,09:30,421.00,ok
2026-09-30,LCJ,STN,2027-04-02,10:35,421.00,ok
2026-09-30,LCJ,STN,2027-04-03,22:55,514.00,ok
2026-09-30,LCJ,STN,2027-04-04,10:30,514.00,ok
2026-09-30,LCJ,STN,2027-04-05,,,unavailable
2026-09-30,LCJ,STN,2027-04-06,21:20,421.00,ok
2026-09-30,LCJ,STN,2027-04-07,17:40,206.01,ok
2026-09-30,LCJ,STN,2027-04-08,09:30,187.00,ok
2026-09-30,LCJ,STN,2027-04-09,10:35,187.00,ok
2026-09-30,LCJ,STN,2027-04-10,22:55,251.00,ok
2026-09-30,LCJ,STN,2027-04-11,10:30,289.00,ok
2026-09-30,LCJ,STN,2027-04-12,,,unavailable
2026-09-30,LCJ,STN,2027-04-13,21:20,378.00,ok
2026-09-30,LCJ,STN,2027-04-14,17:40,421.00,ok
2026-09-30,LCJ,STN,2027-04-15,09:30,468.00,ok
2026-09-30,LCJ,STN,2027-04-16,10:35,421.00,ok
2026-09-30,LCJ,STN,2027-04-17,22:55,468.00,ok
2026-09-30,LCJ,STN,2027-04-18,10:30,514.00,ok
2026-09-30,LCJ,STN,2027-04-19,,,unavailable
2026-09-30,LCJ,STN,2027-04-20,21:20,688.00,ok
2026-09-30,LCJ,STN,2027-04-21,17:40,514.00,ok
2026-09-30,LCJ,STN,2027-04-22,09:30,421.00,ok
2026-09-30,LCJ,STN,2027-04-23,10:35,421.00,ok
2026-09-30,LCJ,STN,2027-04-24,22:55,514.00,ok
2026-09-30,LCJ,STN,2027-04-25,10:30,514.00,ok
2026-09-30,LCJ,STN,2027-04-26,,,unavailable
2026-09-30,LCJ,STN,2027-04-27,21:20,421.00,ok
2026-09-30,LCJ,STN,2027-04-28,17:40,378.00,ok
2026-09-30,LCJ,STN,2027-04-29,09:30,378.00,ok
2026-09-30,LCJ,STN,2027-04-30,10:35,255.37,ok
2026-09-30,LCJ,STN,2027-05-01,22:55,251.00,ok
2026-09-30,LCJ,STN,2027-05-02,10:30,332.00,ok
2026-09-30,LCJ,STN,2027-05-03,,,unavailable
2026-09-30,LCJ,STN,2027-05-04,21:20,289.00,ok
2026-09-30,LCJ,STN,2027-05-05,17:40,217.00,ok
2026-09-30,LCJ,STN,2027-05-06,09:30,217.00,ok
2026-09-30,LCJ,STN,2027-05-07,10:35,187.00,ok
2026-09-30,LCJ,STN,2027-05-08,22:55,217.00,ok
2026-09-30,LCJ,STN,2027-05-09,10:30,293.37,ok
2026-09-30,LCJ,STN,2027-05-10,,,unavailable
2026-09-30,LCJ,STN,2027-05-11,21:20,289.00,ok
2026-09-30,LCJ,STN,2027-05-12,17:40,217.00,ok
2026-09-30,LCJ,STN,2027-05-13,09:30,187.00,ok
2026-09-30,LCJ,STN,2027-05-14,10:35,217.00,ok
2026-09-30,LCJ,STN,2027-05-15,22:55,187.00,ok
2026-09-30,LCJ,STN,2027-05-16,10:30,289.00,ok
2026-09-30,LCJ,STN,2027-05-17,,,unavailable
2026-09-30,LCJ,STN,2027-05-18,21:20,289.00,ok
2026-09-30,LCJ,STN,2027-05-19,17:40,217.00,ok
2026-09-30,LCJ,STN,2027-05-20,09:30,187.00,ok
2026-09-30,LCJ,STN,2027-05-21,10:35,217.00,ok
2026-09-30,LCJ,STN,2027-05-22,22:55,217.00,ok
2026-09-30,LCJ,STN,2027-05-23,10:30,251.00,ok
2026-09-30,LCJ,STN,2027-05-24,,,unavailable
2026-09-30,LCJ,STN,2027-05-25,21:20,289.00,ok
2026-09-30,LCJ,STN,2027-05-26,17:40,251.00,ok
2026-09-30,LCJ,STN,2027-05-27,09:30,332.00,ok
2026-09-30,LCJ,STN,2027-05-28,10:35,382.37,ok
2026-09-30,LCJ,STN,2027-05-29,22:55,472.37,ok
2026-09-30,LCJ,STN,2027-05-30,10:30,468.00,ok
2026-09-30,LCJ,STN,2027-05-31,,,unavailable
2026-09-30,LCJ,STN,2027-06-01,21:20,293.37,ok
2026-09-30,LCJ,STN,2027-06-02,17:40,217.00,ok
2026-09-30,LCJ,STN,2027-06-03,09:30,217.00,ok
2026-09-30,LCJ,STN,2027-06-04,10:35,217.00,ok
2026-09-30,LCJ,STN,2027-06-05,22:55,289.00,ok
2026-09-30,LCJ,STN,2027-06-06,10:30,289.00,ok
2026-09-30,LCJ,STN,2027-06-07,,,unavailable
2026-09-30,LCJ,STN,2027-06-08,21:20,251.00,ok
2026-09-30,LCJ,STN,2027-06-09,17:40,217.00,ok
2026-09-30,LCJ,STN,2027-06-10,09:30,217.00,ok
2026-09-30,LCJ,STN,2027-06-11,10:35,187.00,ok
2026-09-30,LCJ,STN,2027-06-12,22:55,289.00,ok
2026-09-30,LCJ,STN,2027-06-13,10:30,289.00,ok
2026-09-30,LCJ,STN,2027-06-14,,,unavailable
2026-09-30,LCJ,STN,2027-06-15,21:20,332.00,ok
2026-09-30,LCJ,STN,2027-06-16,17:40,217.00,ok
2026-09-30,LCJ,STN,2027-06-17,09:30,251.00,ok
2026-09-30,LCJ,STN,2027-06-18,10:35,217.00,ok
2026-09-30,LCJ,STN,2027-06-19,22:55,251.00,ok
2026-09-30,LCJ,STN,2027-06-20,10:30,251.00,ok
2026-09-30,LCJ,STN,2027-06-21,,,unavailable
2026-09-30,LCJ,STN,2027-06-22,21:20,251.00,ok
2026-09-30,LCJ,STN,2027-06-23,17:40,187.00,ok
2026-09-30,LCJ,STN,2027-06-24,09:30,217.00,ok
2026-09-30,LCJ,STN,2027-06-25,10:35,289.00,ok
2026-09-30,LCJ,STN,2027-06-26,22:55,332.00,ok
2026-09-30,LCJ,STN,2027-06-27,10:30,332.00,ok
2026-09-30,LCJ,STN,2027-06-28,,,unavailable
2026-09-30,LCJ,STN,2027-06-29,21:20,332.00,ok
2026-09-30,LCJ,STN,2027-06-30,17:40,251.00,ok
2026-09-30,LCJ,STN,2027-07-01,09:30,251.00,ok
2026-09-30,LCJ,STN,2027-07-02,10:35,217.00,ok
2026-09-30,LCJ,STN,2027-07-03,22:55,289.00,ok
2026-09-30,LCJ,STN,2027-07-04,10:30,289.00,ok
2026-09-30,LCJ,STN,2027-07-05,,,unavailable
2026-09-30,LCJ,STN,2027-07-06,21:20,217.00,ok
2026-09-30,LCJ,STN,2027-07-07,17:40,187.00,ok
2026-09-30,LCJ,STN,2027-07-08,09:30,187.00,ok
2026-09-30,LCJ,STN,2027-07-09,10:35,206.01,ok
2026-09-30,LCJ,STN,2027-07-10,22:55,217.00,ok
2026-09-30,LCJ,STN,2027-07-11,10:30,217.00,ok
2026-09-30,LCJ,STN,2027-07-12,,,unavailable
2026-09-30,LCJ,STN,2027-07-13,21:20,217.00,ok
2026-09-30,LCJ,STN,2027-07-14,17:40,187.00,ok
2026-09-30,LCJ,STN,2027-07-15,09:30,187.00,ok
2026-09-30,LCJ,STN,2027-07-16,10:35,187.00,ok
2026-09-30,LCJ,STN,2027-07-17,22:55,187.00,ok
2026-09-30,LCJ,STN,2027-07-18,10:30,187.00,ok
2026-09-30,LCJ,STN,2027-07-19,,,unavailable
2026-09-30,LCJ,STN,2027-07-20,21:20,187.00,ok
2026-09-30,LCJ,STN,2027-07-21,17:40,187.00,ok
2026-09-30,LCJ,STN,2027-07-22,09:30,187.00,ok
2026-09-30,LCJ,STN,2027-07-23,10:35,187.00,ok
2026-09-30,LCJ,STN,2027-07-24,22:55,217.00,ok
2026-09-30,LCJ,STN,2027-07-25,10:30,238.45,ok
2026-09-30,LCJ,STN,2027-07-26,,,unavailable
2026-09-30,LCJ,STN,2027-07-27,21:20,217.00,ok
2026-09-30,LCJ,STN,2027-07-28,17:40,187.00,ok
2026-09-30,LCJ,STN,2027-07-29,09:30,187.00,ok
2026-09-30,LCJ,STN,2027-07-30,10:35,217.00,ok
2026-09-30,LCJ,STN,2027-07-31,22:55,332.00,ok
2026-09-30,LCJ,STN,2027-08-01,10:30,332.00,ok
2026-09-30,LCJ,STN,2027-08-02,,,unavailable
2026-09-30,LCJ,STN,2027-08-03,21:20,332.00,ok
2026-09-30,LCJ,STN,2027-08-04,17:40,251.00,ok
2026-09-30,LCJ,STN,2027-08-05,09:30,251.00,ok
2026-09-30,LCJ,STN,2027-08-06,10:35,289.00,ok
2026-09-30,LCJ,STN,2027-08-07,22:55,421.00,ok
2026-09-30,LCJ,STN,2027-08-08,10:30,421.00,ok
2026-09-30,LCJ,STN,2027-08-09,,,unavailable
2026-09-30,LCJ,STN,2027-08-10,21:20,421.00,ok
2026-09-30,LCJ,STN,2027-08-11,17:40,378.00,ok
2026-09-30,LCJ,STN,2027-08-12,09:30,421.00,ok
2026-09-30,LCJ,STN,2027-08-13,10:35,468.00,ok
2026-09-30,LCJ,STN,2027-08-14,22:55,514.00,ok
2026-09-30,LCJ,STN,2027-08-15,10:30,514.00,ok
2026-09-30,LCJ,STN,2027-08-16,,,unavailable
2026-09-30,LCJ,STN,2027-08-17,21:20,565.00,ok
2026-09-30,LCJ,STN,2027-08-18,17:40,514.00,ok
2026-09-30,LCJ,STN,2027-08-19,09:30,514.00,ok
2026-09-30,LCJ,STN,2027-08-20,10:35,514.00,ok
2026-09-30,LCJ,STN,2027-08-21,22:55,565.00,ok
2026-09-30,LCJ,STN,2027-08-22,10:30,565.00,ok
2026-09-30,LCJ,STN,2027-08-23,,,unavailable
2026-09-30,LCJ,STN,2027-08-24,21:20,625.00,ok
2026-09-30,LCJ,STN,2027-08-25,17:40,565.00,ok
2026-09-30,LCJ,STN,2027-08-26,09:30,565.00,ok
2026-09-30,LCJ,STN,2027-08-27,10:35,625.00,ok
2026-09-30,LCJ,STN,2027-08-28,22:55,688.00,ok
2026-09-30,LCJ,STN,2027-08-29,10:30,688.00,ok
2026-09-30,LCJ,STN,2027-08-30,,,unavailable
2026-09-30,LCJ,STN,2027-08-31,21:20,625.00,ok
2026-09-30,STN,LCJ,2026-09-30,08:15,665.55,ok
2026-09-30,STN,LCJ,2026-10-01,12:40,642.50,ok
2026-09-30,STN,LCJ,2026-10-03,08:00,317.68,ok
2026-09-30,STN,LCJ,2026-10-04,12:10,425.37,ok
2026-09-30,STN,LCJ,2026-10-05,13:10,209.48,ok
2026-09-30,STN,LCJ,2026-10-06,17:10,70.68,ok
2026-09-30,STN,LCJ,2026-10-07,08:15,67.40,ok
2026-09-30,STN,LCJ,2026-10-10,08:00,154.44,ok
2026-09-30,STN,LCJ,2026-10-11,12:10,354.46,ok
2026-09-30,STN,LCJ,2026-10-12,13:10,112.60,ok
2026-09-30,STN,LCJ,2026-10-13,17:10,130.82,ok
2026-09-30,STN,LCJ,2026-10-14,08:15,112.60,ok
2026-09-30,STN,LCJ,2026-10-15,12:40,237.44,ok
2026-09-30,STN,LCJ,2026-10-17,08:00,354.46,ok
2026-09-30,STN,LCJ,2026-10-18,12:10,293.37,ok
2026-09-30,STN,LCJ,2026-10-19,13:10,275.16,ok
2026-09-30,STN,LCJ,2026-10-21,08:15,275.16,ok
2026-09-30,STN,LCJ,2026-10-22,12:40,506.28,ok
2026-09-30,STN,LCJ,2026-10-24,08:00,425.37,ok
2026-09-30,STN,LCJ,2026-10-25,10:05,265.29,ok
2026-09-30,STN,LCJ,2026-10-26,07:20,188.22,ok
2026-09-30,STN,LCJ,2026-10-27,16:55,232.94,ok
2026-09-30,STN,LCJ,2026-10-29,14:10,99.71,ok
2026-09-30,STN,LCJ,2026-10-30,06:35,116.84,ok
2026-09-30,STN,LCJ,2026-10-31,08:50,135.80,ok
2026-09-30,STN,LCJ,2026-11-01,10:05,86.51,ok
2026-09-30,STN,LCJ,2026-11-02,07:20,105.56,ok
2026-09-30,STN,LCJ,2026-11-05,14:10,117.06,ok
2026-09-30,STN,LCJ,2026-11-07,08:50,96.69,ok
2026-09-30,STN,LCJ,2026-11-08,10:05,76.33,ok
2026-09-30,STN,LCJ,2026-11-13,06:35,105.76,ok
2026-09-30,STN,LCJ,2026-11-14,08:50,87.00,ok
2026-09-30,STN,LCJ,2026-11-15,10:05,122.15,ok
2026-09-30,STN,LCJ,2026-11-16,07:20,162.89,ok
2026-09-30,STN,LCJ,2026-11-19,14:10,147.61,ok
2026-09-30,STN,LCJ,2026-11-20,06:35,147.61,ok
2026-09-30,STN,LCJ,2026-11-21,08:50,117.06,ok
2026-09-30,STN,LCJ,2026-11-22,10:05,122.15,ok
2026-09-30,STN,LCJ,2026-11-27,06:35,203.62,ok
2026-09-30,STN,LCJ,2026-11-28,08:50,106.88,ok
2026-09-30,STN,LCJ,2026-11-30,07:20,142.52,ok
2026-09-30,STN,LCJ,2026-12-03,14:10,178.16,ok
2026-09-30,STN,LCJ,2026-12-05,08:50,109.60,ok
2026-09-30,STN,LCJ,2026-12-06,10:05,132.34,ok
2026-09-30,STN,LCJ,2026-12-10,14:10,249.45,ok
2026-09-30,STN,LCJ,2026-12-11,06:35,103.83,ok
2026-09-30,STN,LCJ,2026-12-12,08:50,204.15,ok
2026-09-30,STN,LCJ,2026-12-13,10:05,193.44,ok
2026-09-30,STN,LCJ,2026-12-14,07:20,213.80,ok
2026-09-30,STN,LCJ,2026-12-18,06:35,687.34,ok
2026-09-30,STN,LCJ,2026-12-19,08:50,1184.09,ok
2026-09-30,STN,LCJ,2026-12-20,13:55,896.10,ok
2026-09-30,STN,LCJ,2026-12-23,05:55,735.13,ok
2026-09-30,STN,LCJ,2026-12-26,08:50,325.16,ok
2026-09-30,STN,LCJ,2026-12-27,10:05,280.00,ok
2026-09-30,STN,LCJ,2026-12-29,17:50,212.81,ok
2026-09-30,STN,LCJ,2027-01-02,08:50,191.37,ok
2026-09-30,STN,LCJ,2027-01-03,10:05,162.37,ok
2026-09-30,STN,LCJ,2027-01-07,14:10,142.52,ok
2026-09-30,STN,LCJ,2027-01-09,08:50,101.78,ok
2026-09-30,STN,LCJ,2027-01-25,07:20,158.00,ok
2026-09-30,STN,LCJ,2027-01-28,14:10,148.60,ok
2026-09-30,STN,LCJ,2027-02-05,06:35,203.62,ok
2026-09-30,STN,LCJ,2027-02-06,08:50,158.00,ok
2026-09-30,STN,LCJ,2027-02-07,13:55,158.00,ok
2026-09-30,STN,LCJ,2027-02-11,14:10,412.38,ok
2026-09-30,STN,LCJ,2027-02-14,10:05,360.73,ok
2026-09-30,STN,LCJ,2027-02-15,07:20,284.51,ok
2026-09-30,STN,LCJ,2027-02-18,14:10,427.66,ok
2026-09-30,STN,LCJ,2027-02-28,10:05,158.00,ok
2026-09-30,STN,LCJ,2027-03-05,06:35,162.37,ok
2026-09-30,STN,LCJ,2027-03-12,06:35,158.00,ok
2026-09-30,STN,LCJ,2027-03-15,07:20,187.00,ok
2026-09-30,STN,LCJ,2027-03-22,07:20,483.67,ok
2026-09-30,STN,LCJ,2027-03-25,14:10,641.51,ok
2026-09-30,STN,LCJ,2027-03-28,06:55,206.01,ok
2026-09-30,STN,LCJ,2027-03-29,,,unavailable
2026-09-30,STN,LCJ,2027-03-30,17:45,217.00,ok
2026-09-30,STN,LCJ,2027-03-31,14:05,187.00,ok
2026-09-30,STN,LCJ,2027-04-01,05:55,187.00,ok
2026-09-30,STN,LCJ,2027-04-02,07:00,187.00,ok
2026-09-30,STN,LCJ,2027-04-03,19:20,187.00,ok
2026-09-30,STN,LCJ,2027-04-04,06:55,187.00,ok
2026-09-30,STN,LCJ,2027-04-05,,,unavailable
2026-09-30,STN,LCJ,2027-04-06,17:45,187.00,ok
2026-09-30,STN,LCJ,2027-04-07,14:05,332.00,ok
2026-09-30,STN,LCJ,2027-04-08,05:55,332.00,ok
2026-09-30,STN,LCJ,2027-04-09,07:00,332.00,ok
2026-09-30,STN,LCJ,2027-04-10,19:20,378.00,ok
2026-09-30,STN,LCJ,2027-04-11,06:55,378.00,ok
2026-09-30,STN,LCJ,2027-04-12,,,unavailable
2026-09-30,STN,LCJ,2027-04-13,17:45,332.00,ok
2026-09-30,STN,LCJ,2027-04-14,14:05,378.00,ok
2026-09-30,STN,LCJ,2027-04-15,05:55,421.00,ok
2026-09-30,STN,LCJ,2027-04-16,07:00,468.00,ok
2026-09-30,STN,LCJ,2027-04-17,19:20,332.00,ok
2026-09-30,STN,LCJ,2027-04-18,06:55,187.00,ok
2026-09-30,STN,LCJ,2027-04-19,,,unavailable
2026-09-30,STN,LCJ,2027-04-20,17:45,289.00,ok
2026-09-30,STN,LCJ,2027-04-21,14:05,187.00,ok
2026-09-30,STN,LCJ,2027-04-22,05:55,187.00,ok
2026-09-30,STN,LCJ,2027-04-23,07:00,187.00,ok
2026-09-30,STN,LCJ,2027-04-24,19:20,187.00,ok
2026-09-30,STN,LCJ,2027-04-25,06:55,187.00,ok
2026-09-30,STN,LCJ,2027-04-26,,,unavailable
2026-09-30,STN,LCJ,2027-04-27,17:45,187.00,ok
2026-09-30,STN,LCJ,2027-04-28,14:05,187.00,ok
2026-09-30,STN,LCJ,2027-04-29,05:55,217.00,ok
2026-09-30,STN,LCJ,2027-04-30,07:00,255.37,ok
2026-09-30,STN,LCJ,2027-05-01,19:20,332.00,ok
2026-09-30,STN,LCJ,2027-05-02,06:55,421.00,ok
2026-09-30,STN,LCJ,2027-05-03,,,unavailable
2026-09-30,STN,LCJ,2027-05-04,17:45,362.15,ok
2026-09-30,STN,LCJ,2027-05-05,14:05,251.00,ok
2026-09-30,STN,LCJ,2027-05-06,05:55,289.00,ok
2026-09-30,STN,LCJ,2027-05-07,07:00,289.00,ok
2026-09-30,STN,LCJ,2027-05-08,19:20,332.00,ok
2026-09-30,STN,LCJ,2027-05-09,06:55,293.37,ok
2026-09-30,STN,LCJ,2027-05-10,,,unavailable
2026-09-30,STN,LCJ,2027-05-11,17:45,289.00,ok
2026-09-30,STN,LCJ,2027-05-12,14:05,251.00,ok
2026-09-30,STN,LCJ,2027-05-13,05:55,332.00,ok
2026-09-30,STN,LCJ,2027-05-14,07:00,378.00,ok
2026-09-30,STN,LCJ,2027-05-15,19:20,421.00,ok
2026-09-30,STN,LCJ,2027-05-16,06:55,289.00,ok
2026-09-30,STN,LCJ,2027-05-17,,,unavailable
2026-09-30,STN,LCJ,2027-05-18,17:45,332.00,ok
2026-09-30,STN,LCJ,2027-05-19,14:05,289.00,ok
2026-09-30,STN,LCJ,2027-05-20,05:55,332.00,ok
2026-09-30,STN,LCJ,2027-05-21,07:00,468.00,ok
2026-09-30,STN,LCJ,2027-05-22,19:20,514.00,ok
2026-09-30,STN,LCJ,2027-05-23,06:55,421.00,ok
2026-09-30,STN,LCJ,2027-05-24,,,unavailable
2026-09-30,STN,LCJ,2027-05-25,17:45,332.00,ok
2026-09-30,STN,LCJ,2027-05-26,14:05,251.00,ok
2026-09-30,STN,LCJ,2027-05-27,05:55,251.00,ok
2026-09-30,STN,LCJ,2027-05-28,07:00,255.37,ok
2026-09-30,STN,LCJ,2027-05-29,19:20,293.37,ok
2026-09-30,STN,LCJ,2027-05-30,06:55,289.00,ok
2026-09-30,STN,LCJ,2027-05-31,,,unavailable
2026-09-30,STN,LCJ,2027-06-01,17:45,221.37,ok
2026-09-30,STN,LCJ,2027-06-02,14:05,187.00,ok
2026-09-30,STN,LCJ,2027-06-03,05:55,187.00,ok
2026-09-30,STN,LCJ,2027-06-04,07:00,217.00,ok
2026-09-30,STN,LCJ,2027-06-05,19:20,251.00,ok
2026-09-30,STN,LCJ,2027-06-06,06:55,251.00,ok
2026-09-30,STN,LCJ,2027-06-07,,,unavailable
2026-09-30,STN,LCJ,2027-06-08,17:45,217.00,ok
2026-09-30,STN,LCJ,2027-06-09,14:05,187.00,ok
2026-09-30,STN,LCJ,2027-06-10,05:55,217.00,ok
2026-09-30,STN,LCJ,2027-06-11,07:00,251.00,ok
2026-09-30,STN,LCJ,2027-06-12,19:20,332.00,ok
2026-09-30,STN,LCJ,2027-06-13,06:55,332.00,ok
2026-09-30,STN,LCJ,2027-06-14,,,unavailable
2026-09-30,STN,LCJ,2027-06-15,17:45,251.00,ok
2026-09-30,STN,LCJ,2027-06-16,14:05,217.00,ok
2026-09-30,STN,LCJ,2027-06-17,05:55,251.00,ok
2026-09-30,STN,LCJ,2027-06-18,07:00,289.00,ok
2026-09-30,STN,LCJ,2027-06-19,19:20,378.00,ok
2026-09-30,STN,LCJ,2027-06-20,06:55,378.00,ok
2026-09-30,STN,LCJ,2027-06-21,,,unavailable
2026-09-30,STN,LCJ,2027-06-22,17:45,251.00,ok
2026-09-30,STN,LCJ,2027-06-23,14:05,251.00,ok
2026-09-30,STN,LCJ,2027-06-24,05:55,289.00,ok
2026-09-30,STN,LCJ,2027-06-25,07:00,316.96,ok
2026-09-30,STN,LCJ,2027-06-26,19:20,332.00,ok
2026-09-30,STN,LCJ,2027-06-27,06:55,332.00,ok
2026-09-30,STN,LCJ,2027-06-28,,,unavailable
2026-09-30,STN,LCJ,2027-06-29,17:45,289.00,ok
2026-09-30,STN,LCJ,2027-06-30,14:05,289.00,ok
2026-09-30,STN,LCJ,2027-07-01,05:55,332.00,ok
2026-09-30,STN,LCJ,2027-07-02,07:00,332.00,ok
2026-09-30,STN,LCJ,2027-07-03,19:20,421.00,ok
2026-09-30,STN,LCJ,2027-07-04,06:55,421.00,ok
2026-09-30,STN,LCJ,2027-07-05,,,unavailable
2026-09-30,STN,LCJ,2027-07-06,17:45,378.00,ok
2026-09-30,STN,LCJ,2027-07-07,14:05,332.00,ok
2026-09-30,STN,LCJ,2027-07-08,05:55,332.00,ok
2026-09-30,STN,LCJ,2027-07-09,07:00,421.00,ok
2026-09-30,STN,LCJ,2027-07-10,19:20,468.00,ok
2026-09-30,STN,LCJ,2027-07-11,06:55,468.00,ok
2026-09-30,STN,LCJ,2027-07-12,,,unavailable
2026-09-30,STN,LCJ,2027-07-13,17:45,468.00,ok
2026-09-30,STN,LCJ,2027-07-14,14:05,421.00,ok
2026-09-30,STN,LCJ,2027-07-15,05:55,514.00,ok
2026-09-30,STN,LCJ,2027-07-16,07:00,625.00,ok
2026-09-30,STN,LCJ,2027-07-17,19:20,688.00,ok
2026-09-30,STN,LCJ,2027-07-18,06:55,688.00,ok
2026-09-30,STN,LCJ,2027-07-19,,,unavailable
2026-09-30,STN,LCJ,2027-07-20,17:45,625.00,ok
2026-09-30,STN,LCJ,2027-07-21,14:05,625.00,ok
2026-09-30,STN,LCJ,2027-07-22,05:55,625.00,ok
2026-09-30,STN,LCJ,2027-07-23,07:00,625.00,ok
2026-09-30,STN,LCJ,2027-07-24,19:20,761.00,ok
2026-09-30,STN,LCJ,2027-07-25,06:55,761.00,ok
2026-09-30,STN,LCJ,2027-07-26,,,unavailable
2026-09-30,STN,LCJ,2027-07-27,17:45,565.00,ok
2026-09-30,STN,LCJ,2027-07-28,14:05,565.00,ok
2026-09-30,STN,LCJ,2027-07-29,05:55,565.00,ok
2026-09-30,STN,LCJ,2027-07-30,07:00,565.00,ok
2026-09-30,STN,LCJ,2027-07-31,19:20,625.00,ok
2026-09-30,STN,LCJ,2027-08-01,06:55,625.00,ok
2026-09-30,STN,LCJ,2027-08-02,,,unavailable
2026-09-30,STN,LCJ,2027-08-03,17:45,565.00,ok
2026-09-30,STN,LCJ,2027-08-04,14:05,468.00,ok
2026-09-30,STN,LCJ,2027-08-05,05:55,468.00,ok
2026-09-30,STN,LCJ,2027-08-06,07:00,468.00,ok
2026-09-30,STN,LCJ,2027-08-07,19:20,514.00,ok
2026-09-30,STN,LCJ,2027-08-08,06:55,514.00,ok
2026-09-30,STN,LCJ,2027-08-09,,,unavailable
2026-09-30,STN,LCJ,2027-08-10,17:45,378.00,ok
2026-09-30,STN,LCJ,2027-08-11,14:05,332.00,ok
2026-09-30,STN,LCJ,2027-08-12,05:55,332.00,ok
2026-09-30,STN,LCJ,2027-08-13,07:00,378.00,ok
2026-09-30,STN,LCJ,2027-08-14,19:20,514.00,ok
2026-09-30,STN,LCJ,2027-08-15,06:55,514.00,ok
2026-09-30,STN,LCJ,2027-08-16,,,unavailable
2026-09-30,STN,LCJ,2027-08-17,17:45,332.00,ok
2026-09-30,STN,LCJ,2027-08-18,14:05,251.00,ok
2026-09-30,STN,LCJ,2027-08-19,05:55,251.00,ok
2026-09-30,STN,LCJ,2027-08-20,07:00,332.00,ok
2026-09-30,STN,LCJ,2027-08-21,19:20,332.00,ok
2026-09-30,STN,LCJ,2027-08-22,06:55,332.00,ok
2026-09-30,STN,LCJ,2027-08-23,,,unavailable
2026-09-30,STN,LCJ,2027-08-24,17:45,187.00,ok
2026-09-30,STN,LCJ,2027-08-25,14:05,187.00,ok
2026-09-30,STN,LCJ,2027-08-26,05:55,187.00,ok
2026-09-30,STN,LCJ,2027-08-27,07:00,187.00,ok
2026-09-30,STN,LCJ,2027-08-28,19:20,187.00,ok
2026-09-30,STN,LCJ,2027-08-29,06:55,187.00,ok
2026-09-30,STN,LCJ,2027-08-30,,,unavailable
2026-09-30,STN,LCJ,2027-08-31,17:45,187.00,ok
2026-09-30,LCJ,AGP,2026-09-30,19:25,641.10,ok
2026-09-30,LCJ,AGP,2026-10-03,20:10,238.15,ok
2026-09-30,LCJ,AGP,2026-10-07,19:25,113.49,ok
2026-09-30,LCJ,AGP,2026-10-10,20:10,165.94,ok
2026-09-30,LCJ,AGP,2026-10-14,19:25,196.46,ok
2026-09-30,LCJ,AGP,2026-10-17,20:10,156.71,ok
2026-09-30,LCJ,AGP,2026-10-21,19:25,209.56,ok
2026-09-30,LCJ,AGP,2026-10-24,20:10,144.06,ok
2026-09-30,LCJ,AGP,2026-10-30,20:40,239.31,ok
2026-09-30,LCJ,AGP,2026-11-01,20:20,178.99,ok
2026-09-30,LCJ,AGP,2026-11-05,12:50,261.96,ok
2026-09-30,LCJ,AGP,2026-11-06,20:40,358.16,ok
2026-09-30,LCJ,AGP,2026-11-08,20:20,363.70,ok
2026-09-30,LCJ,AGP,2026-11-12,12:50,248.93,ok
2026-09-30,LCJ,AGP,2026-11-19,12:50,122.22,ok
2026-09-30,LCJ,AGP,2026-11-20,20:40,96.05,ok
2026-09-30,LCJ,AGP,2026-11-26,12:50,188.59,ok
2026-09-30,LCJ,AGP,2026-12-04,20:40,121.00,ok
2026-09-30,LCJ,AGP,2026-12-18,20:40,222.66,ok
2026-09-30,LCJ,AGP,2026-12-20,20:20,192.36,ok
2026-09-30,LCJ,AGP,2026-12-27,20:20,703.29,ok
2026-09-30,LCJ,AGP,2027-01-01,20:40,165.88,ok
2026-09-30,LCJ,AGP,2027-01-03,20:20,292.53,ok
2026-09-30,LCJ,AGP,2027-01-15,20:40,379.97,ok
2026-09-30,LCJ,AGP,2027-01-17,20:20,450.41,ok
2026-09-30,LCJ,AGP,2027-01-22,20:40,231.78,ok
2026-09-30,LCJ,AGP,2027-01-24,20:20,213.92,ok
2026-09-30,LCJ,AGP,2027-01-29,20:40,296.89,ok
2026-09-30,LCJ,AGP,2027-02-05,20:40,205.25,ok
2026-09-30,LCJ,AGP,2027-02-07,20:20,296.98,ok
2026-09-30,LCJ,AGP,2027-02-12,20:40,358.13,ok
2026-09-30,LCJ,AGP,2027-02-19,20:40,193.85,ok
2026-09-30,LCJ,AGP,2027-02-21,20:20,432.39,ok
2026-09-30,LCJ,AGP,2027-02-26,20:40,231.39,ok
2026-09-30,LCJ,AGP,2027-03-19,20:40,231.78,ok
2026-09-30,LCJ,AGP,2027-04-08,18:50,323.00,ok
2026-09-30,AGP,LCJ,2026-09-30,15:20,1314.35,ok
2026-09-30,AGP,LCJ,2026-10-03,15:40,925.97,ok
2026-09-30,AGP,LCJ,2026-10-07,15:20,392.96,ok
2026-09-30,AGP,LCJ,2026-10-14,15:20,327.56,ok
2026-09-30,AGP,LCJ,2026-10-17,15:40,475.93,ok
2026-09-30,AGP,LCJ,2026-10-21,15:20,305.72,ok
2026-09-30,AGP,LCJ,2026-10-24,15:40,323.19,ok
2026-09-30,AGP,LCJ,2026-10-25,16:10,454.07,ok
2026-09-30,AGP,LCJ,2026-10-30,16:30,310.70,ok
2026-09-30,AGP,LCJ,2026-11-01,16:10,333.00,ok
2026-09-30,AGP,LCJ,2026-11-05,08:40,78.56,ok
2026-09-30,AGP,LCJ,2026-11-06,16:30,179.82,ok
2026-09-30,AGP,LCJ,2026-11-08,16:10,264.70,ok
2026-09-30,AGP,LCJ,2026-11-12,08:40,301.26,ok
2026-09-30,AGP,LCJ,2026-11-13,16:30,314.36,ok
2026-09-30,AGP,LCJ,2026-11-15,16:10,682.42,ok
2026-09-30,AGP,LCJ,2026-11-19,08:40,164.15,ok
2026-09-30,AGP,LCJ,2026-11-20,16:30,153.00,ok
2026-09-30,AGP,LCJ,2026-11-22,16:10,262.04,ok
2026-09-30,AGP,LCJ,2026-11-27,16:30,122.22,ok
2026-09-30,AGP,LCJ,2026-11-29,16:10,301.73,ok
2026-09-30,AGP,LCJ,2026-12-04,16:30,257.59,ok
2026-09-30,AGP,LCJ,2026-12-06,16:10,201.27,ok
2026-09-30,AGP,LCJ,2026-12-13,16:10,178.99,ok
2026-09-30,AGP,LCJ,2026-12-18,16:30,148.42,ok
2026-09-30,AGP,LCJ,2026-12-20,16:10,145.27,ok
2026-09-30,AGP,LCJ,2026-12-27,16:10,137.54,ok
2026-09-30,AGP,LCJ,2027-01-03,16:10,340.56,ok
2026-09-30,AGP,LCJ,2027-01-08,16:30,432.26,ok
2026-09-30,AGP,LCJ,2027-01-10,16:10,309.67,ok
2026-09-30,AGP,LCJ,2027-01-22,16:30,401.22,ok
2026-09-30,AGP,LCJ,2027-01-24,16:10,309.67,ok
2026-09-30,AGP,LCJ,2027-01-29,16:30,405.59,ok
2026-09-30,AGP,LCJ,2027-01-31,16:10,401.22,ok
2026-09-30,AGP,LCJ,2027-02-05,16:30,148.47,ok
2026-09-30,AGP,LCJ,2027-02-07,16:10,218.29,ok
2026-09-30,AGP,LCJ,2027-02-12,16:30,213.00,ok
2026-09-30,AGP,LCJ,2027-02-14,16:10,350.95,ok
2026-09-30,AGP,LCJ,2027-02-19,16:30,314.36,ok
2026-09-30,AGP,LCJ,2027-02-26,16:30,471.56,ok
2026-09-30,AGP,LCJ,2027-02-28,16:10,268.18,ok
2026-09-30,AGP,LCJ,2027-03-07,16:10,193.85,ok
2026-09-30,AGP,LCJ,2027-03-12,16:30,253.22,ok
2026-09-30,AGP,LCJ,2027-03-14,16:10,318.73,ok
2026-09-30,AGP,LCJ,2027-03-21,16:10,309.67,ok
2026-09-30,AGP,LCJ,2027-03-26,16:30,231.78,ok
2026-09-30,AGP,LCJ,2027-04-08,14:40,625.00,ok
2026-09-30,LCJ,ALC,2026-09-30,,,unavailable
2026-09-30,LCJ,ALC,2026-10-02,09:45,586.00,ok
2026-09-30,LCJ,ALC,2026-10-05,21:30,112.47,ok
2026-09-30,LCJ,ALC,2026-10-07,09:40,157.20,ok
2026-09-30,LCJ,ALC,2026-10-09,09:45,362.39,ok
2026-09-30,LCJ,ALC,2026-10-12,21:30,250.46,ok
2026-09-30,LCJ,ALC,2026-10-14,09:40,295.09,ok
2026-09-30,LCJ,ALC,2026-10-16,09:45,523.96,ok
2026-09-30,LCJ,ALC,2026-10-19,21:30,122.22,ok
2026-09-30,LCJ,ALC,2026-10-21,09:40,574.00,ok
2026-09-30,LCJ,ALC,2026-10-23,09:45,192.15,ok
2026-09-30,LCJ,ALC,2026-10-26,19:20,188.52,ok
2026-09-30,LCJ,ALC,2026-10-29,11:55,576.05,ok
2026-09-30,LCJ,ALC,2026-10-31,10:10,285.92,ok
2026-09-30,LCJ,ALC,2026-11-02,19:20,126.63,ok
2026-09-30,LCJ,ALC,2026-11-05,11:55,540.46,ok
2026-09-30,LCJ,ALC,2026-11-09,19:20,192.15,ok
2026-09-30,LCJ,ALC,2026-11-12,11:55,235.76,ok
2026-09-30,LCJ,ALC,2026-11-16,19:20,100.42,ok
2026-09-30,LCJ,ALC,2026-11-19,11:55,161.57,ok
2026-09-30,LCJ,ALC,2026-11-23,19:20,124.99,ok
2026-09-30,LCJ,ALC,2026-11-26,11:55,252.84,ok
2026-09-30,LCJ,ALC,2026-11-30,19:20,127.65,ok
2026-09-30,LCJ,ALC,2026-12-03,11:55,187.72,ok
2026-09-30,LCJ,ALC,2026-12-07,19:20,113.52,ok
2026-09-30,LCJ,ALC,2026-12-10,11:55,119.14,ok
2026-09-30,LCJ,ALC,2026-12-14,19:20,104.76,ok
2026-09-30,LCJ,ALC,2026-12-21,19:20,192.09,ok
2026-09-30,LCJ,ALC,2026-12-24,11:55,392.96,ok
2026-09-30,LCJ,ALC,2026-12-28,19:20,617.57,ok
2026-09-30,LCJ,ALC,2026-12-31,11:55,646.23,ok
2026-09-30,LCJ,ALC,2027-01-14,11:55,214.34,ok
2026-09-30,LCJ,ALC,2027-01-18,19:20,214.34,ok
2026-09-30,LCJ,ALC,2027-01-21,11:55,288.16,ok
2026-09-30,LCJ,ALC,2027-01-25,19:20,170.26,ok
2026-09-30,LCJ,ALC,2027-02-04,11:55,205.19,ok
2026-09-30,LCJ,ALC,2027-02-08,19:20,131.00,ok
2026-09-30,LCJ,ALC,2027-02-11,11:55,135.36,ok
2026-09-30,LCJ,ALC,2027-02-15,19:20,301.26,ok
2026-09-30,LCJ,ALC,2027-02-18,11:55,250.74,ok
2026-09-30,LCJ,ALC,2027-02-22,19:20,178.99,ok
2026-09-30,LCJ,ALC,2027-02-25,11:55,240.12,ok
2026-09-30,LCJ,ALC,2027-03-04,11:55,270.69,ok
2026-09-30,LCJ,ALC,2027-03-08,19:20,213.92,ok
2026-09-30,LCJ,ALC,2027-03-11,11:55,209.56,ok
2026-09-30,LCJ,ALC,2027-03-18,11:55,214.34,ok
2026-09-30,LCJ,ALC,2027-03-22,19:20,305.63,ok
2026-09-30,ALC,LCJ,2026-09-30,,,unavailable
2026-09-30,ALC,LCJ,2026-10-02,06:00,781.60,ok
2026-09-30,ALC,LCJ,2026-10-05,17:50,589.64,ok
2026-09-30,ALC,LCJ,2026-10-07,05:50,375.60,ok
2026-09-30,ALC,LCJ,2026-10-09,06:00,558.89,ok
2026-09-30,ALC,LCJ,2026-10-12,17:50,524.12,ok
2026-09-30,ALC,LCJ,2026-10-14,05:50,476.07,ok
2026-09-30,ALC,LCJ,2026-10-16,06:00,266.33,ok
2026-09-30,ALC,LCJ,2026-10-19,17:50,615.66,ok
2026-09-30,ALC,LCJ,2026-10-21,05:50,264.00,ok
2026-09-30,ALC,LCJ,2026-10-23,06:00,353.76,ok
2026-09-30,ALC,LCJ,2026-10-26,15:40,721.25,ok
2026-09-30,ALC,LCJ,2026-10-29,08:15,566.88,ok
2026-09-30,ALC,LCJ,2026-10-31,06:30,391.00,ok
2026-09-30,ALC,LCJ,2026-11-02,15:40,491.78,ok
2026-09-30,ALC,LCJ,2026-11-09,15:40,362.39,ok
2026-09-30,ALC,LCJ,2026-11-12,08:15,383.74,ok
2026-09-30,ALC,LCJ,2026-11-16,15:40,593.83,ok
2026-09-30,ALC,LCJ,2026-11-19,08:15,177.41,ok
2026-09-30,ALC,LCJ,2026-11-23,15:40,244.79,ok
2026-09-30,ALC,LCJ,2026-11-30,15:40,270.69,ok
2026-09-30,ALC,LCJ,2026-12-03,08:15,192.09,ok
2026-09-30,ALC,LCJ,2026-12-07,15:40,200.88,ok
2026-09-30,ALC,LCJ,2026-12-14,15:40,170.26,ok
2026-09-30,ALC,LCJ,2026-12-17,08:15,111.06,ok
2026-09-30,ALC,LCJ,2026-12-21,15:40,192.09,ok
2026-09-30,ALC,LCJ,2026-12-24,08:15,113.49,ok
2026-09-30,ALC,LCJ,2026-12-28,15:40,221.70,ok
2026-09-30,ALC,LCJ,2026-12-31,08:15,161.52,ok
2026-09-30,ALC,LCJ,2027-01-04,15:40,436.76,ok
2026-09-30,ALC,LCJ,2027-01-07,08:15,524.30,ok
2026-09-30,ALC,LCJ,2027-01-11,15:40,375.49,ok
2026-09-30,ALC,LCJ,2027-01-14,08:15,165.89,ok
2026-09-30,ALC,LCJ,2027-01-18,15:40,192.09,ok
2026-09-30,ALC,LCJ,2027-01-25,15:40,296.89,ok
2026-09-30,ALC,LCJ,2027-01-28,08:15,333.66,ok
2026-09-30,ALC,LCJ,2027-02-01,15:40,250.74,ok
2026-09-30,ALC,LCJ,2027-02-11,08:15,379.86,ok
2026-09-30,ALC,LCJ,2027-02-15,15:40,323.09,ok
2026-09-30,ALC,LCJ,2027-02-18,08:15,175.97,ok
2026-09-30,ALC,LCJ,2027-02-22,15:40,218.71,ok
2026-09-30,ALC,LCJ,2027-02-25,08:15,175.97,ok
2026-09-30,ALC,LCJ,2027-03-01,15:40,388.59,ok
2026-09-30,ALC,LCJ,2027-03-08,15:40,175.97,ok
2026-09-30,ALC,LCJ,2027-03-11,08:15,214.34,ok
2026-09-30,ALC,LCJ,2027-03-15,15:40,179.04,ok
2026-09-30,ALC,LCJ,2027-03-22,15:40,288.02,ok
2026-09-30,ALC,LCJ,2027-03-25,08:15,340.56,ok
2026-09-30,LCJ,BGY,2026-09-30,,,unavailable
2026-09-30,LCJ,BGY,2026-10-01,09:50,441.12,ok
2026-09-30,LCJ,BGY,2026-10-02,13:30,340.56,ok
2026-09-30,LCJ,BGY,2026-10-04,18:05,83.73,ok
2026-09-30,LCJ,BGY,2026-10-05,13:30,131.00,ok
2026-09-30,LCJ,BGY,2026-10-06,22:10,109.16,ok
2026-09-30,LCJ,BGY,2026-10-07,12:45,65.48,ok
2026-09-30,LCJ,BGY,2026-10-08,09:50,139.69,ok
2026-09-30,LCJ,BGY,2026-10-09,13:30,213.92,ok
2026-09-30,LCJ,BGY,2026-10-11,18:05,104.36,ok
2026-09-30,LCJ,BGY,2026-10-12,13:30,79.87,ok
2026-09-30,LCJ,BGY,2026-10-14,12:45,65.48,ok
2026-09-30,LCJ,BGY,2026-10-15,09:50,135.36,ok
2026-09-30,LCJ,BGY,2026-10-16,13:30,157.16,ok
2026-09-30,LCJ,BGY,2026-10-18,18:05,65.00,ok
2026-09-30,LCJ,BGY,2026-10-19,13:30,82.92,ok
2026-09-30,LCJ,BGY,2026-10-20,22:10,65.48,ok
2026-09-30,LCJ,BGY,2026-10-22,09:50,68.58,ok
2026-09-30,LCJ,BGY,2026-10-23,13:30,86.52,ok
2026-09-30,LCJ,BGY,2026-10-30,12:10,103.33,ok
2026-09-30,LCJ,BGY,2026-11-06,12:10,269.58,ok
2026-09-30,LCJ,BGY,2026-11-09,12:25,68.41,ok
2026-09-30,LCJ,BGY,2026-11-13,12:10,74.83,ok
2026-09-30,LCJ,BGY,2026-11-16,12:25,65.70,ok
2026-09-30,LCJ,BGY,2026-11-20,12:10,161.86,ok
2026-09-30,LCJ,BGY,2026-12-04,12:10,251.47,ok
2026-09-30,LCJ,BGY,2026-12-11,12:10,174.62,ok
2026-09-30,LCJ,BGY,2026-12-14,12:25,91.66,ok
2026-09-30,LCJ,BGY,2026-12-23,19:25,174.22,ok
2026-09-30,LCJ,BGY,2026-12-28,12:25,327.27,ok
2026-09-30,LCJ,BGY,2026-12-30,19:25,327.56,ok
2026-09-30,LCJ,BGY,2027-01-04,12:25,153.00,ok
2026-09-30,LCJ,BGY,2027-02-05,12:10,152.79,ok
2026-09-30,LCJ,BGY,2027-02-08,12:25,122.22,ok
2026-09-30,LCJ,BGY,2027-02-12,12:10,97.64,ok
2026-09-30,LCJ,BGY,2027-02-19,12:10,130.96,ok
2026-09-30,LCJ,BGY,2027-02-22,12:25,96.05,ok
2026-09-30,LCJ,BGY,2027-03-01,12:25,122.22,ok
2026-09-30,LCJ,BGY,2027-03-05,12:10,100.42,ok
2026-09-30,LCJ,BGY,2027-03-08,12:25,122.22,ok
2026-09-30,LCJ,BGY,2027-03-12,12:10,152.79,ok
2026-09-30,LCJ,BGY,2027-03-15,12:25,340.66,ok
2026-09-30,LCJ,BGY,2027-03-19,12:10,170.69,ok
2026-09-30,LCJ,BGY,2027-03-26,12:10,240.12,ok
2026-09-30,BGY,LCJ,2026-09-30,,,unavailable
2026-09-30,BGY,LCJ,2026-10-01,07:35,69.84,ok
2026-09-30,BGY,LCJ,2026-10-02,11:15,266.33,ok
2026-09-30,BGY,LCJ,2026-10-04,15:25,467.37,ok
2026-09-30,BGY,LCJ,2026-10-05,11:15,152.84,ok
2026-09-30,BGY,LCJ,2026-10-06,19:55,109.16,ok
2026-09-30,BGY,LCJ,2026-10-07,10:30,66.18,ok
2026-09-30,BGY,LCJ,2026-10-08,07:35,65.48,ok
2026-09-30,BGY,LCJ,2026-10-09,11:15,131.00,ok
2026-09-30,BGY,LCJ,2026-10-11,15:25,402.14,ok
2026-09-30,BGY,LCJ,2026-10-12,11:15,205.19,ok
2026-09-30,BGY,LCJ,2026-10-13,19:55,65.48,ok
2026-09-30,BGY,LCJ,2026-10-14,10:30,68.28,ok
2026-09-30,BGY,LCJ,2026-10-15,07:35,65.48,ok
2026-09-30,BGY,LCJ,2026-10-16,11:15,135.36,ok
2026-09-30,BGY,LCJ,2026-10-18,15:25,419.64,ok
2026-09-30,BGY,LCJ,2026-10-19,11:15,235.83,ok
2026-09-30,BGY,LCJ,2026-10-20,19:55,148.47,ok
2026-09-30,BGY,LCJ,2026-10-21,06:20,65.48,ok
2026-09-30,BGY,LCJ,2026-10-22,07:35,82.14,ok
2026-09-30,BGY,LCJ,2026-10-23,11:15,135.36,ok
2026-09-30,BGY,LCJ,2026-10-26,10:05,217.37,ok
2026-09-30,BGY,LCJ,2026-10-30,09:50,94.37,ok
2026-09-30,BGY,LCJ,2026-11-02,10:05,112.50,ok
2026-09-30,BGY,LCJ,2026-11-06,09:50,82.47,ok
2026-09-30,BGY,LCJ,2026-11-09,10:05,157.37,ok
2026-09-30,BGY,LCJ,2026-11-13,09:50,99.74,ok
2026-09-30,BGY,LCJ,2026-11-20,09:50,75.13,ok
2026-09-30,BGY,LCJ,2026-11-23,10:05,321.64,ok
2026-09-30,BGY,LCJ,2026-11-27,09:50,71.03,ok
2026-09-30,BGY,LCJ,2026-11-30,10:05,200.99,ok
2026-09-30,BGY,LCJ,2026-12-07,10:05,179.04,ok
2026-09-30,BGY,LCJ,2026-12-11,09:50,78.56,ok
2026-09-30,BGY,LCJ,2026-12-14,10:05,96.90,ok
2026-09-30,BGY,LCJ,2026-12-18,09:50,100.39,ok
2026-09-30,BGY,LCJ,2026-12-21,10:05,217.98,ok
2026-09-30,BGY,LCJ,2026-12-23,17:05,183.36,ok
2026-09-30,BGY,LCJ,2026-12-28,10:05,116.83,ok
2026-09-30,BGY,LCJ,2026-12-30,17:05,153.00,ok
2026-09-30,BGY,LCJ,2027-01-01,09:50,143.28,ok
2026-09-30,BGY,LCJ,2027-01-04,10:05,235.71,ok
2026-09-30,BGY,LCJ,2027-02-01,10:05,122.22,ok
2026-09-30,BGY,LCJ,2027-02-08,10:05,152.79,ok
2026-09-30,BGY,LCJ,2027-02-15,10:05,143.28,ok
2026-09-30,BGY,LCJ,2027-02-19,09:50,144.06,ok
2026-09-30,BGY,LCJ,2027-02-26,09:50,96.05,ok
2026-09-30,BGY,LCJ,2027-03-01,10:05,178.99,ok
2026-09-30,BGY,LCJ,2027-03-05,09:50,109.12,ok
2026-09-30,BGY,LCJ,2027-03-15,10:05,283.88,ok
2026-09-30,BGY,LCJ,2027-03-19,09:50,109.16,ok
2026-09-30,BGY,LCJ,2027-03-22,10:05,143.28,ok
2026-09-30,BGY,LCJ,2027-05-31,11:45,313.17,ok
2026-09-30,LCJ,BHX,2026-10-01,10:20,225.72,ok
2026-09-30,LCJ,BHX,2026-10-05,22:10,140.31,ok
2026-09-30,LCJ,BHX,2026-10-08,10:20,115.08,ok
2026-09-30,LCJ,BHX,2026-10-12,22:10,111.42,ok
2026-09-30,LCJ,BHX,2026-10-15,10:20,92.58,ok
2026-09-30,LCJ,BHX,2026-10-19,22:10,92.58,ok
2026-09-30,LCJ,BHX,2026-10-22,10:20,116.12,ok
2026-09-30,LCJ,BHX,2026-10-25,19:30,123.28,ok
2026-09-30,LCJ,BHX,2026-10-29,19:10,123.28,ok
2026-09-30,LCJ,BHX,2026-10-30,10:25,235.89,ok
2026-09-30,LCJ,BHX,2026-11-01,19:30,401.41,ok
2026-09-30,LCJ,BHX,2026-11-05,19:10,177.28,ok
2026-09-30,LCJ,BHX,2026-11-06,10:25,113.11,ok
2026-09-30,LCJ,BHX,2026-11-08,19:30,222.72,ok
2026-09-30,LCJ,BHX,2026-11-13,10:25,106.95,ok
2026-09-30,LCJ,BHX,2026-11-19,19:10,96.05,ok
2026-09-30,LCJ,BHX,2026-11-22,19:30,144.06,ok
2026-09-30,LCJ,BHX,2026-12-04,10:25,78.58,ok
2026-09-30,LCJ,BHX,2026-12-10,19:10,91.68,ok
2026-09-30,LCJ,BHX,2026-12-13,19:30,131.00,ok
2026-09-30,LCJ,BHX,2026-12-17,19:10,96.02,ok
2026-09-30,LCJ,BHX,2026-12-18,10:25,170.26,ok
2026-09-30,LCJ,BHX,2026-12-20,19:30,249.05,ok
2026-09-30,LCJ,BHX,2026-12-27,19:30,353.66,ok
2026-09-30,LCJ,BHX,2026-12-31,19:10,438.53,ok
2026-09-30,LCJ,BHX,2027-01-01,10:25,506.49,ok
2026-09-30,LCJ,BHX,2027-01-08,10:25,218.29,ok
2026-09-30,LCJ,BHX,2027-01-15,10:25,170.26,ok
2026-09-30,LCJ,BHX,2027-01-22,10:25,178.99,ok
2026-09-30,LCJ,BHX,2027-01-24,19:30,165.89,ok
2026-09-30,LCJ,BHX,2027-01-31,19:30,165.89,ok
2026-09-30,LCJ,BHX,2027-02-07,19:30,148.42,ok
2026-09-30,LCJ,BHX,2027-02-12,10:25,144.06,ok
2026-09-30,LCJ,BHX,2027-02-28,19:30,196.46,ok
2026-09-30,LCJ,BHX,2027-03-05,10:25,122.22,ok
2026-09-30,LCJ,BHX,2027-03-07,19:30,144.06,ok
2026-09-30,LCJ,BHX,2027-03-12,10:25,218.29,ok
2026-09-30,LCJ,BHX,2027-03-14,19:30,157.16,ok
2026-09-30,LCJ,BHX,2027-03-19,10:25,135.36,ok
2026-09-30,LCJ,BHX,2027-03-25,19:10,170.26,ok
2026-09-30,LCJ,BHX,2027-03-26,10:25,161.57,ok
2026-09-30,BHX,LCJ,2026-10-01,06:35,269.01,ok
2026-09-30,BHX,LCJ,2026-10-08,06:35,111.42,ok
2026-09-30,BHX,LCJ,2026-10-12,18:25,92.58,ok
2026-09-30,BHX,LCJ,2026-10-15,06:35,123.28,ok
2026-09-30,BHX,LCJ,2026-10-19,18:25,111.42,ok
2026-09-30,BHX,LCJ,2026-10-22,06:35,465.35,ok
2026-09-30,BHX,LCJ,2026-10-25,15:45,434.74,ok
2026-09-30,BHX,LCJ,2026-10-29,15:25,92.58,ok
2026-09-30,BHX,LCJ,2026-10-30,06:40,92.58,ok
2026-09-30,BHX,LCJ,2026-11-01,15:45,96.69,ok
2026-09-30,BHX,LCJ,2026-11-15,15:45,113.11,ok
2026-09-30,BHX,LCJ,2026-11-20,06:40,102.58,ok
2026-09-30,BHX,LCJ,2026-11-22,15:45,105.68,ok
2026-09-30,BHX,LCJ,2026-11-26,15:25,114.81,ok
2026-09-30,BHX,LCJ,2026-11-27,06:40,152.97,ok
2026-09-30,BHX,LCJ,2026-12-03,15:25,114.16,ok
2026-09-30,BHX,LCJ,2026-12-04,06:40,162.89,ok
2026-09-30,BHX,LCJ,2026-12-06,15:45,91.70,ok
2026-09-30,BHX,LCJ,2026-12-10,15:25,132.34,ok
2026-09-30,BHX,LCJ,2026-12-11,06:40,159.04,ok
2026-09-30,BHX,LCJ,2026-12-17,15:25,510.16,ok
2026-09-30,BHX,LCJ,2026-12-18,06:40,784.08,ok
2026-09-30,BHX,LCJ,2026-12-20,15:45,775.38,ok
2026-09-30,BHX,LCJ,2026-12-31,15:25,180.68,ok
2026-09-30,BHX,LCJ,2027-01-01,06:40,162.89,ok
2026-09-30,BHX,LCJ,2027-01-03,15:45,274.90,ok
2026-09-30,BHX,LCJ,2027-01-10,15:45,132.34,ok
2026-09-30,BHX,LCJ,2027-01-17,15:45,132.34,ok
2026-09-30,BHX,LCJ,2027-01-22,06:40,239.26,ok
2026-09-30,BHX,LCJ,2027-01-24,15:45,152.70,ok
2026-09-30,BHX,LCJ,2027-01-29,06:40,187.03,ok
2026-09-30,BHX,LCJ,2027-02-07,15:45,167.98,ok
2026-09-30,BHX,LCJ,2027-02-14,15:45,315.64,ok
2026-09-30,BHX,LCJ,2027-03-05,06:40,213.80,ok
2026-09-30,BHX,LCJ,2027-03-07,15:45,147.61,ok
2026-09-30,BHX,LCJ,2027-03-12,06:40,223.99,ok
2026-09-30,BHX,LCJ,2027-03-23,16:05,473.48,ok
2026-09-30,LCJ,CRL,2026-10-01,15:30,86.52,ok
2026-09-30,LCJ,CRL,2026-10-04,14:25,170.26,ok
2026-09-30,LCJ,CRL,2026-10-08,15:30,65.48,ok
2026-09-30,LCJ,CRL,2026-10-11,14:25,148.42,ok
2026-09-30,LCJ,CRL,2026-10-15,15:30,65.48,ok
2026-09-30,LCJ,CRL,2026-10-18,14:25,126.63,ok
2026-09-30,CRL,LCJ,2026-10-01,13:05,371.13,ok
2026-09-30,CRL,LCJ,2026-10-04,12:05,253.30,ok
2026-09-30,CRL,LCJ,2026-10-08,13:05,69.15,ok
2026-09-30,CRL,LCJ,2026-10-11,12:05,117.86,ok
2026-09-30,CRL,LCJ,2026-10-15,13:05,65.48,ok
2026-09-30,CRL,LCJ,2026-10-22,13:05,65.48,ok
2026-09-30,LCJ,DUB,2026-10-01,22:45,161.52,ok
2026-09-30,LCJ,DUB,2026-10-05,17:30,253.22,ok
2026-09-30,LCJ,DUB,2026-10-08,22:45,205.25,ok
2026-09-30,LCJ,DUB,2026-10-12,17:30,288.24,ok
2026-09-30,LCJ,DUB,2026-10-15,22:45,117.89,ok
2026-09-30,LCJ,DUB,2026-10-19,17:30,200.37,ok
2026-09-30,LCJ,DUB,2026-10-22,22:45,157.20,ok
2026-09-30,LCJ,DUB,2026-10-26,13:05,141.99,ok
2026-09-30,LCJ,DUB,2026-10-30,20:25,343.32,ok
2026-09-30,LCJ,DUB,2026-11-02,13:05,411.66,ok
2026-09-30,LCJ,DUB,2026-11-06,20:25,209.56,ok
2026-09-30,LCJ,DUB,2026-11-09,13:05,132.05,ok
2026-09-30,LCJ,DUB,2026-11-27,20:25,157.38,ok
2026-09-30,LCJ,DUB,2026-12-07,13:05,149.65,ok
2026-09-30,LCJ,DUB,2026-12-11,20:25,133.58,ok
2026-09-30,LCJ,DUB,2026-12-14,13:05,130.00,ok
2026-09-30,LCJ,DUB,2026-12-18,20:25,218.14,ok
2026-09-30,LCJ,DUB,2026-12-21,13:05,214.21,ok
2026-09-30,LCJ,DUB,2026-12-23,11:20,222.66,ok
2026-09-30,LCJ,DUB,2026-12-28,13:05,375.33,ok
2026-09-30,LCJ,DUB,2027-01-01,20:25,589.27,ok
2026-09-30,LCJ,DUB,2027-01-04,13:05,783.06,ok
2026-09-30,LCJ,DUB,2027-01-08,20:25,323.09,ok
2026-09-30,LCJ,DUB,2027-01-11,13:05,378.26,ok
2026-09-30,LCJ,DUB,2027-01-15,20:25,205.19,ok
2026-09-30,LCJ,DUB,2027-01-18,13:05,306.00,ok
2026-09-30,LCJ,DUB,2027-01-29,20:25,161.52,ok
2026-09-30,LCJ,DUB,2027-02-05,20:25,152.79,ok
2026-09-30,LCJ,DUB,2027-02-26,20:25,148.47,ok
2026-09-30,LCJ,DUB,2027-03-05,20:25,157.16,ok
2026-09-30,LCJ,DUB,2027-03-12,20:25,161.52,ok
2026-09-30,LCJ,DUB,2027-03-19,20:25,161.52,ok
2026-09-30,LCJ,DUB,2027-03-30,16:50,663.37,ok
2026-09-30,DUB,LCJ,2026-10-01,18:35,748.44,ok
2026-09-30,DUB,LCJ,2026-10-05,13:20,157.20,ok
2026-09-30,DUB,LCJ,2026-10-08,18:35,270.77,ok
2026-09-30,DUB,LCJ,2026-10-12,13:20,148.47,ok
2026-09-30,DUB,LCJ,2026-10-15,18:35,275.14,ok
2026-09-30,DUB,LCJ,2026-10-19,13:20,207.01,ok
2026-09-30,DUB,LCJ,2026-10-22,18:35,535.89,ok
2026-09-30,DUB,LCJ,2026-10-26,09:00,268.37,ok
2026-09-30,DUB,LCJ,2026-10-30,16:20,127.79,ok
2026-09-30,DUB,LCJ,2026-11-02,09:00,147.86,ok
2026-09-30,DUB,LCJ,2026-11-09,09:00,131.97,ok
2026-09-30,DUB,LCJ,2026-11-13,16:20,145.50,ok
2026-09-30,DUB,LCJ,2026-12-04,16:20,142.27,ok
2026-09-30,DUB,LCJ,2026-12-07,09:00,135.11,ok
2026-09-30,DUB,LCJ,2026-12-11,16:20,144.10,ok
2026-09-30,DUB,LCJ,2026-12-14,09:00,214.21,ok
2026-09-30,DUB,LCJ,2026-12-18,16:20,627.24,ok
2026-09-30,DUB,LCJ,2026-12-21,09:00,685.99,ok
2026-09-30,DUB,LCJ,2026-12-23,07:15,864.56,ok
2026-09-30,DUB,LCJ,2026-12-28,09:00,361.74,ok
2026-09-30,DUB,LCJ,2026-12-30,07:15,331.49,ok
2026-09-30,DUB,LCJ,2027-01-01,16:20,292.53,ok
2026-09-30,DUB,LCJ,2027-01-04,09:00,306.00,ok
2026-09-30,DUB,LCJ,2027-01-08,16:20,212.59,ok
2026-09-30,DUB,LCJ,2027-01-15,16:20,165.94,ok
2026-09-30,DUB,LCJ,2027-01-22,16:20,166.00,ok
2026-09-30,DUB,LCJ,2027-01-29,16:20,165.89,ok
2026-09-30,DUB,LCJ,2027-02-05,16:20,178.99,ok
2026-09-30,DUB,LCJ,2027-02-19,16:20,218.36,ok
2026-09-30,DUB,LCJ,2027-02-26,16:20,157.16,ok
2026-09-30,DUB,LCJ,2027-03-05,16:20,148.42,ok
2026-09-30,DUB,LCJ,2027-03-19,16:20,391.00,ok
2026-09-30,DUB,LCJ,2027-03-26,16:20,511.01,ok
2026-09-30,DUB,LCJ,2027-03-30,12:45,552.37,ok
2026-09-30,LCJ,STN,2026-09-30,,,unavailable
2026-09-30,LCJ,STN,2026-10-01,16:15,448.59,ok
2026-09-30,LCJ,STN,2026-10-03,11:35,794.98,ok
2026-09-30,LCJ,STN,2026-10-04,15:45,934.37,ok
2026-09-30,LCJ,STN,2026-10-05,16:45,404.60,ok
2026-09-30,LCJ,STN,2026-10-06,20:45,248.65,ok
2026-09-30,LCJ,STN,2026-10-08,16:15,366.50,ok
2026-09-30,LCJ,STN,2026-10-10,11:35,336.37,ok
2026-09-30,LCJ,STN,2026-10-11,15:45,404.60,ok
2026-09-30,LCJ,STN,2026-10-12,16:45,215.90,ok
2026-09-30,LCJ,STN,2026-10-13,20:45,130.82,ok
2026-09-30,LCJ,STN,2026-10-14,11:50,111.92,ok
2026-09-30,LCJ,STN,2026-10-15,16:15,113.18,ok
2026-09-30,LCJ,STN,2026-10-17,11:35,134.38,ok
2026-09-30,LCJ,STN,2026-10-18,15:45,241.89,ok
2026-09-30,LCJ,STN,2026-10-19,16:45,135.82,ok
2026-09-30,LCJ,STN,2026-10-22,16:15,188.22,ok
2026-09-30,LCJ,STN,2026-10-24,11:35,187.14,ok
2026-09-30,LCJ,STN,2026-10-25,13:40,74.00,ok
2026-09-30,LCJ,STN,2026-10-26,10:55,96.16,ok
2026-09-30,LCJ,STN,2026-10-29,17:45,265.28,ok
2026-09-30,LCJ,STN,2026-10-30,10:10,270.17,ok
2026-09-30,LCJ,STN,2026-10-31,12:25,348.42,ok
2026-09-30,LCJ,STN,2026-11-01,13:40,331.83,ok
2026-09-30,LCJ,STN,2026-11-02,10:55,497.91,ok
2026-09-30,LCJ,STN,2026-11-05,17:45,248.86,ok
2026-09-30,LCJ,STN,2026-11-06,10:10,235.63,ok
2026-09-30,LCJ,STN,2026-11-07,12:25,266.33,ok
2026-09-30,LCJ,STN,2026-11-08,13:40,200.82,ok
2026-09-30,LCJ,STN,2026-11-09,10:55,231.39,ok
2026-09-30,LCJ,STN,2026-11-12,17:45,260.35,ok
2026-09-30,LCJ,STN,2026-11-14,12:25,144.06,ok
2026-09-30,LCJ,STN,2026-11-15,13:40,148.47,ok
2026-09-30,LCJ,STN,2026-11-20,10:10,170.26,ok
2026-09-30,LCJ,STN,2026-11-21,12:25,113.49,ok
2026-09-30,LCJ,STN,2026-11-22,13:40,100.39,ok
2026-09-30,LCJ,STN,2026-11-26,17:45,132.00,ok
2026-09-30,LCJ,STN,2026-11-30,10:55,196.52,ok
2026-09-30,LCJ,STN,2026-12-06,13:40,100.39,ok
2026-09-30,LCJ,STN,2026-12-07,10:55,105.24,ok
2026-09-30,LCJ,STN,2026-12-11,10:10,103.84,ok
2026-09-30,LCJ,STN,2026-12-12,12:25,82.95,ok
2026-09-30,LCJ,STN,2026-12-14,10:55,78.56,ok
2026-09-30,LCJ,STN,2026-12-17,17:45,106.72,ok
2026-09-30,LCJ,STN,2026-12-19,12:25,183.20,ok
2026-09-30,LCJ,STN,2026-12-20,13:40,138.13,ok
2026-09-30,LCJ,STN,2026-12-21,10:55,174.62,ok
2026-09-30,LCJ,STN,2026-12-22,21:25,183.41,ok
2026-09-30,LCJ,STN,2026-12-23,09:35,347.07,ok
2026-09-30,LCJ,STN,2026-12-27,13:40,387.99,ok
2026-09-30,LCJ,STN,2026-12-28,10:55,557.06,ok
2026-09-30,LCJ,STN,2026-12-29,21:25,475.36,ok
2026-09-30,LCJ,STN,2026-12-30,09:35,414.92,ok
2026-09-30,LCJ,STN,2026-12-31,17:45,454.01,ok
2026-09-30,LCJ,STN,2027-01-02,12:25,754.81,ok
2026-09-30,LCJ,STN,2027-01-04,10:55,561.82,ok
2026-09-30,LCJ,STN,2027-01-07,17:45,238.44,ok
2026-09-30,LCJ,STN,2027-01-08,14:20,187.72,ok
2026-09-30,LCJ,STN,2027-01-10,17:30,275.67,ok
2026-09-30,LCJ,STN,2027-01-11,10:55,192.09,ok
2026-09-30,LCJ,STN,2027-01-14,17:45,91.68,ok
2026-09-30,LCJ,STN,2027-01-15,14:20,109.16,ok
2026-09-30,LCJ,STN,2027-01-16,12:25,209.56,ok
2026-09-30,LCJ,STN,2027-01-18,10:55,222.66,ok
2026-09-30,LCJ,STN,2027-01-21,17:45,122.22,ok
2026-09-30,LCJ,STN,2027-01-30,12:25,161.52,ok
2026-09-30,LCJ,STN,2027-01-31,17:30,244.56,ok
2026-09-30,LCJ,STN,2027-02-01,10:55,148.42,ok
2026-09-30,LCJ,STN,2027-02-04,17:45,87.32,ok
2026-09-30,LCJ,STN,2027-02-05,10:10,109.12,ok
2026-09-30,LCJ,STN,2027-02-06,12:25,135.32,ok
2026-09-30,LCJ,STN,2027-02-07,17:30,139.69,ok
2026-09-30,LCJ,STN,2027-02-08,10:55,130.96,ok
2026-09-30,LCJ,STN,2027-02-12,10:10,174.68,ok
2026-09-30,LCJ,STN,2027-02-14,13:40,144.10,ok
2026-09-30,LCJ,STN,2027-02-18,17:45,231.39,ok
2026-09-30,LCJ,STN,2027-02-21,13:40,410.31,ok
2026-09-30,LCJ,STN,2027-02-22,10:55,266.33,ok
2026-09-30,LCJ,STN,2027-02-25,17:45,104.79,ok
2026-09-30,LCJ,STN,2027-03-01,10:55,178.96,ok
2026-09-30,LCJ,STN,2027-03-04,17:45,196.46,ok
2026-09-30,LCJ,STN,2027-03-07,17:30,248.86,ok
2026-09-30,LCJ,STN,2027-03-08,10:55,117.89,ok
2026-09-30,LCJ,STN,2027-03-11,17:45,144.06,ok
2026-09-30,LCJ,STN,2027-03-12,10:10,113.49,ok
2026-09-30,LCJ,STN,2027-03-14,17:30,261.96,ok
2026-09-30,LCJ,STN,2027-03-15,10:55,148.42,ok
2026-09-30,LCJ,STN,2027-03-18,17:45,148.42,ok
2026-09-30,LCJ,STN,2027-03-19,14:20,122.22,ok
2026-09-30,LCJ,STN,2027-03-22,10:55,161.52,ok
2026-09-30,LCJ,STN,2027-03-23,16:15,161.52,ok
2026-09-30,LCJ,STN,2027-03-25,17:45,428.02,ok
2026-09-30,LCJ,STN,2027-03-30,21:20,472.37,ok
2026-09-30,LCJ,STN,2027-04-07,17:40,206.00,ok
2026-09-30,LCJ,STN,2027-07-09,10:35,206.00,ok
2026-09-30,LCJ,STN,2027-07-25,10:30,238.44,ok
2026-09-30,STN,LCJ,2026-09-30,,,unavailable
2026-09-30,STN,LCJ,2026-10-01,12:40,934.37,ok
2026-09-30,STN,LCJ,2026-10-03,08:00,388.69,ok
2026-09-30,STN,LCJ,2026-10-04,12:10,441.87,ok
2026-09-30,STN,LCJ,2026-10-05,13:10,209.53,ok
2026-09-30,STN,LCJ,2026-10-06,17:10,76.35,ok
2026-09-30,STN,LCJ,2026-10-08,12:40,180.72,ok
2026-09-30,STN,LCJ,2026-10-10,08:00,175.39,ok
2026-09-30,STN,LCJ,2026-10-11,12:10,348.42,ok
2026-09-30,STN,LCJ,2026-10-12,13:10,134.38,ok
2026-09-30,STN,LCJ,2026-10-13,17:10,130.84,ok
2026-09-30,STN,LCJ,2026-10-14,08:15,112.63,ok
2026-09-30,STN,LCJ,2026-10-15,12:40,248.65,ok
2026-09-30,STN,LCJ,2026-10-17,08:00,354.45,ok
2026-09-30,STN,LCJ,2026-10-19,13:10,270.17,ok
2026-09-30,STN,LCJ,2026-10-20,17:10,221.37,ok
2026-09-30,STN,LCJ,2026-10-21,08:15,270.17,ok
2026-09-30,STN,LCJ,2026-10-22,12:40,506.26,ok
2026-09-30,STN,LCJ,2026-10-24,08:00,454.76,ok
2026-09-30,STN,LCJ,2026-10-25,10:05,270.17,ok
2026-09-30,STN,LCJ,2026-10-26,07:20,194.85,ok
2026-09-30,STN,LCJ,2026-10-27,16:55,338.09,ok
2026-09-30,STN,LCJ,2026-10-29,14:10,99.73,ok
2026-09-30,STN,LCJ,2026-10-30,06:35,113.18,ok
2026-09-30,STN,LCJ,2026-10-31,08:50,129.18,ok
2026-09-30,STN,LCJ,2026-11-01,10:05,91.70,ok
2026-09-30,STN,LCJ,2026-11-05,14:10,96.80,ok
2026-09-30,STN,LCJ,2026-11-12,14:10,149.10,ok
2026-09-30,STN,LCJ,2026-11-20,06:35,142.52,ok
2026-09-30,STN,LCJ,2026-11-23,07:20,122.26,ok
2026-09-30,STN,LCJ,2026-11-26,14:10,278.16,ok
2026-09-30,STN,LCJ,2026-11-27,06:35,198.53,ok
2026-09-30,STN,LCJ,2026-11-30,07:20,101.90,ok
2026-09-30,STN,LCJ,2026-12-03,14:10,173.07,ok
2026-09-30,STN,LCJ,2026-12-05,08:50,109.61,ok
2026-09-30,STN,LCJ,2026-12-06,10:05,112.09,ok
2026-09-30,STN,LCJ,2026-12-07,07:20,227.74,ok
2026-09-30,STN,LCJ,2026-12-10,14:10,214.04,ok
2026-09-30,STN,LCJ,2026-12-11,06:35,106.72,ok
2026-09-30,STN,LCJ,2026-12-12,08:50,204.16,ok
2026-09-30,STN,LCJ,2026-12-13,10:05,147.77,ok
2026-09-30,STN,LCJ,2026-12-14,07:20,193.44,ok
2026-09-30,STN,LCJ,2026-12-17,14:10,794.26,ok
2026-09-30,STN,LCJ,2026-12-18,06:35,728.07,ok
2026-09-30,STN,LCJ,2026-12-19,08:50,1199.19,ok
2026-09-30,STN,LCJ,2026-12-20,13:55,875.73,ok
2026-09-30,STN,LCJ,2026-12-21,07:20,665.65,ok
2026-09-30,STN,LCJ,2026-12-22,17:50,799.60,ok
2026-09-30,STN,LCJ,2026-12-23,05:55,735.15,ok
2026-09-30,STN,LCJ,2026-12-26,08:50,346.19,ok
2026-09-30,STN,LCJ,2026-12-27,10:05,259.92,ok
2026-09-30,STN,LCJ,2026-12-28,07:20,197.74,ok
2026-09-30,STN,LCJ,2026-12-29,17:50,217.09,ok
2026-09-30,STN,LCJ,2026-12-30,05:55,117.33,ok
2026-09-30,STN,LCJ,2026-12-31,14:10,105.24,ok
2026-09-30,STN,LCJ,2027-01-01,10:45,137.58,ok
2026-09-30,STN,LCJ,2027-01-07,14:10,122.29,ok
2026-09-30,STN,LCJ,2027-01-09,08:50,101.90,ok
2026-09-30,STN,LCJ,2027-01-11,07:20,111.97,ok
2026-09-30,STN,LCJ,2027-01-16,08:50,152.70,ok
2026-09-30,STN,LCJ,2027-01-22,10:45,162.89,ok
2026-09-30,STN,LCJ,2027-01-23,08:50,152.70,ok
2026-09-30,STN,LCJ,2027-01-29,10:45,206.00,ok
2026-09-30,STN,LCJ,2027-01-31,13:55,157.79,ok
2026-09-30,STN,LCJ,2027-02-01,07:20,142.52,ok
2026-09-30,STN,LCJ,2027-02-05,06:35,173.26,ok
2026-09-30,STN,LCJ,2027-02-14,10:05,361.46,ok
2026-09-30,STN,LCJ,2027-02-15,07:20,285.09,ok
2026-09-30,STN,LCJ,2027-02-18,14:10,377.16,ok
2026-09-30,STN,LCJ,2027-02-19,06:35,254.54,ok
2026-09-30,STN,LCJ,2027-02-20,08:50,152.70,ok
2026-09-30,STN,LCJ,2027-02-25,14:10,178.16,ok
2026-09-30,STN,LCJ,2027-02-26,06:35,157.79,ok
2026-09-30,STN,LCJ,2027-03-01,07:20,147.61,ok
2026-09-30,STN,LCJ,2027-03-04,14:10,249.45,ok
2026-09-30,STN,LCJ,2027-03-07,13:55,174.59,ok
2026-09-30,STN,LCJ,2027-03-11,14:10,167.98,ok
2026-09-30,STN,LCJ,2027-03-13,08:50,178.16,ok
2026-09-30,STN,LCJ,2027-03-14,13:55,174.59,ok
2026-09-30,STN,LCJ,2027-03-18,14:10,132.34,ok
2026-09-30,STN,LCJ,2027-03-19,10:45,478.58,ok
2026-09-30,STN,LCJ,2027-03-20,08:50,605.87,ok
2026-09-30,STN,LCJ,2027-03-22,07:20,428.13,ok
2026-09-30,STN,LCJ,2027-03-26,06:35,590.59,ok
2026-09-30,STN,LCJ,2027-03-27,08:50,362.13,ok
2026-09-30,STN,LCJ,2027-03-28,06:55,206.00,ok
2026-09-30,STN,LCJ,2027-03-30,17:45,221.37,ok
2026-09-30,STN,LCJ,2027-05-04,17:45,362.13,ok
2026-09-30,STN,LCJ,2027-05-28,07:00,280.04,ok
2026-09-30,STN,LCJ,2027-06-25,07:00,316.95,ok
2026-10-01,LCJ,AGP,2026-10-03,20:10,269.90,ok
2026-10-01,LCJ,AGP,2026-10-07,19:25,109.16,ok
2026-10-01,LCJ,AGP,2026-10-10,20:10,192.15,ok
2026-10-01,LCJ,AGP,2026-10-14,19:25,227.09,ok
2026-10-01,LCJ,AGP,2026-10-17,20:10,209.67,ok
2026-10-01,LCJ,AGP,2026-10-21,19:25,187.78,ok
2026-10-01,LCJ,AGP,2026-10-24,20:10,148.47,ok
2026-10-01,LCJ,AGP,2026-10-30,20:40,213.11,ok
2026-10-01,LCJ,AGP,2026-11-01,20:20,179.04,ok
2026-10-01,LCJ,AGP,2026-11-05,12:50,257.67,ok
2026-10-01,LCJ,AGP,2026-11-08,20:20,359.33,ok
2026-10-01,LCJ,AGP,2026-11-12,12:50,205.25,ok
2026-10-01,LCJ,AGP,2026-11-15,20:20,113.52,ok
2026-10-01,LCJ,AGP,2026-11-19,12:50,144.10,ok
2026-10-01,LCJ,AGP,2026-12-04,20:40,152.22,ok
2026-10-01,LCJ,AGP,2026-12-11,20:40,213.99,ok
2026-10-01,LCJ,AGP,2027-01-01,20:40,193.85,ok
2026-10-01,LCJ,AGP,2027-01-15,20:40,384.34,ok
2026-10-01,LCJ,AGP,2027-02-05,20:40,200.88,ok
2026-10-01,LCJ,AGP,2027-02-07,20:20,305.72,ok
2026-10-01,LCJ,AGP,2027-02-12,20:40,353.76,ok
2026-10-01,LCJ,AGP,2027-07-12,20:00,370.00,ok
2026-10-01,LCJ,AGP,2027-07-29,18:50,327.37,ok
2026-10-01,LCJ,AGP,2027-09-01,,,unavailable
2026-10-01,LCJ,AGP,2027-09-02,18:50,370.00,ok
2026-10-01,LCJ,AGP,2027-09-03,,,unavailable
2026-10-01,LCJ,AGP,2027-09-04,,,unavailable
2026-10-01,LCJ,AGP,2027-09-05,,,unavailable
2026-10-01,LCJ,AGP,2027-09-06,20:00,370.00,ok
2026-10-01,LCJ,AGP,2027-09-07,,,unavailable
2026-10-01,LCJ,AGP,2027-09-08,,,unavailable
2026-10-01,LCJ,AGP,2027-09-09,18:50,370.00,ok
2026-10-01,LCJ,AGP,2027-09-10,,,unavailable
2026-10-01,LCJ,AGP,2027-09-11,,,unavailable
2026-10-01,LCJ,AGP,2027-09-12,,,unavailable
2026-10-01,LCJ,AGP,2027-09-13,20:00,370.00,ok
2026-10-01,LCJ,AGP,2027-09-14,,,unavailable
2026-10-01,LCJ,AGP,2027-09-15,,,unavailable
2026-10-01,LCJ,AGP,2027-09-16,18:50,370.00,ok
2026-10-01,LCJ,AGP,2027-09-17,,,unavailable
2026-10-01,LCJ,AGP,2027-09-18,,,unavailable
2026-10-01,LCJ,AGP,2027-09-19,,,unavailable
2026-10-01,LCJ,AGP,2027-09-20,20:00,370.00,ok
2026-10-01,LCJ,AGP,2027-09-21,,,unavailable
2026-10-01,LCJ,AGP,2027-09-22,,,unavailable
2026-10-01,LCJ,AGP,2027-09-23,18:50,370.00,ok
2026-10-01,LCJ,AGP,2027-09-24,,,unavailable
2026-10-01,LCJ,AGP,2027-09-25,,,unavailable
2026-10-01,LCJ,AGP,2027-09-26,,,unavailable
2026-10-01,LCJ,AGP,2027-09-27,20:00,417.00,ok
2026-10-01,LCJ,AGP,2027-09-28,,,unavailable
2026-10-01,LCJ,AGP,2027-09-29,,,unavailable
2026-10-01,LCJ,AGP,2027-09-30,18:50,472.00,ok
2026-10-01,AGP,LCJ,2026-10-03,15:40,759.99,ok
2026-10-01,AGP,LCJ,2026-10-07,15:20,349.40,ok
2026-10-01,AGP,LCJ,2026-10-10,15:40,476.37,ok
2026-10-01,AGP,LCJ,2026-10-14,15:20,345.03,ok
2026-10-01,AGP,LCJ,2026-10-17,15:40,458.60,ok
2026-10-01,AGP,LCJ,2026-10-21,15:20,292.61,ok
2026-10-01,AGP,LCJ,2026-10-24,15:40,340.66,ok
2026-10-01,AGP,LCJ,2026-11-01,16:10,328.63,ok
2026-10-01,AGP,LCJ,2026-11-05,08:40,78.58,ok
2026-10-01,AGP,LCJ,2026-11-08,16:10,260.33,ok
2026-10-01,AGP,LCJ,2026-11-12,08:40,301.35,ok
2026-10-01,AGP,LCJ,2026-11-13,16:30,310.08,ok
2026-10-01,AGP,LCJ,2026-11-22,16:10,235.83,ok
2026-10-01,AGP,LCJ,2026-11-27,16:30,126.63,ok
2026-10-01,AGP,LCJ,2026-11-29,16:10,297.36,ok
2026-10-01,AGP,LCJ,2026-12-04,16:30,262.04,ok
2026-10-01,AGP,LCJ,2026-12-06,16:10,245.54,ok
2026-10-01,AGP,LCJ,2026-12-13,16:10,183.41,ok
2026-10-01,AGP,LCJ,2026-12-18,16:30,152.84,ok
2026-10-01,AGP,LCJ,2027-01-01,16:30,196.52,ok
2026-10-01,AGP,LCJ,2027-01-10,16:10,350.95,ok
2026-10-01,AGP,LCJ,2027-01-29,16:30,454.78,ok
2026-10-01,AGP,LCJ,2027-02-12,16:30,247.00,ok
2026-10-01,AGP,LCJ,2027-07-12,15:50,625.00,ok
2026-10-01,AGP,LCJ,2027-07-29,14:40,573.37,ok
2026-10-01,AGP,LCJ,2027-09-01,,,unavailable
2026-10-01,AGP,LCJ,2027-09-02,14:40,370.00,ok
2026-10-01,AGP,LCJ,2027-09-03,,,unavailable
2026-10-01,AGP,LCJ,2027-09-04,,,unavailable
2026-10-01,AGP,LCJ,2027-09-05,,,unavailable
2026-10-01,AGP,LCJ,2027-09-06,15:50,417.00,ok
2026-10-01,AGP,LCJ,2027-09-07,,,unavailable
2026-10-01,AGP,LCJ,2027-09-08,,,unavailable
2026-10-01,AGP,LCJ,2027-09-09,14:40,417.00,ok
2026-10-01,AGP,LCJ,2027-09-10,,,unavailable
2026-10-01,AGP,LCJ,2027-09-11,,,unavailable
2026-10-01,AGP,LCJ,2027-09-12,,,unavailable
2026-10-01,AGP,LCJ,2027-09-13,15:50,518.00,ok
2026-10-01,AGP,LCJ,2027-09-14,,,unavailable
2026-10-01,AGP,LCJ,2027-09-15,,,unavailable
2026-10-01,AGP,LCJ,2027-09-16,14:40,472.00,ok
2026-10-01,AGP,LCJ,2027-09-17,,,unavailable
2026-10-01,AGP,LCJ,2027-09-18,,,unavailable
2026-10-01,AGP,LCJ,2027-09-19,,,unavailable
2026-10-01,AGP,LCJ,2027-09-20,15:50,569.00,ok
2026-10-01,AGP,LCJ,2027-09-21,,,unavailable
2026-10-01,AGP,LCJ,2027-09-22,,,unavailable
2026-10-01,AGP,LCJ,2027-09-23,14:40,569.00,ok
2026-10-01,AGP,LCJ,2027-09-24,,,unavailable
2026-10-01,AGP,LCJ,2027-09-25,,,unavailable
2026-10-01,AGP,LCJ,2027-09-26,,,unavailable
2026-10-01,AGP,LCJ,2027-09-27,15:50,684.00,ok
2026-10-01,AGP,LCJ,2027-09-28,,,unavailable
2026-10-01,AGP,LCJ,2027-09-29,,,unavailable
2026-10-01,AGP,LCJ,2027-09-30,14:40,472.00,ok
2026-10-01,LCJ,ALC,2026-10-05,21:30,143.23,ok
2026-10-01,LCJ,ALC,2026-10-07,09:40,126.63,ok
2026-10-01,LCJ,ALC,2026-10-09,09:45,410.55,ok
2026-10-01,LCJ,ALC,2026-10-12,21:30,225.57,ok
2026-10-01,LCJ,ALC,2026-10-14,09:40,338.60,ok
2026-10-01,LCJ,ALC,2026-10-16,09:45,541.59,ok
2026-10-01,LCJ,ALC,2026-10-19,21:30,126.63,ok
2026-10-01,LCJ,ALC,2026-10-23,09:45,218.36,ok
2026-10-01,LCJ,ALC,2026-10-29,11:55,571.68,ok
2026-10-01,LCJ,ALC,2026-11-05,11:55,536.09,ok
2026-10-01,LCJ,ALC,2026-11-12,11:55,248.93,ok
2026-10-01,LCJ,ALC,2026-11-19,11:55,174.68,ok
2026-10-01,LCJ,ALC,2026-11-23,19:20,108.00,ok
2026-10-01,LCJ,ALC,2026-11-30,19:20,108.00,ok
2026-10-01,LCJ,ALC,2026-12-03,11:55,200.88,ok
2026-10-01,LCJ,ALC,2026-12-07,19:20,122.26,ok
2026-10-01,LCJ,ALC,2026-12-10,11:55,147.44,ok
2026-10-01,LCJ,ALC,2026-12-21,19:20,179.04,ok
2026-10-01,LCJ,ALC,2026-12-31,11:55,563.43,ok
2026-10-01,LCJ,ALC,2027-01-11,19:20,140.37,ok
2026-10-01,LCJ,ALC,2027-01-28,11:55,136.00,ok
2026-10-01,LCJ,ALC,2027-02-08,19:20,126.63,ok
2026-10-01,LCJ,ALC,2027-03-15,19:20,166.37,ok
2026-10-01,LCJ,ALC,2027-07-12,09:35,442.00,ok
2026-10-01,LCJ,ALC,2027-07-30,17:10,446.37,ok
2026-10-01,LCJ,ALC,2027-09-01,,,unavailable
2026-10-01,LCJ,ALC,2027-09-02,,,unavailable
2026-10-01,LCJ,ALC,2027-09-03,17:10,485.00,ok
2026-10-01,LCJ,ALC,2027-09-04,,,unavailable
2026-10-01,LCJ,ALC,2027-09-05,,,unavailable
2026-10-01,LCJ,ALC,2027-09-06,09:35,391.00,ok
2026-10-01,LCJ,ALC,2027-09-07,,,unavailable
2026-10-01,LCJ,ALC,2027-09-08,,,unavailable
2026-10-01,LCJ,ALC,2027-09-09,,,unavailable
2026-10-01,LCJ,ALC,2027-09-10,17:10,535.00,ok
2026-10-01,LCJ,ALC,2027-09-11,,,unavailable
2026-10-01,LCJ,ALC,2027-09-12,,,unavailable
2026-10-01,LCJ,ALC,2027-09-13,09:35,391.00,ok
2026-10-01,LCJ,ALC,2027-09-14,,,unavailable
2026-10-01,LCJ,ALC,2027-09-15,,,unavailable
2026-10-01,LCJ,ALC,2027-09-16,,,unavailable
2026-10-01,LCJ,ALC,2027-09-17,17:10,485.00,ok
2026-10-01,LCJ,ALC,2027-09-18,,,unavailable
2026-10-01,LCJ,ALC,2027-09-19,,,unavailable
2026-10-01,LCJ,ALC,2027-09-20,09:35,344.00,ok
2026-10-01,LCJ,ALC,2027-09-21,,,unavailable
2026-10-01,LCJ,ALC,2027-09-22,,,unavailable
2026-10-01,LCJ,ALC,2027-09-23,,,unavailable
2026-10-01,LCJ,ALC,2027-09-24,17:10,391.00,ok
2026-10-01,LCJ,ALC,2027-09-25,,,unavailable
2026-10-01,LCJ,ALC,2027-09-26,,,unavailable
2026-10-01,LCJ,ALC,2027-09-27,09:35,344.00,ok
2026-10-01,LCJ,ALC,2027-09-28,,,unavailable
2026-10-01,LCJ,ALC,2027-09-29,,,unavailable
2026-10-01,LCJ,ALC,2027-09-30,,,unavailable
2026-10-01,ALC,LCJ,2026-10-02,06:00,886.66,ok
2026-10-01,ALC,LCJ,2026-10-05,17:50,480.44,ok
2026-10-01,ALC,LCJ,2026-10-07,05:50,331.92,ok
2026-10-01,ALC,LCJ,2026-10-09,06:00,537.22,ok
2026-10-01,ALC,LCJ,2026-10-14,05:50,428.02,ok
2026-10-01,ALC,LCJ,2026-10-16,06:00,279.51,ok
2026-10-01,ALC,LCJ,2026-10-19,17:50,659.52,ok
2026-10-01,ALC,LCJ,2026-10-23,06:00,327.56,ok
2026-10-01,ALC,LCJ,2026-10-29,08:15,562.51,ok
2026-10-01,ALC,LCJ,2026-11-02,15:40,487.41,ok
2026-10-01,ALC,LCJ,2026-11-05,08:15,266.40,ok
2026-10-01,ALC,LCJ,2026-11-09,15:40,353.76,ok
2026-10-01,ALC,LCJ,2026-11-16,15:40,615.84,ok
2026-10-01,ALC,LCJ,2026-11-26,08:15,109.16,ok
2026-10-01,ALC,LCJ,2026-11-30,15:40,301.35,ok
2026-10-01,ALC,LCJ,2026-12-03,08:15,196.52,ok
2026-10-01,ALC,LCJ,2026-12-07,15:40,196.52,ok
2026-10-01,ALC,LCJ,2026-12-10,08:15,91.68,ok
2026-10-01,ALC,LCJ,2026-12-14,15:40,187.78,ok
2026-10-01,ALC,LCJ,2026-12-17,08:15,108.00,ok
2026-10-01,ALC,LCJ,2026-12-21,15:40,183.41,ok
2026-10-01,ALC,LCJ,2026-12-24,08:15,109.16,ok
2026-10-01,ALC,LCJ,2026-12-31,08:15,157.20,ok
2026-10-01,ALC,LCJ,2027-01-04,15:40,445.49,ok
2026-10-01,ALC,LCJ,2027-01-28,08:15,329.29,ok
2026-10-01,ALC,LCJ,2027-02-22,15:40,214.34,ok
2026-10-01,ALC,LCJ,2027-03-15,15:40,174.68,ok
2026-10-01,ALC,LCJ,2027-07-12,05:55,642.00,ok
2026-10-01,ALC,LCJ,2027-07-30,13:30,646.37,ok
2026-10-01,ALC,LCJ,2027-09-01,,,unavailable
2026-10-01,ALC,LCJ,2027-09-02,,,unavailable
2026-10-01,ALC,LCJ,2027-09-03,13:30,391.00,ok
2026-10-01,ALC,LCJ,2027-09-04,,,unavailable
2026-10-01,ALC,LCJ,2027-09-05,,,unavailable
2026-10-01,ALC,LCJ,2027-09-06,05:55,586.00,ok
2026-10-01,ALC,LCJ,2027-09-07,,,unavailable
2026-10-01,ALC,LCJ,2027-09-08,,,unavailable
2026-10-01,ALC,LCJ,2027-09-09,,,unavailable
2026-10-01,ALC,LCJ,2027-09-10,13:30,344.00,ok
2026-10-01,ALC,LCJ,2027-09-11,,,unavailable
2026-10-01,ALC,LCJ,2027-09-12,,,unavailable
2026-10-01,ALC,LCJ,2027-09-13,05:55,535.00,ok
2026-10-01,ALC,LCJ,2027-09-14,,,unavailable
2026-10-01,ALC,LCJ,2027-09-15,,,unavailable
2026-10-01,ALC,LCJ,2027-09-16,,,unavailable
2026-10-01,ALC,LCJ,2027-09-17,13:30,442.00,ok
2026-10-01,ALC,LCJ,2027-09-18,,,unavailable
2026-10-01,ALC,LCJ,2027-09-19,,,unavailable
2026-10-01,ALC,LCJ,2027-09-20,05:55,705.00,ok
2026-10-01,ALC,LCJ,2027-09-21,,,unavailable
2026-10-01,ALC,LCJ,2027-09-22,,,unavailable
2026-10-01,ALC,LCJ,2027-09-23,,,unavailable
2026-10-01,ALC,LCJ,2027-09-24,13:30,642.00,ok
2026-10-01,ALC,LCJ,2027-09-25,,,unavailable
2026-10-01,ALC,LCJ,2027-09-26,,,unavailable
2026-10-01,ALC,LCJ,2027-09-27,05:55,778.00,ok
2026-10-01,ALC,LCJ,2027-09-28,,,unavailable
2026-10-01,ALC,LCJ,2027-09-29,,,unavailable
2026-10-01,ALC,LCJ,2027-09-30,,,unavailable
2026-10-01,LCJ,BGY,2026-10-02,13:30,240.20,ok
2026-10-01,LCJ,BGY,2026-10-04,18:05,71.44,ok
2026-10-01,LCJ,BGY,2026-10-05,13:30,152.84,ok
2026-10-01,LCJ,BGY,2026-10-06,22:10,131.00,ok
2026-10-01,LCJ,BGY,2026-10-08,09:50,135.36,ok
2026-10-01,LCJ,BGY,2026-10-09,13:30,253.30,ok
2026-10-01,LCJ,BGY,2026-10-15,09:50,122.26,ok
2026-10-01,LCJ,BGY,2026-10-16,13:30,144.10,ok
2026-10-01,LCJ,BGY,2026-10-18,18:05,90.63,ok
2026-10-01,LCJ,BGY,2026-10-19,13:30,74.21,ok
2026-10-01,LCJ,BGY,2026-10-22,09:50,65.00,ok
2026-10-01,LCJ,BGY,2026-10-30,12:10,123.79,ok
2026-10-01,LCJ,BGY,2026-11-02,12:25,65.48,ok
2026-10-01,LCJ,BGY,2026-11-09,12:25,65.00,ok
2026-10-01,LCJ,BGY,2026-11-13,12:10,65.00,ok
2026-10-01,LCJ,BGY,2026-11-16,12:25,65.00,ok
2026-10-01,LCJ,BGY,2026-11-20,12:10,166.23,ok
2026-10-01,LCJ,BGY,2026-11-23,12:25,65.48,ok
2026-10-01,LCJ,BGY,2026-11-27,12:10,117.89,ok
2026-10-01,LCJ,BGY,2026-11-30,12:25,65.48,ok
2026-10-01,LCJ,BGY,2026-12-07,12:25,65.48,ok
2026-10-01,LCJ,BGY,2026-12-11,12:10,179.04,ok
2026-10-01,LCJ,BGY,2026-12-14,12:25,91.68,ok
2026-10-01,LCJ,BGY,2027-05-31,14:00,289.37,ok
2026-10-01,LCJ,BGY,2027-08-06,23:00,251.37,ok
2026-10-01,LCJ,BGY,2027-09-01,,,unavailable
2026-10-01,LCJ,BGY,2027-09-02,,,unavailable
2026-10-01,LCJ,BGY,2027-09-03,23:00,327.00,ok
2026-10-01,LCJ,BGY,2027-09-04,,,unavailable
2026-10-01,LCJ,BGY,2027-09-05,,,unavailable
2026-10-01,LCJ,BGY,2027-09-06,14:00,285.00,ok
2026-10-01,LCJ,BGY,2027-09-07,,,unavailable
2026-10-01,LCJ,BGY,2027-09-08,,,unavailable
2026-10-01,LCJ,BGY,2027-09-09,,,unavailable
2026-10-01,LCJ,BGY,2027-09-10,23:00,247.00,ok
2026-10-01,LCJ,BGY,2027-09-11,,,unavailable
2026-10-01,LCJ,BGY,2027-09-12,,,unavailable
2026-10-01,LCJ,BGY,2027-09-13,14:00,247.00,ok
2026-10-01,LCJ,BGY,2027-09-14,,,unavailable
2026-10-01,LCJ,BGY,2027-09-15,,,unavailable
2026-10-01,LCJ,BGY,2027-09-16,,,unavailable
2026-10-01,LCJ,BGY,2027-09-17,23:00,327.00,ok
2026-10-01,LCJ,BGY,2027-09-18,,,unavailable
2026-10-01,LCJ,BGY,2027-09-19,,,unavailable
2026-10-01,LCJ,BGY,2027-09-20,14:00,285.00,ok
2026-10-01,LCJ,BGY,2027-09-21,,,unavailable
2026-10-01,LCJ,BGY,2027-09-22,,,unavailable
2026-10-01,LCJ,BGY,2027-09-23,,,unavailable
2026-10-01,LCJ,BGY,2027-09-24,23:00,514.00,ok
2026-10-01,LCJ,BGY,2027-09-25,,,unavailable
2026-10-01,LCJ,BGY,2027-09-26,,,unavailable
2026-10-01,LCJ,BGY,2027-09-27,14:00,213.00,ok
2026-10-01,LCJ,BGY,2027-09-28,,,unavailable
2026-10-01,LCJ,BGY,2027-09-29,,,unavailable
2026-10-01,LCJ,BGY,2027-09-30,,,unavailable
2026-10-01,BGY,LCJ,2026-10-01,,,unavailable
2026-10-01,BGY,LCJ,2026-10-02,11:15,257.67,ok
2026-10-01,BGY,LCJ,2026-10-05,11:15,157.20,ok
2026-10-01,BGY,LCJ,2026-10-06,19:55,131.00,ok
2026-10-01,BGY,LCJ,2026-10-07,10:30,65.00,ok
2026-10-01,BGY,LCJ,2026-10-09,11:15,117.89,ok
2026-10-01,BGY,LCJ,2026-10-12,11:15,205.25,ok
2026-10-01,BGY,LCJ,2026-10-13,19:55,74.21,ok
2026-10-01,BGY,LCJ,2026-10-14,10:30,65.00,ok
2026-10-01,BGY,LCJ,2026-10-16,11:15,113.52,ok
2026-10-01,BGY,LCJ,2026-10-19,11:15,231.46,ok
2026-10-01,BGY,LCJ,2026-10-20,19:55,126.63,ok
2026-10-01,BGY,LCJ,2026-10-23,11:15,122.26,ok
2026-10-01,BGY,LCJ,2026-11-06,09:50,65.00,ok
2026-10-01,BGY,LCJ,2026-11-20,09:50,65.00,ok
2026-10-01,BGY,LCJ,2026-11-27,09:50,65.00,ok
2026-10-01,BGY,LCJ,2026-12-04,09:50,87.32,ok
2026-10-01,BGY,LCJ,2026-12-11,09:50,82.95,ok
2026-10-01,BGY,LCJ,2026-12-18,09:50,96.05,ok
2026-10-01,BGY,LCJ,2026-12-30,17:05,157.37,ok
2026-10-01,BGY,LCJ,2027-05-31,11:45,409.09,ok
2026-10-01,BGY,LCJ,2027-08-06,20:45,374.37,ok
2026-10-01,BGY,LCJ,2027-09-01,,,unavailable
2026-10-01,BGY,LCJ,2027-09-02,,,unavailable
2026-10-01,BGY,LCJ,2027-09-03,20:45,247.00,ok
2026-10-01,BGY,LCJ,2027-09-04,,,unavailable
2026-10-01,BGY,LCJ,2027-09-05,,,unavailable
2026-10-01,BGY,LCJ,2027-09-06,11:45,514.00,ok
2026-10-01,BGY,LCJ,2027-09-07,,,unavailable
2026-10-01,BGY,LCJ,2027-09-08,,,unavailable
2026-10-01,BGY,LCJ,2027-09-09,,,unavailable
2026-10-01,BGY,LCJ,2027-09-10,20:45,285.00,ok
2026-10-01,BGY,LCJ,2027-09-11,,,unavailable
2026-10-01,BGY,LCJ,2027-09-12,,,unavailable
2026-10-01,BGY,LCJ,2027-09-13,11:45,463.00,ok
2026-10-01,BGY,LCJ,2027-09-14,,,unavailable
2026-10-01,BGY,LCJ,2027-09-15,,,unavailable
2026-10-01,BGY,LCJ,2027-09-16,,,unavailable
2026-10-01,BGY,LCJ,2027-09-17,20:45,285.00,ok
2026-10-01,BGY,LCJ,2027-09-18,,,unavailable
2026-10-01,BGY,LCJ,2027-09-19,,,unavailable
2026-10-01,BGY,LCJ,2027-09-20,11:45,412.00,ok
2026-10-01,BGY,LCJ,2027-09-21,,,unavailable
2026-10-01,BGY,LCJ,2027-09-22,,,unavailable
2026-10-01,BGY,LCJ,2027-09-23,,,unavailable
2026-10-01,BGY,LCJ,2027-09-24,20:45,327.00,ok
2026-10-01,BGY,LCJ,2027-09-25,,,unavailable
2026-10-01,BGY,LCJ,2027-09-26,,,unavailable
2026-10-01,BGY,LCJ,2027-09-27,11:45,710.00,ok
2026-10-01,BGY,LCJ,2027-09-28,,,unavailable
2026-10-01,BGY,LCJ,2027-09-29,,,unavailable
2026-10-01,BGY,LCJ,2027-09-30,,,unavailable
2026-10-01,LCJ,BHX,2026-10-01,10:20,531.23,ok
2026-10-01,LCJ,BHX,2026-10-08,10:20,102.85,ok
2026-10-01,LCJ,BHX,2026-10-22,10:20,103.89,ok
2026-10-01,LCJ,BHX,2026-11-05,19:10,147.12,ok
2026-10-01,LCJ,BHX,2026-11-06,10:25,151.12,ok
2026-10-01,LCJ,BHX,2026-11-19,19:10,78.58,ok
2026-10-01,LCJ,BHX,2026-11-22,19:30,157.20,ok
2026-10-01,LCJ,BHX,2026-11-26,19:10,78.58,ok
2026-10-01,LCJ,BHX,2026-11-29,19:30,205.25,ok
2026-10-01,LCJ,BHX,2026-12-03,19:10,65.48,ok
2026-10-01,LCJ,BHX,2026-12-10,19:10,78.58,ok
2026-10-01,LCJ,BHX,2026-12-17,19:10,100.42,ok
2026-10-01,LCJ,BHX,2026-12-18,10:25,170.31,ok
2026-10-01,LCJ,BHX,2026-12-20,19:30,289.03,ok
2026-10-01,LCJ,BHX,2026-12-31,19:10,442.90,ok
2026-10-01,LCJ,BHX,2027-01-28,19:10,170.00,ok
2026-10-01,LCJ,BHX,2027-02-18,19:10,238.00,ok
2026-10-01,LCJ,BHX,2027-02-19,10:25,310.00,ok
2026-10-01,LCJ,BHX,2027-02-21,19:30,408.37,ok
2026-10-01,LCJ,BHX,2027-03-26,10:25,157.20,ok
2026-10-01,LCJ,BHX,2027-04-05,15:40,591.00,ok
2026-10-01,LCJ,BHX,2027-05-06,21:50,276.37,ok
2026-10-01,LCJ,BHX,2027-05-13,21:50,276.37,ok
2026-10-01,LCJ,BHX,2027-05-31,15:40,493.37,ok
2026-10-01,LCJ,BHX,2027-06-03,21:50,450.37,ok
2026-10-01,LCJ,BHX,2027-07-08,21:50,276.37,ok
2026-10-01,LCJ,BHX,2027-09-01,,,unavailable
2026-10-01,LCJ,BHX,2027-09-02,21:50,535.00,ok
2026-10-01,LCJ,BHX,2027-09-03,,,unavailable
2026-10-01,LCJ,BHX,2027-09-04,,,unavailable
2026-10-01,LCJ,BHX,2027-09-05,,,unavailable
2026-10-01,LCJ,BHX,2027-09-06,15:40,446.00,ok
2026-10-01,LCJ,BHX,2027-09-07,,,unavailable
2026-10-01,LCJ,BHX,2027-09-08,,,unavailable
2026-10-01,LCJ,BHX,2027-09-09,21:50,404.00,ok
2026-10-01,LCJ,BHX,2027-09-10,,,unavailable
2026-10-01,LCJ,BHX,2027-09-11,,,unavailable
2026-10-01,LCJ,BHX,2027-09-12,,,unavailable
2026-10-01,LCJ,BHX,2027-09-13,15:40,357.00,ok
2026-10-01,LCJ,BHX,2027-09-14,,,unavailable
2026-10-01,LCJ,BHX,2027-09-15,,,unavailable
2026-10-01,LCJ,BHX,2027-09-16,21:50,310.00,ok
2026-10-01,LCJ,BHX,2027-09-17,,,unavailable
2026-10-01,LCJ,BHX,2027-09-18,,,unavailable
2026-10-01,LCJ,BHX,2027-09-19,,,unavailable
2026-10-01,LCJ,BHX,2027-09-20,15:40,357.00,ok
2026-10-01,LCJ,BHX,2027-09-21,,,unavailable
2026-10-01,LCJ,BHX,2027-09-22,,,unavailable
2026-10-01,LCJ,BHX,2027-09-23,21:50,310.00,ok
2026-10-01,LCJ,BHX,2027-09-24,,,unavailable
2026-10-01,LCJ,BHX,2027-09-25,,,unavailable
2026-10-01,LCJ,BHX,2027-09-26,,,unavailable
2026-10-01,LCJ,BHX,2027-09-27,15:40,310.00,ok
2026-10-01,LCJ,BHX,2027-09-28,,,unavailable
2026-10-01,LCJ,BHX,2027-09-29,,,unavailable
2026-10-01,LCJ,BHX,2027-09-30,21:50,272.00,ok
2026-10-01,BHX,LCJ,2026-10-01,,,unavailable
2026-10-01,BHX,LCJ,2026-10-05,18:25,92.58,ok
2026-10-01,BHX,LCJ,2026-10-15,06:35,150.07,ok
2026-10-01,BHX,LCJ,2026-10-30,06:40,74.00,ok
2026-10-01,BHX,LCJ,2026-11-01,15:45,101.90,ok
2026-10-01,BHX,LCJ,2026-11-05,15:25,91.70,ok
2026-10-01,BHX,LCJ,2026-11-12,15:25,76.41,ok
2026-10-01,BHX,LCJ,2026-11-15,15:45,136.71,ok
2026-10-01,BHX,LCJ,2026-11-19,15:25,107.00,ok
2026-10-01,BHX,LCJ,2026-11-20,06:40,124.78,ok
2026-10-01,BHX,LCJ,2026-11-22,15:45,110.05,ok
2026-10-01,BHX,LCJ,2026-11-26,15:25,102.58,ok
2026-10-01,BHX,LCJ,2026-11-29,15:45,188.55,ok
2026-10-01,BHX,LCJ,2026-12-04,06:40,157.97,ok
2026-10-01,BHX,LCJ,2026-12-10,15:25,137.58,ok
2026-10-01,BHX,LCJ,2026-12-13,15:45,275.21,ok
2026-10-01,BHX,LCJ,2026-12-17,15:25,561.05,ok
2026-10-01,BHX,LCJ,2026-12-18,06:40,754.37,ok
2026-10-01,BHX,LCJ,2026-12-20,15:45,779.75,ok
2026-10-01,BHX,LCJ,2026-12-31,15:25,153.93,ok
2026-10-01,BHX,LCJ,2027-01-17,15:45,142.68,ok
2026-10-01,BHX,LCJ,2027-01-28,15:25,204.00,ok
2026-10-01,BHX,LCJ,2027-01-31,15:45,145.00,ok
2026-10-01,BHX,LCJ,2027-02-11,15:25,170.00,ok
2026-10-01,BHX,LCJ,2027-02-12,06:40,310.00,ok
2026-10-01,BHX,LCJ,2027-02-14,15:45,326.19,ok
2026-10-01,BHX,LCJ,2027-02-21,15:45,208.37,ok
2026-10-01,BHX,LCJ,2027-03-14,15:45,174.37,ok
2026-10-01,BHX,LCJ,2027-03-19,06:40,310.00,ok
2026-10-01,BHX,LCJ,2027-03-21,15:45,310.00,ok
2026-10-01,BHX,LCJ,2027-04-05,11:55,272.00,ok
2026-10-01,BHX,LCJ,2027-05-06,18:05,276.37,ok
2026-10-01,BHX,LCJ,2027-05-13,18:05,276.37,ok
2026-10-01,BHX,LCJ,2027-05-31,11:55,314.37,ok
2026-10-01,BHX,LCJ,2027-06-03,18:05,276.37,ok
2026-10-01,BHX,LCJ,2027-07-08,18:05,408.37,ok
2026-10-01,BHX,LCJ,2027-09-01,,,unavailable
2026-10-01,BHX,LCJ,2027-09-02,18:05,272.00,ok
2026-10-01,BHX,LCJ,2027-09-03,,,unavailable
2026-10-01,BHX,LCJ,2027-09-04,,,unavailable
2026-10-01,BHX,LCJ,2027-09-05,,,unavailable
2026-10-01,BHX,LCJ,2027-09-06,11:55,272.00,ok
2026-10-01,BHX,LCJ,2027-09-07,,,unavailable
2026-10-01,BHX,LCJ,2027-09-08,,,unavailable
2026-10-01,BHX,LCJ,2027-09-09,18:05,272.00,ok
2026-10-01,BHX,LCJ,2027-09-10,,,unavailable
2026-10-01,BHX,LCJ,2027-09-11,,,unavailable
2026-10-01,BHX,LCJ,2027-09-12,,,unavailable
2026-10-01,BHX,LCJ,2027-09-13,11:55,272.00,ok
2026-10-01,BHX,LCJ,2027-09-14,,,unavailable
2026-10-01,BHX,LCJ,2027-09-15,,,unavailable
2026-10-01,BHX,LCJ,2027-09-16,18:05,272.00,ok
2026-10-01,BHX,LCJ,2027-09-17,,,unavailable
2026-10-01,BHX,LCJ,2027-09-18,,,unavailable
2026-10-01,BHX,LCJ,2027-09-19,,,unavailable
2026-10-01,BHX,LCJ,2027-09-20,11:55,272.00,ok
2026-10-01,BHX,LCJ,2027-09-21,,,unavailable
2026-10-01,BHX,LCJ,2027-09-22,,,unavailable
2026-10-01,BHX,LCJ,2027-09-23,18:05,272.00,ok
2026-10-01,BHX,LCJ,2027-09-24,,,unavailable
2026-10-01,BHX,LCJ,2027-09-25,,,unavailable
2026-10-01,BHX,LCJ,2027-09-26,,,unavailable
2026-10-01,BHX,LCJ,2027-09-27,11:55,272.00,ok
2026-10-01,BHX,LCJ,2027-09-28,,,unavailable
2026-10-01,BHX,LCJ,2027-09-29,,,unavailable
2026-10-01,BHX,LCJ,2027-09-30,18:05,272.00,ok
2026-10-01,LCJ,CRL,2026-10-01,15:30,405.01,ok
2026-10-01,LCJ,CRL,2026-10-04,14:25,318.82,ok
2026-10-01,LCJ,CRL,2026-10-11,14:25,144.10,ok
2026-10-01,LCJ,CRL,2026-10-18,14:25,139.73,ok
2026-10-01,LCJ,CRL,2026-10-22,15:30,66.09,ok
2026-10-01,LCJ,CRL,2027-09-01,,,unavailable
2026-10-01,LCJ,CRL,2027-09-02,,,unavailable
2026-10-01,LCJ,CRL,2027-09-03,,,unavailable
2026-10-01,LCJ,CRL,2027-09-04,,,unavailable
2026-10-01,LCJ,CRL,2027-09-05,,,unavailable
2026-10-01,LCJ,CRL,2027-09-06,,,unavailable
2026-10-01,LCJ,CRL,2027-09-07,,,unavailable
2026-10-01,LCJ,CRL,2027-09-08,,,unavailable
2026-10-01,LCJ,CRL,2027-09-09,,,unavailable
2026-10-01,LCJ,CRL,2027-09-10,,,unavailable
2026-10-01,LCJ,CRL,2027-09-11,,,unavailable
2026-10-01,LCJ,CRL,2027-09-12,,,unavailable
2026-10-01,LCJ,CRL,2027-09-13,,,unavailable
2026-10-01,LCJ,CRL,2027-09-14,,,unavailable
2026-10-01,LCJ,CRL,2027-09-15,,,unavailable
2026-10-01,LCJ,CRL,2027-09-16,,,unavailable
2026-10-01,LCJ,CRL,2027-09-17,,,unavailable
2026-10-01,LCJ,CRL,2027-09-18,,,unavailable
2026-10-01,LCJ,CRL,2027-09-19,,,unavailable
2026-10-01,LCJ,CRL,2027-09-20,,,unavailable
2026-10-01,LCJ,CRL,2027-09-21,,,unavailable
2026-10-01,LCJ,CRL,2027-09-22,,,unavailable
2026-10-01,LCJ,CRL,2027-09-23,,,unavailable
2026-10-01,LCJ,CRL,2027-09-24,,,unavailable
2026-10-01,LCJ,CRL,2027-09-25,,,unavailable
2026-10-01,LCJ,CRL,2027-09-26,,,unavailable
2026-10-01,LCJ,CRL,2027-09-27,,,unavailable
2026-10-01,LCJ,CRL,2027-09-28,,,unavailable
2026-10-01,LCJ,CRL,2027-09-29,,,unavailable
2026-10-01,LCJ,CRL,2027-09-30,,,unavailable
2026-10-01,CRL,LCJ,2026-10-01,13:05,559.06,ok
2026-10-01,CRL,LCJ,2026-10-04,12:05,388.71,ok
2026-10-01,CRL,LCJ,2026-10-08,13:05,65.00,ok
2026-10-01,CRL,LCJ,2026-10-11,12:05,117.89,ok
2026-10-01,CRL,LCJ,2026-10-18,12:05,200.88,ok
2026-10-01,CRL,LCJ,2027-09-01,,,unavailable
2026-10-01,CRL,LCJ,2027-09-02,,,unavailable
2026-10-01,CRL,LCJ,2027-09-03,,,unavailable
2026-10-01,CRL,LCJ,2027-09-04,,,unavailable
2026-10-01,CRL,LCJ,2027-09-05,,,unavailable
2026-10-01,CRL,LCJ,2027-09-06,,,unavailable
2026-10-01,CRL,LCJ,2027-09-07,,,unavailable
2026-10-01,CRL,LCJ,2027-09-08,,,unavailable
2026-10-01,CRL,LCJ,2027-09-09,,,unavailable
2026-10-01,CRL,LCJ,2027-09-10,,,unavailable
2026-10-01,CRL,LCJ,2027-09-11,,,unavailable
2026-10-01,CRL,LCJ,2027-09-12,,,unavailable
2026-10-01,CRL,LCJ,2027-09-13,,,unavailable
2026-10-01,CRL,LCJ,2027-09-14,,,unavailable
2026-10-01,CRL,LCJ,2027-09-15,,,unavailable
2026-10-01,CRL,LCJ,2027-09-16,,,unavailable
2026-10-01,CRL,LCJ,2027-09-17,,,unavailable
2026-10-01,CRL,LCJ,2027-09-18,,,unavailable
2026-10-01,CRL,LCJ,2027-09-19,,,unavailable
2026-10-01,CRL,LCJ,2027-09-20,,,unavailable
2026-10-01,CRL,LCJ,2027-09-21,,,unavailable
2026-10-01,CRL,LCJ,2027-09-22,,,unavailable
2026-10-01,CRL,LCJ,2027-09-23,,,unavailable
2026-10-01,CRL,LCJ,2027-09-24,,,unavailable
2026-10-01,CRL,LCJ,2027-09-25,,,unavailable
2026-10-01,CRL,LCJ,2027-09-26,,,unavailable
2026-10-01,CRL,LCJ,2027-09-27,,,unavailable
2026-10-01,CRL,LCJ,2027-09-28,,,unavailable
2026-10-01,CRL,LCJ,2027-09-29,,,unavailable
2026-10-01,CRL,LCJ,2027-09-30,,,unavailable
2026-10-01,LCJ,DUB,2026-10-01,22:45,436.76,ok
2026-10-01,LCJ,DUB,2026-10-05,17:30,314.45,ok
2026-10-01,LCJ,DUB,2026-10-12,17:30,253.30,ok
2026-10-01,LCJ,DUB,2026-10-15,22:45,157.20,ok
2026-10-01,LCJ,DUB,2026-10-22,22:45,144.10,ok
2026-10-01,LCJ,DUB,2026-10-26,13:05,167.18,ok
2026-10-01,LCJ,DUB,2026-11-06,20:25,205.25,ok
2026-10-01,LCJ,DUB,2026-11-09,13:05,138.26,ok
2026-10-01,LCJ,DUB,2026-11-13,20:25,131.00,ok
2026-10-01,LCJ,DUB,2026-11-16,13:05,145.72,ok
2026-10-01,LCJ,DUB,2026-11-20,20:25,144.10,ok
2026-10-01,LCJ,DUB,2026-11-23,13:05,136.55,ok
2026-10-01,LCJ,DUB,2026-11-27,20:25,130.00,ok
2026-10-01,LCJ,DUB,2026-12-04,20:25,126.63,ok
2026-10-01,LCJ,DUB,2026-12-07,13:05,130.00,ok
2026-10-01,LCJ,DUB,2026-12-11,20:25,130.00,ok
2026-10-01,LCJ,DUB,2026-12-14,13:05,157.62,ok
2026-10-01,LCJ,DUB,2026-12-23,11:20,227.09,ok
2026-10-01,LCJ,DUB,2027-01-04,13:05,787.43,ok
2026-10-01,LCJ,DUB,2027-02-26,20:25,152.84,ok
2026-10-01,LCJ,DUB,2027-03-01,13:05,502.00,ok
2026-10-01,LCJ,DUB,2027-03-08,13:05,506.37,ok
2026-10-01,LCJ,DUB,2027-05-08,22:20,506.37,ok
2026-10-01,LCJ,DUB,2027-05-11,16:50,506.37,ok
2026-10-01,LCJ,DUB,2027-05-15,22:20,450.37,ok
2026-10-01,LCJ,DUB,2027-05-29,22:20,391.00,ok
2026-10-01,LCJ,DUB,2027-06-01,16:50,603.00,ok
2026-10-01,LCJ,DUB,2027-06-29,16:50,506.37,ok
2026-10-01,LCJ,DUB,2027-09-01,,,unavailable
2026-10-01,LCJ,DUB,2027-09-02,,,unavailable
2026-10-01,LCJ,DUB,2027-09-03,,,unavailable
2026-10-01,LCJ,DUB,2027-09-04,22:20,718.00,ok
2026-10-01,LCJ,DUB,2027-09-05,,,unavailable
2026-10-01,LCJ,DUB,2027-09-06,,,unavailable
2026-10-01,LCJ,DUB,2027-09-07,16:50,718.00,ok
2026-10-01,LCJ,DUB,2027-09-08,,,unavailable
2026-10-01,LCJ,DUB,2027-09-09,,,unavailable
2026-10-01,LCJ,DUB,2027-09-10,,,unavailable
2026-10-01,LCJ,DUB,2027-09-11,22:20,659.00,ok
2026-10-01,LCJ,DUB,2027-09-12,,,unavailable
2026-10-01,LCJ,DUB,2027-09-13,,,unavailable
2026-10-01,LCJ,DUB,2027-09-14,16:50,659.00,ok
2026-10-01,LCJ,DUB,2027-09-15,,,unavailable
2026-10-01,LCJ,DUB,2027-09-16,,,unavailable
2026-10-01,LCJ,DUB,2027-09-17,,,unavailable
2026-10-01,LCJ,DUB,2027-09-18,22:20,548.00,ok
2026-10-01,LCJ,DUB,2027-09-19,,,unavailable
2026-10-01,LCJ,DUB,2027-09-20,,,unavailable
2026-10-01,LCJ,DUB,2027-09-21,16:50,548.00,ok
2026-10-01,LCJ,DUB,2027-09-22,,,unavailable
2026-10-01,LCJ,DUB,2027-09-23,,,unavailable
2026-10-01,LCJ,DUB,2027-09-24,,,unavailable
2026-10-01,LCJ,DUB,2027-09-25,22:20,548.00,ok
2026-10-01,LCJ,DUB,2027-09-26,,,unavailable
2026-10-01,LCJ,DUB,2027-09-27,,,unavailable
2026-10-01,LCJ,DUB,2027-09-28,16:50,603.00,ok
2026-10-01,LCJ,DUB,2027-09-29,,,unavailable
2026-10-01,LCJ,DUB,2027-09-30,,,unavailable
2026-10-01,DUB,LCJ,2026-10-01,18:35,814.14,ok
2026-10-01,DUB,LCJ,2026-10-05,13:20,161.57,ok
2026-10-01,DUB,LCJ,2026-10-08,18:35,310.08,ok
2026-10-01,DUB,LCJ,2026-10-12,13:20,157.20,ok
2026-10-01,DUB,LCJ,2026-10-15,18:35,240.20,ok
2026-10-01,DUB,LCJ,2026-11-02,09:00,158.61,ok
2026-10-01,DUB,LCJ,2026-11-06,16:20,135.36,ok
2026-10-01,DUB,LCJ,2026-11-09,09:00,135.90,ok
2026-10-01,DUB,LCJ,2026-11-13,16:20,132.62,ok
2026-10-01,DUB,LCJ,2026-11-20,16:20,133.28,ok
2026-10-01,DUB,LCJ,2026-11-23,09:00,145.72,ok
2026-10-01,DUB,LCJ,2026-12-04,16:20,130.00,ok
2026-10-01,DUB,LCJ,2026-12-07,09:00,130.00,ok
2026-10-01,DUB,LCJ,2026-12-11,16:20,131.00,ok
2026-10-01,DUB,LCJ,2026-12-14,09:00,218.58,ok
2026-10-01,DUB,LCJ,2026-12-30,07:15,335.86,ok
2026-10-01,DUB,LCJ,2027-01-04,09:00,310.37,ok
2026-10-01,DUB,LCJ,2027-03-01,09:00,502.00,ok
2026-10-01,DUB,LCJ,2027-03-08,09:00,506.37,ok
2026-10-01,DUB,LCJ,2027-05-08,18:15,395.37,ok
2026-10-01,DUB,LCJ,2027-05-11,12:45,450.37,ok
2026-10-01,DUB,LCJ,2027-05-15,18:15,506.37,ok
2026-10-01,DUB,LCJ,2027-05-29,18:15,548.00,ok
2026-10-01,DUB,LCJ,2027-06-01,12:45,502.00,ok
2026-10-01,DUB,LCJ,2027-06-29,12:45,786.37,ok
2026-10-01,DUB,LCJ,2027-09-01,,,unavailable
2026-10-01,DUB,LCJ,2027-09-02,,,unavailable
2026-10-01,DUB,LCJ,2027-09-03,,,unavailable
2026-10-01,DUB,LCJ,2027-09-04,18:15,349.00,ok
2026-10-01,DUB,LCJ,2027-09-05,,,unavailable
2026-10-01,DUB,LCJ,2027-09-06,,,unavailable
2026-10-01,DUB,LCJ,2027-09-07,12:45,391.00,ok
2026-10-01,DUB,LCJ,2027-09-08,,,unavailable
2026-10-01,DUB,LCJ,2027-09-09,,,unavailable
2026-10-01,DUB,LCJ,2027-09-10,,,unavailable
2026-10-01,DUB,LCJ,2027-09-11,18:15,349.00,ok
2026-10-01,DUB,LCJ,2027-09-12,,,unavailable
2026-10-01,DUB,LCJ,2027-09-13,,,unavailable
2026-10-01,DUB,LCJ,2027-09-14,12:45,349.00,ok
2026-10-01,DUB,LCJ,2027-09-15,,,unavailable
2026-10-01,DUB,LCJ,2027-09-16,,,unavailable
2026-10-01,DUB,LCJ,2027-09-17,,,unavailable
2026-10-01,DUB,LCJ,2027-09-18,18:15,349.00,ok
2026-10-01,DUB,LCJ,2027-09-19,,,unavailable
2026-10-01,DUB,LCJ,2027-09-20,,,unavailable
2026-10-01,DUB,LCJ,2027-09-21,12:45,349.00,ok
2026-10-01,DUB,LCJ,2027-09-22,,,unavailable
2026-10-01,DUB,LCJ,2027-09-23,,,unavailable
2026-10-01,DUB,LCJ,2027-09-24,,,unavailable
2026-10-01,DUB,LCJ,2027-09-25,18:15,659.00,ok
2026-10-01,DUB,LCJ,2027-09-26,,,unavailable
2026-10-01,DUB,LCJ,2027-09-27,,,unavailable
2026-10-01,DUB,LCJ,2027-09-28,12:45,502.00,ok
2026-10-01,DUB,LCJ,2027-09-29,,,unavailable
2026-10-01,DUB,LCJ,2027-09-30,,,unavailable
2026-10-01,LCJ,STN,2026-10-01,16:15,505.04,ok
2026-10-01,LCJ,STN,2026-10-03,11:35,714.28,ok
2026-10-01,LCJ,STN,2026-10-04,15:45,1032.37,ok
2026-10-01,LCJ,STN,2026-10-06,20:45,366.68,ok
2026-10-01,LCJ,STN,2026-10-07,11:50,255.37,ok
2026-10-01,LCJ,STN,2026-10-08,16:15,382.37,ok
2026-10-01,LCJ,STN,2026-10-10,11:35,382.37,ok
2026-10-01,LCJ,STN,2026-10-11,15:45,479.94,ok
2026-10-01,LCJ,STN,2026-10-13,20:45,116.85,ok
2026-10-01,LCJ,STN,2026-10-15,16:15,130.84,ok
2026-10-01,LCJ,STN,2026-10-18,15:45,255.37,ok
2026-10-01,LCJ,STN,2026-10-22,16:15,169.01,ok
2026-10-01,LCJ,STN,2026-10-24,11:35,135.82,ok
2026-10-01,LCJ,STN,2026-10-25,17:30,74.00,ok
2026-10-01,LCJ,STN,2026-10-27,20:30,96.16,ok
2026-10-01,LCJ,STN,2026-11-01,13:40,345.03,ok
2026-10-01,LCJ,STN,2026-11-02,10:55,519.75,ok
2026-10-01,LCJ,STN,2026-11-05,17:45,257.67,ok
2026-10-01,LCJ,STN,2026-11-06,10:10,176.17,ok
2026-10-01,LCJ,STN,2026-11-07,12:25,266.40,ok
2026-10-01,LCJ,STN,2026-11-08,13:40,200.88,ok
2026-10-01,LCJ,STN,2026-11-09,10:55,235.83,ok
2026-10-01,LCJ,STN,2026-11-13,10:10,139.73,ok
2026-10-01,LCJ,STN,2026-11-14,12:25,152.84,ok
2026-10-01,LCJ,STN,2026-11-15,13:40,152.84,ok
2026-10-01,LCJ,STN,2026-11-16,10:55,139.73,ok
2026-10-01,LCJ,STN,2026-11-19,17:45,105.76,ok
2026-10-01,LCJ,STN,2026-11-20,10:10,170.31,ok
2026-10-01,LCJ,STN,2026-11-21,12:25,113.52,ok
2026-10-01,LCJ,STN,2026-11-22,13:40,100.42,ok
2026-10-01,LCJ,STN,2026-11-23,10:55,91.68,ok
2026-10-01,LCJ,STN,2026-11-27,10:10,148.47,ok
2026-10-01,LCJ,STN,2026-11-28,12:25,82.95,ok
2026-10-01,LCJ,STN,2026-11-29,13:40,91.79,ok
2026-10-01,LCJ,STN,2026-12-03,17:45,174.68,ok
2026-10-01,LCJ,STN,2026-12-06,17:30,78.58,ok
2026-10-01,LCJ,STN,2026-12-07,10:55,109.61,ok
2026-10-01,LCJ,STN,2026-12-10,17:45,104.79,ok
2026-10-01,LCJ,STN,2026-12-12,12:25,78.58,ok
2026-10-01,LCJ,STN,2026-12-14,10:55,78.58,ok
2026-10-01,LCJ,STN,2026-12-20,13:40,142.50,ok
2026-10-01,LCJ,STN,2026-12-21,10:55,183.41,ok
2026-10-01,LCJ,STN,2026-12-22,21:25,148.47,ok
2026-10-01,LCJ,STN,2026-12-26,12:25,305.72,ok
2026-10-01,LCJ,STN,2026-12-29,21:25,470.99,ok
2026-10-01,LCJ,STN,2026-12-30,09:35,366.87,ok
2026-10-01,LCJ,STN,2026-12-31,17:45,510.49,ok
2026-10-01,LCJ,STN,2027-01-03,17:30,685.53,ok
2026-10-01,LCJ,STN,2027-01-04,10:55,625.26,ok
2026-10-01,LCJ,STN,2027-01-09,12:25,196.52,ok
2026-10-01,LCJ,STN,2027-01-10,17:30,280.04,ok
2026-10-01,LCJ,STN,2027-01-28,17:45,132.00,ok
2026-10-01,LCJ,STN,2027-01-30,12:25,161.57,ok
2026-10-01,LCJ,STN,2027-02-13,12:25,293.37,ok
2026-10-01,LCJ,STN,2027-02-19,10:10,217.00,ok
2026-10-01,LCJ,STN,2027-02-20,12:25,378.00,ok
2026-10-01,LCJ,STN,2027-02-21,13:40,414.68,ok
2026-10-01,LCJ,STN,2027-03-01,10:55,174.59,ok
2026-10-01,LCJ,STN,2027-03-05,10:10,158.00,ok
2026-10-01,LCJ,STN,2027-04-30,10:35,251.00,ok
2026-10-01,LCJ,STN,2027-05-06,09:30,221.37,ok
2026-10-01,LCJ,STN,2027-05-08,22:55,221.37,ok
2026-10-01,LCJ,STN,2027-05-09,10:30,289.00,ok
2026-10-01,LCJ,STN,2027-05-11,21:20,293.37,ok
2026-10-01,LCJ,STN,2027-05-13,09:30,191.37,ok
2026-10-01,LCJ,STN,2027-05-15,22:55,191.37,ok
2026-10-01,LCJ,STN,2027-05-19,17:40,221.37,ok
2026-10-01,LCJ,STN,2027-05-28,10:35,378.00,ok
2026-10-01,LCJ,STN,2027-05-29,22:55,468.00,ok
2026-10-01,LCJ,STN,2027-05-30,10:30,472.37,ok
2026-10-01,LCJ,STN,2027-06-01,21:20,289.00,ok
2026-10-01,LCJ,STN,2027-06-03,09:30,221.37,ok
2026-10-01,LCJ,STN,2027-06-29,21:20,336.37,ok
2026-10-01,LCJ,STN,2027-07-02,10:35,221.37,ok
2026-10-01,LCJ,STN,2027-07-04,10:30,293.37,ok
2026-10-01,LCJ,STN,2027-07-08,09:30,191.37,ok
2026-10-01,LCJ,STN,2027-07-11,10:30,221.37,ok
2026-10-01,LCJ,STN,2027-09-01,17:40,514.00,ok
2026-10-01,LCJ,STN,2027-09-02,09:30,378.00,ok
2026-10-01,LCJ,STN,2027-09-03,10:35,332.00,ok
2026-10-01,LCJ,STN,2027-09-04,22:55,378.00,ok
2026-10-01,LCJ,STN,2027-09-05,10:30,378.00,ok
2026-10-01,LCJ,STN,2027-09-06,,,unavailable
2026-10-01,LCJ,STN,2027-09-07,21:20,289.00,ok
2026-10-01,LCJ,STN,2027-09-08,17:40,217.00,ok
2026-10-01,LCJ,STN,2027-09-09,09:30,251.00,ok
2026-10-01,LCJ,STN,2027-09-10,10:35,275.67,ok
2026-10-01,LCJ,STN,2027-09-11,22:55,332.00,ok
2026-10-01,LCJ,STN,2027-09-12,10:30,332.00,ok
2026-10-01,LCJ,STN,2027-09-13,,,unavailable
2026-10-01,LCJ,STN,2027-09-14,21:20,289.00,ok
2026-10-01,LCJ,STN,2027-09-15,17:40,217.00,ok
2026-10-01,LCJ,STN,2027-09-16,09:30,217.00,ok
2026-10-01,LCJ,STN,2027-09-17,10:35,217.00,ok
2026-10-01,LCJ,STN,2027-09-18,22:55,289.00,ok
2026-10-01,LCJ,STN,2027-09-19,10:30,289.00,ok
2026-10-01,LCJ,STN,2027-09-20,,,unavailable
2026-10-01,LCJ,STN,2027-09-21,21:20,187.00,ok
2026-10-01,LCJ,STN,2027-09-22,17:40,187.00,ok
2026-10-01,LCJ,STN,2027-09-23,09:30,187.00,ok
2026-10-01,LCJ,STN,2027-09-24,10:35,187.00,ok
2026-10-01,LCJ,STN,2027-09-25,22:55,251.00,ok
2026-10-01,LCJ,STN,2027-09-26,10:30,251.00,ok
2026-10-01,LCJ,STN,2027-09-27,,,unavailable
2026-10-01,LCJ,STN,2027-09-28,21:20,187.00,ok
2026-10-01,LCJ,STN,2027-09-29,17:40,187.00,ok
2026-10-01,LCJ,STN,2027-09-30,09:30,187.00,ok
2026-10-01,STN,LCJ,2026-10-01,12:40,1032.37,ok
2026-10-01,STN,LCJ,2026-10-03,08:00,352.01,ok
2026-10-01,STN,LCJ,2026-10-04,12:10,479.94,ok
2026-10-01,STN,LCJ,2026-10-06,17:10,98.34,ok
2026-10-01,STN,LCJ,2026-10-07,08:15,65.00,ok
2026-10-01,STN,LCJ,2026-10-08,12:40,208.52,ok
2026-10-01,STN,LCJ,2026-10-10,08:00,180.72,ok
2026-10-01,STN,LCJ,2026-10-12,13:10,157.18,ok
2026-10-01,STN,LCJ,2026-10-15,12:40,288.16,ok
2026-10-01,STN,LCJ,2026-10-21,08:15,310.14,ok
2026-10-01,STN,LCJ,2026-10-25,13:55,288.16,ok
2026-10-01,STN,LCJ,2026-10-26,07:20,206.57,ok
2026-10-01,STN,LCJ,2026-10-27,16:55,310.14,ok
2026-10-01,STN,LCJ,2026-10-29,14:10,131.85,ok
2026-10-01,STN,LCJ,2026-11-01,10:05,86.61,ok
2026-10-01,STN,LCJ,2026-11-02,07:20,105.52,ok
2026-10-01,STN,LCJ,2026-11-05,14:10,86.61,ok
2026-10-01,STN,LCJ,2026-11-07,08:50,101.90,ok
2026-10-01,STN,LCJ,2026-11-08,10:05,76.41,ok
2026-10-01,STN,LCJ,2026-11-13,06:35,124.14,ok
2026-10-01,STN,LCJ,2026-11-14,08:50,91.98,ok
2026-10-01,STN,LCJ,2026-11-15,10:05,127.39,ok
2026-10-01,STN,LCJ,2026-11-16,07:20,157.97,ok
2026-10-01,STN,LCJ,2026-11-19,14:10,142.68,ok
2026-10-01,STN,LCJ,2026-11-20,06:35,147.77,ok
2026-10-01,STN,LCJ,2026-11-21,08:50,117.19,ok
2026-10-01,STN,LCJ,2026-11-22,10:05,122.29,ok
2026-10-01,STN,LCJ,2026-11-23,07:20,126.63,ok
2026-10-01,STN,LCJ,2026-11-27,06:35,224.24,ok
2026-10-01,STN,LCJ,2026-11-28,08:50,112.09,ok
2026-10-01,STN,LCJ,2026-11-29,10:05,87.00,ok
2026-10-01,STN,LCJ,2026-11-30,07:20,96.80,ok
2026-10-01,STN,LCJ,2026-12-03,14:10,168.16,ok
2026-10-01,STN,LCJ,2026-12-04,06:35,87.00,ok
2026-10-01,STN,LCJ,2026-12-06,10:05,91.70,ok
2026-10-01,STN,LCJ,2026-12-07,07:20,232.11,ok
2026-10-01,STN,LCJ,2026-12-10,14:10,173.26,ok
2026-10-01,STN,LCJ,2026-12-12,08:50,208.53,ok
2026-10-01,STN,LCJ,2026-12-13,10:05,127.39,ok
2026-10-01,STN,LCJ,2026-12-14,07:20,193.65,ok
2026-10-01,STN,LCJ,2026-12-18,06:35,774.76,ok
2026-10-01,STN,LCJ,2026-12-20,13:55,892.00,ok
2026-10-01,STN,LCJ,2026-12-26,08:50,351.67,ok
2026-10-01,STN,LCJ,2026-12-27,10:05,265.02,ok
2026-10-01,STN,LCJ,2026-12-29,17:50,212.72,ok
2026-10-01,STN,LCJ,2026-12-30,05:55,103.84,ok
2026-10-01,STN,LCJ,2026-12-31,14:10,109.61,ok
2026-10-01,STN,LCJ,2027-01-01,06:35,111.00,ok
2026-10-01,STN,LCJ,2027-01-04,07:20,115.37,ok
2026-10-01,STN,LCJ,2027-01-07,14:10,132.48,ok
2026-10-01,STN,LCJ,2027-01-10,13:55,136.37,ok
2026-10-01,STN,LCJ,2027-01-28,14:10,144.23,ok
2026-10-01,STN,LCJ,2027-02-13,08:50,336.37,ok
2026-10-01,STN,LCJ,2027-02-21,10:05,162.37,ok
2026-10-01,STN,LCJ,2027-02-27,08:50,158.00,ok
2026-10-01,STN,LCJ,2027-03-05,06:35,158.00,ok
2026-10-01,STN,LCJ,2027-03-08,07:20,221.37,ok
2026-10-01,STN,LCJ,2027-03-14,13:55,178.96,ok
2026-10-01,STN,LCJ,2027-03-22,07:20,423.04,ok
2026-10-01,STN,LCJ,2027-03-23,12:40,251.00,ok
2026-10-01,STN,LCJ,2027-03-26,10:45,378.00,ok
2026-10-01,STN,LCJ,2027-04-30,07:00,251.00,ok
2026-10-01,STN,LCJ,2027-05-06,05:55,293.37,ok
2026-10-01,STN,LCJ,2027-05-08,19:20,336.37,ok
2026-10-01,STN,LCJ,2027-05-09,06:55,289.00,ok
2026-10-01,STN,LCJ,2027-05-11,17:45,293.37,ok
2026-10-01,STN,LCJ,2027-05-13,05:55,336.37,ok
2026-10-01,STN,LCJ,2027-05-15,19:20,425.37,ok
2026-10-01,STN,LCJ,2027-05-19,14:05,293.37,ok
2026-10-01,STN,LCJ,2027-05-28,07:00,275.67,ok
2026-10-01,STN,LCJ,2027-05-29,19:20,289.00,ok
2026-10-01,STN,LCJ,2027-05-30,06:55,293.37,ok
2026-10-01,STN,LCJ,2027-06-01,17:45,217.00,ok
2026-10-01,STN,LCJ,2027-06-03,05:55,191.37,ok
2026-10-01,STN,LCJ,2027-06-29,17:45,293.37,ok
2026-10-01,STN,LCJ,2027-07-02,07:00,336.37,ok
2026-10-01,STN,LCJ,2027-07-04,06:55,425.37,ok
2026-10-01,STN,LCJ,2027-07-08,05:55,336.37,ok
2026-10-01,STN,LCJ,2027-07-11,06:55,472.37,ok
2026-10-01,STN,LCJ,2027-09-01,14:05,187.00,ok
2026-10-01,STN,LCJ,2027-09-02,05:55,187.00,ok
2026-10-01,STN,LCJ,2027-09-03,07:00,187.00,ok
2026-10-01,STN,LCJ,2027-09-04,19:20,187.00,ok
2026-10-01,STN,LCJ,2027-09-05,06:55,187.00,ok
2026-10-01,STN,LCJ,2027-09-06,,,unavailable
2026-10-01,STN,LCJ,2027-09-07,17:45,187.00,ok
2026-10-01,STN,LCJ,2027-09-08,14:05,187.00,ok
2026-10-01,STN,LCJ,2027-09-09,05:55,187.00,ok
2026-10-01,STN,LCJ,2027-09-10,07:00,187.00,ok
2026-10-01,STN,LCJ,2027-09-11,19:20,217.00,ok
2026-10-01,STN,LCJ,2027-09-12,06:55,217.00,ok
2026-10-01,STN,LCJ,2027-09-13,,,unavailable
2026-10-01,STN,LCJ,2027-09-14,17:45,187.00,ok
2026-10-01,STN,LCJ,2027-09-15,14:05,187.00,ok
2026-10-01,STN,LCJ,2027-09-16,05:55,187.00,ok
2026-10-01,STN,LCJ,2027-09-17,07:00,217.00,ok
2026-10-01,STN,LCJ,2027-09-18,19:20,289.00,ok
2026-10-01,STN,LCJ,2027-09-19,06:55,289.00,ok
2026-10-01,STN,LCJ,2027-09-20,,,unavailable
2026-10-01,STN,LCJ,2027-09-21,17:45,217.00,ok
2026-10-01,STN,LCJ,2027-09-22,14:05,187.00,ok
2026-10-01,STN,LCJ,2027-09-23,05:55,187.00,ok
2026-10-01,STN,LCJ,2027-09-24,07:00,217.00,ok
2026-10-01,STN,LCJ,2027-09-25,19:20,251.00,ok
2026-10-01,STN,LCJ,2027-09-26,06:55,251.00,ok
2026-10-01,STN,LCJ,2027-09-27,,,unavailable
2026-10-01,STN,LCJ,2027-09-28,17:45,187.00,ok
2026-10-01,STN,LCJ,2027-09-29,14:05,187.00,ok
2026-10-01,STN,LCJ,2027-09-30,05:55,187.00,ok
2026-10-01,LCJ,AGP,2026-10-03,20:10,417.00,ok
2026-10-01,LCJ,AGP,2026-10-07,19:25,109.01,ok
2026-10-01,LCJ,AGP,2026-10-10,20:10,218.07,ok
2026-10-01,LCJ,AGP,2026-10-14,19:25,226.80,ok
2026-10-01,LCJ,AGP,2026-10-17,20:10,243.12,ok
2026-10-01,LCJ,AGP,2026-10-21,19:25,218.07,ok
2026-10-01,LCJ,AGP,2026-10-24,20:10,139.55,ok
2026-10-01,LCJ,AGP,2026-10-30,20:40,223.75,ok
2026-10-01,LCJ,AGP,2026-11-01,20:20,187.54,ok
2026-10-01,LCJ,AGP,2026-11-05,12:50,226.80,ok
2026-10-01,LCJ,AGP,2026-11-06,20:40,408.69,ok
2026-10-01,LCJ,AGP,2026-11-08,20:20,363.65,ok
2026-10-01,LCJ,AGP,2026-11-12,12:50,235.52,ok
2026-10-01,LCJ,AGP,2026-11-15,20:20,109.01,ok
2026-10-01,LCJ,AGP,2026-11-19,12:50,148.27,ok
2026-10-01,LCJ,AGP,2026-11-20,20:40,122.10,ok
2026-10-01,LCJ,AGP,2026-11-26,12:50,194.24,ok
2026-10-01,LCJ,AGP,2026-12-04,20:40,150.43,ok
2026-10-01,LCJ,AGP,2026-12-11,20:40,226.80,ok
2026-10-01,LCJ,AGP,2026-12-18,20:40,239.88,ok
2026-10-01,LCJ,AGP,2026-12-20,20:20,222.38,ok
2026-10-01,LCJ,AGP,2026-12-27,20:20,703.22,ok
2026-10-01,LCJ,AGP,2027-01-03,20:20,292.23,ok
2026-10-01,LCJ,AGP,2027-01-10,20:20,96.05,ok
2026-10-01,LCJ,AGP,2027-01-15,20:40,383.84,ok
2026-10-01,LCJ,AGP,2027-01-17,20:20,450.42,ok
2026-10-01,LCJ,AGP,2027-01-22,20:40,236.14,ok
2026-10-01,LCJ,AGP,2027-01-24,20:20,205.25,ok
2026-10-01,LCJ,AGP,2027-01-29,20:40,296.98,ok
2026-10-01,LCJ,AGP,2027-01-31,20:20,183.36,ok
2026-10-01,LCJ,AGP,2027-02-05,20:40,200.62,ok
2026-10-01,LCJ,AGP,2027-02-07,20:20,305.32,ok
2026-10-01,LCJ,AGP,2027-02-12,20:40,353.30,ok
2026-10-01,LCJ,AGP,2027-02-21,20:20,431.82,ok
2026-10-01,LCJ,AGP,2027-02-26,20:40,231.46,ok
2026-10-01,LCJ,AGP,2027-03-26,20:40,366.87,ok
2026-10-01,LCJ,AGP,2027-07-29,18:50,323.00,ok
2026-10-01,LCJ,AGP,2027-08-05,18:50,327.37,ok
2026-10-01,AGP,LCJ,2026-10-03,15:40,772.08,ok
2026-10-01,AGP,LCJ,2026-10-07,15:20,305.32,ok
2026-10-01,AGP,LCJ,2026-10-10,15:40,531.66,ok
2026-10-01,AGP,LCJ,2026-10-14,15:20,348.94,ok
2026-10-01,AGP,LCJ,2026-10-17,15:40,423.10,ok
2026-10-01,AGP,LCJ,2026-10-21,15:20,300.96,ok
2026-10-01,AGP,LCJ,2026-10-24,15:40,427.46,ok
2026-10-01,AGP,LCJ,2026-10-25,16:10,474.12,ok
2026-10-01,AGP,LCJ,2026-10-30,16:30,407.43,ok
2026-10-01,AGP,LCJ,2026-11-01,16:10,300.67,ok
2026-10-01,AGP,LCJ,2026-11-05,08:40,100.29,ok
2026-10-01,AGP,LCJ,2026-11-06,16:30,179.84,ok
2026-10-01,AGP,LCJ,2026-11-08,16:10,269.64,ok
2026-10-01,AGP,LCJ,2026-11-12,08:40,318.40,ok
2026-10-01,AGP,LCJ,2026-11-13,16:30,292.23,ok
2026-10-01,AGP,LCJ,2026-11-15,16:10,727.67,ok
2026-10-01,AGP,LCJ,2026-11-19,08:40,164.17,ok
2026-10-01,AGP,LCJ,2026-11-20,16:30,142.70,ok
2026-10-01,AGP,LCJ,2026-11-22,16:10,283.51,ok
2026-10-01,AGP,LCJ,2026-11-27,16:30,126.46,ok
2026-10-01,AGP,LCJ,2026-11-29,16:10,265.28,ok
2026-10-01,AGP,LCJ,2026-12-04,16:30,270.42,ok
2026-10-01,AGP,LCJ,2026-12-06,16:10,246.76,ok
2026-10-01,AGP,LCJ,2026-12-13,16:10,183.17,ok
2026-10-01,AGP,LCJ,2026-12-18,16:30,152.64,ok
2026-10-01,AGP,LCJ,2026-12-20,16:10,147.85,ok
2026-10-01,AGP,LCJ,2026-12-27,16:10,137.56,ok
2026-10-01,AGP,LCJ,2027-01-03,16:10,344.58,ok
2026-10-01,AGP,LCJ,2027-01-08,16:30,458.00,ok
2026-10-01,AGP,LCJ,2027-01-10,16:10,355.32,ok
2026-10-01,AGP,LCJ,2027-01-22,16:30,405.59,ok
2026-10-01,AGP,LCJ,2027-01-24,16:10,309.68,ok
2026-10-01,AGP,LCJ,2027-01-29,16:30,450.42,ok
2026-10-01,AGP,LCJ,2027-01-31,16:10,405.59,ok
2026-10-01,AGP,LCJ,2027-02-05,16:30,148.27,ok
2026-10-01,AGP,LCJ,2027-02-07,16:10,218.36,ok
2026-10-01,AGP,LCJ,2027-02-14,16:10,323.00,ok
2026-10-01,AGP,LCJ,2027-02-19,16:30,310.08,ok
2026-10-01,AGP,LCJ,2027-02-26,16:30,471.70,ok
2026-10-01,AGP,LCJ,2027-03-12,16:30,253.30,ok
2026-10-01,AGP,LCJ,2027-03-14,16:10,318.82,ok
2026-10-01,AGP,LCJ,2027-03-19,16:30,301.35,ok
2026-10-01,AGP,LCJ,2027-03-21,16:10,309.68,ok
2026-10-01,AGP,LCJ,2027-07-29,14:40,569.00,ok
2026-10-01,AGP,LCJ,2027-08-05,14:40,573.37,ok
2026-10-01,LCJ,ALC,2026-10-02,09:45,763.89,ok
2026-10-01,LCJ,ALC,2026-10-05,21:30,213.42,ok
2026-10-01,LCJ,ALC,2026-10-07,09:40,161.36,ok
2026-10-01,LCJ,ALC,2026-10-09,09:45,366.39,ok
2026-10-01,LCJ,ALC,2026-10-12,21:30,237.61,ok
2026-10-01,LCJ,ALC,2026-10-14,09:40,400.82,ok
2026-10-01,LCJ,ALC,2026-10-16,09:45,553.97,ok
2026-10-01,LCJ,ALC,2026-10-19,21:30,117.74,ok
2026-10-01,LCJ,ALC,2026-10-21,09:40,593.76,ok
2026-10-01,LCJ,ALC,2026-10-23,09:45,340.22,ok
2026-10-01,LCJ,ALC,2026-10-26,19:20,200.99,ok
2026-10-01,LCJ,ALC,2026-10-29,11:55,589.96,ok
2026-10-01,LCJ,ALC,2026-10-31,10:10,353.16,ok
2026-10-01,LCJ,ALC,2026-11-02,19:20,148.27,ok
2026-10-01,LCJ,ALC,2026-11-05,11:55,540.40,ok
2026-10-01,LCJ,ALC,2026-11-09,19:20,226.80,ok
2026-10-01,LCJ,ALC,2026-11-12,11:55,257.33,ok
2026-10-01,LCJ,ALC,2026-11-16,19:20,109.01,ok
2026-10-01,LCJ,ALC,2026-11-19,11:55,231.16,ok
2026-10-01,LCJ,ALC,2026-11-23,19:20,111.05,ok
2026-10-01,LCJ,ALC,2026-11-26,11:55,252.81,ok
2026-10-01,LCJ,ALC,2026-12-03,11:55,222.43,ok
2026-10-01,LCJ,ALC,2026-12-07,19:20,135.19,ok
2026-10-01,LCJ,ALC,2026-12-10,11:55,133.60,ok
2026-10-01,LCJ,ALC,2026-12-14,19:20,104.65,ok
2026-10-01,LCJ,ALC,2026-12-24,11:55,453.64,ok
2026-10-01,LCJ,ALC,2026-12-28,19:20,617.49,ok
2026-10-01,LCJ,ALC,2026-12-31,11:55,541.59,ok
2026-10-01,LCJ,ALC,2027-01-11,19:20,136.00,ok
2026-10-01,LCJ,ALC,2027-01-14,11:55,250.75,ok
2026-10-01,LCJ,ALC,2027-01-18,19:20,214.35,ok
2026-10-01,LCJ,ALC,2027-01-21,11:55,283.88,ok
2026-10-01,LCJ,ALC,2027-01-25,19:20,187.54,ok
2026-10-01,LCJ,ALC,2027-02-04,11:55,205.25,ok
2026-10-01,LCJ,ALC,2027-02-08,19:20,130.83,ok
2026-10-01,LCJ,ALC,2027-02-11,11:55,135.19,ok
2026-10-01,LCJ,ALC,2027-02-15,19:20,301.35,ok
2026-10-01,LCJ,ALC,2027-02-18,11:55,250.75,ok
2026-10-01,LCJ,ALC,2027-02-22,19:20,179.04,ok
2026-10-01,LCJ,ALC,2027-02-25,11:55,240.20,ok
2026-10-01,LCJ,ALC,2027-03-04,11:55,274.78,ok
2026-10-01,LCJ,ALC,2027-03-08,19:20,213.99,ok
2026-10-01,LCJ,ALC,2027-03-11,11:55,209.62,ok
2026-10-01,LCJ,ALC,2027-03-15,19:20,162.00,ok
2026-10-01,LCJ,ALC,2027-03-18,11:55,214.35,ok
2026-10-01,LCJ,ALC,2027-03-22,19:20,305.72,ok
2026-10-01,LCJ,ALC,2027-03-25,11:55,388.71,ok
2026-10-01,LCJ,ALC,2027-07-16,17:10,590.36,ok
2026-10-01,LCJ,ALC,2027-07-30,17:10,446.36,ok
2026-10-01,ALC,LCJ,2026-10-02,06:00,837.52,ok
2026-10-01,ALC,LCJ,2026-10-05,17:50,462.36,ok
2026-10-01,ALC,LCJ,2026-10-07,05:50,362.03,ok
2026-10-01,ALC,LCJ,2026-10-09,06:00,619.40,ok
2026-10-01,ALC,LCJ,2026-10-12,17:50,732.82,ok
2026-10-01,ALC,LCJ,2026-10-14,05:50,423.10,ok
2026-10-01,ALC,LCJ,2026-10-16,06:00,466.72,ok
2026-10-01,ALC,LCJ,2026-10-19,17:50,697.92,ok
2026-10-01,ALC,LCJ,2026-10-21,05:50,244.81,ok
2026-10-01,ALC,LCJ,2026-10-23,06:00,327.13,ok
2026-10-01,ALC,LCJ,2026-10-26,15:40,777.22,ok
2026-10-01,ALC,LCJ,2026-10-29,08:15,484.62,ok
2026-10-01,ALC,LCJ,2026-10-31,06:30,420.45,ok
2026-10-01,ALC,LCJ,2026-11-02,15:40,466.43,ok
2026-10-01,ALC,LCJ,2026-11-05,08:15,335.85,ok
2026-10-01,ALC,LCJ,2026-11-09,15:40,353.30,ok
2026-10-01,ALC,LCJ,2026-11-12,08:15,377.63,ok
2026-10-01,ALC,LCJ,2026-11-16,15:40,623.77,ok
2026-10-01,ALC,LCJ,2026-11-19,08:15,219.86,ok
2026-10-01,ALC,LCJ,2026-11-23,15:40,264.00,ok
2026-10-01,ALC,LCJ,2026-11-26,08:15,117.74,ok
2026-10-01,ALC,LCJ,2026-11-30,15:40,309.68,ok
2026-10-01,ALC,LCJ,2026-12-03,08:15,187.54,ok
2026-10-01,ALC,LCJ,2026-12-07,15:40,200.62,ok
2026-10-01,ALC,LCJ,2026-12-10,08:15,95.93,ok
2026-10-01,ALC,LCJ,2026-12-14,15:40,200.62,ok
2026-10-01,ALC,LCJ,2026-12-21,15:40,191.90,ok
2026-10-01,ALC,LCJ,2026-12-28,15:40,221.71,ok
2026-10-01,ALC,LCJ,2026-12-31,08:15,148.47,ok
2026-10-01,ALC,LCJ,2027-01-04,15:40,444.91,ok
2026-10-01,ALC,LCJ,2027-01-07,08:15,524.31,ok
2026-10-01,ALC,LCJ,2027-01-11,15:40,371.24,ok
2026-10-01,ALC,LCJ,2027-01-14,08:15,165.94,ok
2026-10-01,ALC,LCJ,2027-01-18,15:40,191.90,ok
2026-10-01,ALC,LCJ,2027-01-21,08:15,144.10,ok
2026-10-01,ALC,LCJ,2027-01-25,15:40,292.61,ok
2026-10-01,ALC,LCJ,2027-01-28,08:15,329.30,ok
2026-10-01,ALC,LCJ,2027-02-01,15:40,250.75,ok
2026-10-01,ALC,LCJ,2027-02-11,08:15,379.97,ok
2026-10-01,ALC,LCJ,2027-02-15,15:40,323.19,ok
2026-10-01,ALC,LCJ,2027-02-18,08:15,175.98,ok
2026-10-01,ALC,LCJ,2027-02-22,15:40,218.71,ok
2026-10-01,ALC,LCJ,2027-02-25,08:15,175.98,ok
2026-10-01,ALC,LCJ,2027-03-01,15:40,388.71,ok
2026-10-01,ALC,LCJ,2027-03-08,15:40,175.98,ok
2026-10-01,ALC,LCJ,2027-03-11,08:15,214.35,ok
2026-10-01,ALC,LCJ,2027-03-15,15:40,187.54,ok
2026-10-01,ALC,LCJ,2027-03-25,08:15,340.66,ok
2026-10-01,ALC,LCJ,2027-04-09,13:30,374.58,ok
2026-10-01,ALC,LCJ,2027-07-16,13:30,590.36,ok
2026-10-01,ALC,LCJ,2027-07-30,13:30,646.36,ok
2026-10-01,LCJ,BGY,2026-10-01,,,unavailable
2026-10-01,LCJ,BGY,2026-10-02,13:30,436.19,ok
2026-10-01,LCJ,BGY,2026-10-04,18:05,102.04,ok
2026-10-01,LCJ,BGY,2026-10-05,13:30,174.45,ok
2026-10-01,LCJ,BGY,2026-10-06,22:10,152.64,ok
2026-10-01,LCJ,BGY,2026-10-07,12:45,74.12,ok
2026-10-01,LCJ,BGY,2026-10-08,09:50,152.64,ok
2026-10-01,LCJ,BGY,2026-10-09,13:30,431.82,ok
2026-10-01,LCJ,BGY,2026-10-11,18:05,154.38,ok
2026-10-01,LCJ,BGY,2026-10-12,13:30,99.36,ok
2026-10-01,LCJ,BGY,2026-10-14,12:45,65.39,ok
2026-10-01,LCJ,BGY,2026-10-15,09:50,143.91,ok
2026-10-01,LCJ,BGY,2026-10-16,13:30,143.91,ok
2026-10-01,LCJ,BGY,2026-10-18,18:05,99.36,ok
2026-10-01,LCJ,BGY,2026-10-19,13:30,82.84,ok
2026-10-01,LCJ,BGY,2026-10-20,22:10,65.39,ok
2026-10-01,LCJ,BGY,2026-10-21,08:35,70.93,ok
2026-10-01,LCJ,BGY,2026-10-23,13:30,101.82,ok
2026-10-01,LCJ,BGY,2026-10-30,12:10,178.56,ok
2026-10-01,LCJ,BGY,2026-11-02,12:25,65.39,ok
2026-10-01,LCJ,BGY,2026-11-06,12:10,320.33,ok
2026-10-01,LCJ,BGY,2026-11-20,12:10,216.24,ok
2026-10-01,LCJ,BGY,2026-11-23,12:25,65.39,ok
2026-10-01,LCJ,BGY,2026-11-27,12:10,117.74,ok
2026-10-01,LCJ,BGY,2026-11-30,12:25,65.39,ok
2026-10-01,LCJ,BGY,2026-12-04,12:10,247.07,ok
2026-10-01,LCJ,BGY,2026-12-07,12:25,65.39,ok
2026-10-01,LCJ,BGY,2026-12-11,12:10,187.54,ok
2026-10-01,LCJ,BGY,2026-12-14,12:25,87.20,ok
2026-10-01,LCJ,BGY,2026-12-18,12:10,90.00,ok
2026-10-01,LCJ,BGY,2026-12-21,12:25,83.15,ok
2026-10-01,LCJ,BGY,2026-12-23,19:25,174.20,ok
2026-10-01,LCJ,BGY,2026-12-28,12:25,327.23,ok
2026-10-01,LCJ,BGY,2026-12-30,19:25,314.04,ok
2026-10-01,LCJ,BGY,2027-02-05,12:10,152.84,ok
2026-10-01,LCJ,BGY,2027-02-08,12:25,122.26,ok
2026-10-01,LCJ,BGY,2027-02-19,12:10,131.00,ok
2026-10-01,LCJ,BGY,2027-02-22,12:25,95.93,ok
2026-10-01,LCJ,BGY,2027-03-01,12:25,122.26,ok
2026-10-01,LCJ,BGY,2027-03-05,12:10,100.29,ok
2026-10-01,LCJ,BGY,2027-03-08,12:25,122.26,ok
2026-10-01,LCJ,BGY,2027-03-12,12:10,152.84,ok
2026-10-01,LCJ,BGY,2027-03-15,12:25,340.22,ok
2026-10-01,LCJ,BGY,2027-03-26,12:10,240.20,ok
2026-10-01,LCJ,BGY,2027-05-31,14:00,285.00,ok
2026-10-01,LCJ,BGY,2027-07-05,14:00,272.99,ok
2026-10-01,LCJ,BGY,2027-08-06,23:00,247.00,ok
2026-10-01,BGY,LCJ,2026-10-02,11:15,274.78,ok
2026-10-01,BGY,LCJ,2026-10-04,15:25,476.57,ok
2026-10-01,BGY,LCJ,2026-10-05,11:15,200.62,ok
2026-10-01,BGY,LCJ,2026-10-06,19:55,152.64,ok
2026-10-01,BGY,LCJ,2026-10-07,10:30,67.01,ok
2026-10-01,BGY,LCJ,2026-10-08,07:35,109.01,ok
2026-10-01,BGY,LCJ,2026-10-09,11:15,130.83,ok
2026-10-01,BGY,LCJ,2026-10-11,15:25,565.08,ok
2026-10-01,BGY,LCJ,2026-10-12,11:15,218.07,ok
2026-10-01,BGY,LCJ,2026-10-13,19:55,117.74,ok
2026-10-01,BGY,LCJ,2026-10-15,07:35,69.75,ok
2026-10-01,BGY,LCJ,2026-10-16,11:15,126.46,ok
2026-10-01,BGY,LCJ,2026-10-18,15:25,516.46,ok
2026-10-01,BGY,LCJ,2026-10-19,11:15,257.33,ok
2026-10-01,BGY,LCJ,2026-10-20,19:55,135.19,ok
2026-10-01,BGY,LCJ,2026-10-21,06:20,65.39,ok
2026-10-01,BGY,LCJ,2026-10-22,07:35,99.36,ok
2026-10-01,BGY,LCJ,2026-10-23,11:15,135.19,ok
2026-10-01,BGY,LCJ,2026-10-26,10:05,226.61,ok
2026-10-01,BGY,LCJ,2026-10-28,13:35,71.54,ok
2026-10-01,BGY,LCJ,2026-10-30,09:50,117.90,ok
2026-10-01,BGY,LCJ,2026-11-02,10:05,139.99,ok
2026-10-01,BGY,LCJ,2026-11-09,10:05,176.82,ok
2026-10-01,BGY,LCJ,2026-11-13,09:50,95.89,ok
2026-10-01,BGY,LCJ,2026-11-16,10:05,224.34,ok
2026-10-01,BGY,LCJ,2026-11-23,10:05,321.60,ok
2026-10-01,BGY,LCJ,2026-11-30,10:05,192.73,ok
2026-10-01,BGY,LCJ,2026-12-04,09:50,82.84,ok
2026-10-01,BGY,LCJ,2026-12-07,10:05,218.07,ok
2026-10-01,BGY,LCJ,2026-12-11,09:50,82.84,ok
2026-10-01,BGY,LCJ,2026-12-14,10:05,99.16,ok
2026-10-01,BGY,LCJ,2026-12-18,09:50,91.68,ok
2026-10-01,BGY,LCJ,2026-12-21,10:05,217.94,ok
2026-10-01,BGY,LCJ,2026-12-23,17:05,196.26,ok
2026-10-01,BGY,LCJ,2026-12-28,10:05,112.45,ok
2026-10-01,BGY,LCJ,2026-12-30,17:05,149.47,ok
2026-10-01,BGY,LCJ,2027-01-01,09:50,143.29,ok
2026-10-01,BGY,LCJ,2027-02-01,10:05,122.26,ok
2026-10-01,BGY,LCJ,2027-02-08,10:05,152.84,ok
2026-10-01,BGY,LCJ,2027-02-15,10:05,143.29,ok
2026-10-01,BGY,LCJ,2027-02-19,09:50,144.10,ok
2026-10-01,BGY,LCJ,2027-02-26,09:50,95.93,ok
2026-10-01,BGY,LCJ,2027-03-01,10:05,179.04,ok
2026-10-01,BGY,LCJ,2027-03-05,09:50,109.16,ok
2026-10-01,BGY,LCJ,2027-03-15,10:05,283.51,ok
2026-10-01,BGY,LCJ,2027-03-19,09:50,109.01,ok
2026-10-01,BGY,LCJ,2027-03-22,10:05,143.29,ok
2026-10-01,BGY,LCJ,2027-03-26,09:50,196.52,ok
2026-10-01,BGY,LCJ,2027-05-31,11:45,404.73,ok
2026-10-01,BGY,LCJ,2027-08-06,20:45,370.00,ok
2026-10-01,LCJ,BHX,2026-10-01,,,unavailable
2026-10-01,LCJ,BHX,2026-10-05,22:10,127.85,ok
2026-10-01,LCJ,BHX,2026-10-08,10:20,131.69,ok
2026-10-01,LCJ,BHX,2026-10-12,22:10,124.06,ok
2026-10-01,LCJ,BHX,2026-10-15,10:20,124.06,ok
2026-10-01,LCJ,BHX,2026-10-19,22:10,124.06,ok
2026-10-01,LCJ,BHX,2026-10-22,10:20,107.75,ok
2026-10-01,LCJ,BHX,2026-10-25,19:30,150.54,ok
2026-10-01,LCJ,BHX,2026-10-29,19:10,145.44,ok
2026-10-01,LCJ,BHX,2026-10-30,10:25,176.82,ok
2026-10-01,LCJ,BHX,2026-11-01,19:30,444.61,ok
2026-10-01,LCJ,BHX,2026-11-05,19:10,129.16,ok
2026-10-01,LCJ,BHX,2026-11-06,10:25,139.28,ok
2026-10-01,LCJ,BHX,2026-11-08,19:30,218.07,ok
2026-10-01,LCJ,BHX,2026-11-13,10:25,87.00,ok
2026-10-01,LCJ,BHX,2026-11-15,19:30,253.40,ok
2026-10-01,LCJ,BHX,2026-11-19,19:10,104.65,ok
2026-10-01,LCJ,BHX,2026-11-22,19:30,170.09,ok
2026-10-01,LCJ,BHX,2026-11-26,19:10,78.48,ok
2026-10-01,LCJ,BHX,2026-11-29,19:30,204.98,ok
2026-10-01,LCJ,BHX,2026-12-03,19:10,69.75,ok
2026-10-01,LCJ,BHX,2026-12-04,10:25,78.48,ok
2026-10-01,LCJ,BHX,2026-12-10,19:10,82.84,ok
2026-10-01,LCJ,BHX,2026-12-13,19:30,126.46,ok
2026-10-01,LCJ,BHX,2026-12-17,19:10,104.65,ok
2026-10-01,LCJ,BHX,2026-12-20,19:30,284.65,ok
2026-10-01,LCJ,BHX,2026-12-27,19:30,322.77,ok
2026-10-01,LCJ,BHX,2026-12-31,19:10,438.54,ok
2026-10-01,LCJ,BHX,2027-01-01,10:25,505.98,ok
2026-10-01,LCJ,BHX,2027-01-03,19:30,790.00,ok
2026-10-01,LCJ,BHX,2027-01-08,10:25,218.07,ok
2026-10-01,LCJ,BHX,2027-01-10,19:30,222.43,ok
2026-10-01,LCJ,BHX,2027-01-15,10:25,165.94,ok
2026-10-01,LCJ,BHX,2027-01-22,10:25,179.04,ok
2026-10-01,LCJ,BHX,2027-01-24,19:30,165.94,ok
2026-10-01,LCJ,BHX,2027-01-31,19:30,165.94,ok
2026-10-01,LCJ,BHX,2027-02-04,19:10,174.36,ok
2026-10-01,LCJ,BHX,2027-02-07,19:30,148.47,ok
2026-10-01,LCJ,BHX,2027-02-12,10:25,144.10,ok
2026-10-01,LCJ,BHX,2027-02-21,19:30,436.98,ok
2026-10-01,LCJ,BHX,2027-02-28,19:30,196.52,ok
2026-10-01,LCJ,BHX,2027-03-05,10:25,122.26,ok
2026-10-01,LCJ,BHX,2027-03-07,19:30,148.47,ok
2026-10-01,LCJ,BHX,2027-03-12,10:25,218.36,ok
2026-10-01,LCJ,BHX,2027-03-14,19:30,161.57,ok
2026-10-01,LCJ,BHX,2027-03-19,10:25,135.19,ok
2026-10-01,LCJ,BHX,2027-03-21,19:30,126.63,ok
2026-10-01,LCJ,BHX,2027-03-23,19:50,288.24,ok
2026-10-01,LCJ,BHX,2027-03-25,19:10,165.94,ok
2026-10-01,LCJ,BHX,2027-03-26,10:25,161.36,ok
2026-10-01,LCJ,BHX,2027-04-01,21:50,595.36,ok
2026-10-01,LCJ,BHX,2027-05-06,21:50,272.00,ok
2026-10-01,LCJ,BHX,2027-05-10,15:40,314.36,ok
2026-10-01,LCJ,BHX,2027-05-13,21:50,272.00,ok
2026-10-01,LCJ,BHX,2027-05-17,15:40,276.36,ok
2026-10-01,LCJ,BHX,2027-05-31,15:40,493.36,ok
2026-10-01,LCJ,BHX,2027-06-03,21:50,446.00,ok
2026-10-01,LCJ,BHX,2027-07-08,21:50,272.00,ok
2026-10-01,BHX,LCJ,2026-10-05,18:25,142.25,ok
2026-10-01,BHX,LCJ,2026-10-08,06:35,127.85,ok
2026-10-01,BHX,LCJ,2026-10-12,18:25,74.00,ok
2026-10-01,BHX,LCJ,2026-10-15,06:35,175.38,ok
2026-10-01,BHX,LCJ,2026-10-19,18:25,165.94,ok
2026-10-01,BHX,LCJ,2026-10-22,06:35,479.59,ok
2026-10-01,BHX,LCJ,2026-10-25,15:45,457.78,ok
2026-10-01,BHX,LCJ,2026-10-29,15:25,138.46,ok
2026-10-01,BHX,LCJ,2026-11-01,15:45,102.13,ok
2026-10-01,BHX,LCJ,2026-11-05,15:25,81.70,ok
2026-10-01,BHX,LCJ,2026-11-06,06:40,102.86,ok
2026-10-01,BHX,LCJ,2026-11-12,15:25,76.59,ok
2026-10-01,BHX,LCJ,2026-11-15,15:45,157.35,ok
2026-10-01,BHX,LCJ,2026-11-19,15:25,112.35,ok
2026-10-01,BHX,LCJ,2026-11-20,06:40,128.55,ok
2026-10-01,BHX,LCJ,2026-11-22,15:45,102.60,ok
2026-10-01,BHX,LCJ,2026-11-26,15:25,102.60,ok
2026-10-01,BHX,LCJ,2026-11-27,06:40,152.99,ok
2026-10-01,BHX,LCJ,2026-11-29,15:45,188.99,ok
2026-10-01,BHX,LCJ,2026-12-03,15:25,87.00,ok
2026-10-01,BHX,LCJ,2026-12-04,06:40,173.66,ok
2026-10-01,BHX,LCJ,2026-12-06,15:45,91.92,ok
2026-10-01,BHX,LCJ,2026-12-10,15:25,148.12,ok
2026-10-01,BHX,LCJ,2026-12-11,06:40,154.69,ok
2026-10-01,BHX,LCJ,2026-12-13,15:45,265.63,ok
2026-10-01,BHX,LCJ,2026-12-17,15:25,572.50,ok
2026-10-01,BHX,LCJ,2026-12-18,06:40,723.79,ok
2026-10-01,BHX,LCJ,2026-12-20,15:45,775.32,ok
2026-10-01,BHX,LCJ,2026-12-27,15:45,306.51,ok
2026-10-01,BHX,LCJ,2026-12-31,15:25,149.58,ok
2026-10-01,BHX,LCJ,2027-01-01,06:40,163.07,ok
2026-10-01,BHX,LCJ,2027-01-03,15:45,270.11,ok
2026-10-01,BHX,LCJ,2027-01-10,15:45,148.12,ok
2026-10-01,BHX,LCJ,2027-01-22,06:40,234.43,ok
2026-10-01,BHX,LCJ,2027-01-24,15:45,152.87,ok
2026-10-01,BHX,LCJ,2027-01-29,06:40,170.00,ok
2026-10-01,BHX,LCJ,2027-02-04,15:25,174.36,ok
2026-10-01,BHX,LCJ,2027-02-07,15:45,168.16,ok
2026-10-01,BHX,LCJ,2027-02-21,15:45,204.00,ok
2026-10-01,BHX,LCJ,2027-03-05,06:40,214.04,ok
2026-10-01,BHX,LCJ,2027-03-07,15:45,147.77,ok
2026-10-01,BHX,LCJ,2027-03-12,06:40,229.33,ok
2026-10-01,BHX,LCJ,2027-03-14,15:45,170.00,ok
2026-10-01,BHX,LCJ,2027-03-23,16:05,489.30,ok
2026-10-01,BHX,LCJ,2027-03-25,15:25,519.89,ok
2026-10-01,BHX,LCJ,2027-04-01,18:05,276.36,ok
2026-10-01,BHX,LCJ,2027-05-06,18:05,272.00,ok
2026-10-01,BHX,LCJ,2027-05-10,11:55,276.36,ok
2026-10-01,BHX,LCJ,2027-05-13,18:05,272.00,ok
2026-10-01,BHX,LCJ,2027-05-17,11:55,276.36,ok
2026-10-01,BHX,LCJ,2027-05-31,11:55,314.36,ok
2026-10-01,BHX,LCJ,2027-06-03,18:05,272.00,ok
2026-10-01,BHX,LCJ,2027-07-08,18:05,404.00,ok
2026-10-01,LCJ,CRL,2026-10-01,,,unavailable
2026-10-01,LCJ,CRL,2026-10-04,14:25,471.08,ok
2026-10-01,LCJ,CRL,2026-10-08,15:30,109.01,ok
2026-10-01,LCJ,CRL,2026-10-11,14:25,178.81,ok
2026-10-01,LCJ,CRL,2026-10-15,15:30,65.39,ok
2026-10-01,LCJ,CRL,2026-10-18,14:25,165.72,ok
2026-10-01,LCJ,CRL,2026-10-22,15:30,66.18,ok
2026-10-01,CRL,LCJ,2026-10-01,,,unavailable
2026-10-01,CRL,LCJ,2026-10-04,12:05,440.55,ok
2026-10-01,CRL,LCJ,2026-10-08,13:05,88.77,ok
2026-10-01,CRL,LCJ,2026-10-11,12:05,109.01,ok
2026-10-01,CRL,LCJ,2026-10-15,13:05,91.56,ok
2026-10-01,CRL,LCJ,2026-10-18,12:05,222.43,ok
2026-10-01,CRL,LCJ,2026-10-22,13:05,65.39,ok
2026-10-01,LCJ,DUB,2026-10-01,,,unavailable
2026-10-01,LCJ,DUB,2026-10-05,17:30,444.91,ok
2026-10-01,LCJ,DUB,2026-10-08,22:45,213.71,ok
2026-10-01,LCJ,DUB,2026-10-12,17:30,270.42,ok
2026-10-01,LCJ,DUB,2026-10-15,22:45,161.36,ok
2026-10-01,LCJ,DUB,2026-10-19,17:30,182.13,ok
2026-10-01,LCJ,DUB,2026-10-22,22:45,148.27,ok
2026-10-01,LCJ,DUB,2026-10-26,13:05,172.84,ok
2026-10-01,LCJ,DUB,2026-10-30,20:25,397.45,ok
2026-10-01,LCJ,DUB,2026-11-02,13:05,418.13,ok
2026-10-01,LCJ,DUB,2026-11-06,20:25,191.90,ok
2026-10-01,LCJ,DUB,2026-11-09,13:05,152.73,ok
2026-10-01,LCJ,DUB,2026-11-13,20:25,122.10,ok
2026-10-01,LCJ,DUB,2026-11-16,13:05,148.32,ok
2026-10-01,LCJ,DUB,2026-11-20,20:25,143.91,ok
2026-10-01,LCJ,DUB,2026-11-23,13:05,143.09,ok
2026-10-01,LCJ,DUB,2026-12-04,20:25,126.46,ok
2026-10-01,LCJ,DUB,2026-12-14,13:05,160.33,ok
2026-10-01,LCJ,DUB,2026-12-18,20:25,218.15,ok
2026-10-01,LCJ,DUB,2026-12-21,13:05,208.33,ok
2026-10-01,LCJ,DUB,2026-12-23,11:20,248.61,ok
2026-10-01,LCJ,DUB,2026-12-28,13:05,363.61,ok
2026-10-01,LCJ,DUB,2026-12-30,11:20,462.36,ok
2026-10-01,LCJ,DUB,2027-01-01,20:25,589.28,ok
2026-10-01,LCJ,DUB,2027-01-04,13:05,783.08,ok
2026-10-01,LCJ,DUB,2027-01-08,20:25,318.82,ok
2026-10-01,LCJ,DUB,2027-01-11,13:05,378.27,ok
2026-10-01,LCJ,DUB,2027-01-15,20:25,200.88,ok
2026-10-01,LCJ,DUB,2027-01-29,20:25,161.57,ok
2026-10-01,LCJ,DUB,2027-02-05,20:25,152.84,ok
2026-10-01,LCJ,DUB,2027-02-26,20:25,152.64,ok
2026-10-01,LCJ,DUB,2027-03-05,20:25,157.20,ok
2026-10-01,LCJ,DUB,2027-03-08,13:05,502.00,ok
2026-10-01,LCJ,DUB,2027-03-12,20:25,161.57,ok
2026-10-01,LCJ,DUB,2027-03-19,20:25,161.57,ok
2026-10-01,LCJ,DUB,2027-03-30,16:50,659.00,ok
2026-10-01,LCJ,DUB,2027-05-08,22:20,502.00,ok
2026-10-01,LCJ,DUB,2027-05-11,16:50,502.00,ok
2026-10-01,LCJ,DUB,2027-05-15,22:20,446.00,ok
2026-10-01,LCJ,DUB,2027-06-29,16:50,502.00,ok
2026-10-01,LCJ,DUB,2027-09-28,16:50,607.36,ok
2026-10-01,DUB,LCJ,2026-10-01,,,unavailable
2026-10-01,DUB,LCJ,2026-10-05,13:20,183.17,ok
2026-10-01,DUB,LCJ,2026-10-08,18:35,536.52,ok
2026-10-01,DUB,LCJ,2026-10-12,13:20,178.81,ok
2026-10-01,DUB,LCJ,2026-10-15,18:35,248.61,ok
2026-10-01,DUB,LCJ,2026-10-19,13:20,253.92,ok
2026-10-01,DUB,LCJ,2026-10-22,18:35,609.86,ok
2026-10-01,DUB,LCJ,2026-10-26,09:00,277.22,ok
2026-10-01,DUB,LCJ,2026-10-30,16:20,162.85,ok
2026-10-01,DUB,LCJ,2026-11-02,09:00,162.11,ok
2026-10-01,DUB,LCJ,2026-11-06,16:20,122.10,ok
2026-10-01,DUB,LCJ,2026-11-09,09:00,135.89,ok
2026-10-01,DUB,LCJ,2026-11-20,16:20,133.27,ok
2026-10-01,DUB,LCJ,2026-11-23,09:00,153.56,ok
2026-10-01,DUB,LCJ,2026-11-30,09:00,143.09,ok
2026-10-01,DUB,LCJ,2026-12-11,16:20,139.55,ok
2026-10-01,DUB,LCJ,2026-12-14,09:00,218.15,ok
2026-10-01,DUB,LCJ,2026-12-18,16:20,627.21,ok
2026-10-01,DUB,LCJ,2026-12-21,09:00,637.45,ok
2026-10-01,DUB,LCJ,2026-12-23,07:15,1025.10,ok
2026-10-01,DUB,LCJ,2026-12-28,09:00,371.50,ok
2026-10-01,DUB,LCJ,2026-12-30,07:15,331.51,ok
2026-10-01,DUB,LCJ,2027-01-01,16:20,288.24,ok
2026-10-01,DUB,LCJ,2027-01-04,09:00,306.00,ok
2026-10-01,DUB,LCJ,2027-01-08,16:20,212.60,ok
2026-10-01,DUB,LCJ,2027-01-15,16:20,161.36,ok
2026-10-01,DUB,LCJ,2027-01-29,16:20,165.94,ok
2026-10-01,DUB,LCJ,2027-02-05,16:20,179.04,ok
2026-10-01,DUB,LCJ,2027-02-19,16:20,218.07,ok
2026-10-01,DUB,LCJ,2027-02-26,16:20,157.20,ok
2026-10-01,DUB,LCJ,2027-03-05,16:20,148.47,ok
2026-10-01,DUB,LCJ,2027-03-08,09:00,502.00,ok
2026-10-01,DUB,LCJ,2027-03-12,16:20,230.36,ok
2026-10-01,DUB,LCJ,2027-03-15,09:00,502.00,ok
2026-10-01,DUB,LCJ,2027-03-26,16:20,505.98,ok
2026-10-01,DUB,LCJ,2027-03-30,12:45,548.00,ok
2026-10-01,DUB,LCJ,2027-05-08,18:15,391.00,ok
2026-10-01,DUB,LCJ,2027-05-11,12:45,446.00,ok
2026-10-01,DUB,LCJ,2027-05-15,18:15,502.00,ok
2026-10-01,DUB,LCJ,2027-06-29,12:45,782.00,ok
2026-10-01,DUB,LCJ,2027-09-28,12:45,506.36,ok
2026-10-01,LCJ,STN,2026-10-01,,,unavailable
2026-10-01,LCJ,STN,2026-10-03,11:35,827.40,ok
2026-10-01,LCJ,STN,2026-10-04,15:45,951.99,ok
2026-10-01,LCJ,STN,2026-10-05,16:45,465.84,ok
2026-10-01,LCJ,STN,2026-10-06,20:45,447.35,ok
2026-10-01,LCJ,STN,2026-10-07,11:50,318.53,ok
2026-10-01,LCJ,STN,2026-10-08,16:15,312.28,ok
2026-10-01,LCJ,STN,2026-10-10,11:35,497.75,ok
2026-10-01,LCJ,STN,2026-10-11,15:45,602.86,ok
2026-10-01,LCJ,STN,2026-10-12,16:45,228.27,ok
2026-10-01,LCJ,STN,2026-10-13,20:45,122.92,ok
2026-10-01,LCJ,STN,2026-10-14,11:50,119.30,ok
2026-10-01,LCJ,STN,2026-10-15,16:15,139.20,ok
2026-10-01,LCJ,STN,2026-10-17,11:35,185.02,ok
2026-10-01,LCJ,STN,2026-10-18,15:45,262.78,ok
2026-10-01,LCJ,STN,2026-10-19,16:45,176.18,ok
2026-10-01,LCJ,STN,2026-10-20,20:45,82.86,ok
2026-10-01,LCJ,STN,2026-10-21,11:50,106.28,ok
2026-10-01,LCJ,STN,2026-10-22,16:15,242.65,ok
2026-10-01,LCJ,STN,2026-10-24,11:35,144.74,ok
2026-10-01,LCJ,STN,2026-10-25,17:30,83.20,ok
2026-10-01,LCJ,STN,2026-10-26,10:55,94.68,ok
2026-10-01,LCJ,STN,2026-10-27,20:30,116.76,ok
2026-10-01,LCJ,STN,2026-10-29,17:45,277.56,ok
2026-10-01,LCJ,STN,2026-10-30,10:10,287.99,ok
2026-10-01,LCJ,STN,2026-10-31,12:25,289.86,ok
2026-10-01,LCJ,STN,2026-11-01,13:40,335.85,ok
2026-10-01,LCJ,STN,2026-11-02,10:55,584.50,ok
2026-10-01,LCJ,STN,2026-11-05,17:45,248.61,ok
2026-10-01,LCJ,STN,2026-11-06,10:10,145.78,ok
2026-10-01,LCJ,STN,2026-11-07,12:25,244.25,ok
2026-10-01,LCJ,STN,2026-11-08,13:40,174.45,ok
2026-10-01,LCJ,STN,2026-11-09,10:55,226.80,ok
2026-10-01,LCJ,STN,2026-11-12,17:45,162.35,ok
2026-10-01,LCJ,STN,2026-11-13,10:10,135.19,ok
2026-10-01,LCJ,STN,2026-11-14,12:25,152.64,ok
2026-10-01,LCJ,STN,2026-11-15,13:40,143.91,ok
2026-10-01,LCJ,STN,2026-11-16,10:55,143.91,ok
2026-10-01,LCJ,STN,2026-11-19,17:45,115.84,ok
2026-10-01,LCJ,STN,2026-11-20,10:10,178.81,ok
2026-10-01,LCJ,STN,2026-11-21,12:25,113.38,ok
2026-10-01,LCJ,STN,2026-11-22,13:40,104.65,ok
2026-10-01,LCJ,STN,2026-11-23,10:55,87.20,ok
2026-10-01,LCJ,STN,2026-11-26,17:45,134.44,ok
2026-10-01,LCJ,STN,2026-11-27,10:10,148.27,ok
2026-10-01,LCJ,STN,2026-11-28,12:25,104.65,ok
2026-10-01,LCJ,STN,2026-11-29,13:40,112.50,ok
2026-10-01,LCJ,STN,2026-11-30,10:55,196.26,ok
2026-10-01,LCJ,STN,2026-12-03,17:45,178.81,ok
2026-10-01,LCJ,STN,2026-12-04,14:20,92.93,ok
2026-10-01,LCJ,STN,2026-12-05,12:25,99.35,ok
2026-10-01,LCJ,STN,2026-12-06,17:30,91.56,ok
2026-10-01,LCJ,STN,2026-12-07,10:55,109.60,ok
2026-10-01,LCJ,STN,2026-12-10,17:45,100.29,ok
2026-10-01,LCJ,STN,2026-12-11,14:20,87.00,ok
2026-10-01,LCJ,STN,2026-12-12,12:25,78.48,ok
2026-10-01,LCJ,STN,2026-12-14,10:55,82.84,ok
2026-10-01,LCJ,STN,2026-12-18,14:20,102.36,ok
2026-10-01,LCJ,STN,2026-12-20,13:40,138.15,ok
2026-10-01,LCJ,STN,2026-12-21,10:55,191.90,ok
2026-10-01,LCJ,STN,2026-12-22,21:25,152.64,ok
2026-10-01,LCJ,STN,2026-12-23,09:35,347.05,ok
2026-10-01,LCJ,STN,2026-12-26,12:25,305.32,ok
2026-10-01,LCJ,STN,2026-12-27,13:40,388.02,ok
2026-10-01,LCJ,STN,2026-12-28,10:55,557.01,ok
2026-10-01,LCJ,STN,2026-12-29,21:25,456.72,ok
2026-10-01,LCJ,STN,2026-12-30,09:35,366.39,ok
2026-10-01,LCJ,STN,2026-12-31,17:45,489.16,ok
2026-10-01,LCJ,STN,2027-01-02,12:25,750.46,ok
2026-10-01,LCJ,STN,2027-01-03,17:30,677.00,ok
2026-10-01,LCJ,STN,2027-01-04,10:55,620.91,ok
2026-10-01,LCJ,STN,2027-01-07,17:45,238.45,ok
2026-10-01,LCJ,STN,2027-01-08,14:20,191.90,ok
2026-10-01,LCJ,STN,2027-01-09,12:25,196.26,ok
2026-10-01,LCJ,STN,2027-01-10,17:30,275.68,ok
2026-10-01,LCJ,STN,2027-01-11,10:55,192.15,ok
2026-10-01,LCJ,STN,2027-01-14,17:45,100.29,ok
2026-10-01,LCJ,STN,2027-01-15,14:20,109.01,ok
2026-10-01,LCJ,STN,2027-01-16,12:25,205.25,ok
2026-10-01,LCJ,STN,2027-01-18,10:55,218.36,ok
2026-10-01,LCJ,STN,2027-01-21,17:45,130.83,ok
2026-10-01,LCJ,STN,2027-01-23,12:25,132.00,ok
2026-10-01,LCJ,STN,2027-01-31,17:30,244.25,ok
2026-10-01,LCJ,STN,2027-02-01,10:55,152.64,ok
2026-10-01,LCJ,STN,2027-02-04,17:45,87.20,ok
2026-10-01,LCJ,STN,2027-02-05,10:10,109.16,ok
2026-10-01,LCJ,STN,2027-02-06,12:25,135.36,ok
2026-10-01,LCJ,STN,2027-02-07,17:30,139.73,ok
2026-10-01,LCJ,STN,2027-02-08,10:55,135.36,ok
2026-10-01,LCJ,STN,2027-02-12,10:10,174.45,ok
2026-10-01,LCJ,STN,2027-02-13,12:25,289.00,ok
2026-10-01,LCJ,STN,2027-02-14,17:30,144.10,ok
2026-10-01,LCJ,STN,2027-02-18,17:45,227.09,ok
2026-10-01,LCJ,STN,2027-02-21,13:40,410.32,ok
2026-10-01,LCJ,STN,2027-02-22,10:55,266.40,ok
2026-10-01,LCJ,STN,2027-02-25,17:45,104.65,ok
2026-10-01,LCJ,STN,2027-03-01,10:55,174.60,ok
2026-10-01,LCJ,STN,2027-03-04,17:45,192.15,ok
2026-10-01,LCJ,STN,2027-03-07,17:30,244.56,ok
2026-10-01,LCJ,STN,2027-03-08,10:55,117.74,ok
2026-10-01,LCJ,STN,2027-03-11,17:45,144.10,ok
2026-10-01,LCJ,STN,2027-03-12,10:10,113.52,ok
2026-10-01,LCJ,STN,2027-03-14,17:30,262.04,ok
2026-10-01,LCJ,STN,2027-03-15,10:55,148.47,ok
2026-10-01,LCJ,STN,2027-03-18,17:45,152.84,ok
2026-10-01,LCJ,STN,2027-03-19,14:20,122.26,ok
2026-10-01,LCJ,STN,2027-03-20,12:25,187.00,ok
2026-10-01,LCJ,STN,2027-03-22,10:55,161.57,ok
2026-10-01,LCJ,STN,2027-03-23,16:15,161.57,ok
2026-10-01,LCJ,STN,2027-03-25,17:45,418.74,ok
2026-10-01,LCJ,STN,2027-03-26,10:10,227.09,ok
2026-10-01,LCJ,STN,2027-03-29,10:20,688.00,ok
2026-10-01,LCJ,STN,2027-03-30,21:20,468.00,ok
2026-10-01,LCJ,STN,2027-04-01,09:30,425.36,ok
2026-10-01,LCJ,STN,2027-04-04,10:30,518.36,ok
2026-10-01,LCJ,STN,2027-04-05,10:20,688.00,ok
2026-10-01,LCJ,STN,2027-04-12,10:20,289.00,ok
2026-10-01,LCJ,STN,2027-04-19,10:20,332.00,ok
2026-10-01,LCJ,STN,2027-04-26,10:20,378.00,ok
2026-10-01,LCJ,STN,2027-04-30,10:35,255.36,ok
2026-10-01,LCJ,STN,2027-05-03,10:20,468.00,ok
2026-10-01,LCJ,STN,2027-05-06,09:30,217.00,ok
2026-10-01,LCJ,STN,2027-05-07,10:35,191.36,ok
2026-10-01,LCJ,STN,2027-05-08,22:55,238.45,ok
2026-10-01,LCJ,STN,2027-05-10,10:20,293.36,ok
2026-10-01,LCJ,STN,2027-05-11,21:20,289.00,ok
2026-10-01,LCJ,STN,2027-05-13,09:30,187.00,ok
2026-10-01,LCJ,STN,2027-05-15,22:55,187.00,ok
2026-10-01,LCJ,STN,2027-05-17,10:20,425.36,ok
2026-10-01,LCJ,STN,2027-05-19,17:40,221.36,ok
2026-10-01,LCJ,STN,2027-05-24,10:20,468.00,ok
2026-10-01,LCJ,STN,2027-05-30,10:30,468.00,ok
2026-10-01,LCJ,STN,2027-05-31,10:20,293.36,ok
2026-10-01,LCJ,STN,2027-06-03,09:30,217.00,ok
2026-10-01,LCJ,STN,2027-06-06,10:30,293.36,ok
2026-10-01,LCJ,STN,2027-06-07,10:20,378.00,ok
2026-10-01,LCJ,STN,2027-06-14,10:20,332.00,ok
2026-10-01,LCJ,STN,2027-06-21,10:20,378.00,ok
2026-10-01,LCJ,STN,2027-06-28,10:20,468.00,ok
2026-10-01,LCJ,STN,2027-06-29,21:20,332.00,ok
2026-10-01,LCJ,STN,2027-07-02,10:35,217.00,ok
2026-10-01,LCJ,STN,2027-07-04,10:30,289.00,ok
2026-10-01,LCJ,STN,2027-07-05,10:20,332.00,ok
2026-10-01,LCJ,STN,2027-07-08,09:30,187.00,ok
2026-10-01,LCJ,STN,2027-07-09,10:35,187.00,ok
2026-10-01,LCJ,STN,2027-07-11,10:30,217.00,ok
2026-10-01,LCJ,STN,2027-07-12,10:20,289.00,ok
2026-10-01,LCJ,STN,2027-07-19,10:20,251.00,ok
2026-10-01,LCJ,STN,2027-07-25,10:30,217.00,ok
2026-10-01,LCJ,STN,2027-07-26,10:20,289.00,ok
2026-10-01,LCJ,STN,2027-08-02,10:20,625.00,ok
2026-10-01,LCJ,STN,2027-08-09,10:20,514.00,ok
2026-10-01,LCJ,STN,2027-08-16,10:20,841.00,ok
2026-10-01,LCJ,STN,2027-08-23,10:20,841.00,ok
2026-10-01,LCJ,STN,2027-08-30,10:20,1134.00,ok
2026-10-01,LCJ,STN,2027-09-06,10:20,514.00,ok
2026-10-01,LCJ,STN,2027-09-10,10:35,251.00,ok
2026-10-01,LCJ,STN,2027-09-13,10:20,421.00,ok
2026-10-01,LCJ,STN,2027-09-20,10:20,332.00,ok
2026-10-01,LCJ,STN,2027-09-27,10:20,514.00,ok
2026-10-01,LCJ,STN,2027-09-28,21:20,191.36,ok
2026-10-01,STN,LCJ,2026-10-01,,,unavailable
2026-10-01,STN,LCJ,2026-10-03,08:00,600.67,ok
2026-10-01,STN,LCJ,2026-10-04,12:10,542.66,ok
2026-10-01,STN,LCJ,2026-10-05,13:10,213.48,ok
2026-10-01,STN,LCJ,2026-10-06,17:10,119.30,ok
2026-10-01,STN,LCJ,2026-10-07,08:15,92.85,ok
2026-10-01,STN,LCJ,2026-10-08,12:40,262.65,ok
2026-10-01,STN,LCJ,2026-10-10,08:00,252.70,ok
2026-10-01,STN,LCJ,2026-10-11,12:10,356.54,ok
2026-10-01,STN,LCJ,2026-10-12,13:10,294.22,ok
2026-10-01,STN,LCJ,2026-10-13,17:10,176.18,ok
2026-10-01,STN,LCJ,2026-10-14,08:15,191.43,ok
2026-10-01,STN,LCJ,2026-10-15,12:40,235.64,ok
2026-10-01,STN,LCJ,2026-10-17,08:00,372.48,ok
2026-10-01,STN,LCJ,2026-10-18,12:10,312.28,ok
2026-10-01,STN,LCJ,2026-10-19,13:10,284.94,ok
2026-10-01,STN,LCJ,2026-10-20,17:10,234.19,ok
2026-10-01,STN,LCJ,2026-10-21,08:15,322.50,ok
2026-10-01,STN,LCJ,2026-10-22,12:40,518.78,ok
2026-10-01,STN,LCJ,2026-10-24,08:00,648.80,ok
2026-10-01,STN,LCJ,2026-10-25,10:05,303.25,ok
2026-10-01,STN,LCJ,2026-10-26,07:20,249.06,ok
2026-10-01,STN,LCJ,2026-10-27,16:55,314.17,ok
2026-10-01,STN,LCJ,2026-10-29,14:10,176.18,ok
2026-10-01,STN,LCJ,2026-10-30,06:35,114.94,ok
2026-10-01,STN,LCJ,2026-10-31,08:50,144.74,ok
2026-10-01,STN,LCJ,2026-11-01,10:05,97.03,ok
2026-10-01,STN,LCJ,2026-11-02,07:20,96.17,ok
2026-10-01,STN,LCJ,2026-11-05,14:10,86.81,ok
2026-10-01,STN,LCJ,2026-11-06,06:35,90.88,ok
2026-10-01,STN,LCJ,2026-11-07,08:50,91.92,ok
2026-10-01,STN,LCJ,2026-11-08,13:55,76.59,ok
2026-10-01,STN,LCJ,2026-11-12,14:10,166.29,ok
2026-10-01,STN,LCJ,2026-11-13,06:35,124.15,ok
2026-10-01,STN,LCJ,2026-11-14,08:50,87.00,ok
2026-10-01,STN,LCJ,2026-11-15,10:05,127.68,ok
2026-10-01,STN,LCJ,2026-11-16,07:20,158.34,ok
2026-10-01,STN,LCJ,2026-11-19,14:10,143.01,ok
2026-10-01,STN,LCJ,2026-11-20,06:35,143.01,ok
2026-10-01,STN,LCJ,2026-11-21,08:50,117.46,ok
2026-10-01,STN,LCJ,2026-11-22,10:05,112.35,ok
2026-10-01,STN,LCJ,2026-11-23,07:20,116.16,ok
2026-10-01,STN,LCJ,2026-11-26,14:10,255.97,ok
2026-10-01,STN,LCJ,2026-11-27,06:35,229.87,ok
2026-10-01,STN,LCJ,2026-11-28,08:50,107.24,ok
2026-10-01,STN,LCJ,2026-11-30,07:20,127.68,ok
2026-10-01,STN,LCJ,2026-12-03,14:10,183.88,ok
2026-10-01,STN,LCJ,2026-12-04,10:45,87.00,ok
2026-10-01,STN,LCJ,2026-12-05,08:50,105.24,ok
2026-10-01,STN,LCJ,2026-12-06,10:05,91.92,ok
2026-10-01,STN,LCJ,2026-12-07,07:20,232.09,ok
2026-10-01,STN,LCJ,2026-12-10,14:10,173.66,ok
2026-10-01,STN,LCJ,2026-12-11,06:35,121.01,ok
2026-10-01,STN,LCJ,2026-12-12,08:50,204.17,ok
2026-10-01,STN,LCJ,2026-12-13,10:05,148.12,ok
2026-10-01,STN,LCJ,2026-12-14,07:20,199.21,ok
2026-10-01,STN,LCJ,2026-12-17,14:10,807.21,ok
2026-10-01,STN,LCJ,2026-12-18,06:35,779.86,ok
2026-10-01,STN,LCJ,2026-12-19,08:50,1336.03,ok
2026-10-01,STN,LCJ,2026-12-20,13:55,802.11,ok
2026-10-01,STN,LCJ,2026-12-21,07:20,648.80,ok
2026-10-01,STN,LCJ,2026-12-22,17:50,778.97,ok
2026-10-01,STN,LCJ,2026-12-23,05:55,735.18,ok
2026-10-01,STN,LCJ,2026-12-26,08:50,346.58,ok
2026-10-01,STN,LCJ,2026-12-27,10:05,265.63,ok
2026-10-01,STN,LCJ,2026-12-28,07:20,197.76,ok
2026-10-01,STN,LCJ,2026-12-29,17:50,263.35,ok
2026-10-01,STN,LCJ,2026-12-30,05:55,99.48,ok
2026-10-01,STN,LCJ,2026-12-31,14:10,107.16,ok
2026-10-01,STN,LCJ,2027-01-02,08:50,187.00,ok
2026-10-01,STN,LCJ,2027-01-03,10:05,158.00,ok
2026-10-01,STN,LCJ,2027-01-04,07:20,111.00,ok
2026-10-01,STN,LCJ,2027-01-07,14:10,132.79,ok
2026-10-01,STN,LCJ,2027-01-09,08:50,102.13,ok
2026-10-01,STN,LCJ,2027-01-10,13:55,132.00,ok
2026-10-01,STN,LCJ,2027-01-11,07:20,112.09,ok
2026-10-01,STN,LCJ,2027-01-16,08:50,152.87,ok
2026-10-01,STN,LCJ,2027-01-22,10:45,163.07,ok
2026-10-01,STN,LCJ,2027-01-23,08:50,152.87,ok
2026-10-01,STN,LCJ,2027-01-28,14:10,132.00,ok
2026-10-01,STN,LCJ,2027-01-31,13:55,157.97,ok
2026-10-01,STN,LCJ,2027-02-01,07:20,142.68,ok
2026-10-01,STN,LCJ,2027-02-04,14:10,136.36,ok
2026-10-01,STN,LCJ,2027-02-05,06:35,173.66,ok
2026-10-01,STN,LCJ,2027-02-11,14:10,407.74,ok
2026-10-01,STN,LCJ,2027-02-13,08:50,332.00,ok
2026-10-01,STN,LCJ,2027-02-14,10:05,356.77,ok
2026-10-01,STN,LCJ,2027-02-15,07:20,285.41,ok
2026-10-01,STN,LCJ,2027-02-18,14:10,378.04,ok
2026-10-01,STN,LCJ,2027-02-19,06:35,254.82,ok
2026-10-01,STN,LCJ,2027-02-20,08:50,152.87,ok
2026-10-01,STN,LCJ,2027-02-21,10:05,158.00,ok
2026-10-01,STN,LCJ,2027-02-25,14:10,178.36,ok
2026-10-01,STN,LCJ,2027-02-26,06:35,157.97,ok
2026-10-01,STN,LCJ,2027-03-01,07:20,147.77,ok
2026-10-01,STN,LCJ,2027-03-04,14:10,249.72,ok
2026-10-01,STN,LCJ,2027-03-07,13:55,174.60,ok
2026-10-01,STN,LCJ,2027-03-08,07:20,217.00,ok
2026-10-01,STN,LCJ,2027-03-11,14:10,173.26,ok
2026-10-01,STN,LCJ,2027-03-12,06:35,162.36,ok
2026-10-01,STN,LCJ,2027-03-13,08:50,178.36,ok
2026-10-01,STN,LCJ,2027-03-14,13:55,174.60,ok
2026-10-01,STN,LCJ,2027-03-18,14:10,132.48,ok
2026-10-01,STN,LCJ,2027-03-19,10:45,479.11,ok
2026-10-01,STN,LCJ,2027-03-20,08:50,601.45,ok
2026-10-01,STN,LCJ,2027-03-22,07:20,429.13,ok
2026-10-01,STN,LCJ,2027-03-25,14:10,642.23,ok
2026-10-01,STN,LCJ,2027-03-27,08:50,362.14,ok
2026-10-01,STN,LCJ,2027-03-28,06:55,238.45,ok
2026-10-01,STN,LCJ,2027-03-29,06:45,332.00,ok
2026-10-01,STN,LCJ,2027-03-30,17:45,217.00,ok
2026-10-01,STN,LCJ,2027-04-01,05:55,191.36,ok
2026-10-01,STN,LCJ,2027-04-04,06:55,191.36,ok
2026-10-01,STN,LCJ,2027-04-05,06:45,289.00,ok
2026-10-01,STN,LCJ,2027-04-12,06:45,251.00,ok
2026-10-01,STN,LCJ,2027-04-19,06:45,251.00,ok
2026-10-01,STN,LCJ,2027-04-26,06:45,332.00,ok
2026-10-01,STN,LCJ,2027-04-30,07:00,255.36,ok
2026-10-01,STN,LCJ,2027-05-03,06:45,468.00,ok
2026-10-01,STN,LCJ,2027-05-04,17:45,332.00,ok
2026-10-01,STN,LCJ,2027-05-06,05:55,289.00,ok
2026-10-01,STN,LCJ,2027-05-07,07:00,293.36,ok
2026-10-01,STN,LCJ,2027-05-08,19:20,332.00,ok
2026-10-01,STN,LCJ,2027-05-10,06:45,293.36,ok
2026-10-01,STN,LCJ,2027-05-11,17:45,316.96,ok
2026-10-01,STN,LCJ,2027-05-13,05:55,332.00,ok
2026-10-01,STN,LCJ,2027-05-15,19:20,421.00,ok
2026-10-01,STN,LCJ,2027-05-17,06:45,336.36,ok
2026-10-01,STN,LCJ,2027-05-19,14:05,293.36,ok
2026-10-01,STN,LCJ,2027-05-24,06:45,514.00,ok
2026-10-01,STN,LCJ,2027-05-28,07:00,275.68,ok
2026-10-01,STN,LCJ,2027-05-30,06:55,289.00,ok
2026-10-01,STN,LCJ,2027-05-31,06:45,255.36,ok
2026-10-01,STN,LCJ,2027-06-03,05:55,187.00,ok
2026-10-01,STN,LCJ,2027-06-06,06:55,255.36,ok
2026-10-01,STN,LCJ,2027-06-07,06:45,332.00,ok
2026-10-01,STN,LCJ,2027-06-14,06:45,251.00,ok
2026-10-01,STN,LCJ,2027-06-21,06:45,332.00,ok
2026-10-01,STN,LCJ,2027-06-25,07:00,316.96,ok
2026-10-01,STN,LCJ,2027-06-28,06:45,378.00,ok
2026-10-01,STN,LCJ,2027-06-29,17:45,289.00,ok
2026-10-01,STN,LCJ,2027-07-02,07:00,332.00,ok
2026-10-01,STN,LCJ,2027-07-04,06:55,421.00,ok
2026-10-01,STN,LCJ,2027-07-05,06:45,421.00,ok
2026-10-01,STN,LCJ,2027-07-08,05:55,332.00,ok
2026-10-01,STN,LCJ,2027-07-11,06:55,468.00,ok
2026-10-01,STN,LCJ,2027-07-12,06:45,625.00,ok
2026-10-01,STN,LCJ,2027-07-19,06:45,930.00,ok
2026-10-01,STN,LCJ,2027-07-26,06:45,841.00,ok
2026-10-01,STN,LCJ,2027-08-02,06:45,688.00,ok
2026-10-01,STN,LCJ,2027-08-09,06:45,565.00,ok
2026-10-01,STN,LCJ,2027-08-16,06:45,421.00,ok
2026-10-01,STN,LCJ,2027-08-23,06:45,251.00,ok
2026-10-01,STN,LCJ,2027-08-30,06:45,251.00,ok
2026-10-01,STN,LCJ,2027-09-06,06:45,251.00,ok
2026-10-01,STN,LCJ,2027-09-13,06:45,251.00,ok
2026-10-01,STN,LCJ,2027-09-20,06:45,251.00,ok
2026-10-01,STN,LCJ,2027-09-27,06:45,289.00,ok
2026-10-01,STN,LCJ,2027-09-28,17:45,191.36,ok
2026-10-02,LCJ,AGP,2026-10-03,20:10,482.69,ok
2026-10-02,LCJ,AGP,2026-10-07,19:25,135.58,ok
2026-10-02,LCJ,AGP,2026-10-10,20:10,240.58,ok
2026-10-02,LCJ,AGP,2026-10-14,19:25,240.58,ok
2026-10-02,LCJ,AGP,2026-10-17,20:10,211.05,ok
2026-10-02,LCJ,AGP,2026-10-21,19:25,227.46,ok
2026-10-02,LCJ,AGP,2026-10-24,20:10,122.46,ok
2026-10-02,LCJ,AGP,2026-10-30,20:40,247.00,ok
2026-10-02,LCJ,AGP,2026-11-01,20:20,170.58,ok
2026-10-02,LCJ,AGP,2026-11-05,12:50,192.46,ok
2026-10-02,LCJ,AGP,2026-11-06,20:40,358.11,ok
2026-10-02,LCJ,AGP,2026-11-08,20:20,353.75,ok
2026-10-02,LCJ,AGP,2026-11-12,12:50,266.83,ok
2026-10-02,LCJ,AGP,2026-11-15,20:20,118.08,ok
2026-10-02,LCJ,AGP,2026-11-19,12:50,148.71,ok
2026-10-02,LCJ,AGP,2026-11-20,20:40,135.58,ok
2026-10-02,LCJ,AGP,2026-12-04,20:40,147.85,ok
2026-10-02,LCJ,AGP,2026-12-11,20:40,223.08,ok
2026-10-02,LCJ,AGP,2026-12-20,20:20,196.80,ok
2026-10-02,LCJ,AGP,2026-12-27,20:20,687.56,ok
2026-10-02,LCJ,AGP,2027-01-01,20:40,193.83,ok
2026-10-02,LCJ,AGP,2027-01-10,20:20,95.93,ok
2026-10-02,LCJ,AGP,2027-01-15,20:40,389.33,ok
2026-10-02,LCJ,AGP,2027-01-17,20:20,450.37,ok
2026-10-02,LCJ,AGP,2027-01-22,20:40,231.76,ok
2026-10-02,LCJ,AGP,2027-01-24,20:20,213.71,ok
2026-10-02,LCJ,AGP,2027-01-29,20:40,296.59,ok
2026-10-02,LCJ,AGP,2027-01-31,20:20,198.19,ok
2026-10-02,LCJ,AGP,2027-02-05,20:40,196.83,ok
2026-10-02,LCJ,AGP,2027-02-07,20:20,306.21,ok
2026-10-02,LCJ,AGP,2027-02-12,20:40,349.96,ok
2026-10-02,LCJ,AGP,2027-02-19,20:40,165.87,ok
2026-10-02,LCJ,AGP,2027-02-21,20:20,433.08,ok
2026-10-02,LCJ,AGP,2027-02-26,20:40,231.16,ok
2026-10-02,LCJ,AGP,2027-03-19,20:40,231.76,ok
2026-10-02,LCJ,AGP,2027-03-21,20:20,179.00,ok
2026-10-02,LCJ,AGP,2027-03-26,20:40,366.39,ok
2026-10-02,LCJ,AGP,2027-05-17,20:00,327.38,ok
2026-10-02,LCJ,AGP,2027-07-29,18:50,327.38,ok
2026-10-02,LCJ,AGP,2027-08-05,18:50,323.00,ok
2026-10-02,AGP,LCJ,2026-10-03,15:40,927.46,ok
2026-10-02,AGP,LCJ,2026-10-10,15:40,721.43,ok
2026-10-02,AGP,LCJ,2026-10-14,15:20,393.71,ok
2026-10-02,AGP,LCJ,2026-10-17,15:40,376.21,ok
2026-10-02,AGP,LCJ,2026-10-21,15:20,402.46,ok
2026-10-02,AGP,LCJ,2026-10-24,15:40,398.08,ok
2026-10-02,AGP,LCJ,2026-10-25,16:10,422.23,ok
2026-10-02,AGP,LCJ,2026-10-30,16:30,398.09,ok
2026-10-02,AGP,LCJ,2026-11-01,16:10,194.24,ok
2026-10-02,AGP,LCJ,2026-11-05,08:40,100.58,ok
2026-10-02,AGP,LCJ,2026-11-06,16:30,153.70,ok
2026-10-02,AGP,LCJ,2026-11-08,16:10,260.35,ok
2026-10-02,AGP,LCJ,2026-11-12,08:40,310.58,ok
2026-10-02,AGP,LCJ,2026-11-13,16:30,279.96,ok
2026-10-02,AGP,LCJ,2026-11-15,16:10,635.43,ok
2026-10-02,AGP,LCJ,2026-11-19,08:40,182.99,ok
2026-10-02,AGP,LCJ,2026-11-20,16:30,155.62,ok
2026-10-02,AGP,LCJ,2026-11-22,16:10,328.08,ok
2026-10-02,AGP,LCJ,2026-11-27,16:30,135.58,ok
2026-10-02,AGP,LCJ,2026-11-29,16:10,260.35,ok
2026-10-02,AGP,LCJ,2026-12-04,16:30,266.83,ok
2026-10-02,AGP,LCJ,2026-12-13,16:10,179.33,ok
2026-10-02,AGP,LCJ,2026-12-18,16:30,148.27,ok
2026-10-02,AGP,LCJ,2026-12-27,16:10,141.44,ok
2026-10-02,AGP,LCJ,2027-01-01,16:30,183.17,ok
2026-10-02,AGP,LCJ,2027-01-03,16:10,348.94,ok
2026-10-02,AGP,LCJ,2027-01-10,16:10,309.65,ok
2026-10-02,AGP,LCJ,2027-01-22,16:30,401.19,ok
2026-10-02,AGP,LCJ,2027-01-24,16:10,380.23,ok
2026-10-02,AGP,LCJ,2027-01-29,16:30,401.19,ok
2026-10-02,AGP,LCJ,2027-01-31,16:10,405.55,ok
2026-10-02,AGP,LCJ,2027-02-05,16:30,148.71,ok
2026-10-02,AGP,LCJ,2027-02-07,16:10,213.71,ok
2026-10-02,AGP,LCJ,2027-02-14,16:10,285.00,ok
2026-10-02,AGP,LCJ,2027-02-19,16:30,309.68,ok
2026-10-02,AGP,LCJ,2027-02-21,16:10,213.00,ok
2026-10-02,AGP,LCJ,2027-02-26,16:30,471.08,ok
2026-10-02,AGP,LCJ,2027-02-28,16:10,231.76,ok
2026-10-02,AGP,LCJ,2027-03-07,16:10,231.76,ok
2026-10-02,AGP,LCJ,2027-03-12,16:30,252.97,ok
2026-10-02,AGP,LCJ,2027-03-14,16:10,318.40,ok
2026-10-02,AGP,LCJ,2027-03-19,16:30,300.96,ok
2026-10-02,AGP,LCJ,2027-03-21,16:10,309.65,ok
2026-10-02,AGP,LCJ,2027-03-26,16:30,231.76,ok
2026-10-02,AGP,LCJ,2027-04-22,14:40,450.37,ok
2026-10-02,AGP,LCJ,2027-05-17,15:50,573.38,ok
2026-10-02,AGP,LCJ,2027-07-29,14:40,573.38,ok
2026-10-02,AGP,LCJ,2027-08-05,14:40,677.13,ok
2026-10-02,LCJ,ALC,2026-10-02,,,unavailable
2026-10-02,LCJ,ALC,2026-10-05,21:30,181.34,ok
2026-10-02,LCJ,ALC,2026-10-07,09:40,205.58,ok
2026-10-02,LCJ,ALC,2026-10-09,09:45,371.83,ok
2026-10-02,LCJ,ALC,2026-10-12,21:30,319.57,ok
2026-10-02,LCJ,ALC,2026-10-14,09:40,462.94,ok
2026-10-02,LCJ,ALC,2026-10-16,09:45,573.08,ok
2026-10-02,LCJ,ALC,2026-10-19,21:30,122.46,ok
2026-10-02,LCJ,ALC,2026-10-21,09:40,544.99,ok
2026-10-02,LCJ,ALC,2026-10-23,09:45,367.46,ok
2026-10-02,LCJ,ALC,2026-10-29,11:55,662.91,ok
2026-10-02,LCJ,ALC,2026-10-31,10:10,362.32,ok
2026-10-02,LCJ,ALC,2026-11-02,19:20,157.46,ok
2026-10-02,LCJ,ALC,2026-11-05,11:55,450.10,ok
2026-10-02,LCJ,ALC,2026-11-09,19:20,218.71,ok
2026-10-02,LCJ,ALC,2026-11-12,11:55,240.58,ok
2026-10-02,LCJ,ALC,2026-11-16,19:20,100.58,ok
2026-10-02,LCJ,ALC,2026-11-19,11:55,227.46,ok
2026-10-02,LCJ,ALC,2026-11-23,19:20,108.00,ok
2026-10-02,LCJ,ALC,2026-11-26,11:55,244.53,ok
2026-10-02,LCJ,ALC,2026-12-03,11:55,223.08,ok
2026-10-02,LCJ,ALC,2026-12-07,19:20,135.58,ok
2026-10-02,LCJ,ALC,2026-12-10,11:55,108.00,ok
2026-10-02,LCJ,ALC,2026-12-14,19:20,113.71,ok
2026-10-02,LCJ,ALC,2026-12-17,11:55,110.19,ok
2026-10-02,LCJ,ALC,2026-12-21,19:20,166.21,ok
2026-10-02,LCJ,ALC,2026-12-24,11:55,458.00,ok
2026-10-02,LCJ,ALC,2026-12-28,19:20,603.71,ok
2026-10-02,LCJ,ALC,2026-12-31,11:55,555.58,ok
2026-10-02,LCJ,ALC,2027-01-14,11:55,329.26,ok
2026-10-02,LCJ,ALC,2027-01-18,19:20,214.32,ok
2026-10-02,LCJ,ALC,2027-01-21,11:55,279.14,ok
2026-10-02,LCJ,ALC,2027-01-28,11:55,148.21,ok
2026-10-02,LCJ,ALC,2027-02-04,11:55,204.98,ok
2026-10-02,LCJ,ALC,2027-02-08,19:20,122.46,ok
2026-10-02,LCJ,ALC,2027-02-11,11:55,135.58,ok
2026-10-02,LCJ,ALC,2027-02-15,19:20,300.96,ok
2026-10-02,LCJ,ALC,2027-02-18,11:55,214.32,ok
2026-10-02,LCJ,ALC,2027-02-22,19:20,178.81,ok
2026-10-02,LCJ,ALC,2027-02-25,11:55,239.88,ok
2026-10-02,LCJ,ALC,2027-03-01,19:20,136.00,ok
2026-10-02,LCJ,ALC,2027-03-04,11:55,279.14,ok
2026-10-02,LCJ,ALC,2027-03-08,19:20,213.71,ok
2026-10-02,LCJ,ALC,2027-03-11,11:55,209.35,ok
2026-10-02,LCJ,ALC,2027-03-18,11:55,214.32,ok
2026-10-02,LCJ,ALC,2027-03-22,19:20,305.32,ok
2026-10-02,LCJ,ALC,2027-03-25,11:55,388.20,ok
2026-10-02,LCJ,ALC,2027-04-09,17:10,485.00,ok
2026-10-02,LCJ,ALC,2027-05-17,09:35,306.38,ok
2026-10-02,LCJ,ALC,2027-07-16,17:10,586.00,ok
2026-10-02,LCJ,ALC,2027-07-30,17:10,442.00,ok
2026-10-02,ALC,LCJ,2026-10-02,,,unavailable
2026-10-02,ALC,LCJ,2026-10-05,17:50,603.71,ok
2026-10-02,ALC,LCJ,2026-10-07,05:50,424.33,ok
2026-10-02,ALC,LCJ,2026-10-09,06:00,695.58,ok
2026-10-02,ALC,LCJ,2026-10-14,05:50,489.96,ok
2026-10-02,ALC,LCJ,2026-10-16,06:00,437.46,ok
2026-10-02,ALC,LCJ,2026-10-19,17:50,682.46,ok
2026-10-02,ALC,LCJ,2026-10-21,05:50,237.61,ok
2026-10-02,ALC,LCJ,2026-10-23,06:00,341.21,ok
2026-10-02,ALC,LCJ,2026-10-26,15:40,703.62,ok
2026-10-02,ALC,LCJ,2026-10-29,08:15,498.36,ok
2026-10-02,ALC,LCJ,2026-10-31,06:30,364.83,ok
2026-10-02,ALC,LCJ,2026-11-02,15:40,480.43,ok
2026-10-02,ALC,LCJ,2026-11-05,08:15,323.71,ok
2026-10-02,ALC,LCJ,2026-11-09,15:40,332.46,ok
2026-10-02,ALC,LCJ,2026-11-12,08:15,348.47,ok
2026-10-02,ALC,LCJ,2026-11-16,15:40,573.08,ok
2026-10-02,ALC,LCJ,2026-11-19,08:15,208.83,ok
2026-10-02,ALC,LCJ,2026-11-23,15:40,268.84,ok
2026-10-02,ALC,LCJ,2026-11-26,08:15,122.46,ok
2026-10-02,ALC,LCJ,2026-11-30,15:40,284.33,ok
2026-10-02,ALC,LCJ,2026-12-03,08:15,188.08,ok
2026-10-02,ALC,LCJ,2026-12-07,15:40,201.21,ok
2026-10-02,ALC,LCJ,2026-12-10,08:15,104.96,ok
2026-10-02,ALC,LCJ,2026-12-14,15:40,214.33,ok
2026-10-02,ALC,LCJ,2026-12-21,15:40,218.71,ok
2026-10-02,ALC,LCJ,2026-12-24,08:15,109.33,ok
2026-10-02,ALC,LCJ,2026-12-28,15:40,217.57,ok
2026-10-02,ALC,LCJ,2026-12-31,08:15,153.08,ok
2026-10-02,ALC,LCJ,2027-01-04,15:40,446.21,ok
2026-10-02,ALC,LCJ,2027-01-07,08:15,524.26,ok
2026-10-02,ALC,LCJ,2027-01-11,15:40,370.75,ok
2026-10-02,ALC,LCJ,2027-01-14,08:15,165.72,ok
2026-10-02,ALC,LCJ,2027-01-21,08:15,143.91,ok
2026-10-02,ALC,LCJ,2027-01-25,15:40,287.87,ok
2026-10-02,ALC,LCJ,2027-01-28,08:15,329.26,ok
2026-10-02,ALC,LCJ,2027-02-01,15:40,250.72,ok
2026-10-02,ALC,LCJ,2027-02-04,08:15,148.21,ok
2026-10-02,ALC,LCJ,2027-02-08,15:40,136.00,ok
2026-10-02,ALC,LCJ,2027-02-11,08:15,379.48,ok
2026-10-02,ALC,LCJ,2027-02-15,15:40,322.77,ok
2026-10-02,ALC,LCJ,2027-02-18,08:15,148.21,ok
2026-10-02,ALC,LCJ,2027-02-22,15:40,214.32,ok
2026-10-02,ALC,LCJ,2027-02-25,08:15,175.96,ok
2026-10-02,ALC,LCJ,2027-03-01,15:40,388.20,ok
2026-10-02,ALC,LCJ,2027-03-08,15:40,175.96,ok
2026-10-02,ALC,LCJ,2027-03-11,08:15,175.96,ok
2026-10-02,ALC,LCJ,2027-03-15,15:40,196.83,ok
2026-10-02,ALC,LCJ,2027-03-22,15:40,287.99,ok
2026-10-02,ALC,LCJ,2027-03-25,08:15,340.22,ok
2026-10-02,ALC,LCJ,2027-04-09,13:30,329.26,ok
2026-10-02,ALC,LCJ,2027-05-17,05:55,590.38,ok
2026-10-02,ALC,LCJ,2027-07-16,13:30,586.00,ok
2026-10-02,ALC,LCJ,2027-07-30,13:30,642.00,ok
2026-10-02,LCJ,BGY,2026-10-02,,,unavailable
2026-10-02,LCJ,BGY,2026-10-04,18:05,254.81,ok
2026-10-02,LCJ,BGY,2026-10-05,13:30,196.83,ok
2026-10-02,LCJ,BGY,2026-10-06,22:10,170.58,ok
2026-10-02,LCJ,BGY,2026-10-07,12:45,91.83,ok
2026-10-02,LCJ,BGY,2026-10-08,09:50,183.71,ok
2026-10-02,LCJ,BGY,2026-10-09,13:30,454.96,ok
2026-10-02,LCJ,BGY,2026-10-11,18:05,185.65,ok
2026-10-02,LCJ,BGY,2026-10-12,13:30,85.98,ok
2026-10-02,LCJ,BGY,2026-10-13,22:10,74.00,ok
2026-10-02,LCJ,BGY,2026-10-14,12:45,100.58,ok
2026-10-02,LCJ,BGY,2026-10-15,09:50,174.96,ok
2026-10-02,LCJ,BGY,2026-10-16,13:30,166.21,ok
2026-10-02,LCJ,BGY,2026-10-18,18:05,102.64,ok
2026-10-02,LCJ,BGY,2026-10-19,13:30,83.08,ok
2026-10-02,LCJ,BGY,2026-10-20,22:10,65.58,ok
2026-10-02,LCJ,BGY,2026-10-21,08:35,65.00,ok
2026-10-02,LCJ,BGY,2026-10-23,13:30,143.23,ok
2026-10-02,LCJ,BGY,2026-11-02,12:25,65.58,ok
2026-10-02,LCJ,BGY,2026-11-06,12:10,264.36,ok
2026-10-02,LCJ,BGY,2026-11-20,12:10,208.26,ok
2026-10-02,LCJ,BGY,2026-11-23,12:25,65.58,ok
2026-10-02,LCJ,BGY,2026-11-27,12:10,118.08,ok
2026-10-02,LCJ,BGY,2026-11-30,12:25,65.58,ok
2026-10-02,LCJ,BGY,2026-12-07,12:25,65.58,ok
2026-10-02,LCJ,BGY,2026-12-11,12:10,192.46,ok
2026-10-02,LCJ,BGY,2026-12-14,12:25,83.08,ok
2026-10-02,LCJ,BGY,2026-12-23,19:25,206.29,ok
2026-10-02,LCJ,BGY,2026-12-30,19:25,314.96,ok
2026-10-02,LCJ,BGY,2027-01-04,12:25,128.00,ok
2026-10-02,LCJ,BGY,2027-02-05,12:10,152.64,ok
2026-10-02,LCJ,BGY,2027-02-08,12:25,122.10,ok
2026-10-02,LCJ,BGY,2027-02-12,12:10,97.63,ok
2026-10-02,LCJ,BGY,2027-02-19,12:10,130.83,ok
2026-10-02,LCJ,BGY,2027-02-22,12:25,104.96,ok
2026-10-02,LCJ,BGY,2027-02-26,12:10,94.36,ok
2026-10-02,LCJ,BGY,2027-03-01,12:25,122.10,ok
2026-10-02,LCJ,BGY,2027-03-05,12:10,100.58,ok
2026-10-02,LCJ,BGY,2027-03-08,12:25,122.10,ok
2026-10-02,LCJ,BGY,2027-03-12,12:10,152.64,ok
2026-10-02,LCJ,BGY,2027-03-15,12:25,341.21,ok
2026-10-02,LCJ,BGY,2027-03-19,12:10,170.67,ok
2026-10-02,LCJ,BGY,2027-03-22,12:25,117.91,ok
2026-10-02,LCJ,BGY,2027-03-26,12:10,239.88,ok
2026-10-02,LCJ,BGY,2027-04-09,23:00,213.00,ok
2026-10-02,LCJ,BGY,2027-04-12,14:00,217.38,ok
2026-10-02,LCJ,BGY,2027-05-14,23:00,331.38,ok
2026-10-02,LCJ,BGY,2027-07-05,14:00,272.96,ok
2026-10-02,BGY,LCJ,2026-10-02,,,unavailable
2026-10-02,BGY,LCJ,2026-10-05,11:15,279.96,ok
2026-10-02,BGY,LCJ,2026-10-06,19:55,161.83,ok
2026-10-02,BGY,LCJ,2026-10-07,10:30,75.71,ok
2026-10-02,BGY,LCJ,2026-10-08,07:35,161.83,ok
2026-10-02,BGY,LCJ,2026-10-09,11:15,166.21,ok
2026-10-02,BGY,LCJ,2026-10-11,15:25,787.12,ok
2026-10-02,BGY,LCJ,2026-10-12,11:15,205.58,ok
2026-10-02,BGY,LCJ,2026-10-13,19:55,139.96,ok
2026-10-02,BGY,LCJ,2026-10-14,10:30,74.00,ok
2026-10-02,BGY,LCJ,2026-10-15,07:35,91.83,ok
2026-10-02,BGY,LCJ,2026-10-16,11:15,157.46,ok
2026-10-02,BGY,LCJ,2026-10-18,15:25,461.26,ok
2026-10-02,BGY,LCJ,2026-10-19,11:15,266.83,ok
2026-10-02,BGY,LCJ,2026-10-20,19:55,135.58,ok
2026-10-02,BGY,LCJ,2026-10-21,06:20,65.58,ok
2026-10-02,BGY,LCJ,2026-10-22,07:35,94.36,ok
2026-10-02,BGY,LCJ,2026-10-23,11:15,157.46,ok
2026-10-02,BGY,LCJ,2026-10-28,13:35,65.00,ok
2026-10-02,BGY,LCJ,2026-10-30,09:50,121.18,ok
2026-10-02,BGY,LCJ,2026-11-02,10:05,120.15,ok
2026-10-02,BGY,LCJ,2026-11-09,10:05,143.23,ok
2026-10-02,BGY,LCJ,2026-11-13,09:50,68.28,ok
2026-10-02,BGY,LCJ,2026-11-16,10:05,265.19,ok
2026-10-02,BGY,LCJ,2026-11-23,10:05,366.44,ok
2026-10-02,BGY,LCJ,2026-11-30,10:05,161.86,ok
2026-10-02,BGY,LCJ,2026-12-04,09:50,87.46,ok
2026-10-02,BGY,LCJ,2026-12-07,10:05,188.08,ok
2026-10-02,BGY,LCJ,2026-12-11,09:50,83.08,ok
2026-10-02,BGY,LCJ,2026-12-14,10:05,120.09,ok
2026-10-02,BGY,LCJ,2026-12-18,09:50,91.83,ok
2026-10-02,BGY,LCJ,2026-12-21,10:05,184.80,ok
2026-10-02,BGY,LCJ,2026-12-23,17:05,191.90,ok
2026-10-02,BGY,LCJ,2026-12-28,10:05,104.82,ok
2026-10-02,BGY,LCJ,2027-01-01,09:50,143.27,ok
2026-10-02,BGY,LCJ,2027-01-04,10:05,235.68,ok
2026-10-02,BGY,LCJ,2027-02-01,10:05,122.10,ok
2026-10-02,BGY,LCJ,2027-02-08,10:05,152.64,ok
2026-10-02,BGY,LCJ,2027-02-15,10:05,143.27,ok
2026-10-02,BGY,LCJ,2027-02-19,09:50,143.91,ok
2026-10-02,BGY,LCJ,2027-02-26,09:50,96.21,ok
2026-10-02,BGY,LCJ,2027-03-01,10:05,179.33,ok
2026-10-02,BGY,LCJ,2027-03-05,09:50,109.01,ok
2026-10-02,BGY,LCJ,2027-03-15,10:05,279.96,ok
2026-10-02,BGY,LCJ,2027-03-19,09:50,109.33,ok
2026-10-02,BGY,LCJ,2027-03-22,10:05,143.27,ok
2026-10-02,BGY,LCJ,2027-03-26,09:50,196.26,ok
2026-10-02,BGY,LCJ,2027-04-09,20:45,183.00,ok
2026-10-02,BGY,LCJ,2027-04-12,11:45,289.38,ok
2026-10-02,BGY,LCJ,2027-05-14,20:45,251.38,ok
2026-10-02,BGY,LCJ,2027-05-31,11:45,404.68,ok
2026-10-02,LCJ,BHX,2026-10-08,10:20,155.65,ok
2026-10-02,LCJ,BHX,2026-10-12,22:10,102.86,ok
2026-10-02,LCJ,BHX,2026-10-15,10:20,145.44,ok
2026-10-02,LCJ,BHX,2026-10-19,22:10,127.85,ok
2026-10-02,LCJ,BHX,2026-10-22,10:20,110.80,ok
2026-10-02,LCJ,BHX,2026-10-25,19:30,155.65,ok
2026-10-02,LCJ,BHX,2026-10-29,19:10,105.95,ok
2026-10-02,LCJ,BHX,2026-10-30,10:25,135.97,ok
2026-10-02,LCJ,BHX,2026-11-01,19:30,451.20,ok
2026-10-02,LCJ,BHX,2026-11-05,19:10,110.05,ok
2026-10-02,LCJ,BHX,2026-11-06,10:25,115.16,ok
2026-10-02,LCJ,BHX,2026-11-08,19:30,227.46,ok
2026-10-02,LCJ,BHX,2026-11-15,19:30,212.29,ok
2026-10-02,LCJ,BHX,2026-11-19,19:10,104.96,ok
2026-10-02,LCJ,BHX,2026-11-22,19:30,174.96,ok
2026-10-02,LCJ,BHX,2026-11-26,19:10,78.71,ok
2026-10-02,LCJ,BHX,2026-11-29,19:30,205.58,ok
2026-10-02,LCJ,BHX,2026-12-03,19:10,78.71,ok
2026-10-02,LCJ,BHX,2026-12-04,10:25,78.71,ok
2026-10-02,LCJ,BHX,2026-12-06,19:30,218.09,ok
2026-10-02,LCJ,BHX,2026-12-10,19:10,83.08,ok
2026-10-02,LCJ,BHX,2026-12-13,19:30,135.58,ok
2026-10-02,LCJ,BHX,2026-12-17,19:10,109.33,ok
2026-10-02,LCJ,BHX,2026-12-18,10:25,144.33,ok
2026-10-02,LCJ,BHX,2026-12-20,19:30,266.98,ok
2026-10-02,LCJ,BHX,2026-12-27,19:30,327.13,ok
2026-10-02,LCJ,BHX,2026-12-31,19:10,344.70,ok
2026-10-02,LCJ,BHX,2027-01-08,10:25,213.71,ok
2026-10-02,LCJ,BHX,2027-01-10,19:30,218.07,ok
2026-10-02,LCJ,BHX,2027-01-15,10:25,165.72,ok
2026-10-02,LCJ,BHX,2027-01-22,10:25,178.81,ok
2026-10-02,LCJ,BHX,2027-01-24,19:30,157.00,ok
2026-10-02,LCJ,BHX,2027-01-31,19:30,165.72,ok
2026-10-02,LCJ,BHX,2027-02-07,19:30,148.27,ok
2026-10-02,LCJ,BHX,2027-02-12,10:25,143.91,ok
2026-10-02,LCJ,BHX,2027-02-21,19:30,436.94,ok
2026-10-02,LCJ,BHX,2027-02-28,19:30,196.26,ok
2026-10-02,LCJ,BHX,2027-03-05,10:25,122.10,ok
2026-10-02,LCJ,BHX,2027-03-07,19:30,148.27,ok
2026-10-02,LCJ,BHX,2027-03-12,10:25,218.07,ok
2026-10-02,LCJ,BHX,2027-03-14,19:30,157.00,ok
2026-10-02,LCJ,BHX,2027-03-19,10:25,135.58,ok
2026-10-02,LCJ,BHX,2027-03-21,19:30,126.46,ok
2026-10-02,LCJ,BHX,2027-03-23,19:50,287.87,ok
2026-10-02,LCJ,BHX,2027-03-25,19:10,165.72,ok
2026-10-02,LCJ,BHX,2027-03-26,10:25,161.83,ok
2026-10-02,LCJ,BHX,2027-05-10,15:40,314.38,ok
2026-10-02,LCJ,BHX,2027-05-17,15:40,272.00,ok
2026-10-02,LCJ,BHX,2027-05-31,15:40,489.00,ok
2026-10-02,LCJ,BHX,2027-06-21,15:40,276.36,ok
2026-10-02,LCJ,BHX,2027-06-24,21:50,314.36,ok
2026-10-02,BHX,LCJ,2026-10-05,18:25,145.44,ok
2026-10-02,BHX,LCJ,2026-10-15,06:35,181.18,ok
2026-10-02,BHX,LCJ,2026-10-19,18:25,220.01,ok
2026-10-02,BHX,LCJ,2026-10-25,15:45,495.12,ok
2026-10-02,BHX,LCJ,2026-10-29,15:25,131.69,ok
2026-10-02,BHX,LCJ,2026-10-30,06:40,101.59,ok
2026-10-02,BHX,LCJ,2026-11-01,15:45,97.54,ok
2026-10-02,BHX,LCJ,2026-11-05,15:25,82.13,ok
2026-10-02,BHX,LCJ,2026-11-06,06:40,87.00,ok
2026-10-02,BHX,LCJ,2026-11-12,15:25,76.99,ok
2026-10-02,BHX,LCJ,2026-11-15,15:45,136.71,ok
2026-10-02,BHX,LCJ,2026-11-19,15:25,112.94,ok
2026-10-02,BHX,LCJ,2026-11-20,06:40,87.00,ok
2026-10-02,BHX,LCJ,2026-11-22,15:45,87.00,ok
2026-10-02,BHX,LCJ,2026-11-26,15:25,98.50,ok
2026-10-02,BHX,LCJ,2026-11-29,15:45,189.99,ok
2026-10-02,BHX,LCJ,2026-12-04,06:40,174.58,ok
2026-10-02,BHX,LCJ,2026-12-06,15:45,92.40,ok
2026-10-02,BHX,LCJ,2026-12-10,15:25,159.17,ok
2026-10-02,BHX,LCJ,2026-12-13,15:45,277.30,ok
2026-10-02,BHX,LCJ,2026-12-18,06:40,672.79,ok
2026-10-02,BHX,LCJ,2027-01-01,06:40,163.45,ok
2026-10-02,BHX,LCJ,2027-01-03,15:45,260.52,ok
2026-10-02,BHX,LCJ,2027-01-10,15:45,154.03,ok
2026-10-02,BHX,LCJ,2027-01-17,15:45,143.01,ok
2026-10-02,BHX,LCJ,2027-01-22,06:40,234.98,ok
2026-10-02,BHX,LCJ,2027-01-24,15:45,148.12,ok
2026-10-02,BHX,LCJ,2027-02-07,15:45,168.56,ok
2026-10-02,BHX,LCJ,2027-02-14,15:45,332.05,ok
2026-10-02,BHX,LCJ,2027-03-05,06:40,214.54,ok
2026-10-02,BHX,LCJ,2027-03-07,15:45,148.12,ok
2026-10-02,BHX,LCJ,2027-03-12,06:40,224.76,ok
2026-10-02,BHX,LCJ,2027-03-19,06:40,314.38,ok
2026-10-02,BHX,LCJ,2027-03-23,16:05,485.33,ok
2026-10-02,BHX,LCJ,2027-03-25,15:25,521.10,ok
2026-10-02,BHX,LCJ,2027-05-10,11:55,276.38,ok
2026-10-02,BHX,LCJ,2027-05-17,11:55,272.00,ok
2026-10-02,BHX,LCJ,2027-05-31,11:55,310.00,ok
2026-10-02,BHX,LCJ,2027-06-21,11:55,314.36,ok
2026-10-02,BHX,LCJ,2027-06-24,18:05,314.36,ok
2026-10-02,LCJ,CRL,2026-10-04,14:25,621.21,ok
2026-10-02,LCJ,CRL,2026-10-08,15:30,139.96,ok
2026-10-02,LCJ,CRL,2026-10-11,14:25,188.08,ok
2026-10-02,LCJ,CRL,2026-10-15,15:30,74.33,ok
2026-10-02,LCJ,CRL,2026-10-18,14:25,209.96,ok
2026-10-02,LCJ,CRL,2026-10-22,15:30,65.00,ok
2026-10-02,CRL,LCJ,2026-10-04,12:05,489.96,ok
2026-10-02,CRL,LCJ,2026-10-08,13:05,91.87,ok
2026-10-02,CRL,LCJ,2026-10-11,12:05,113.71,ok
2026-10-02,CRL,LCJ,2026-10-15,13:05,153.08,ok
2026-10-02,CRL,LCJ,2026-10-18,12:05,223.08,ok
2026-10-02,CRL,LCJ,2026-10-22,13:05,83.08,ok
2026-10-02,LCJ,DUB,2026-10-05,17:30,511.83,ok
2026-10-02,LCJ,DUB,2026-10-08,22:45,437.46,ok
2026-10-02,LCJ,DUB,2026-10-12,17:30,314.96,ok
2026-10-02,LCJ,DUB,2026-10-15,22:45,188.08,ok
2026-10-02,LCJ,DUB,2026-10-22,22:45,170.58,ok
2026-10-02,LCJ,DUB,2026-10-26,13:05,182.74,ok
2026-10-02,LCJ,DUB,2026-10-30,20:25,418.26,ok
2026-10-02,LCJ,DUB,2026-11-02,13:05,367.97,ok
2026-10-02,LCJ,DUB,2026-11-06,20:25,183.71,ok
2026-10-02,LCJ,DUB,2026-11-09,13:05,150.74,ok
2026-10-02,LCJ,DUB,2026-11-13,20:25,118.08,ok
2026-10-02,LCJ,DUB,2026-11-16,13:05,132.45,ok
2026-10-02,LCJ,DUB,2026-11-20,20:25,144.33,ok
2026-10-02,LCJ,DUB,2026-11-23,13:05,146.41,ok
2026-10-02,LCJ,DUB,2026-11-30,13:05,135.91,ok
2026-10-02,LCJ,DUB,2026-12-04,20:25,126.83,ok
2026-10-02,LCJ,DUB,2026-12-23,11:20,244.25,ok
2026-10-02,LCJ,DUB,2026-12-28,13:05,378.00,ok
2026-10-02,LCJ,DUB,2026-12-30,11:20,458.00,ok
2026-10-02,LCJ,DUB,2027-01-01,20:25,548.00,ok
2026-10-02,LCJ,DUB,2027-01-04,13:05,783.00,ok
2026-10-02,LCJ,DUB,2027-01-08,20:25,323.71,ok
2026-10-02,LCJ,DUB,2027-01-11,13:05,349.00,ok
2026-10-02,LCJ,DUB,2027-01-15,20:25,196.26,ok
2026-10-02,LCJ,DUB,2027-01-29,20:25,161.36,ok
2026-10-02,LCJ,DUB,2027-02-05,20:25,152.64,ok
2026-10-02,LCJ,DUB,2027-02-08,13:05,196.00,ok
2026-10-02,LCJ,DUB,2027-02-19,20:25,196.00,ok
2026-10-02,LCJ,DUB,2027-02-26,20:25,153.08,ok
2026-10-02,LCJ,DUB,2027-03-05,20:25,157.00,ok
2026-10-02,LCJ,DUB,2027-03-12,20:25,161.36,ok
2026-10-02,LCJ,DUB,2027-03-19,20:25,161.36,ok
2026-10-02,LCJ,DUB,2027-04-10,22:20,718.00,ok
2026-10-02,LCJ,DUB,2027-09-28,16:50,603.00,ok
2026-10-02,DUB,LCJ,2026-10-05,13:20,240.58,ok
2026-10-02,DUB,LCJ,2026-10-08,18:35,599.33,ok
2026-10-02,DUB,LCJ,2026-10-12,13:20,209.96,ok
2026-10-02,DUB,LCJ,2026-10-15,18:35,288.71,ok
2026-10-02,DUB,LCJ,2026-10-22,18:35,557.31,ok
2026-10-02,DUB,LCJ,2026-10-26,09:00,237.78,ok
2026-10-02,DUB,LCJ,2026-11-02,09:00,158.66,ok
2026-10-02,DUB,LCJ,2026-11-06,16:20,126.83,ok
2026-10-02,DUB,LCJ,2026-11-09,09:00,137.88,ok
2026-10-02,DUB,LCJ,2026-11-13,16:20,131.97,ok
2026-10-02,DUB,LCJ,2026-11-16,09:00,133.02,ok
2026-10-02,DUB,LCJ,2026-11-20,16:20,132.45,ok
2026-10-02,DUB,LCJ,2026-11-23,09:00,143.32,ok
2026-10-02,DUB,LCJ,2026-11-27,16:20,136.96,ok
2026-10-02,DUB,LCJ,2026-11-30,09:00,130.00,ok
2026-10-02,DUB,LCJ,2026-12-11,16:20,139.96,ok
2026-10-02,DUB,LCJ,2026-12-14,09:00,214.22,ok
2026-10-02,DUB,LCJ,2026-12-18,16:20,593.32,ok
2026-10-02,DUB,LCJ,2026-12-21,09:00,523.31,ok
2026-10-02,DUB,LCJ,2026-12-23,07:15,1016.37,ok
2026-10-02,DUB,LCJ,2026-12-30,07:15,290.43,ok
2026-10-02,DUB,LCJ,2027-01-01,16:20,283.51,ok
2026-10-02,DUB,LCJ,2027-01-08,16:20,212.58,ok
2026-10-02,DUB,LCJ,2027-01-15,16:20,161.83,ok
2026-10-02,DUB,LCJ,2027-01-29,16:20,161.36,ok
2026-10-02,DUB,LCJ,2027-02-05,16:20,178.81,ok
2026-10-02,DUB,LCJ,2027-02-19,16:20,218.71,ok
2026-10-02,DUB,LCJ,2027-02-26,16:20,157.00,ok
2026-10-02,DUB,LCJ,2027-03-05,16:20,148.27,ok
2026-10-02,DUB,LCJ,2027-03-19,16:20,395.38,ok
2026-10-02,DUB,LCJ,2027-03-26,16:20,511.83,ok
2026-10-02,DUB,LCJ,2027-04-10,18:15,306.00,ok
2026-10-02,DUB,LCJ,2027-09-28,12:45,502.00,ok
2026-10-02,LCJ,STN,2026-10-03,11:35,951.99,ok
2026-10-02,LCJ,STN,2026-10-04,15:45,1159.39,ok
2026-10-02,LCJ,STN,2026-10-05,16:45,507.94,ok
2026-10-02,LCJ,STN,2026-10-06,20:45,497.77,ok
2026-10-02,LCJ,STN,2026-10-07,11:50,411.43,ok
2026-10-02,LCJ,STN,2026-10-08,16:15,447.35,ok
2026-10-02,LCJ,STN,2026-10-10,11:35,575.68,ok
2026-10-02,LCJ,STN,2026-10-12,16:45,271.03,ok
2026-10-02,LCJ,STN,2026-10-13,20:45,136.92,ok
2026-10-02,LCJ,STN,2026-10-14,11:50,99.04,ok
2026-10-02,LCJ,STN,2026-10-17,11:35,227.77,ok
2026-10-02,LCJ,STN,2026-10-18,15:45,318.53,ok
2026-10-02,LCJ,STN,2026-10-19,16:45,208.46,ok
2026-10-02,LCJ,STN,2026-10-20,20:45,74.00,ok
2026-10-02,LCJ,STN,2026-10-21,11:50,97.56,ok
2026-10-02,LCJ,STN,2026-10-24,11:35,139.77,ok
2026-10-02,LCJ,STN,2026-10-25,17:30,74.00,ok
2026-10-02,LCJ,STN,2026-10-26,10:55,91.81,ok
2026-10-02,LCJ,STN,2026-10-29,17:45,262.78,ok
2026-10-02,LCJ,STN,2026-10-30,10:10,242.65,ok
2026-10-02,LCJ,STN,2026-10-31,12:25,350.06,ok
2026-10-02,LCJ,STN,2026-11-01,17:30,341.21,ok
2026-10-02,LCJ,STN,2026-11-02,10:55,594.96,ok
2026-10-02,LCJ,STN,2026-11-05,17:45,266.83,ok
2026-10-02,LCJ,STN,2026-11-06,10:10,172.43,ok
2026-10-02,LCJ,STN,2026-11-07,12:25,244.96,ok
2026-10-02,LCJ,STN,2026-11-08,13:40,161.83,ok
2026-10-02,LCJ,STN,2026-11-09,10:55,231.83,ok
2026-10-02,LCJ,STN,2026-11-12,17:45,160.12,ok
2026-10-02,LCJ,STN,2026-11-13,10:10,135.58,ok
2026-10-02,LCJ,STN,2026-11-14,12:25,148.71,ok
2026-10-02,LCJ,STN,2026-11-15,13:40,139.96,ok
2026-10-02,LCJ,STN,2026-11-16,10:55,139.96,ok
2026-10-02,LCJ,STN,2026-11-19,17:45,169.60,ok
2026-10-02,LCJ,STN,2026-11-20,10:10,179.33,ok
2026-10-02,LCJ,STN,2026-11-21,12:25,109.33,ok
2026-10-02,LCJ,STN,2026-11-22,13:40,109.33,ok
2026-10-02,LCJ,STN,2026-11-23,10:55,91.83,ok
2026-10-02,LCJ,STN,2026-11-26,17:45,166.29,ok
2026-10-02,LCJ,STN,2026-11-27,10:10,135.58,ok
2026-10-02,LCJ,STN,2026-11-28,12:25,104.96,ok
2026-10-02,LCJ,STN,2026-11-30,10:55,196.83,ok
2026-10-02,LCJ,STN,2026-12-03,17:45,183.71,ok
2026-10-02,LCJ,STN,2026-12-04,14:20,87.00,ok
2026-10-02,LCJ,STN,2026-12-05,12:25,87.00,ok
2026-10-02,LCJ,STN,2026-12-06,17:30,91.83,ok
2026-10-02,LCJ,STN,2026-12-10,17:45,100.58,ok
2026-10-02,LCJ,STN,2026-12-12,12:25,78.71,ok
2026-10-02,LCJ,STN,2026-12-13,13:40,87.00,ok
2026-10-02,LCJ,STN,2026-12-14,10:55,83.08,ok
2026-10-02,LCJ,STN,2026-12-17,17:45,103.84,ok
2026-10-02,LCJ,STN,2026-12-18,14:20,105.24,ok
2026-10-02,LCJ,STN,2026-12-20,13:40,143.08,ok
2026-10-02,LCJ,STN,2026-12-21,10:55,196.83,ok
2026-10-02,LCJ,STN,2026-12-22,21:25,161.83,ok
2026-10-02,LCJ,STN,2026-12-23,09:35,332.00,ok
2026-10-02,LCJ,STN,2026-12-26,12:25,300.96,ok
2026-10-02,LCJ,STN,2026-12-27,17:30,371.54,ok
2026-10-02,LCJ,STN,2026-12-28,10:55,537.91,ok
2026-10-02,LCJ,STN,2026-12-29,21:25,377.03,ok
2026-10-02,LCJ,STN,2026-12-30,09:35,371.83,ok
2026-10-02,LCJ,STN,2027-01-02,12:25,750.38,ok
2026-10-02,LCJ,STN,2027-01-03,17:30,671.75,ok
2026-10-02,LCJ,STN,2027-01-04,10:55,620.84,ok
2026-10-02,LCJ,STN,2027-01-07,17:45,238.42,ok
2026-10-02,LCJ,STN,2027-01-10,17:30,251.00,ok
2026-10-02,LCJ,STN,2027-01-11,10:55,191.90,ok
2026-10-02,LCJ,STN,2027-01-14,17:45,104.96,ok
2026-10-02,LCJ,STN,2027-01-15,14:20,109.33,ok
2026-10-02,LCJ,STN,2027-01-16,12:25,204.98,ok
2026-10-02,LCJ,STN,2027-01-18,10:55,213.71,ok
2026-10-02,LCJ,STN,2027-01-21,17:45,135.19,ok
2026-10-02,LCJ,STN,2027-01-30,12:25,161.36,ok
2026-10-02,LCJ,STN,2027-01-31,17:30,244.96,ok
2026-10-02,LCJ,STN,2027-02-04,17:45,87.46,ok
2026-10-02,LCJ,STN,2027-02-05,10:10,109.01,ok
2026-10-02,LCJ,STN,2027-02-06,12:25,135.19,ok
2026-10-02,LCJ,STN,2027-02-07,17:30,139.55,ok
2026-10-02,LCJ,STN,2027-02-08,10:55,130.83,ok
2026-10-02,LCJ,STN,2027-02-12,10:10,174.96,ok
2026-10-02,LCJ,STN,2027-02-14,17:30,143.91,ok
2026-10-02,LCJ,STN,2027-02-18,17:45,226.80,ok
2026-10-02,LCJ,STN,2027-02-21,13:40,410.28,ok
2026-10-02,LCJ,STN,2027-02-22,10:55,266.06,ok
2026-10-02,LCJ,STN,2027-02-25,17:45,104.96,ok
2026-10-02,LCJ,STN,2027-03-01,10:55,174.58,ok
2026-10-02,LCJ,STN,2027-03-04,17:45,187.54,ok
2026-10-02,LCJ,STN,2027-03-05,10:10,162.38,ok
2026-10-02,LCJ,STN,2027-03-07,17:30,244.25,ok
2026-10-02,LCJ,STN,2027-03-08,10:55,118.08,ok
2026-10-02,LCJ,STN,2027-03-11,17:45,139.55,ok
2026-10-02,LCJ,STN,2027-03-12,10:10,113.38,ok
2026-10-02,LCJ,STN,2027-03-14,17:30,261.69,ok
2026-10-02,LCJ,STN,2027-03-15,10:55,148.27,ok
2026-10-02,LCJ,STN,2027-03-18,17:45,148.27,ok
2026-10-02,LCJ,STN,2027-03-19,14:20,122.10,ok
2026-10-02,LCJ,STN,2027-03-22,10:55,161.36,ok
2026-10-02,LCJ,STN,2027-03-23,16:15,161.36,ok
2026-10-02,LCJ,STN,2027-03-25,17:45,419.96,ok
2026-10-02,LCJ,STN,2027-03-26,10:10,226.80,ok
2026-10-02,LCJ,STN,2027-04-04,10:30,514.00,ok
2026-10-02,LCJ,STN,2027-04-07,17:40,205.98,ok
2026-10-02,LCJ,STN,2027-04-09,10:35,205.98,ok
2026-10-02,LCJ,STN,2027-05-07,10:35,187.00,ok
2026-10-02,LCJ,STN,2027-05-08,22:55,238.42,ok
2026-10-02,LCJ,STN,2027-05-10,10:20,293.38,ok
2026-10-02,LCJ,STN,2027-05-16,10:30,293.38,ok
2026-10-02,LCJ,STN,2027-05-17,10:20,421.00,ok
2026-10-02,LCJ,STN,2027-05-19,17:40,217.00,ok
2026-10-02,LCJ,STN,2027-05-23,10:30,255.38,ok
2026-10-02,LCJ,STN,2027-05-31,10:20,289.00,ok
2026-10-02,LCJ,STN,2027-06-21,10:20,382.36,ok
2026-10-02,LCJ,STN,2027-06-24,09:30,221.36,ok
2026-10-02,LCJ,STN,2027-06-25,10:35,293.38,ok
2026-10-02,LCJ,STN,2027-07-11,10:30,221.38,ok
2026-10-02,LCJ,STN,2027-09-28,21:20,187.00,ok
2026-10-02,STN,LCJ,2026-10-03,08:00,819.11,ok
2026-10-02,STN,LCJ,2026-10-04,12:10,780.41,ok
2026-10-02,STN,LCJ,2026-10-06,17:10,139.22,ok
2026-10-02,STN,LCJ,2026-10-07,08:15,96.19,ok
2026-10-02,STN,LCJ,2026-10-10,08:00,301.74,ok
2026-10-02,STN,LCJ,2026-10-11,12:10,436.35,ok
2026-10-02,STN,LCJ,2026-10-12,13:10,312.28,ok
2026-10-02,STN,LCJ,2026-10-13,17:10,149.10,ok
2026-10-02,STN,LCJ,2026-10-14,08:15,252.77,ok
2026-10-02,STN,LCJ,2026-10-17,08:00,392.09,ok
2026-10-02,STN,LCJ,2026-10-19,13:10,270.15,ok
2026-10-02,STN,LCJ,2026-10-20,17:10,270.15,ok
2026-10-02,STN,LCJ,2026-10-22,12:40,480.69,ok
2026-10-02,STN,LCJ,2026-10-25,13:55,363.49,ok
2026-10-02,STN,LCJ,2026-10-26,07:20,287.99,ok
2026-10-02,STN,LCJ,2026-10-27,16:55,258.42,ok
2026-10-02,STN,LCJ,2026-10-29,14:10,202.75,ok
2026-10-02,STN,LCJ,2026-10-30,06:35,111.24,ok
2026-10-02,STN,LCJ,2026-10-31,08:50,223.41,ok
2026-10-02,STN,LCJ,2026-11-01,10:05,87.26,ok
2026-10-02,STN,LCJ,2026-11-05,14:10,107.81,ok
2026-10-02,STN,LCJ,2026-11-06,06:35,87.00,ok
2026-10-02,STN,LCJ,2026-11-07,08:50,76.99,ok
2026-10-02,STN,LCJ,2026-11-08,10:05,76.99,ok
2026-10-02,STN,LCJ,2026-11-09,07:20,95.44,ok
2026-10-02,STN,LCJ,2026-11-12,14:10,170.67,ok
2026-10-02,STN,LCJ,2026-11-13,06:35,105.76,ok
2026-10-02,STN,LCJ,2026-11-15,10:05,133.49,ok
2026-10-02,STN,LCJ,2026-11-16,07:20,154.03,ok
2026-10-02,STN,LCJ,2026-11-19,14:10,148.90,ok
2026-10-02,STN,LCJ,2026-11-20,06:35,148.90,ok
2026-10-02,STN,LCJ,2026-11-21,08:50,118.08,ok
2026-10-02,STN,LCJ,2026-11-22,10:05,102.67,ok
2026-10-02,STN,LCJ,2026-11-23,07:20,122.27,ok
2026-10-02,STN,LCJ,2026-11-26,14:10,231.28,ok
2026-10-02,STN,LCJ,2026-11-27,06:35,220.80,ok
2026-10-02,STN,LCJ,2026-11-28,08:50,112.94,ok
2026-10-02,STN,LCJ,2026-11-30,07:20,138.63,ok
2026-10-02,STN,LCJ,2026-12-03,14:10,189.99,ok
2026-10-02,STN,LCJ,2026-12-04,06:35,96.89,ok
2026-10-02,STN,LCJ,2026-12-06,10:05,92.40,ok
2026-10-02,STN,LCJ,2026-12-07,07:20,217.08,ok
2026-10-02,STN,LCJ,2026-12-10,14:10,184.85,ok
2026-10-02,STN,LCJ,2026-12-13,10:05,154.03,ok
2026-10-02,STN,LCJ,2026-12-14,07:20,200.26,ok
2026-10-02,STN,LCJ,2026-12-17,14:10,797.00,ok
2026-10-02,STN,LCJ,2026-12-18,06:35,801.19,ok
2026-10-02,STN,LCJ,2026-12-19,08:50,1310.52,ok
2026-10-02,STN,LCJ,2026-12-20,13:55,842.28,ok
2026-10-02,STN,LCJ,2026-12-22,17:50,631.86,ok
2026-10-02,STN,LCJ,2026-12-23,05:55,819.11,ok
2026-10-02,STN,LCJ,2026-12-26,08:50,349.21,ok
2026-10-02,STN,LCJ,2026-12-27,10:05,267.03,ok
2026-10-02,STN,LCJ,2026-12-29,17:50,273.20,ok
2026-10-02,STN,LCJ,2026-12-30,05:55,102.36,ok
2026-10-02,STN,LCJ,2026-12-31,14:10,105.24,ok
2026-10-02,STN,LCJ,2027-01-07,14:10,133.49,ok
2026-10-02,STN,LCJ,2027-01-09,08:50,102.67,ok
2026-10-02,STN,LCJ,2027-01-11,07:20,112.35,ok
2026-10-02,STN,LCJ,2027-01-16,08:50,153.23,ok
2026-10-02,STN,LCJ,2027-01-22,10:45,163.45,ok
2026-10-02,STN,LCJ,2027-01-23,08:50,153.23,ok
2026-10-02,STN,LCJ,2027-01-25,07:20,174.58,ok
2026-10-02,STN,LCJ,2027-01-29,10:45,205.98,ok
2026-10-02,STN,LCJ,2027-01-31,13:55,158.34,ok
2026-10-02,STN,LCJ,2027-02-01,07:20,143.01,ok
2026-10-02,STN,LCJ,2027-02-05,06:35,174.58,ok
2026-10-02,STN,LCJ,2027-02-07,10:05,158.00,ok
2026-10-02,STN,LCJ,2027-02-11,14:10,413.80,ok
2026-10-02,STN,LCJ,2027-02-14,10:05,352.49,ok
2026-10-02,STN,LCJ,2027-02-15,07:20,286.07,ok
2026-10-02,STN,LCJ,2027-02-18,14:10,380.03,ok
2026-10-02,STN,LCJ,2027-02-19,06:35,255.41,ok
2026-10-02,STN,LCJ,2027-02-20,08:50,153.23,ok
2026-10-02,STN,LCJ,2027-02-25,14:10,178.77,ok
2026-10-02,STN,LCJ,2027-02-26,06:35,158.34,ok
2026-10-02,STN,LCJ,2027-03-01,07:20,148.12,ok
2026-10-02,STN,LCJ,2027-03-04,14:10,250.30,ok
2026-10-02,STN,LCJ,2027-03-05,06:35,162.38,ok
2026-10-02,STN,LCJ,2027-03-07,13:55,174.58,ok
2026-10-02,STN,LCJ,2027-03-11,14:10,168.56,ok
2026-10-02,STN,LCJ,2027-03-13,08:50,178.77,ok
2026-10-02,STN,LCJ,2027-03-14,13:55,174.58,ok
2026-10-02,STN,LCJ,2027-03-18,14:10,133.49,ok
2026-10-02,STN,LCJ,2027-03-19,10:45,480.22,ok
2026-10-02,STN,LCJ,2027-03-20,08:50,597.73,ok
2026-10-02,STN,LCJ,2027-03-22,07:20,431.39,ok
2026-10-02,STN,LCJ,2027-03-25,14:10,643.72,ok
2026-10-02,STN,LCJ,2027-03-27,08:50,362.10,ok
2026-10-02,STN,LCJ,2027-03-28,06:55,238.42,ok
2026-10-02,STN,LCJ,2027-04-04,06:55,187.00,ok
2026-10-02,STN,LCJ,2027-04-06,17:45,205.98,ok
2026-10-02,STN,LCJ,2027-05-07,07:00,289.00,ok
2026-10-02,STN,LCJ,2027-05-10,06:45,293.38,ok
2026-10-02,STN,LCJ,2027-05-11,17:45,316.92,ok
2026-10-02,STN,LCJ,2027-05-16,06:55,293.38,ok
2026-10-02,STN,LCJ,2027-05-17,06:45,332.00,ok
2026-10-02,STN,LCJ,2027-05-19,14:05,289.00,ok
2026-10-02,STN,LCJ,2027-05-23,06:55,425.38,ok
2026-10-02,STN,LCJ,2027-05-28,07:00,275.65,ok
2026-10-02,STN,LCJ,2027-05-31,06:45,251.00,ok
2026-10-02,STN,LCJ,2027-06-21,06:45,336.36,ok
2026-10-02,STN,LCJ,2027-06-24,05:55,293.36,ok
2026-10-02,STN,LCJ,2027-06-25,07:00,321.30,ok
2026-10-02,STN,LCJ,2027-07-11,06:55,472.38,ok
2026-10-02,STN,LCJ,2027-09-28,17:45,187.00,ok
2026-10-03,LCJ,AGP,2026-10-03,20:10,768.08,ok
2026-10-03,LCJ,AGP,2026-10-07,19:25,126.83,ok
2026-10-03,LCJ,AGP,2026-10-10,20:10,227.46,ok
2026-10-03,LCJ,AGP,2026-10-14,19:25,231.83,ok
2026-10-03,LCJ,AGP,2026-10-17,20:10,175.37,ok
2026-10-03,LCJ,AGP,2026-10-21,19:25,223.08,ok
2026-10-03,LCJ,AGP,2026-10-24,20:10,118.08,ok
2026-10-03,LCJ,AGP,2026-10-30,20:40,230.03,ok
2026-10-03,LCJ,AGP,2026-11-01,20:20,161.83,ok
2026-10-03,LCJ,AGP,2026-11-05,12:50,209.96,ok
2026-10-03,LCJ,AGP,2026-11-06,20:40,385.66,ok
2026-10-03,LCJ,AGP,2026-11-08,20:20,341.38,ok
2026-10-03,LCJ,AGP,2026-11-19,12:50,144.33,ok
2026-10-03,LCJ,AGP,2026-11-20,20:40,139.96,ok
2026-10-03,LCJ,AGP,2026-11-26,12:50,194.19,ok
2026-10-03,LCJ,AGP,2026-12-04,20:40,147.84,ok
2026-10-03,LCJ,AGP,2026-12-11,20:40,218.71,ok
2026-10-03,LCJ,AGP,2026-12-18,20:40,236.21,ok
2026-10-03,LCJ,AGP,2026-12-20,20:20,196.85,ok
2026-10-03,LCJ,AGP,2026-12-27,20:20,625.18,ok
2026-10-03,LCJ,AGP,2027-01-01,20:40,165.91,ok
2026-10-03,LCJ,AGP,2027-01-03,20:20,293.08,ok
2026-10-03,LCJ,AGP,2027-01-10,20:20,96.21,ok
2026-10-03,LCJ,AGP,2027-01-17,20:20,450.47,ok
2026-10-03,LCJ,AGP,2027-01-22,20:40,231.81,ok
2026-10-03,LCJ,AGP,2027-01-24,20:20,214.33,ok
2026-10-03,LCJ,AGP,2027-01-29,20:40,297.46,ok
2026-10-03,LCJ,AGP,2027-01-31,20:20,179.00,ok
2026-10-03,LCJ,AGP,2027-02-19,20:40,153.00,ok
2026-10-03,LCJ,AGP,2027-02-26,20:40,231.83,ok
2026-10-03,LCJ,AGP,2027-03-19,20:40,231.81,ok
2026-10-03,LCJ,AGP,2027-03-26,20:40,367.46,ok
2026-10-03,AGP,LCJ,2026-10-03,15:40,905.58,ok
2026-10-03,AGP,LCJ,2026-10-07,15:20,349.96,ok
2026-10-03,AGP,LCJ,2026-10-10,15:40,640.71,ok
2026-10-03,AGP,LCJ,2026-10-14,15:20,398.08,ok
2026-10-03,AGP,LCJ,2026-10-17,15:40,402.46,ok
2026-10-03,AGP,LCJ,2026-10-21,15:20,398.08,ok
2026-10-03,AGP,LCJ,2026-10-24,15:40,380.58,ok
2026-10-03,AGP,LCJ,2026-10-25,16:10,443.47,ok
2026-10-03,AGP,LCJ,2026-10-30,16:30,335.61,ok
2026-10-03,AGP,LCJ,2026-11-01,16:10,192.92,ok
2026-10-03,AGP,LCJ,2026-11-05,08:40,96.21,ok
2026-10-03,AGP,LCJ,2026-11-06,16:30,175.37,ok
2026-10-03,AGP,LCJ,2026-11-08,16:10,327.38,ok
2026-10-03,AGP,LCJ,2026-11-12,08:40,319.33,ok
2026-10-03,AGP,LCJ,2026-11-13,16:30,271.21,ok
2026-10-03,AGP,LCJ,2026-11-15,16:10,655.54,ok
2026-10-03,AGP,LCJ,2026-11-19,08:40,197.95,ok
2026-10-03,AGP,LCJ,2026-11-20,16:30,163.86,ok
2026-10-03,AGP,LCJ,2026-11-22,16:10,336.83,ok
2026-10-03,AGP,LCJ,2026-11-27,16:30,139.96,ok
2026-10-03,AGP,LCJ,2026-11-29,16:10,295.00,ok
2026-10-03,AGP,LCJ,2026-12-04,16:30,262.46,ok
2026-10-03,AGP,LCJ,2026-12-06,16:10,246.86,ok
2026-10-03,AGP,LCJ,2026-12-18,16:30,148.71,ok
2026-10-03,AGP,LCJ,2026-12-20,16:10,145.26,ok
2026-10-03,AGP,LCJ,2026-12-27,16:10,141.41,ok
2026-10-03,AGP,LCJ,2027-01-01,16:30,179.33,ok
2026-10-03,AGP,LCJ,2027-01-03,16:10,328.08,ok
2026-10-03,AGP,LCJ,2027-01-08,16:30,454.96,ok
2026-10-03,AGP,LCJ,2027-01-10,16:10,309.72,ok
2026-10-03,AGP,LCJ,2027-01-22,16:30,401.28,ok
2026-10-03,AGP,LCJ,2027-01-24,16:10,351.00,ok
2026-10-03,AGP,LCJ,2027-01-29,16:30,401.28,ok
2026-10-03,AGP,LCJ,2027-01-31,16:10,401.28,ok
2026-10-03,AGP,LCJ,2027-02-07,16:10,214.33,ok
2026-10-03,AGP,LCJ,2027-02-19,16:30,310.58,ok
2026-10-03,AGP,LCJ,2027-02-26,16:30,472.46,ok
2026-10-03,AGP,LCJ,2027-02-28,16:10,231.81,ok
2026-10-03,AGP,LCJ,2027-03-07,16:10,231.81,ok
2026-10-03,AGP,LCJ,2027-03-12,16:30,253.71,ok
2026-10-03,AGP,LCJ,2027-03-14,16:10,319.33,ok
2026-10-03,AGP,LCJ,2027-03-19,16:30,301.83,ok
2026-10-03,AGP,LCJ,2027-03-21,16:10,309.72,ok
2026-10-03,AGP,LCJ,2027-03-26,16:30,231.81,ok
2026-10-03,AGP,LCJ,2027-04-22,14:40,450.47,ok
2026-10-03,AGP,LCJ,2027-08-05,14:40,677.28,ok
2026-10-03,LCJ,ALC,2026-10-05,21:30,207.03,ok
2026-10-03,LCJ,ALC,2026-10-07,09:40,209.96,ok
2026-10-03,LCJ,ALC,2026-10-09,09:45,384.96,ok
2026-10-03,LCJ,ALC,2026-10-12,21:30,271.94,ok
2026-10-03,LCJ,ALC,2026-10-14,09:40,467.38,ok
2026-10-03,LCJ,ALC,2026-10-16,09:45,559.96,ok
2026-10-03,LCJ,ALC,2026-10-19,21:30,135.58,ok
2026-10-03,LCJ,ALC,2026-10-21,09:40,529.47,ok
2026-10-03,LCJ,ALC,2026-10-23,09:45,450.58,ok
2026-10-03,LCJ,ALC,2026-10-26,19:20,194.69,ok
2026-10-03,LCJ,ALC,2026-10-29,11:55,663.13,ok
2026-10-03,LCJ,ALC,2026-10-31,10:10,353.19,ok
2026-10-03,LCJ,ALC,2026-11-05,11:55,562.35,ok
2026-10-03,LCJ,ALC,2026-11-09,19:20,236.21,ok
2026-10-03,LCJ,ALC,2026-11-19,11:55,223.08,ok
2026-10-03,LCJ,ALC,2026-11-26,11:55,240.41,ok
2026-10-03,LCJ,ALC,2026-12-03,11:55,227.46,ok
2026-10-03,LCJ,ALC,2026-12-10,11:55,123.31,ok
2026-10-03,LCJ,ALC,2026-12-14,19:20,109.33,ok
2026-10-03,LCJ,ALC,2026-12-17,11:55,108.00,ok
2026-10-03,LCJ,ALC,2026-12-24,11:55,463.71,ok
2026-10-03,LCJ,ALC,2026-12-28,19:20,603.91,ok
2026-10-03,LCJ,ALC,2026-12-31,11:55,546.83,ok
2026-10-03,LCJ,ALC,2027-01-14,11:55,329.34,ok
2026-10-03,LCJ,ALC,2027-01-18,19:20,214.38,ok
2026-10-03,LCJ,ALC,2027-01-21,11:55,275.58,ok
2026-10-03,LCJ,ALC,2027-01-25,19:20,188.08,ok
2026-10-03,LCJ,ALC,2027-01-28,11:55,148.25,ok
2026-10-03,LCJ,ALC,2027-02-04,11:55,205.58,ok
2026-10-03,LCJ,ALC,2027-02-08,19:20,131.21,ok
2026-10-03,LCJ,ALC,2027-02-11,11:55,122.46,ok
2026-10-03,LCJ,ALC,2027-02-15,19:20,301.83,ok
2026-10-03,LCJ,ALC,2027-02-18,11:55,214.38,ok
2026-10-03,LCJ,ALC,2027-02-22,19:20,179.33,ok
2026-10-03,LCJ,ALC,2027-02-25,11:55,240.58,ok
2026-10-03,LCJ,ALC,2027-03-04,11:55,275.58,ok
2026-10-03,LCJ,ALC,2027-03-08,19:20,214.33,ok
2026-10-03,LCJ,ALC,2027-03-11,11:55,209.96,ok
2026-10-03,LCJ,ALC,2027-03-18,11:55,214.38,ok
2026-10-03,LCJ,ALC,2027-03-22,19:20,306.21,ok
2026-10-03,LCJ,ALC,2027-03-25,11:55,389.33,ok
2026-10-03,ALC,LCJ,2026-10-05,17:50,682.46,ok
2026-10-03,ALC,LCJ,2026-10-07,05:50,411.21,ok
2026-10-03,ALC,LCJ,2026-10-09,06:00,660.58,ok
2026-10-03,ALC,LCJ,2026-10-12,17:50,678.08,ok
2026-10-03,ALC,LCJ,2026-10-14,05:50,454.96,ok
2026-10-03,ALC,LCJ,2026-10-16,06:00,428.71,ok
2026-10-03,ALC,LCJ,2026-10-19,17:50,656.21,ok
2026-10-03,ALC,LCJ,2026-10-21,05:50,237.53,ok
2026-10-03,ALC,LCJ,2026-10-23,06:00,310.58,ok
2026-10-03,ALC,LCJ,2026-10-26,15:40,632.81,ok
2026-10-03,ALC,LCJ,2026-10-29,08:15,535.00,ok
2026-10-03,ALC,LCJ,2026-10-31,06:30,364.75,ok
2026-10-03,ALC,LCJ,2026-11-02,15:40,431.47,ok
2026-10-03,ALC,LCJ,2026-11-12,08:15,427.09,ok
2026-10-03,ALC,LCJ,2026-11-16,15:40,594.96,ok
2026-10-03,ALC,LCJ,2026-11-19,08:15,199.72,ok
2026-10-03,ALC,LCJ,2026-11-23,15:40,244.75,ok
2026-10-03,ALC,LCJ,2026-11-30,15:40,275.58,ok
2026-10-03,ALC,LCJ,2026-12-03,08:15,183.71,ok
2026-10-03,ALC,LCJ,2026-12-10,08:15,109.33,ok
2026-10-03,ALC,LCJ,2026-12-21,15:40,201.21,ok
2026-10-03,ALC,LCJ,2026-12-28,15:40,217.53,ok
2026-10-03,ALC,LCJ,2026-12-31,08:15,148.71,ok
2026-10-03,ALC,LCJ,2027-01-07,08:15,524.38,ok
2026-10-03,ALC,LCJ,2027-01-11,15:40,363.08,ok
2026-10-03,ALC,LCJ,2027-01-14,08:15,166.21,ok
2026-10-03,ALC,LCJ,2027-01-18,15:40,192.46,ok
2026-10-03,ALC,LCJ,2027-01-21,08:15,144.33,ok
2026-10-03,ALC,LCJ,2027-01-25,15:40,284.33,ok
2026-10-03,ALC,LCJ,2027-01-28,08:15,329.34,ok
2026-10-03,ALC,LCJ,2027-02-01,15:40,250.78,ok
2026-10-03,ALC,LCJ,2027-02-04,08:15,148.25,ok
2026-10-03,ALC,LCJ,2027-02-11,08:15,380.58,ok
2026-10-03,ALC,LCJ,2027-02-15,15:40,323.71,ok
2026-10-03,ALC,LCJ,2027-02-18,08:15,148.25,ok
2026-10-03,ALC,LCJ,2027-02-22,15:40,218.76,ok
2026-10-03,ALC,LCJ,2027-02-25,08:15,176.00,ok
2026-10-03,ALC,LCJ,2027-03-01,15:40,389.33,ok
2026-10-03,ALC,LCJ,2027-03-04,08:15,140.38,ok
2026-10-03,ALC,LCJ,2027-03-08,15:40,162.00,ok
2026-10-03,ALC,LCJ,2027-03-11,08:15,176.00,ok
2026-10-03,ALC,LCJ,2027-03-22,15:40,288.06,ok
2026-10-03,ALC,LCJ,2027-03-25,08:15,341.21,ok
2026-10-03,ALC,LCJ,2027-04-09,13:30,329.34,ok
2026-10-03,LCJ,BGY,2026-10-04,18:05,254.83,ok
2026-10-03,LCJ,BGY,2026-10-06,22:10,174.96,ok
2026-10-03,LCJ,BGY,2026-10-07,12:45,83.08,ok
2026-10-03,LCJ,BGY,2026-10-08,09:50,166.21,ok
2026-10-03,LCJ,BGY,2026-10-09,13:30,433.08,ok
2026-10-03,LCJ,BGY,2026-10-11,18:05,181.19,ok
2026-10-03,LCJ,BGY,2026-10-12,13:30,74.00,ok
2026-10-03,LCJ,BGY,2026-10-14,12:45,74.33,ok
2026-10-03,LCJ,BGY,2026-10-15,09:50,214.33,ok
2026-10-03,LCJ,BGY,2026-10-18,18:05,94.97,ok
2026-10-03,LCJ,BGY,2026-10-19,13:30,78.71,ok
2026-10-03,LCJ,BGY,2026-10-23,13:30,141.57,ok
2026-10-03,LCJ,BGY,2026-10-30,12:10,168.01,ok
2026-10-03,LCJ,BGY,2026-11-06,12:10,230.55,ok
2026-10-03,LCJ,BGY,2026-11-20,12:10,212.71,ok
2026-10-03,LCJ,BGY,2026-11-27,12:10,113.71,ok
2026-10-03,LCJ,BGY,2026-12-04,12:10,244.68,ok
2026-10-03,LCJ,BGY,2026-12-18,12:10,88.47,ok
2026-10-03,LCJ,BGY,2026-12-21,12:25,83.13,ok
2026-10-03,LCJ,BGY,2026-12-23,19:25,212.23,ok
2026-10-03,LCJ,BGY,2026-12-28,12:25,327.35,ok
2026-10-03,LCJ,BGY,2026-12-30,19:25,323.71,ok
2026-10-03,LCJ,BGY,2027-01-04,12:25,143.31,ok
2026-10-03,LCJ,BGY,2027-02-05,12:10,153.08,ok
2026-10-03,LCJ,BGY,2027-02-08,12:25,122.46,ok
2026-10-03,LCJ,BGY,2027-02-12,12:10,97.66,ok
2026-10-03,LCJ,BGY,2027-02-19,12:10,131.21,ok
2026-10-03,LCJ,BGY,2027-02-26,12:10,90.00,ok
2026-10-03,LCJ,BGY,2027-03-01,12:25,122.46,ok
2026-10-03,LCJ,BGY,2027-03-08,12:25,122.46,ok
2026-10-03,LCJ,BGY,2027-03-12,12:10,153.08,ok
2026-10-03,LCJ,BGY,2027-03-19,12:10,170.72,ok
2026-10-03,LCJ,BGY,2027-03-22,12:25,117.94,ok
2026-10-03,LCJ,BGY,2027-03-26,12:10,240.58,ok
2026-10-03,LCJ,BGY,2027-05-14,23:00,327.00,ok
2026-10-03,LCJ,BGY,2027-07-05,14:00,273.03,ok
2026-10-03,BGY,LCJ,2026-10-04,15:25,476.61,ok
2026-10-03,BGY,LCJ,2026-10-05,11:15,358.71,ok
2026-10-03,BGY,LCJ,2026-10-06,19:55,174.96,ok
2026-10-03,BGY,LCJ,2026-10-07,10:30,85.98,ok
2026-10-03,BGY,LCJ,2026-10-08,07:35,153.08,ok
2026-10-03,BGY,LCJ,2026-10-09,11:15,179.33,ok
2026-10-03,BGY,LCJ,2026-10-11,15:25,641.73,ok
2026-10-03,BGY,LCJ,2026-10-13,19:55,144.33,ok
2026-10-03,BGY,LCJ,2026-10-14,10:30,74.70,ok
2026-10-03,BGY,LCJ,2026-10-15,07:35,74.33,ok
2026-10-03,BGY,LCJ,2026-10-16,11:15,166.21,ok
2026-10-03,BGY,LCJ,2026-10-18,15:25,495.03,ok
2026-10-03,BGY,LCJ,2026-10-19,11:15,275.58,ok
2026-10-03,BGY,LCJ,2026-10-20,19:55,148.71,ok
2026-10-03,BGY,LCJ,2026-10-22,07:35,65.00,ok
2026-10-03,BGY,LCJ,2026-10-26,10:05,282.62,ok
2026-10-03,BGY,LCJ,2026-10-30,09:50,117.94,ok
2026-10-03,BGY,LCJ,2026-11-02,10:05,132.38,ok
2026-10-03,BGY,LCJ,2026-11-09,10:05,139.66,ok
2026-10-03,BGY,LCJ,2026-11-13,09:50,65.00,ok
2026-10-03,BGY,LCJ,2026-11-16,10:05,201.03,ok
2026-10-03,BGY,LCJ,2026-11-23,10:05,366.55,ok
2026-10-03,BGY,LCJ,2026-11-30,10:05,138.82,ok
2026-10-03,BGY,LCJ,2026-12-07,10:05,183.71,ok
2026-10-03,BGY,LCJ,2026-12-11,09:50,78.71,ok
2026-10-03,BGY,LCJ,2026-12-14,10:05,121.22,ok
2026-10-03,BGY,LCJ,2026-12-21,10:05,174.26,ok
2026-10-03,BGY,LCJ,2026-12-23,17:05,188.08,ok
2026-10-03,BGY,LCJ,2026-12-28,10:05,112.47,ok
2026-10-03,BGY,LCJ,2026-12-30,17:05,149.46,ok
2026-10-03,BGY,LCJ,2027-01-01,09:50,117.94,ok
2026-10-03,BGY,LCJ,2027-01-04,10:05,273.03,ok
2026-10-03,BGY,LCJ,2027-02-01,10:05,122.46,ok
2026-10-03,BGY,LCJ,2027-02-08,10:05,153.08,ok
2026-10-03,BGY,LCJ,2027-02-15,10:05,143.31,ok
2026-10-03,BGY,LCJ,2027-02-19,09:50,144.33,ok
2026-10-03,BGY,LCJ,2027-03-05,09:50,109.33,ok
2026-10-03,BGY,LCJ,2027-03-22,10:05,143.31,ok
2026-10-03,BGY,LCJ,2027-03-26,09:50,196.83,ok
2026-10-03,BGY,LCJ,2027-05-14,20:45,247.00,ok
2026-10-03,BGY,LCJ,2027-05-31,11:45,404.78,ok
2026-10-03,LCJ,BHX,2026-10-05,22:10,145.37,ok
2026-10-03,LCJ,BHX,2026-10-08,10:20,186.99,ok
2026-10-03,LCJ,BHX,2026-10-12,22:10,102.82,ok
2026-10-03,LCJ,BHX,2026-10-15,10:20,145.37,ok
2026-10-03,LCJ,BHX,2026-10-19,22:10,124.00,ok
2026-10-03,LCJ,BHX,2026-10-22,10:20,131.04,ok
2026-10-03,LCJ,BHX,2026-10-25,19:30,150.49,ok
2026-10-03,LCJ,BHX,2026-10-29,19:10,127.81,ok
2026-10-03,LCJ,BHX,2026-10-30,10:25,146.11,ok
2026-10-03,LCJ,BHX,2026-11-01,19:30,451.34,ok
2026-10-03,LCJ,BHX,2026-11-05,19:10,125.35,ok
2026-10-03,LCJ,BHX,2026-11-06,10:25,113.10,ok
2026-10-03,LCJ,BHX,2026-11-08,19:30,236.21,ok
2026-10-03,LCJ,BHX,2026-11-15,19:30,212.32,ok
2026-10-03,LCJ,BHX,2026-11-19,19:10,109.33,ok
2026-10-03,LCJ,BHX,2026-11-29,19:30,201.21,ok
2026-10-03,LCJ,BHX,2026-12-03,19:10,74.33,ok
2026-10-03,LCJ,BHX,2026-12-06,19:30,213.76,ok
2026-10-03,LCJ,BHX,2026-12-18,10:25,139.96,ok
2026-10-03,LCJ,BHX,2026-12-20,19:30,261.89,ok
2026-10-03,LCJ,BHX,2026-12-27,19:30,319.33,ok
2026-10-03,LCJ,BHX,2026-12-31,19:10,384.78,ok
2026-10-03,LCJ,BHX,2027-01-01,10:25,507.46,ok
2026-10-03,LCJ,BHX,2027-01-08,10:25,214.33,ok
2026-10-03,LCJ,BHX,2027-01-10,19:30,218.71,ok
2026-10-03,LCJ,BHX,2027-01-15,10:25,161.83,ok
2026-10-03,LCJ,BHX,2027-01-22,10:25,179.33,ok
2026-10-03,LCJ,BHX,2027-01-24,19:30,157.46,ok
2026-10-03,LCJ,BHX,2027-01-31,19:30,166.21,ok
2026-10-03,LCJ,BHX,2027-02-04,19:10,170.00,ok
2026-10-03,LCJ,BHX,2027-02-05,10:25,174.38,ok
2026-10-03,LCJ,BHX,2027-02-07,19:30,148.71,ok
2026-10-03,LCJ,BHX,2027-02-12,10:25,144.33,ok
2026-10-03,LCJ,BHX,2027-02-21,19:30,437.03,ok
2026-10-03,LCJ,BHX,2027-02-28,19:30,196.83,ok
2026-10-03,LCJ,BHX,2027-03-05,10:25,122.46,ok
2026-10-03,LCJ,BHX,2027-03-07,19:30,148.71,ok
2026-10-03,LCJ,BHX,2027-03-12,10:25,218.71,ok
2026-10-03,LCJ,BHX,2027-03-14,19:30,157.46,ok
2026-10-03,LCJ,BHX,2027-03-21,19:30,126.83,ok
2026-10-03,LCJ,BHX,2027-03-23,19:50,288.71,ok
2026-10-03,LCJ,BHX,2027-03-25,19:10,166.21,ok
2026-10-03,LCJ,BHX,2027-04-01,21:50,591.00,ok
2026-10-03,LCJ,BHX,2027-05-03,15:40,314.38,ok
2026-10-03,LCJ,BHX,2027-05-06,21:50,276.38,ok
2026-10-03,LCJ,BHX,2027-06-21,15:40,272.00,ok
2026-10-03,LCJ,BHX,2027-06-24,21:50,310.00,ok
2026-10-03,BHX,LCJ,2026-10-05,18:25,145.37,ok
2026-10-03,BHX,LCJ,2026-10-08,06:35,140.25,ok
2026-10-03,BHX,LCJ,2026-10-15,06:35,175.31,ok
2026-10-03,BHX,LCJ,2026-10-19,18:25,249.03,ok
2026-10-03,BHX,LCJ,2026-10-22,06:35,479.69,ok
2026-10-03,BHX,LCJ,2026-10-25,15:45,495.27,ok
2026-10-03,BHX,LCJ,2026-10-29,15:25,150.49,ok
2026-10-03,BHX,LCJ,2026-10-30,06:40,123.43,ok
2026-10-03,BHX,LCJ,2026-11-15,15:45,160.73,ok
2026-10-03,BHX,LCJ,2026-11-20,06:40,110.04,ok
2026-10-03,BHX,LCJ,2026-11-26,15:25,98.44,ok
2026-10-03,BHX,LCJ,2026-11-27,06:40,152.94,ok
2026-10-03,BHX,LCJ,2026-12-04,06:40,179.72,ok
2026-10-03,BHX,LCJ,2026-12-11,06:40,149.53,ok
2026-10-03,BHX,LCJ,2026-12-13,15:45,287.57,ok
2026-10-03,BHX,LCJ,2026-12-17,15:25,625.33,ok
2026-10-03,BHX,LCJ,2026-12-18,06:40,616.29,ok
2026-10-03,BHX,LCJ,2026-12-20,15:45,775.49,ok
2026-10-03,BHX,LCJ,2026-12-27,15:45,308.12,ok
2026-10-03,BHX,LCJ,2026-12-31,15:25,129.77,ok
2026-10-03,BHX,LCJ,2027-01-01,06:40,164.31,ok
2026-10-03,BHX,LCJ,2027-01-03,15:45,251.62,ok
2026-10-03,BHX,LCJ,2027-01-17,15:45,138.63,ok
2026-10-03,BHX,LCJ,2027-01-22,06:40,236.21,ok
2026-10-03,BHX,LCJ,2027-01-24,15:45,148.90,ok
2026-10-03,BHX,LCJ,2027-02-04,15:25,170.00,ok
2026-10-03,BHX,LCJ,2027-02-05,06:40,208.38,ok
2026-10-03,BHX,LCJ,2027-02-07,15:45,169.44,ok
2026-10-03,BHX,LCJ,2027-02-14,15:45,328.66,ok
2026-10-03,BHX,LCJ,2027-03-05,06:40,210.53,ok
2026-10-03,BHX,LCJ,2027-03-07,15:45,148.90,ok
2026-10-03,BHX,LCJ,2027-03-12,06:40,225.94,ok
2026-10-03,BHX,LCJ,2027-03-21,15:45,314.38,ok
2026-10-03,BHX,LCJ,2027-03-23,16:05,498.16,ok
2026-10-03,BHX,LCJ,2027-03-25,15:25,523.84,ok
2026-10-03,BHX,LCJ,2027-04-01,18:05,272.00,ok
2026-10-03,BHX,LCJ,2027-05-03,11:55,314.38,ok
2026-10-03,BHX,LCJ,2027-05-06,18:05,276.38,ok
2026-10-03,BHX,LCJ,2027-06-21,11:55,310.00,ok
2026-10-03,BHX,LCJ,2027-06-24,18:05,310.00,ok
2026-10-03,LCJ,CRL,2026-10-04,14:25,818.08,ok
2026-10-03,LCJ,CRL,2026-10-08,15:30,131.21,ok
2026-10-03,LCJ,CRL,2026-10-11,14:25,179.33,ok
2026-10-03,LCJ,CRL,2026-10-18,14:25,214.33,ok
2026-10-03,CRL,LCJ,2026-10-04,12:05,476.83,ok
2026-10-03,CRL,LCJ,2026-10-08,13:05,81.39,ok
2026-10-03,CRL,LCJ,2026-10-11,12:05,122.46,ok
2026-10-03,CRL,LCJ,2026-10-15,13:05,135.58,ok
2026-10-03,CRL,LCJ,2026-10-18,12:05,218.71,ok
2026-10-03,CRL,LCJ,2026-10-22,13:05,65.58,ok
2026-10-03,LCJ,DUB,2026-10-05,17:30,726.21,ok
2026-10-03,LCJ,DUB,2026-10-08,22:45,454.96,ok
2026-10-03,LCJ,DUB,2026-10-12,17:30,323.71,ok
2026-10-03,LCJ,DUB,2026-10-15,22:45,192.46,ok
2026-10-03,LCJ,DUB,2026-10-19,17:30,182.09,ok
2026-10-03,LCJ,DUB,2026-10-26,13:05,154.76,ok
2026-10-03,LCJ,DUB,2026-10-30,20:25,407.76,ok
2026-10-03,LCJ,DUB,2026-11-02,13:05,329.93,ok
2026-10-03,LCJ,DUB,2026-11-06,20:25,205.58,ok
2026-10-03,LCJ,DUB,2026-11-09,13:05,152.79,ok
2026-10-03,LCJ,DUB,2026-11-16,13:05,142.29,ok
2026-10-03,LCJ,DUB,2026-11-20,20:25,139.96,ok
2026-10-03,LCJ,DUB,2026-11-23,13:05,149.69,ok
2026-10-03,LCJ,DUB,2026-11-30,13:05,130.00,ok
2026-10-03,LCJ,DUB,2026-12-14,13:05,164.69,ok
2026-10-03,LCJ,DUB,2026-12-18,20:25,214.19,ok
2026-10-03,LCJ,DUB,2026-12-21,13:05,214.19,ok
2026-10-03,LCJ,DUB,2026-12-23,11:20,240.58,ok
2026-10-03,LCJ,DUB,2026-12-28,13:05,384.48,ok
2026-10-03,LCJ,DUB,2026-12-30,11:20,446.21,ok
2026-10-03,LCJ,DUB,2027-01-04,13:05,722.38,ok
2026-10-03,LCJ,DUB,2027-01-15,20:25,192.46,ok
2026-10-03,LCJ,DUB,2027-01-29,20:25,161.83,ok
2026-10-03,LCJ,DUB,2027-02-05,20:25,153.08,ok
2026-10-03,LCJ,DUB,2027-03-05,20:25,157.46,ok
2026-10-03,LCJ,DUB,2027-03-08,13:05,506.38,ok
2026-10-03,LCJ,DUB,2027-03-12,20:25,161.83,ok
2026-10-03,LCJ,DUB,2027-03-15,13:05,506.38,ok
2026-10-03,LCJ,DUB,2027-03-19,20:25,161.83,ok
2026-10-03,LCJ,DUB,2027-06-08,16:50,552.38,ok
2026-10-03,LCJ,DUB,2027-06-19,22:20,450.38,ok
2026-10-03,LCJ,DUB,2027-06-22,16:50,450.38,ok
2026-10-03,DUB,LCJ,2026-10-08,18:35,669.33,ok
2026-10-03,DUB,LCJ,2026-10-12,13:20,231.83,ok
2026-10-03,DUB,LCJ,2026-10-15,18:35,293.08,ok
2026-10-03,DUB,LCJ,2026-10-19,13:20,215.34,ok
2026-10-03,DUB,LCJ,2026-10-22,18:35,487.74,ok
2026-10-03,DUB,LCJ,2026-10-26,09:00,210.36,ok
2026-10-03,DUB,LCJ,2026-10-30,16:20,186.62,ok
2026-10-03,DUB,LCJ,2026-11-02,09:00,130.00,ok
2026-10-03,DUB,LCJ,2026-11-06,16:20,131.21,ok
2026-10-03,DUB,LCJ,2026-11-09,09:00,132.45,ok
2026-10-03,DUB,LCJ,2026-11-13,16:20,131.66,ok
2026-10-03,DUB,LCJ,2026-11-16,09:00,136.04,ok
2026-10-03,DUB,LCJ,2026-11-20,16:20,139.84,ok
2026-10-03,DUB,LCJ,2026-11-23,09:00,143.25,ok
2026-10-03,DUB,LCJ,2026-11-27,16:20,130.00,ok
2026-10-03,DUB,LCJ,2026-12-11,16:20,153.08,ok
2026-10-03,DUB,LCJ,2026-12-14,09:00,218.57,ok
2026-10-03,DUB,LCJ,2026-12-18,16:20,593.29,ok
2026-10-03,DUB,LCJ,2026-12-21,09:00,627.28,ok
2026-10-03,DUB,LCJ,2026-12-23,07:15,997.46,ok
2026-10-03,DUB,LCJ,2026-12-28,09:00,361.69,ok
2026-10-03,DUB,LCJ,2026-12-30,07:15,300.79,ok
2026-10-03,DUB,LCJ,2027-01-01,16:20,275.58,ok
2026-10-03,DUB,LCJ,2027-01-04,09:00,310.38,ok
2026-10-03,DUB,LCJ,2027-01-08,16:20,212.63,ok
2026-10-03,DUB,LCJ,2027-01-15,16:20,157.46,ok
2026-10-03,DUB,LCJ,2027-01-29,16:20,161.83,ok
2026-10-03,DUB,LCJ,2027-02-05,16:20,179.33,ok
2026-10-03,DUB,LCJ,2027-02-26,16:20,157.46,ok
2026-10-03,DUB,LCJ,2027-03-05,16:20,148.71,ok
2026-10-03,DUB,LCJ,2027-03-08,09:00,506.38,ok
2026-10-03,DUB,LCJ,2027-03-12,16:20,230.38,ok
2026-10-03,DUB,LCJ,2027-03-15,09:00,506.38,ok
2026-10-03,DUB,LCJ,2027-03-26,16:20,507.46,ok
2026-10-03,DUB,LCJ,2027-06-08,12:45,552.38,ok
2026-10-03,DUB,LCJ,2027-06-19,18:15,663.38,ok
2026-10-03,DUB,LCJ,2027-06-22,12:45,786.38,ok
2026-10-03,LCJ,STN,2026-10-03,,,unavailable
2026-10-03,LCJ,STN,2026-10-04,15:45,1415.98,ok
2026-10-03,LCJ,STN,2026-10-05,16:45,581.08,ok
2026-10-03,LCJ,STN,2026-10-06,20:45,497.84,ok
2026-10-03,LCJ,STN,2026-10-07,11:50,458.45,ok
2026-10-03,LCJ,STN,2026-10-08,16:15,510.57,ok
2026-10-03,LCJ,STN,2026-10-10,11:35,542.74,ok
2026-10-03,LCJ,STN,2026-10-11,15:45,524.58,ok
2026-10-03,LCJ,STN,2026-10-12,16:45,262.58,ok
2026-10-03,LCJ,STN,2026-10-13,20:45,140.06,ok
2026-10-03,LCJ,STN,2026-10-14,11:50,122.90,ok
2026-10-03,LCJ,STN,2026-10-15,16:15,139.15,ok
2026-10-03,LCJ,STN,2026-10-17,11:35,193.42,ok
2026-10-03,LCJ,STN,2026-10-18,15:45,305.80,ok
2026-10-03,LCJ,STN,2026-10-19,16:45,202.80,ok
2026-10-03,LCJ,STN,2026-10-21,11:50,97.52,ok
2026-10-03,LCJ,STN,2026-10-22,16:15,242.73,ok
2026-10-03,LCJ,STN,2026-10-24,11:35,134.77,ok
2026-10-03,LCJ,STN,2026-10-26,10:55,119.27,ok
2026-10-03,LCJ,STN,2026-10-27,20:30,139.35,ok
2026-10-03,LCJ,STN,2026-10-29,17:45,262.82,ok
2026-10-03,LCJ,STN,2026-10-30,10:10,242.73,ok
2026-10-03,LCJ,STN,2026-10-31,12:25,307.85,ok
2026-10-03,LCJ,STN,2026-11-01,17:30,328.08,ok
2026-10-03,LCJ,STN,2026-11-05,17:45,271.21,ok
2026-10-03,LCJ,STN,2026-11-06,10:10,256.95,ok
2026-10-03,LCJ,STN,2026-11-08,13:40,166.21,ok
2026-10-03,LCJ,STN,2026-11-12,17:45,189.94,ok
2026-10-03,LCJ,STN,2026-11-13,10:10,139.96,ok
2026-10-03,LCJ,STN,2026-11-15,13:40,135.58,ok
2026-10-03,LCJ,STN,2026-11-19,17:45,169.64,ok
2026-10-03,LCJ,STN,2026-11-21,12:25,113.71,ok
2026-10-03,LCJ,STN,2026-11-26,17:45,169.64,ok
2026-10-03,LCJ,STN,2026-11-27,10:10,144.33,ok
2026-10-03,LCJ,STN,2026-11-28,12:25,109.33,ok
2026-10-03,LCJ,STN,2026-11-29,13:40,112.44,ok
2026-10-03,LCJ,STN,2026-12-12,12:25,87.46,ok
2026-10-03,LCJ,STN,2026-12-17,17:45,99.45,ok
2026-10-03,LCJ,STN,2026-12-18,14:20,105.22,ok
2026-10-03,LCJ,STN,2026-12-19,12:25,183.19,ok
2026-10-03,LCJ,STN,2026-12-20,17:30,143.04,ok
2026-10-03,LCJ,STN,2026-12-21,10:55,192.46,ok
2026-10-03,LCJ,STN,2026-12-22,21:25,179.33,ok
2026-10-03,LCJ,STN,2026-12-23,09:35,319.92,ok
2026-10-03,LCJ,STN,2026-12-26,12:25,328.08,ok
2026-10-03,LCJ,STN,2026-12-27,17:30,407.14,ok
2026-10-03,LCJ,STN,2026-12-28,10:55,504.42,ok
2026-10-03,LCJ,STN,2026-12-29,21:25,376.90,ok
2026-10-03,LCJ,STN,2026-12-31,17:45,459.51,ok
2026-10-03,LCJ,STN,2027-01-01,10:10,421.00,ok
2026-10-03,LCJ,STN,2027-01-02,12:25,688.00,ok
2026-10-03,LCJ,STN,2027-01-03,17:30,682.46,ok
2026-10-03,LCJ,STN,2027-01-04,10:55,629.38,ok
2026-10-03,LCJ,STN,2027-01-07,17:45,238.48,ok
2026-10-03,LCJ,STN,2027-01-08,14:20,192.46,ok
2026-10-03,LCJ,STN,2027-01-09,12:25,196.83,ok
2026-10-03,LCJ,STN,2027-01-10,17:30,255.38,ok
2026-10-03,LCJ,STN,2027-01-11,10:55,192.46,ok
2026-10-03,LCJ,STN,2027-01-14,17:45,113.71,ok
2026-10-03,LCJ,STN,2027-01-16,12:25,205.58,ok
2026-10-03,LCJ,STN,2027-01-18,10:55,214.33,ok
2026-10-03,LCJ,STN,2027-01-21,17:45,135.58,ok
2026-10-03,LCJ,STN,2027-01-23,12:25,144.25,ok
2026-10-03,LCJ,STN,2027-01-30,12:25,161.83,ok
2026-10-03,LCJ,STN,2027-01-31,17:30,249.33,ok
2026-10-03,LCJ,STN,2027-02-01,10:55,148.71,ok
2026-10-03,LCJ,STN,2027-02-04,17:45,96.21,ok
2026-10-03,LCJ,STN,2027-02-05,10:10,109.33,ok
2026-10-03,LCJ,STN,2027-02-06,12:25,135.58,ok
2026-10-03,LCJ,STN,2027-02-07,17:30,139.96,ok
2026-10-03,LCJ,STN,2027-02-08,10:55,131.21,ok
2026-10-03,LCJ,STN,2027-02-13,12:25,293.38,ok
2026-10-03,LCJ,STN,2027-02-14,17:30,139.96,ok
2026-10-03,LCJ,STN,2027-02-18,17:45,227.46,ok
2026-10-03,LCJ,STN,2027-02-21,13:40,410.38,ok
2026-10-03,LCJ,STN,2027-02-22,10:55,266.83,ok
2026-10-03,LCJ,STN,2027-03-01,10:55,174.63,ok
2026-10-03,LCJ,STN,2027-03-04,17:45,188.08,ok
2026-10-03,LCJ,STN,2027-03-07,17:30,244.96,ok
2026-10-03,LCJ,STN,2027-03-11,17:45,148.71,ok
2026-10-03,LCJ,STN,2027-03-12,10:10,113.71,ok
2026-10-03,LCJ,STN,2027-03-14,17:30,262.46,ok
2026-10-03,LCJ,STN,2027-03-15,10:55,148.71,ok
2026-10-03,LCJ,STN,2027-03-18,17:45,153.08,ok
2026-10-03,LCJ,STN,2027-03-19,14:20,122.46,ok
2026-10-03,LCJ,STN,2027-03-21,13:40,162.38,ok
2026-10-03,LCJ,STN,2027-03-22,10:55,161.83,ok
2026-10-03,LCJ,STN,2027-03-23,16:15,161.83,ok
2026-10-03,LCJ,STN,2027-03-26,10:10,227.46,ok
2026-10-03,LCJ,STN,2027-04-01,09:30,421.00,ok
2026-10-03,LCJ,STN,2027-04-07,17:40,206.03,ok
2026-10-03,LCJ,STN,2027-04-09,10:35,206.03,ok
2026-10-03,LCJ,STN,2027-04-30,10:35,251.00,ok
2026-10-03,LCJ,STN,2027-05-03,10:20,472.38,ok
2026-10-03,LCJ,STN,2027-05-06,09:30,221.38,ok
2026-10-03,LCJ,STN,2027-05-08,22:55,238.48,ok
2026-10-03,LCJ,STN,2027-05-19,17:40,221.38,ok
2026-10-03,LCJ,STN,2027-06-04,10:35,221.38,ok
2026-10-03,LCJ,STN,2027-06-06,10:30,289.00,ok
2026-10-03,LCJ,STN,2027-06-08,21:20,255.38,ok
2026-10-03,LCJ,STN,2027-06-19,22:55,255.38,ok
2026-10-03,LCJ,STN,2027-06-21,10:20,378.00,ok
2026-10-03,LCJ,STN,2027-06-22,21:20,255.38,ok
2026-10-03,LCJ,STN,2027-06-24,09:30,217.00,ok
2026-10-03,LCJ,STN,2027-06-25,10:35,289.00,ok
2026-10-03,LCJ,STN,2027-08-06,10:35,293.38,ok
2026-10-03,STN,LCJ,2026-10-03,,,unavailable
2026-10-03,STN,LCJ,2026-10-04,12:10,923.95,ok
2026-10-03,STN,LCJ,2026-10-05,13:10,213.38,ok
2026-10-03,STN,LCJ,2026-10-06,17:10,139.15,ok
2026-10-03,STN,LCJ,2026-10-07,08:15,107.94,ok
2026-10-03,STN,LCJ,2026-10-08,12:40,303.17,ok
2026-10-03,STN,LCJ,2026-10-10,08:00,266.60,ok
2026-10-03,STN,LCJ,2026-10-11,12:10,395.98,ok
2026-10-03,STN,LCJ,2026-10-12,13:10,303.17,ok
2026-10-03,STN,LCJ,2026-10-13,17:10,149.08,ok
2026-10-03,STN,LCJ,2026-10-14,08:15,298.98,ok
2026-10-03,STN,LCJ,2026-10-15,12:40,354.49,ok
2026-10-03,STN,LCJ,2026-10-17,08:00,397.47,ok
2026-10-03,STN,LCJ,2026-10-18,12:10,397.47,ok
2026-10-03,STN,LCJ,2026-10-19,13:10,326.98,ok
2026-10-03,STN,LCJ,2026-10-20,17:10,277.65,ok
2026-10-03,STN,LCJ,2026-10-21,08:15,289.00,ok
2026-10-03,STN,LCJ,2026-10-22,12:40,475.68,ok
2026-10-03,STN,LCJ,2026-10-24,08:00,649.04,ok
2026-10-03,STN,LCJ,2026-10-25,13:55,372.60,ok
2026-10-03,STN,LCJ,2026-10-26,07:20,292.48,ok
2026-10-03,STN,LCJ,2026-10-27,16:55,265.83,ok
2026-10-03,STN,LCJ,2026-10-29,14:10,202.80,ok
2026-10-03,STN,LCJ,2026-10-30,06:35,111.17,ok
2026-10-03,STN,LCJ,2026-10-31,08:50,229.86,ok
2026-10-03,STN,LCJ,2026-11-01,10:05,92.40,ok
2026-10-03,STN,LCJ,2026-11-02,07:20,96.13,ok
2026-10-03,STN,LCJ,2026-11-05,14:10,102.67,ok
2026-10-03,STN,LCJ,2026-11-12,14:10,149.08,ok
2026-10-03,STN,LCJ,2026-11-13,06:35,124.13,ok
2026-10-03,STN,LCJ,2026-11-14,08:50,88.75,ok
2026-10-03,STN,LCJ,2026-11-15,10:05,128.35,ok
2026-10-03,STN,LCJ,2026-11-20,06:35,143.76,ok
2026-10-03,STN,LCJ,2026-11-21,08:50,112.94,ok
2026-10-03,STN,LCJ,2026-11-22,10:05,97.54,ok
2026-10-03,STN,LCJ,2026-11-23,07:20,119.75,ok
2026-10-03,STN,LCJ,2026-11-26,14:10,255.99,ok
2026-10-03,STN,LCJ,2026-11-27,06:35,205.40,ok
2026-10-03,STN,LCJ,2026-11-28,08:50,107.81,ok
2026-10-03,STN,LCJ,2026-12-04,06:35,103.83,ok
2026-10-03,STN,LCJ,2026-12-05,08:50,105.22,ok
2026-10-03,STN,LCJ,2026-12-07,07:20,217.09,ok
2026-10-03,STN,LCJ,2026-12-10,14:10,195.12,ok
2026-10-03,STN,LCJ,2026-12-11,06:35,120.97,ok
2026-10-03,STN,LCJ,2026-12-12,08:50,204.14,ok
2026-10-03,STN,LCJ,2026-12-13,10:05,164.31,ok
2026-10-03,STN,LCJ,2026-12-14,07:20,195.12,ok
2026-10-03,STN,LCJ,2026-12-17,14:10,780.65,ok
2026-10-03,STN,LCJ,2026-12-19,08:50,1280.86,ok
2026-10-03,STN,LCJ,2026-12-20,13:55,965.55,ok
2026-10-03,STN,LCJ,2026-12-21,07:20,632.20,ok
2026-10-03,STN,LCJ,2026-12-22,17:50,570.66,ok
2026-10-03,STN,LCJ,2026-12-23,05:55,819.28,ok
2026-10-03,STN,LCJ,2026-12-28,07:20,197.71,ok
2026-10-03,STN,LCJ,2026-12-29,17:50,273.27,ok
2026-10-03,STN,LCJ,2026-12-30,05:55,120.97,ok
2026-10-03,STN,LCJ,2026-12-31,14:10,105.22,ok
2026-10-03,STN,LCJ,2027-01-02,08:50,158.00,ok
2026-10-03,STN,LCJ,2027-01-04,07:20,115.38,ok
2026-10-03,STN,LCJ,2027-01-10,13:55,136.38,ok
2026-10-03,STN,LCJ,2027-01-11,07:20,112.94,ok
2026-10-03,STN,LCJ,2027-01-16,08:50,154.03,ok
2026-10-03,STN,LCJ,2027-01-22,10:45,164.31,ok
2026-10-03,STN,LCJ,2027-01-23,08:50,154.03,ok
2026-10-03,STN,LCJ,2027-01-25,07:20,174.63,ok
2026-10-03,STN,LCJ,2027-01-28,14:10,144.25,ok
2026-10-03,STN,LCJ,2027-01-29,10:45,206.03,ok
2026-10-03,STN,LCJ,2027-01-31,13:55,159.17,ok
2026-10-03,STN,LCJ,2027-02-01,07:20,143.76,ok
2026-10-03,STN,LCJ,2027-02-04,14:10,132.00,ok
2026-10-03,STN,LCJ,2027-02-05,06:35,179.72,ok
2026-10-03,STN,LCJ,2027-02-11,14:10,410.84,ok
2026-10-03,STN,LCJ,2027-02-13,08:50,336.38,ok
2026-10-03,STN,LCJ,2027-02-14,10:05,354.35,ok
2026-10-03,STN,LCJ,2027-02-15,07:20,282.44,ok
2026-10-03,STN,LCJ,2027-02-19,06:35,256.76,ok
2026-10-03,STN,LCJ,2027-02-20,08:50,154.03,ok
2026-10-03,STN,LCJ,2027-02-25,14:10,179.72,ok
2026-10-03,STN,LCJ,2027-02-26,06:35,159.17,ok
2026-10-03,STN,LCJ,2027-03-01,07:20,148.90,ok
2026-10-03,STN,LCJ,2027-03-04,14:10,251.62,ok
2026-10-03,STN,LCJ,2027-03-07,13:55,174.63,ok
2026-10-03,STN,LCJ,2027-03-08,07:20,221.38,ok
2026-10-03,STN,LCJ,2027-03-11,14:10,174.58,ok
2026-10-03,STN,LCJ,2027-03-12,06:35,162.38,ok
2026-10-03,STN,LCJ,2027-03-13,08:50,179.72,ok
2026-10-03,STN,LCJ,2027-03-14,13:55,174.63,ok
2026-10-03,STN,LCJ,2027-03-15,07:20,191.38,ok
2026-10-03,STN,LCJ,2027-03-19,10:45,482.75,ok
2026-10-03,STN,LCJ,2027-03-20,08:50,595.75,ok
2026-10-03,STN,LCJ,2027-03-21,10:05,336.38,ok
2026-10-03,STN,LCJ,2027-03-25,14:10,647.11,ok
2026-10-03,STN,LCJ,2027-03-27,08:50,362.19,ok
2026-10-03,STN,LCJ,2027-03-28,06:55,238.48,ok
2026-10-03,STN,LCJ,2027-04-01,05:55,187.00,ok
2026-10-03,STN,LCJ,2027-04-06,17:45,187.00,ok
2026-10-03,STN,LCJ,2027-04-30,07:00,251.00,ok
2026-10-03,STN,LCJ,2027-05-03,06:45,472.38,ok
2026-10-03,STN,LCJ,2027-05-06,05:55,293.38,ok
2026-10-03,STN,LCJ,2027-05-11,17:45,317.00,ok
2026-10-03,STN,LCJ,2027-05-19,14:05,293.38,ok
2026-10-03,STN,LCJ,2027-05-28,07:00,275.72,ok
2026-10-03,STN,LCJ,2027-06-04,07:00,221.38,ok
2026-10-03,STN,LCJ,2027-06-06,06:55,251.00,ok
2026-10-03,STN,LCJ,2027-06-08,17:45,221.38,ok
2026-10-03,STN,LCJ,2027-06-19,19:20,382.38,ok
2026-10-03,STN,LCJ,2027-06-21,06:45,332.00,ok
2026-10-03,STN,LCJ,2027-06-22,17:45,255.38,ok
2026-10-03,STN,LCJ,2027-06-24,05:55,289.00,ok
2026-10-03,STN,LCJ,2027-06-25,07:00,289.00,ok
2026-10-03,STN,LCJ,2027-08-06,07:00,472.38,ok
2026-10-04,LCJ,AGP,2026-10-07,19:25,135.58,ok
2026-10-04,LCJ,AGP,2026-10-10,20:10,223.08,ok
2026-10-04,LCJ,AGP,2026-10-14,19:25,227.46,ok
2026-10-04,LCJ,AGP,2026-10-17,20:10,181.02,ok
2026-10-04,LCJ,AGP,2026-10-21,19:25,227.46,ok
2026-10-04,LCJ,AGP,2026-10-24,20:10,100.58,ok
2026-10-04,LCJ,AGP,2026-11-01,20:20,148.71,ok
2026-10-04,LCJ,AGP,2026-11-05,12:50,201.21,ok
2026-10-04,LCJ,AGP,2026-11-06,20:40,404.43,ok
2026-10-04,LCJ,AGP,2026-11-08,20:20,289.99,ok
2026-10-04,LCJ,AGP,2026-11-12,12:50,240.58,ok
2026-10-04,LCJ,AGP,2026-11-15,20:20,113.71,ok
2026-10-04,LCJ,AGP,2026-11-26,12:50,192.92,ok
2026-10-04,LCJ,AGP,2026-12-11,20:40,214.33,ok
2026-10-04,LCJ,AGP,2026-12-18,20:40,231.83,ok
2026-10-04,LCJ,AGP,2026-12-20,20:20,192.39,ok
2026-10-04,LCJ,AGP,2026-12-27,20:20,703.44,ok
2026-10-04,LCJ,AGP,2027-01-01,20:40,153.00,ok
2026-10-04,LCJ,AGP,2027-01-10,20:20,109.33,ok
2026-10-04,LCJ,AGP,2027-02-05,20:40,192.46,ok
2026-10-04,LCJ,AGP,2027-02-12,20:40,345.58,ok
2026-10-04,LCJ,AGP,2027-02-19,20:40,165.91,ok
2026-10-04,LCJ,AGP,2027-03-12,20:40,179.00,ok
2026-10-04,LCJ,AGP,2027-03-19,20:40,213.00,ok
2026-10-04,LCJ,AGP,2027-04-12,20:00,323.00,ok
2026-10-04,LCJ,AGP,2027-05-13,18:50,327.38,ok
2026-10-04,LCJ,AGP,2027-07-29,18:50,323.00,ok
2026-10-04,AGP,LCJ,2026-10-10,15:40,583.04,ok
2026-10-04,AGP,LCJ,2026-10-17,15:40,380.58,ok
2026-10-04,AGP,LCJ,2026-10-21,15:20,406.83,ok
2026-10-04,AGP,LCJ,2026-10-24,15:40,398.08,ok
2026-10-04,AGP,LCJ,2026-10-25,16:10,390.22,ok
2026-10-04,AGP,LCJ,2026-10-30,16:30,427.06,ok
2026-10-04,AGP,LCJ,2026-11-01,16:10,225.82,ok
2026-10-04,AGP,LCJ,2026-11-05,08:40,87.46,ok
2026-10-04,AGP,LCJ,2026-11-08,16:10,289.99,ok
2026-10-04,AGP,LCJ,2026-11-12,08:40,288.71,ok
2026-10-04,AGP,LCJ,2026-11-13,16:30,253.71,ok
2026-10-04,AGP,LCJ,2026-11-15,16:10,635.46,ok
2026-10-04,AGP,LCJ,2026-11-19,08:40,216.76,ok
2026-10-04,AGP,LCJ,2026-11-20,16:30,155.63,ok
2026-10-04,AGP,LCJ,2026-11-27,16:30,135.58,ok
2026-10-04,AGP,LCJ,2026-11-29,16:10,328.64,ok
2026-10-04,AGP,LCJ,2026-12-04,16:30,258.08,ok
2026-10-04,AGP,LCJ,2026-12-13,16:10,170.58,ok
2026-10-04,AGP,LCJ,2026-12-18,16:30,144.33,ok
2026-10-04,AGP,LCJ,2027-01-03,16:10,349.96,ok
2026-10-04,AGP,LCJ,2027-01-08,16:30,446.21,ok
2026-10-04,AGP,LCJ,2027-01-22,16:30,351.00,ok
2026-10-04,AGP,LCJ,2027-02-07,16:10,209.96,ok
2026-10-04,AGP,LCJ,2027-02-19,16:30,306.21,ok
2026-10-04,AGP,LCJ,2027-04-12,15:50,417.00,ok
2026-10-04,AGP,LCJ,2027-05-13,14:40,522.38,ok
2026-10-04,AGP,LCJ,2027-07-29,14:40,569.00,ok
2026-10-04,LCJ,ALC,2026-10-05,21:30,278.44,ok
2026-10-04,LCJ,ALC,2026-10-07,09:40,231.83,ok
2026-10-04,LCJ,ALC,2026-10-09,09:45,376.21,ok
2026-10-04,LCJ,ALC,2026-10-12,21:30,263.72,ok
2026-10-04,LCJ,ALC,2026-10-14,09:40,452.50,ok
2026-10-04,LCJ,ALC,2026-10-16,09:45,538.08,ok
2026-10-04,LCJ,ALC,2026-10-21,09:40,470.69,ok
2026-10-04,LCJ,ALC,2026-10-23,09:45,419.96,ok
2026-10-04,LCJ,ALC,2026-10-26,19:20,200.91,ok
2026-10-04,LCJ,ALC,2026-10-29,11:55,647.69,ok
2026-10-04,LCJ,ALC,2026-10-31,10:10,310.31,ok
2026-10-04,LCJ,ALC,2026-11-05,11:55,589.91,ok
2026-10-04,LCJ,ALC,2026-11-09,19:20,258.08,ok
2026-10-04,LCJ,ALC,2026-11-12,11:55,231.83,ok
2026-10-04,LCJ,ALC,2026-11-23,19:20,123.71,ok
2026-10-04,LCJ,ALC,2026-11-26,11:55,244.79,ok
2026-10-04,LCJ,ALC,2026-11-30,19:20,128.08,ok
2026-10-04,LCJ,ALC,2026-12-03,11:55,209.96,ok
2026-10-04,LCJ,ALC,2026-12-14,19:20,104.96,ok
2026-10-04,LCJ,ALC,2026-12-17,11:55,111.59,ok
2026-10-04,LCJ,ALC,2026-12-21,19:20,192.46,ok
2026-10-04,LCJ,ALC,2026-12-24,11:55,454.96,ok
2026-10-04,LCJ,ALC,2027-01-11,19:20,140.38,ok
2026-10-04,LCJ,ALC,2027-01-21,11:55,271.21,ok
2026-10-04,LCJ,ALC,2027-01-25,19:20,183.71,ok
2026-10-04,LCJ,ALC,2027-02-08,19:20,118.08,ok
2026-10-04,LCJ,ALC,2027-04-12,09:35,264.00,ok
2026-10-04,LCJ,ALC,2027-07-30,17:10,446.38,ok
2026-10-04,ALC,LCJ,2026-10-05,17:50,713.08,ok
2026-10-04,ALC,LCJ,2026-10-09,06:00,818.08,ok
2026-10-04,ALC,LCJ,2026-10-12,17:50,743.71,ok
2026-10-04,ALC,LCJ,2026-10-14,05:50,472.46,ok
2026-10-04,ALC,LCJ,2026-10-16,06:00,354.33,ok
2026-10-04,ALC,LCJ,2026-10-21,05:50,213.37,ok
2026-10-04,ALC,LCJ,2026-10-23,06:00,319.33,ok
2026-10-04,ALC,LCJ,2026-10-26,15:40,613.12,ok
2026-10-04,ALC,LCJ,2026-10-29,08:15,498.25,ok
2026-10-04,ALC,LCJ,2026-11-02,15:40,487.50,ok
2026-10-04,ALC,LCJ,2026-11-05,08:15,306.21,ok
2026-10-04,ALC,LCJ,2026-11-09,15:40,314.96,ok
2026-10-04,ALC,LCJ,2026-11-12,08:15,433.66,ok
2026-10-04,ALC,LCJ,2026-11-16,15:40,603.71,ok
2026-10-04,ALC,LCJ,2026-11-19,08:15,208.86,ok
2026-10-04,ALC,LCJ,2026-11-23,15:40,249.13,ok
2026-10-04,ALC,LCJ,2026-11-26,08:15,131.21,ok
2026-10-04,ALC,LCJ,2026-11-30,15:40,271.21,ok
2026-10-04,ALC,LCJ,2026-12-03,08:15,179.33,ok
2026-10-04,ALC,LCJ,2026-12-07,15:40,192.46,ok
2026-10-04,ALC,LCJ,2026-12-10,08:15,104.96,ok
2026-10-04,ALC,LCJ,2026-12-14,15:40,209.96,ok
2026-10-04,ALC,LCJ,2026-12-17,08:15,114.12,ok
2026-10-04,ALC,LCJ,2026-12-21,15:40,209.96,ok
2026-10-04,ALC,LCJ,2026-12-24,08:15,100.58,ok
2026-10-04,ALC,LCJ,2026-12-28,15:40,221.69,ok
2026-10-04,ALC,LCJ,2026-12-31,08:15,153.08,ok
2026-10-04,ALC,LCJ,2027-01-04,15:40,437.46,ok
2026-10-04,ALC,LCJ,2027-01-07,08:15,477.00,ok
2026-10-04,ALC,LCJ,2027-01-25,15:40,275.58,ok
2026-10-04,ALC,LCJ,2027-02-01,15:40,214.38,ok
2026-10-04,ALC,LCJ,2027-02-22,15:40,214.38,ok
2026-10-04,ALC,LCJ,2027-03-04,08:15,136.00,ok
2026-10-04,ALC,LCJ,2027-04-12,05:55,485.00,ok
2026-10-04,ALC,LCJ,2027-07-30,13:30,646.38,ok
2026-10-04,LCJ,BGY,2026-10-04,18:05,590.93,ok
2026-10-04,LCJ,BGY,2026-10-05,13:30,218.71,ok
2026-10-04,LCJ,BGY,2026-10-06,22:10,196.83,ok
2026-10-04,LCJ,BGY,2026-10-07,12:45,91.83,ok
2026-10-04,LCJ,BGY,2026-10-08,09:50,183.71,ok
2026-10-04,LCJ,BGY,2026-10-09,13:30,402.46,ok
2026-10-04,LCJ,BGY,2026-10-11,18:05,161.61,ok
2026-10-04,LCJ,BGY,2026-10-15,09:50,157.46,ok
2026-10-04,LCJ,BGY,2026-10-16,13:30,196.83,ok
2026-10-04,LCJ,BGY,2026-10-18,18:05,77.01,ok
2026-10-04,LCJ,BGY,2026-10-19,13:30,69.96,ok
2026-10-04,LCJ,BGY,2026-10-30,12:10,143.20,ok
2026-10-04,LCJ,BGY,2026-11-13,12:10,75.32,ok
2026-10-04,LCJ,BGY,2026-11-16,12:25,79.57,ok
2026-10-04,LCJ,BGY,2026-11-20,12:10,242.45,ok
2026-10-04,LCJ,BGY,2026-11-27,12:10,109.33,ok
2026-10-04,LCJ,BGY,2026-12-11,12:10,188.08,ok
2026-10-04,LCJ,BGY,2026-12-14,12:25,78.71,ok
2026-10-04,LCJ,BGY,2026-12-23,19:25,179.60,ok
2026-10-04,LCJ,BGY,2027-04-12,14:00,183.00,ok
2026-10-04,LCJ,BGY,2027-09-06,14:00,289.38,ok
2026-10-04,BGY,LCJ,2026-10-04,15:25,590.93,ok
2026-10-04,BGY,LCJ,2026-10-05,11:15,406.83,ok
2026-10-04,BGY,LCJ,2026-10-06,19:55,196.83,ok
2026-10-04,BGY,LCJ,2026-10-07,10:30,99.35,ok
2026-10-04,BGY,LCJ,2026-10-08,07:35,174.96,ok
2026-10-04,BGY,LCJ,2026-10-09,11:15,161.83,ok
2026-10-04,BGY,LCJ,2026-10-11,15:25,592.14,ok
2026-10-04,BGY,LCJ,2026-10-12,11:15,183.71,ok
2026-10-04,BGY,LCJ,2026-10-13,19:55,135.58,ok
2026-10-04,BGY,LCJ,2026-10-14,10:30,74.00,ok
2026-10-04,BGY,LCJ,2026-10-18,15:25,624.84,ok
2026-10-04,BGY,LCJ,2026-10-26,10:05,290.45,ok
2026-10-04,BGY,LCJ,2026-10-28,13:35,69.38,ok
2026-10-04,BGY,LCJ,2026-10-30,09:50,96.07,ok
2026-10-04,BGY,LCJ,2026-11-02,10:05,117.07,ok
2026-10-04,BGY,LCJ,2026-11-06,09:50,83.03,ok
2026-10-04,BGY,LCJ,2026-11-16,10:05,191.32,ok
2026-10-04,BGY,LCJ,2026-11-20,09:50,77.07,ok
2026-10-04,BGY,LCJ,2026-11-23,10:05,370.93,ok
2026-10-04,BGY,LCJ,2026-11-27,09:50,75.81,ok
2026-10-04,BGY,LCJ,2026-12-07,10:05,170.58,ok
2026-10-04,BGY,LCJ,2026-12-18,09:50,96.21,ok
2026-10-04,BGY,LCJ,2027-01-01,09:50,107.00,ok
2026-10-04,BGY,LCJ,2027-01-04,10:05,313.22,ok
2026-10-04,BGY,LCJ,2027-03-12,09:50,90.00,ok
2026-10-04,BGY,LCJ,2027-04-12,11:45,247.00,ok
2026-10-04,BGY,LCJ,2027-09-06,11:45,518.38,ok
2026-10-04,LCJ,BHX,2026-10-05,22:10,200.46,ok
2026-10-04,LCJ,BHX,2026-10-12,22:10,98.44,ok
2026-10-04,LCJ,BHX,2026-10-15,10:20,140.99,ok
2026-10-04,LCJ,BHX,2026-10-19,22:10,119.62,ok
2026-10-04,LCJ,BHX,2026-10-22,10:20,127.28,ok
2026-10-04,LCJ,BHX,2026-10-29,19:10,155.61,ok
2026-10-04,LCJ,BHX,2026-10-30,10:25,145.37,ok
2026-10-04,LCJ,BHX,2026-11-01,19:30,444.74,ok
2026-10-04,LCJ,BHX,2026-11-05,19:10,136.69,ok
2026-10-04,LCJ,BHX,2026-11-06,10:25,115.15,ok
2026-10-04,LCJ,BHX,2026-11-08,19:30,240.58,ok
2026-10-04,LCJ,BHX,2026-11-15,19:30,192.80,ok
2026-10-04,LCJ,BHX,2026-11-19,19:10,118.08,ok
2026-10-04,LCJ,BHX,2026-11-22,19:30,179.33,ok
2026-10-04,LCJ,BHX,2026-11-29,19:30,192.46,ok
2026-10-04,LCJ,BHX,2026-12-06,19:30,218.14,ok
2026-10-04,LCJ,BHX,2026-12-13,19:30,139.96,ok
2026-10-04,LCJ,BHX,2026-12-20,19:30,266.97,ok
2026-10-04,LCJ,BHX,2026-12-27,19:30,310.58,ok
2026-10-04,LCJ,BHX,2026-12-31,19:10,394.01,ok
2026-10-04,LCJ,BHX,2027-01-08,10:25,209.96,ok
2026-10-04,LCJ,BHX,2027-01-21,19:10,170.00,ok
2026-10-04,LCJ,BHX,2027-01-22,10:25,174.96,ok
2026-10-04,LCJ,BHX,2027-01-28,19:10,145.00,ok
2026-10-04,LCJ,BHX,2027-02-05,10:25,145.00,ok
2026-10-04,LCJ,BHX,2027-02-11,19:10,170.00,ok
2026-10-04,LCJ,BHX,2027-04-22,21:50,276.38,ok
2026-10-04,LCJ,BHX,2027-05-03,15:40,310.00,ok
2026-10-04,LCJ,BHX,2027-05-06,21:50,272.00,ok
2026-10-04,LCJ,BHX,2027-05-10,15:40,310.00,ok
2026-10-04,LCJ,BHX,2027-05-31,15:40,493.38,ok
2026-10-04,LCJ,BHX,2027-06-07,15:40,314.38,ok
2026-10-04,LCJ,BHX,2027-08-19,21:50,595.38,ok
2026-10-04,BHX,LCJ,2026-10-05,18:25,200.46,ok
2026-10-04,BHX,LCJ,2026-10-15,06:35,170.93,ok
2026-10-04,BHX,LCJ,2026-10-19,18:25,207.11,ok
2026-10-04,BHX,LCJ,2026-10-22,06:35,501.99,ok
2026-10-04,BHX,LCJ,2026-10-30,06:40,127.81,ok
2026-10-04,BHX,LCJ,2026-11-15,15:45,192.80,ok
2026-10-04,BHX,LCJ,2026-11-19,15:25,107.81,ok
2026-10-04,BHX,LCJ,2026-11-22,15:45,110.04,ok
2026-10-04,BHX,LCJ,2026-11-29,15:45,184.85,ok
2026-10-04,BHX,LCJ,2026-12-04,06:40,164.31,ok
2026-10-04,BHX,LCJ,2026-12-13,15:45,282.44,ok
2026-10-04,BHX,LCJ,2026-12-17,15:25,617.41,ok
2026-10-04,BHX,LCJ,2026-12-18,06:40,703.61,ok
2026-10-04,BHX,LCJ,2026-12-20,15:45,749.94,ok
2026-10-04,BHX,LCJ,2026-12-31,15:25,133.58,ok
2026-10-04,BHX,LCJ,2027-01-10,15:45,148.90,ok
2026-10-04,BHX,LCJ,2027-01-15,06:40,123.38,ok
2026-10-04,BHX,LCJ,2027-01-21,15:25,145.00,ok
2026-10-04,BHX,LCJ,2027-01-22,06:40,231.08,ok
2026-10-04,BHX,LCJ,2027-01-28,15:25,170.00,ok
2026-10-04,BHX,LCJ,2027-01-29,06:40,145.00,ok
2026-10-04,BHX,LCJ,2027-02-04,15:25,145.00,ok
2026-10-04,BHX,LCJ,2027-02-05,06:40,170.00,ok
2026-10-04,BHX,LCJ,2027-02-12,06:40,314.38,ok
2026-10-04,BHX,LCJ,2027-03-12,06:40,220.80,ok
2026-10-04,BHX,LCJ,2027-03-19,06:40,310.00,ok
2026-10-04,BHX,LCJ,2027-03-21,15:45,310.00,ok
2026-10-04,BHX,LCJ,2027-03-23,16:05,493.02,ok
2026-10-04,BHX,LCJ,2027-03-25,15:25,600.88,ok
2026-10-04,BHX,LCJ,2027-04-22,18:05,276.38,ok
2026-10-04,BHX,LCJ,2027-05-03,11:55,310.00,ok
2026-10-04,BHX,LCJ,2027-05-06,18:05,272.00,ok
2026-10-04,BHX,LCJ,2027-05-10,11:55,272.00,ok
2026-10-04,BHX,LCJ,2027-05-31,11:55,314.38,ok
2026-10-04,BHX,LCJ,2027-06-07,11:55,276.38,ok
2026-10-04,BHX,LCJ,2027-08-19,18:05,314.38,ok
2026-10-04,LCJ,CRL,2026-10-04,14:25,909.96,ok
2026-10-04,LCJ,CRL,2026-10-08,15:30,153.08,ok
2026-10-04,LCJ,CRL,2026-10-11,14:25,183.71,ok
2026-10-04,LCJ,CRL,2026-10-15,15:30,83.08,ok
2026-10-04,LCJ,CRL,2026-10-18,14:25,223.08,ok
2026-10-04,CRL,LCJ,2026-10-04,12:05,529.33,ok
2026-10-04,CRL,LCJ,2026-10-08,13:05,106.35,ok
2026-10-04,CRL,LCJ,2026-10-11,12:05,139.96,ok
2026-10-04,CRL,LCJ,2026-10-15,13:05,104.96,ok
2026-10-04,CRL,LCJ,2026-10-18,12:05,209.96,ok
2026-10-04,CRL,LCJ,2026-10-22,13:05,74.33,ok
2026-10-04,LCJ,DUB,2026-10-05,17:30,839.96,ok
2026-10-04,LCJ,DUB,2026-10-08,22:45,555.58,ok
2026-10-04,LCJ,DUB,2026-10-12,17:30,341.21,ok
2026-10-04,LCJ,DUB,2026-10-15,22:45,188.08,ok
2026-10-04,LCJ,DUB,2026-10-19,17:30,205.98,ok
2026-10-04,LCJ,DUB,2026-10-22,22:45,157.46,ok
2026-10-04,LCJ,DUB,2026-10-26,13:05,182.09,ok
2026-10-04,LCJ,DUB,2026-10-30,20:25,465.74,ok
2026-10-04,LCJ,DUB,2026-11-02,13:05,369.52,ok
2026-10-04,LCJ,DUB,2026-11-06,20:25,201.21,ok
2026-10-04,LCJ,DUB,2026-11-16,13:05,144.79,ok
2026-10-04,LCJ,DUB,2026-11-20,20:25,135.58,ok
2026-10-04,LCJ,DUB,2026-11-23,13:05,130.00,ok
2026-10-04,LCJ,DUB,2026-11-27,20:25,148.64,ok
2026-10-04,LCJ,DUB,2026-11-30,13:05,135.12,ok
2026-10-04,LCJ,DUB,2026-12-04,20:25,122.46,ok
2026-10-04,LCJ,DUB,2026-12-07,13:05,133.59,ok
2026-10-04,LCJ,DUB,2026-12-11,20:25,141.68,ok
2026-10-04,LCJ,DUB,2026-12-14,13:05,160.31,ok
2026-10-04,LCJ,DUB,2026-12-21,13:05,208.28,ok
2026-10-04,LCJ,DUB,2026-12-23,11:20,236.21,ok
2026-10-04,LCJ,DUB,2026-12-28,13:05,343.14,ok
2026-10-04,LCJ,DUB,2026-12-30,11:20,441.83,ok
2026-10-04,LCJ,DUB,2027-01-01,20:25,589.34,ok
2026-10-04,LCJ,DUB,2027-01-04,13:05,718.00,ok
2026-10-04,LCJ,DUB,2027-01-11,13:05,306.00,ok
2026-10-04,LCJ,DUB,2027-01-18,13:05,264.00,ok
2026-10-04,LCJ,DUB,2027-01-25,13:05,391.00,ok
2026-10-04,LCJ,DUB,2027-01-29,20:25,157.46,ok
2026-10-04,LCJ,DUB,2027-02-01,13:05,446.00,ok
2026-10-04,LCJ,DUB,2027-02-12,20:25,170.38,ok
2026-10-04,LCJ,DUB,2027-03-08,13:05,502.00,ok
2026-10-04,LCJ,DUB,2027-03-22,13:05,446.00,ok
2026-10-04,LCJ,DUB,2027-06-01,16:50,607.38,ok
2026-10-04,LCJ,DUB,2027-06-05,22:20,450.38,ok
2026-10-04,LCJ,DUB,2027-09-04,22:20,783.19,ok
2026-10-04,DUB,LCJ,2026-10-05,13:20,332.46,ok
2026-10-04,DUB,LCJ,2026-10-08,18:35,739.33,ok
2026-10-04,DUB,LCJ,2026-10-19,13:20,205.98,ok
2026-10-04,DUB,LCJ,2026-10-26,09:00,254.01,ok
2026-10-04,DUB,LCJ,2026-10-30,16:20,196.91,ok
2026-10-04,DUB,LCJ,2026-11-06,16:20,135.58,ok
2026-10-04,DUB,LCJ,2026-11-09,09:00,130.00,ok
2026-10-04,DUB,LCJ,2026-11-13,16:20,130.00,ok
2026-10-04,DUB,LCJ,2026-11-23,09:00,130.00,ok
2026-10-04,DUB,LCJ,2026-11-27,16:20,133.76,ok
2026-10-04,DUB,LCJ,2026-12-14,09:00,186.07,ok
2026-10-04,DUB,LCJ,2026-12-18,16:20,531.46,ok
2026-10-04,DUB,LCJ,2026-12-23,07:15,975.58,ok
2026-10-04,DUB,LCJ,2026-12-30,07:15,295.59,ok
2026-10-04,DUB,LCJ,2027-01-04,09:00,306.00,ok
2026-10-04,DUB,LCJ,2027-01-15,16:20,153.08,ok
2026-10-04,DUB,LCJ,2027-01-18,09:00,391.00,ok
2026-10-04,DUB,LCJ,2027-02-12,16:20,230.38,ok
2026-10-04,DUB,LCJ,2027-03-08,09:00,502.00,ok
2026-10-04,DUB,LCJ,2027-03-12,16:20,196.00,ok
2026-10-04,DUB,LCJ,2027-03-19,16:20,391.00,ok
2026-10-04,DUB,LCJ,2027-03-22,09:00,446.00,ok
2026-10-04,DUB,LCJ,2027-03-26,16:20,511.83,ok
2026-10-04,DUB,LCJ,2027-06-01,12:45,506.38,ok
2026-10-04,DUB,LCJ,2027-06-05,18:15,607.38,ok
2026-10-04,LCJ,STN,2026-10-05,16:45,725.54,ok
2026-10-04,LCJ,STN,2026-10-06,20:45,485.11,ok
2026-10-04,LCJ,STN,2026-10-07,11:50,454.07,ok
2026-10-04,LCJ,STN,2026-10-08,16:15,701.83,ok
2026-10-04,LCJ,STN,2026-10-10,11:35,619.82,ok
2026-10-04,LCJ,STN,2026-10-11,15:45,780.47,ok
2026-10-04,LCJ,STN,2026-10-12,16:45,258.20,ok
2026-10-04,LCJ,STN,2026-10-13,20:45,126.62,ok
2026-10-04,LCJ,STN,2026-10-14,11:50,118.52,ok
2026-10-04,LCJ,STN,2026-10-15,16:15,166.09,ok
2026-10-04,LCJ,STN,2026-10-17,11:35,231.23,ok
2026-10-04,LCJ,STN,2026-10-18,15:45,297.40,ok
2026-10-04,LCJ,STN,2026-10-19,16:45,192.73,ok
2026-10-04,LCJ,STN,2026-10-21,11:50,94.64,ok
2026-10-04,LCJ,STN,2026-10-22,16:15,236.29,ok
2026-10-04,LCJ,STN,2026-10-24,11:35,139.15,ok
2026-10-04,LCJ,STN,2026-10-29,17:45,254.22,ok
2026-10-04,LCJ,STN,2026-10-30,10:10,234.24,ok
2026-10-04,LCJ,STN,2026-10-31,12:25,294.12,ok
2026-10-04,LCJ,STN,2026-11-01,13:40,314.96,ok
2026-10-04,LCJ,STN,2026-11-02,10:55,599.33,ok
2026-10-04,LCJ,STN,2026-11-05,17:45,306.21,ok
2026-10-04,LCJ,STN,2026-11-06,10:10,244.96,ok
2026-10-04,LCJ,STN,2026-11-07,12:25,266.83,ok
2026-10-04,LCJ,STN,2026-11-08,13:40,174.96,ok
2026-10-04,LCJ,STN,2026-11-09,10:55,227.46,ok
2026-10-04,LCJ,STN,2026-11-12,17:45,170.69,ok
2026-10-04,LCJ,STN,2026-11-13,10:10,135.58,ok
2026-10-04,LCJ,STN,2026-11-15,13:40,131.21,ok
2026-10-04,LCJ,STN,2026-11-16,10:55,135.58,ok
2026-10-04,LCJ,STN,2026-11-19,17:45,166.31,ok
2026-10-04,LCJ,STN,2026-11-20,10:10,174.96,ok
2026-10-04,LCJ,STN,2026-11-23,10:55,83.08,ok
2026-10-04,LCJ,STN,2026-11-26,17:45,166.31,ok
2026-10-04,LCJ,STN,2026-11-27,10:10,153.08,ok
2026-10-04,LCJ,STN,2026-11-28,12:25,104.96,ok
2026-10-04,LCJ,STN,2026-11-30,10:55,192.46,ok
2026-10-04,LCJ,STN,2026-12-04,14:20,91.81,ok
2026-10-04,LCJ,STN,2026-12-05,12:25,106.72,ok
2026-10-04,LCJ,STN,2026-12-06,17:30,83.08,ok
2026-10-04,LCJ,STN,2026-12-10,17:45,109.33,ok
2026-10-04,LCJ,STN,2026-12-17,17:45,103.83,ok
2026-10-04,LCJ,STN,2026-12-19,12:25,179.39,ok
2026-10-04,LCJ,STN,2026-12-26,12:25,332.46,ok
2026-10-04,LCJ,STN,2026-12-27,17:30,394.19,ok
2026-10-04,LCJ,STN,2026-12-28,10:55,494.84,ok
2026-10-04,LCJ,STN,2027-01-02,12:25,692.38,ok
2026-10-04,LCJ,STN,2027-01-03,17:30,678.08,ok
2026-10-04,LCJ,STN,2027-01-04,10:55,685.38,ok
2026-10-04,LCJ,STN,2027-01-08,14:20,188.08,ok
2026-10-04,LCJ,STN,2027-01-17,17:30,111.00,ok
2026-10-04,LCJ,STN,2027-01-21,17:45,131.21,ok
2026-10-04,LCJ,STN,2027-01-22,14:20,111.00,ok
2026-10-04,LCJ,STN,2027-02-07,13:40,132.00,ok
2026-10-04,LCJ,STN,2027-02-11,17:45,132.00,ok
2026-10-04,LCJ,STN,2027-02-12,10:10,166.21,ok
2026-10-04,LCJ,STN,2027-03-05,10:10,158.00,ok
2026-10-04,LCJ,STN,2027-03-07,17:30,240.58,ok
2026-10-04,LCJ,STN,2027-03-18,17:45,148.71,ok
2026-10-04,LCJ,STN,2027-03-21,13:40,158.00,ok
2026-10-04,LCJ,STN,2027-03-22,10:55,196.83,ok
2026-10-04,LCJ,STN,2027-04-02,10:35,510.44,ok
2026-10-04,LCJ,STN,2027-04-07,17:40,187.00,ok
2026-10-04,LCJ,STN,2027-04-16,10:35,425.38,ok
2026-10-04,LCJ,STN,2027-04-22,09:30,425.38,ok
2026-10-04,LCJ,STN,2027-05-03,10:20,468.00,ok
2026-10-04,LCJ,STN,2027-05-06,09:30,217.00,ok
2026-10-04,LCJ,STN,2027-05-10,10:20,289.00,ok
2026-10-04,LCJ,STN,2027-05-14,10:35,221.38,ok
2026-10-04,LCJ,STN,2027-05-19,17:40,217.00,ok
2026-10-04,LCJ,STN,2027-05-23,10:30,251.00,ok
2026-10-04,LCJ,STN,2027-05-31,10:20,293.38,ok
2026-10-04,LCJ,STN,2027-06-01,21:20,293.38,ok
2026-10-04,LCJ,STN,2027-06-05,22:55,293.38,ok
2026-10-04,LCJ,STN,2027-06-06,10:30,293.38,ok
2026-10-04,LCJ,STN,2027-06-07,10:20,382.38,ok
2026-10-04,LCJ,STN,2027-07-25,10:30,238.48,ok
2026-10-04,LCJ,STN,2027-08-19,09:30,518.38,ok
2026-10-04,LCJ,STN,2027-09-10,10:35,275.72,ok
2026-10-04,STN,LCJ,2026-10-04,12:10,1312.89,ok
2026-10-04,STN,LCJ,2026-10-05,13:10,209.00,ok
2026-10-04,STN,LCJ,2026-10-07,08:15,107.50,ok
2026-10-04,STN,LCJ,2026-10-08,12:40,356.48,ok
2026-10-04,STN,LCJ,2026-10-10,08:00,301.78,ok
2026-10-04,STN,LCJ,2026-10-11,12:10,434.05,ok
2026-10-04,STN,LCJ,2026-10-12,13:10,332.67,ok
2026-10-04,STN,LCJ,2026-10-13,17:10,197.11,ok
2026-10-04,STN,LCJ,2026-10-14,08:15,258.20,ok
2026-10-04,STN,LCJ,2026-10-15,12:40,407.14,ok
2026-10-04,STN,LCJ,2026-10-17,08:00,407.14,ok
2026-10-04,STN,LCJ,2026-10-19,13:10,322.60,ok
2026-10-04,STN,LCJ,2026-10-20,17:10,314.24,ok
2026-10-04,STN,LCJ,2026-10-21,08:15,266.60,ok
2026-10-04,STN,LCJ,2026-10-24,08:00,653.42,ok
2026-10-04,STN,LCJ,2026-10-25,13:55,354.49,ok
2026-10-04,STN,LCJ,2026-10-27,16:55,258.44,ok
2026-10-04,STN,LCJ,2026-10-29,14:10,240.67,ok
2026-10-04,STN,LCJ,2026-10-30,06:35,119.27,ok
2026-10-04,STN,LCJ,2026-10-31,08:50,234.24,ok
2026-10-04,STN,LCJ,2026-11-02,07:20,91.75,ok
2026-10-04,STN,LCJ,2026-11-12,14:10,165.71,ok
2026-10-04,STN,LCJ,2026-11-13,06:35,126.62,ok
2026-10-04,STN,LCJ,2026-11-15,10:05,123.22,ok
2026-10-04,STN,LCJ,2026-11-16,07:20,148.90,ok
2026-10-04,STN,LCJ,2026-11-22,10:05,92.40,ok
2026-10-04,STN,LCJ,2026-11-23,07:20,122.24,ok
2026-10-04,STN,LCJ,2026-11-26,14:10,294.64,ok
2026-10-04,STN,LCJ,2026-11-29,10:05,88.31,ok
2026-10-04,STN,LCJ,2026-11-30,07:20,148.90,ok
2026-10-04,STN,LCJ,2026-12-03,14:10,184.85,ok
2026-10-04,STN,LCJ,2026-12-05,08:50,109.60,ok
2026-10-04,STN,LCJ,2026-12-07,07:20,212.81,ok
2026-10-04,STN,LCJ,2026-12-10,14:10,200.26,ok
2026-10-04,STN,LCJ,2026-12-12,08:50,208.52,ok
2026-10-04,STN,LCJ,2026-12-13,10:05,189.99,ok
2026-10-04,STN,LCJ,2026-12-14,07:20,200.26,ok
2026-10-04,STN,LCJ,2026-12-17,14:10,760.10,ok
2026-10-04,STN,LCJ,2026-12-18,06:35,796.06,ok
2026-10-04,STN,LCJ,2026-12-19,08:50,1239.77,ok
2026-10-04,STN,LCJ,2026-12-21,07:20,649.04,ok
2026-10-04,STN,LCJ,2026-12-22,17:50,673.30,ok
2026-10-04,STN,LCJ,2026-12-23,05:55,793.38,ok
2026-10-04,STN,LCJ,2026-12-26,08:50,374.89,ok
2026-10-04,STN,LCJ,2026-12-29,17:50,263.38,ok
2026-10-04,STN,LCJ,2027-01-02,08:50,162.38,ok
2026-10-04,STN,LCJ,2027-01-04,07:20,111.00,ok
2026-10-04,STN,LCJ,2027-01-15,10:45,115.38,ok
2026-10-04,STN,LCJ,2027-01-24,13:55,111.00,ok
2026-10-04,STN,LCJ,2027-01-28,14:10,174.63,ok
2026-10-04,STN,LCJ,2027-01-30,08:50,132.00,ok
2026-10-04,STN,LCJ,2027-02-06,08:50,132.00,ok
2026-10-04,STN,LCJ,2027-02-07,10:05,132.00,ok
2026-10-04,STN,LCJ,2027-02-08,07:20,132.00,ok
2026-10-04,STN,LCJ,2027-02-12,06:35,336.38,ok
2026-10-04,STN,LCJ,2027-02-14,10:05,349.21,ok
2026-10-04,STN,LCJ,2027-03-05,06:35,158.00,ok
2026-10-04,STN,LCJ,2027-03-08,07:20,217.00,ok
2026-10-04,STN,LCJ,2027-03-11,14:10,169.44,ok
2026-10-04,STN,LCJ,2027-03-12,06:35,158.00,ok
2026-10-04,STN,LCJ,2027-03-20,08:50,590.61,ok
2026-10-04,STN,LCJ,2027-03-21,10:05,332.00,ok
2026-10-04,STN,LCJ,2027-03-22,07:20,421.12,ok
2026-10-04,STN,LCJ,2027-03-28,06:55,275.72,ok
2026-10-04,STN,LCJ,2027-04-16,07:00,472.38,ok
2026-10-04,STN,LCJ,2027-04-22,05:55,191.38,ok
2026-10-04,STN,LCJ,2027-05-03,06:45,468.00,ok
2026-10-04,STN,LCJ,2027-05-06,05:55,289.00,ok
2026-10-04,STN,LCJ,2027-05-10,06:45,289.00,ok
2026-10-04,STN,LCJ,2027-05-14,07:00,382.38,ok
2026-10-04,STN,LCJ,2027-05-19,14:05,289.00,ok
2026-10-04,STN,LCJ,2027-05-23,06:55,421.00,ok
2026-10-04,STN,LCJ,2027-05-31,06:45,255.38,ok
2026-10-04,STN,LCJ,2027-06-01,17:45,221.38,ok
2026-10-04,STN,LCJ,2027-06-05,19:20,255.38,ok
2026-10-04,STN,LCJ,2027-06-06,06:55,255.38,ok
2026-10-04,STN,LCJ,2027-06-07,06:45,336.38,ok
2026-10-04,STN,LCJ,2027-08-19,05:55,255.38,ok
2026-10-05,LCJ,AGP,2026-10-10,20:10,227.46,ok
2026-10-05,LCJ,AGP,2026-10-14,19:25,236.21,ok
2026-10-05,LCJ,AGP,2026-10-17,20:10,210.95,ok
2026-10-05,LCJ,AGP,2026-10-21,19:25,205.58,ok
2026-10-05,LCJ,AGP,2026-11-01,20:20,144.33,ok
2026-10-05,LCJ,AGP,2026-11-05,12:50,214.33,ok
2026-10-05,LCJ,AGP,2026-11-06,20:40,458.22,ok
2026-10-05,LCJ,AGP,2026-11-08,20:20,357.95,ok
2026-10-05,LCJ,AGP,2026-11-12,12:50,227.46,ok
2026-10-05,LCJ,AGP,2026-11-19,12:50,148.71,ok
2026-10-05,LCJ,AGP,2026-11-20,20:40,148.71,ok
2026-10-05,LCJ,AGP,2026-11-26,12:50,188.54,ok
2026-10-05,LCJ,AGP,2027-01-01,20:40,179.00,ok
2026-10-05,LCJ,AGP,2027-05-13,18:50,323.00,ok
2026-10-05,LCJ,AGP,2027-05-17,20:00,323.00,ok
2026-10-05,AGP,LCJ,2026-10-07,15:20,437.46,ok
2026-10-05,AGP,LCJ,2026-10-17,15:40,367.46,ok
2026-10-05,AGP,LCJ,2026-10-21,15:20,398.08,ok
2026-10-05,AGP,LCJ,2026-10-24,15:40,384.96,ok
2026-10-05,AGP,LCJ,2026-11-01,16:10,264.66,ok
2026-10-05,AGP,LCJ,2026-11-05,08:40,83.08,ok
2026-10-05,AGP,LCJ,2026-11-06,16:30,179.75,ok
2026-10-05,AGP,LCJ,2026-11-13,16:30,297.46,ok
2026-10-05,AGP,LCJ,2026-11-19,08:40,221.14,ok
2026-10-05,AGP,LCJ,2026-11-20,16:30,181.98,ok
2026-10-05,AGP,LCJ,2026-11-22,16:10,384.96,ok
2026-10-05,AGP,LCJ,2026-11-27,16:30,153.08,ok
2026-10-05,AGP,LCJ,2026-12-04,16:30,262.46,ok
2026-10-05,AGP,LCJ,2026-12-06,16:10,251.24,ok
2026-10-05,AGP,LCJ,2026-12-13,16:10,174.96,ok
2026-10-05,AGP,LCJ,2026-12-18,16:30,157.46,ok
2026-10-05,AGP,LCJ,2027-01-01,16:30,188.08,ok
2026-10-05,AGP,LCJ,2027-01-03,16:10,371.83,ok
2026-10-05,AGP,LCJ,2027-01-10,16:10,314.10,ok
2026-10-05,AGP,LCJ,2027-02-07,16:10,236.21,ok
2026-10-05,AGP,LCJ,2027-03-26,16:30,336.84,ok
2026-10-05,AGP,LCJ,2027-05-13,14:40,518.00,ok
2026-10-05,AGP,LCJ,2027-05-17,15:50,569.00,ok
2026-10-05,LCJ,ALC,2026-10-05,21:30,744.38,ok
2026-10-05,LCJ,ALC,2026-10-07,09:40,240.58,ok
2026-10-05,LCJ,ALC,2026-10-09,09:45,415.58,ok
2026-10-05,LCJ,ALC,2026-10-12,21:30,301.17,ok
2026-10-05,LCJ,ALC,2026-10-14,09:40,456.88,ok
2026-10-05,LCJ,ALC,2026-10-16,09:45,524.96,ok
2026-10-05,LCJ,ALC,2026-10-19,21:30,131.21,ok
2026-10-05,LCJ,ALC,2026-10-23,09:45,507.46,ok
2026-10-05,LCJ,ALC,2026-11-09,19:20,262.46,ok
2026-10-05,LCJ,ALC,2026-11-16,19:20,131.21,ok
2026-10-05,LCJ,ALC,2026-11-19,11:55,209.96,ok
2026-10-05,LCJ,ALC,2026-11-23,19:20,108.00,ok
2026-10-05,LCJ,ALC,2026-11-26,11:55,240.41,ok
2026-10-05,LCJ,ALC,2026-11-30,19:20,108.00,ok
2026-10-05,LCJ,ALC,2026-12-07,19:20,139.96,ok
2026-10-05,LCJ,ALC,2026-12-14,19:20,109.33,ok
2026-10-05,LCJ,ALC,2026-12-17,11:55,113.42,ok
2026-10-05,LCJ,ALC,2027-01-11,19:20,136.00,ok
2026-10-05,LCJ,ALC,2027-01-18,19:20,250.78,ok
2026-10-05,LCJ,ALC,2027-02-11,11:55,389.33,ok
2026-10-05,LCJ,ALC,2027-02-18,11:55,218.76,ok
2026-10-05,LCJ,ALC,2027-03-18,11:55,218.76,ok
2026-10-05,LCJ,ALC,2027-05-17,09:35,302.00,ok
2026-10-05,LCJ,ALC,2027-07-30,17:10,442.00,ok
2026-10-05,ALC,LCJ,2026-10-05,17:50,691.21,ok
2026-10-05,ALC,LCJ,2026-10-07,05:50,503.08,ok
2026-10-05,ALC,LCJ,2026-10-09,06:00,936.21,ok
2026-10-05,ALC,LCJ,2026-10-14,05:50,476.83,ok
2026-10-05,ALC,LCJ,2026-10-16,06:00,328.08,ok
2026-10-05,ALC,LCJ,2026-10-19,17:50,638.71,ok
2026-10-05,ALC,LCJ,2026-10-21,05:50,244.75,ok
2026-10-05,ALC,LCJ,2026-10-26,15:40,683.06,ok
2026-10-05,ALC,LCJ,2026-11-02,15:40,491.88,ok
2026-10-05,ALC,LCJ,2026-11-05,08:15,297.46,ok
2026-10-05,ALC,LCJ,2026-11-09,15:40,310.58,ok
2026-10-05,ALC,LCJ,2026-11-12,08:15,487.50,ok
2026-10-05,ALC,LCJ,2026-11-16,15:40,599.33,ok
2026-10-05,ALC,LCJ,2026-11-19,08:15,213.24,ok
2026-10-05,ALC,LCJ,2026-11-23,15:40,244.75,ok
2026-10-05,ALC,LCJ,2026-11-26,08:15,139.96,ok
2026-10-05,ALC,LCJ,2026-11-30,15:40,262.46,ok
2026-10-05,ALC,LCJ,2026-12-07,15:40,209.96,ok
2026-10-05,ALC,LCJ,2026-12-14,15:40,205.58,ok
2026-10-05,ALC,LCJ,2026-12-17,08:15,108.00,ok
2026-10-05,ALC,LCJ,2027-01-04,15:40,446.21,ok
2026-10-05,ALC,LCJ,2027-01-25,15:40,323.71,ok
2026-10-05,ALC,LCJ,2027-02-18,08:15,180.38,ok
2026-10-05,ALC,LCJ,2027-03-18,08:15,166.38,ok
2026-10-05,ALC,LCJ,2027-05-17,05:55,586.00,ok
2026-10-05,ALC,LCJ,2027-07-30,13:30,642.00,ok
2026-10-05,LCJ,BGY,2026-10-05,13:30,437.46,ok
2026-10-05,LCJ,BGY,2026-10-06,22:10,218.71,ok
2026-10-05,LCJ,BGY,2026-10-09,13:30,384.96,ok
2026-10-05,LCJ,BGY,2026-10-11,18:05,187.97,ok
2026-10-05,LCJ,BGY,2026-10-15,09:50,183.71,ok
2026-10-05,LCJ,BGY,2026-10-18,18:05,81.39,ok
2026-10-05,LCJ,BGY,2026-10-19,13:30,74.33,ok
2026-10-05,LCJ,BGY,2026-11-13,12:10,65.00,ok
2026-10-05,LCJ,BGY,2026-11-16,12:25,65.00,ok
2026-10-05,LCJ,BGY,2026-11-20,12:10,280.04,ok
2026-10-05,LCJ,BGY,2026-12-30,19:25,328.08,ok
2026-10-05,LCJ,BGY,2027-09-06,14:00,285.00,ok
2026-10-05,BGY,LCJ,2026-10-05,11:15,498.71,ok
2026-10-05,BGY,LCJ,2026-10-06,19:55,218.71,ok
2026-10-05,BGY,LCJ,2026-10-07,10:30,115.54,ok
2026-10-05,BGY,LCJ,2026-10-09,11:15,153.08,ok
2026-10-05,BGY,LCJ,2026-10-13,19:55,113.71,ok
2026-10-05,BGY,LCJ,2026-10-18,15:25,629.22,ok
2026-10-05,BGY,LCJ,2026-10-19,11:15,297.46,ok
2026-10-05,BGY,LCJ,2026-10-21,06:20,69.96,ok
2026-10-05,BGY,LCJ,2026-10-23,11:15,170.58,ok
2026-10-05,BGY,LCJ,2026-10-26,10:05,331.73,ok
2026-10-05,BGY,LCJ,2026-10-28,13:35,98.97,ok
2026-10-05,BGY,LCJ,2026-11-06,09:50,65.00,ok
2026-10-05,BGY,LCJ,2026-11-16,10:05,221.93,ok
2026-10-05,BGY,LCJ,2026-11-20,09:50,65.00,ok
2026-10-05,BGY,LCJ,2026-11-27,09:50,65.00,ok
2026-10-05,BGY,LCJ,2026-12-04,09:50,91.83,ok
2026-10-05,BGY,LCJ,2026-12-07,10:05,157.46,ok
2026-10-05,BGY,LCJ,2026-12-11,09:50,74.33,ok
2026-10-05,BGY,LCJ,2026-12-18,09:50,100.58,ok
2026-10-05,BGY,LCJ,2027-09-06,11:45,514.00,ok
2026-10-05,LCJ,BHX,2026-10-05,22:10,549.51,ok
2026-10-05,LCJ,BHX,2026-10-12,22:10,102.82,ok
2026-10-05,LCJ,BHX,2026-10-15,10:20,145.37,ok
2026-10-05,LCJ,BHX,2026-10-25,19:30,181.12,ok
2026-10-05,LCJ,BHX,2026-10-29,19:10,186.99,ok
2026-10-05,LCJ,BHX,2026-10-30,10:25,175.31,ok
2026-10-05,LCJ,BHX,2026-11-19,19:10,122.46,ok
2026-10-05,LCJ,BHX,2026-11-29,19:30,205.58,ok
2026-10-05,LCJ,BHX,2026-12-03,19:10,78.71,ok
2026-10-05,LCJ,BHX,2026-12-06,19:30,253.45,ok
2026-10-05,LCJ,BHX,2026-12-10,19:10,91.83,ok
2026-10-05,LCJ,BHX,2026-12-13,19:30,144.33,ok
2026-10-05,LCJ,BHX,2026-12-18,10:25,148.71,ok
2026-10-05,LCJ,BHX,2026-12-27,19:30,319.33,ok
2026-10-05,LCJ,BHX,2027-01-03,19:30,794.38,ok
2026-10-05,LCJ,BHX,2027-01-22,10:25,179.33,ok
2026-10-05,LCJ,BHX,2027-02-14,19:30,174.38,ok
2026-10-05,LCJ,BHX,2027-03-26,10:25,153.08,ok
2026-10-05,LCJ,BHX,2027-04-22,21:50,272.00,ok
2026-10-05,LCJ,BHX,2027-05-31,15:40,489.00,ok
2026-10-05,LCJ,BHX,2027-06-07,15:40,310.00,ok
2026-10-05,LCJ,BHX,2027-08-02,15:40,493.38,ok
2026-10-05,LCJ,BHX,2027-08-19,21:50,591.00,ok
2026-10-05,BHX,LCJ,2026-10-05,18:25,549.51,ok
2026-10-05,BHX,LCJ,2026-10-08,06:35,169.44,ok
2026-10-05,BHX,LCJ,2026-10-15,06:35,204.84,ok
2026-10-05,BHX,LCJ,2026-10-22,06:35,549.66,ok
2026-10-05,BHX,LCJ,2026-11-19,15:25,112.94,ok
2026-10-05,BHX,LCJ,2026-11-20,06:40,132.89,ok
2026-10-05,BHX,LCJ,2026-11-26,15:25,102.82,ok
2026-10-05,BHX,LCJ,2026-12-03,15:25,109.77,ok
2026-10-05,BHX,LCJ,2026-12-04,06:40,179.72,ok
2026-10-05,BHX,LCJ,2026-12-06,15:45,107.81,ok
2026-10-05,BHX,LCJ,2026-12-11,06:40,153.91,ok
2026-10-05,BHX,LCJ,2026-12-18,06:40,770.38,ok
2026-10-05,BHX,LCJ,2027-01-15,06:40,119.00,ok
2026-10-05,BHX,LCJ,2027-02-12,06:40,310.00,ok
2026-10-05,BHX,LCJ,2027-04-22,18:05,272.00,ok
2026-10-05,BHX,LCJ,2027-05-31,11:55,310.00,ok
2026-10-05,BHX,LCJ,2027-06-07,11:55,272.00,ok
2026-10-05,BHX,LCJ,2027-08-02,11:55,539.38,ok
2026-10-05,BHX,LCJ,2027-08-19,18:05,310.00,ok
2026-10-05,LCJ,CRL,2026-10-08,15:30,174.96,ok
2026-10-05,LCJ,CRL,2026-10-11,14:25,214.33,ok
2026-10-05,LCJ,CRL,2026-10-18,14:25,227.46,ok
2026-10-05,CRL,LCJ,2026-10-08,13:05,174.00,ok
2026-10-05,CRL,LCJ,2026-10-11,12:05,131.21,ok
2026-10-05,CRL,LCJ,2026-10-15,13:05,109.33,ok
2026-10-05,CRL,LCJ,2026-10-18,12:05,218.71,ok
2026-10-05,CRL,LCJ,2026-10-22,13:05,65.58,ok
2026-10-05,LCJ,DUB,2026-10-05,17:30,949.33,ok
2026-10-05,LCJ,DUB,2026-10-08,22:45,625.58,ok
2026-10-05,LCJ,DUB,2026-10-12,17:30,398.08,ok
2026-10-05,LCJ,DUB,2026-10-15,22:45,157.46,ok
2026-10-05,LCJ,DUB,2026-10-22,22:45,144.33,ok
2026-10-05,LCJ,DUB,2026-11-02,13:05,413.84,ok
2026-10-05,LCJ,DUB,2026-11-06,20:25,196.83,ok
2026-10-05,LCJ,DUB,2026-11-09,13:05,130.00,ok
2026-10-05,LCJ,DUB,2026-11-13,20:25,113.71,ok
2026-10-05,LCJ,DUB,2026-11-16,13:05,147.24,ok
2026-10-05,LCJ,DUB,2026-11-20,20:25,139.96,ok
2026-10-05,LCJ,DUB,2026-11-23,13:05,132.80,ok
2026-10-05,LCJ,DUB,2026-11-27,20:25,130.00,ok
2026-10-05,LCJ,DUB,2026-11-30,13:05,135.91,ok
2026-10-05,LCJ,DUB,2026-12-07,13:05,140.72,ok
2026-10-05,LCJ,DUB,2026-12-11,20:25,130.00,ok
2026-10-05,LCJ,DUB,2026-12-14,13:05,164.69,ok
2026-10-05,LCJ,DUB,2027-02-12,20:25,166.00,ok
2026-10-05,LCJ,DUB,2027-02-26,20:25,144.33,ok
2026-10-05,LCJ,DUB,2027-03-15,13:05,502.00,ok
2026-10-05,LCJ,DUB,2027-06-01,16:50,603.00,ok
2026-10-05,LCJ,DUB,2027-06-08,16:50,548.00,ok
2026-10-05,LCJ,DUB,2027-06-19,22:20,446.00,ok
2026-10-05,LCJ,DUB,2027-06-22,16:50,446.00,ok
2026-10-05,DUB,LCJ,2026-10-05,13:20,520.58,ok
2026-10-05,DUB,LCJ,2026-10-08,18:35,726.21,ok
2026-10-05,DUB,LCJ,2026-10-12,13:20,240.58,ok
2026-10-05,DUB,LCJ,2026-10-15,18:35,314.96,ok
2026-10-05,DUB,LCJ,2026-10-22,18:35,546.36,ok
2026-10-05,DUB,LCJ,2026-11-06,16:20,131.21,ok
2026-10-05,DUB,LCJ,2026-11-09,09:00,135.25,ok
2026-10-05,DUB,LCJ,2026-11-20,16:20,144.79,ok
2026-10-05,DUB,LCJ,2026-11-27,16:20,135.64,ok
2026-10-05,DUB,LCJ,2026-12-14,09:00,190.45,ok
2026-10-05,DUB,LCJ,2026-12-18,16:20,572.80,ok
2026-10-05,DUB,LCJ,2027-02-12,16:20,226.00,ok
2026-10-05,DUB,LCJ,2027-03-15,09:00,502.00,ok
2026-10-05,DUB,LCJ,2027-06-01,12:45,502.00,ok
2026-10-05,DUB,LCJ,2027-06-08,12:45,548.00,ok
2026-10-05,DUB,LCJ,2027-06-19,18:15,659.00,ok
2026-10-05,DUB,LCJ,2027-06-22,12:45,782.00,ok
2026-10-05,LCJ,STN,2026-10-05,16:45,729.92,ok
2026-10-05,LCJ,STN,2026-10-07,11:50,458.45,ok
2026-10-05,LCJ,STN,2026-10-11,15:45,784.85,ok
2026-10-05,LCJ,STN,2026-10-12,16:45,262.58,ok
2026-10-05,LCJ,STN,2026-10-14,11:50,144.09,ok
2026-10-05,LCJ,STN,2026-10-15,16:15,170.47,ok
2026-10-05,LCJ,STN,2026-10-17,11:35,235.61,ok
2026-10-05,LCJ,STN,2026-10-18,15:45,301.78,ok
2026-10-05,LCJ,STN,2026-10-19,16:45,223.43,ok
2026-10-05,LCJ,STN,2026-10-21,11:50,115.55,ok
2026-10-05,LCJ,STN,2026-10-24,11:35,191.37,ok
2026-10-05,LCJ,STN,2026-10-27,20:30,143.73,ok
2026-10-05,LCJ,STN,2026-10-31,12:25,373.93,ok
2026-10-05,LCJ,STN,2026-11-02,10:55,603.71,ok
2026-10-05,LCJ,STN,2026-11-05,17:45,336.83,ok
2026-10-05,LCJ,STN,2026-11-06,10:10,324.22,ok
2026-10-05,LCJ,STN,2026-11-08,13:40,196.83,ok
2026-10-05,LCJ,STN,2026-11-09,10:55,231.83,ok
2026-10-05,LCJ,STN,2026-11-13,10:10,139.96,ok
2026-10-05,LCJ,STN,2026-11-14,12:25,139.96,ok
2026-10-05,LCJ,STN,2026-11-19,17:45,170.69,ok
2026-10-05,LCJ,STN,2026-11-20,10:10,179.33,ok
2026-10-05,LCJ,STN,2026-11-21,12:25,109.33,ok
2026-10-05,LCJ,STN,2026-11-23,10:55,91.83,ok
2026-10-05,LCJ,STN,2026-11-26,17:45,170.69,ok
2026-10-05,LCJ,STN,2026-11-27,10:10,170.58,ok
2026-10-05,LCJ,STN,2026-11-29,13:40,116.82,ok
2026-10-05,LCJ,STN,2026-11-30,10:55,196.83,ok
2026-10-05,LCJ,STN,2026-12-03,17:45,188.08,ok
2026-10-05,LCJ,STN,2026-12-04,14:20,101.48,ok
2026-10-05,LCJ,STN,2026-12-11,14:20,95.09,ok
2026-10-05,LCJ,STN,2026-12-12,12:25,91.83,ok
2026-10-05,LCJ,STN,2026-12-18,10:10,113.71,ok
2026-10-05,LCJ,STN,2026-12-22,21:25,188.08,ok
2026-10-05,LCJ,STN,2026-12-26,12:25,349.96,ok
2026-10-05,LCJ,STN,2026-12-27,13:40,429.81,ok
2026-10-05,LCJ,STN,2027-01-02,12:25,688.00,ok
2026-10-05,LCJ,STN,2027-01-08,14:20,196.83,ok
2026-10-05,LCJ,STN,2027-01-14,17:45,122.46,ok
2026-10-05,LCJ,STN,2027-01-21,17:45,135.58,ok
2026-10-05,LCJ,STN,2027-02-20,12:25,382.38,ok
2026-10-05,LCJ,STN,2027-03-08,10:55,113.71,ok
2026-10-05,LCJ,STN,2027-03-25,17:45,415.58,ok
2026-10-05,LCJ,STN,2027-04-16,10:35,421.00,ok
2026-10-05,LCJ,STN,2027-04-22,09:30,421.00,ok
2026-10-05,LCJ,STN,2027-04-30,10:35,255.38,ok
2026-10-05,LCJ,STN,2027-05-14,10:35,217.00,ok
2026-10-05,LCJ,STN,2027-05-16,10:30,289.00,ok
2026-10-05,LCJ,STN,2027-05-30,10:30,472.38,ok
2026-10-05,LCJ,STN,2027-05-31,10:20,289.00,ok
2026-10-05,LCJ,STN,2027-06-01,21:20,289.00,ok
2026-10-05,LCJ,STN,2027-06-02,17:40,221.38,ok
2026-10-05,LCJ,STN,2027-06-04,10:35,217.00,ok
2026-10-05,LCJ,STN,2027-06-06,10:30,289.00,ok
2026-10-05,LCJ,STN,2027-06-07,10:20,378.00,ok
2026-10-05,LCJ,STN,2027-06-08,21:20,251.00,ok
2026-10-05,LCJ,STN,2027-06-19,22:55,251.00,ok
2026-10-05,LCJ,STN,2027-06-22,21:20,251.00,ok
2026-10-05,LCJ,STN,2027-07-11,10:30,217.00,ok
2026-10-05,LCJ,STN,2027-08-02,10:20,629.38,ok
2026-10-05,LCJ,STN,2027-08-06,10:35,289.00,ok
2026-10-05,LCJ,STN,2027-08-19,09:30,514.00,ok
2026-10-05,LCJ,STN,2027-09-17,10:35,221.38,ok
2026-10-05,STN,LCJ,2026-10-05,13:10,526.74,ok
2026-10-05,STN,LCJ,2026-10-06,17:10,191.37,ok
2026-10-05,STN,LCJ,2026-10-07,08:15,129.13,ok
2026-10-05,STN,LCJ,2026-10-08,12:40,395.98,ok
2026-10-05,STN,LCJ,2026-10-10,08:00,392.14,ok
2026-10-05,STN,LCJ,2026-10-11,12:10,438.43,ok
2026-10-05,STN,LCJ,2026-10-12,13:10,337.05,ok
2026-10-05,STN,LCJ,2026-10-13,17:10,287.32,ok
2026-10-05,STN,LCJ,2026-10-14,08:15,262.58,ok
2026-10-05,STN,LCJ,2026-10-15,12:40,411.52,ok
2026-10-05,STN,LCJ,2026-10-17,08:00,411.52,ok
2026-10-05,STN,LCJ,2026-10-18,12:10,401.85,ok
2026-10-05,STN,LCJ,2026-10-20,17:10,318.62,ok
2026-10-05,STN,LCJ,2026-10-21,08:15,312.23,ok
2026-10-05,STN,LCJ,2026-10-25,13:55,401.85,ok
2026-10-05,STN,LCJ,2026-10-27,16:55,329.78,ok
2026-10-05,STN,LCJ,2026-11-05,14:10,118.08,ok
2026-10-05,STN,LCJ,2026-11-07,08:50,82.13,ok
2026-10-05,STN,LCJ,2026-11-08,13:55,76.99,ok
2026-10-05,STN,LCJ,2026-11-09,07:20,87.00,ok
2026-10-05,STN,LCJ,2026-11-12,14:10,195.19,ok
2026-10-05,STN,LCJ,2026-11-13,06:35,149.08,ok
2026-10-05,STN,LCJ,2026-11-14,08:50,92.25,ok
2026-10-05,STN,LCJ,2026-11-15,10:05,118.08,ok
2026-10-05,STN,LCJ,2026-11-16,07:20,138.63,ok
2026-10-05,STN,LCJ,2026-11-21,08:50,123.22,ok
2026-10-05,STN,LCJ,2026-11-23,07:20,126.62,ok
2026-10-05,STN,LCJ,2026-11-26,14:10,299.02,ok
2026-10-05,STN,LCJ,2026-11-27,06:35,200.26,ok
2026-10-05,STN,LCJ,2026-11-29,10:05,96.10,ok
2026-10-05,STN,LCJ,2026-12-06,10:05,107.81,ok
2026-10-05,STN,LCJ,2026-12-10,14:10,210.53,ok
2026-10-05,STN,LCJ,2026-12-11,10:45,129.03,ok
2026-10-05,STN,LCJ,2026-12-12,08:50,236.17,ok
2026-10-05,STN,LCJ,2026-12-14,07:20,205.40,ok
2026-10-05,STN,LCJ,2026-12-17,14:10,806.33,ok
2026-10-05,STN,LCJ,2026-12-22,17:50,675.49,ok
2026-10-05,STN,LCJ,2026-12-23,05:55,875.56,ok
2026-10-05,STN,LCJ,2026-12-27,10:05,277.30,ok
2026-10-05,STN,LCJ,2026-12-30,05:55,143.04,ok
2026-10-05,STN,LCJ,2027-01-02,08:50,158.00,ok
2026-10-05,STN,LCJ,2027-01-03,10:05,162.38,ok
2026-10-05,STN,LCJ,2027-01-07,14:10,148.90,ok
2026-10-05,STN,LCJ,2027-01-09,08:50,107.81,ok
2026-10-05,STN,LCJ,2027-01-15,10:45,111.00,ok
2026-10-05,STN,LCJ,2027-02-12,06:35,332.00,ok
2026-10-05,STN,LCJ,2027-03-01,07:20,154.03,ok
2026-10-05,STN,LCJ,2027-03-07,13:55,179.01,ok
2026-10-05,STN,LCJ,2027-03-15,07:20,187.00,ok
2026-10-05,STN,LCJ,2027-03-19,06:35,482.75,ok
2026-10-05,STN,LCJ,2027-03-22,07:20,431.39,ok
2026-10-05,STN,LCJ,2027-04-16,07:00,468.00,ok
2026-10-05,STN,LCJ,2027-04-22,05:55,187.00,ok
2026-10-05,STN,LCJ,2027-04-30,07:00,255.38,ok
2026-10-05,STN,LCJ,2027-05-14,07:00,378.00,ok
2026-10-05,STN,LCJ,2027-05-16,06:55,289.00,ok
2026-10-05,STN,LCJ,2027-05-30,06:55,293.38,ok
2026-10-05,STN,LCJ,2027-05-31,06:45,251.00,ok
2026-10-05,STN,LCJ,2027-06-01,17:45,217.00,ok
2026-10-05,STN,LCJ,2027-06-02,14:05,191.38,ok
2026-10-05,STN,LCJ,2027-06-04,07:00,217.00,ok
2026-10-05,STN,LCJ,2027-06-06,06:55,251.00,ok
2026-10-05,STN,LCJ,2027-06-07,06:45,332.00,ok
2026-10-05,STN,LCJ,2027-06-08,17:45,217.00,ok
2026-10-05,STN,LCJ,2027-06-19,19:20,378.00,ok
2026-10-05,STN,LCJ,2027-06-22,17:45,251.00,ok
2026-10-05,STN,LCJ,2027-07-11,06:55,468.00,ok
2026-10-05,STN,LCJ,2027-08-02,06:45,692.38,ok
2026-10-05,STN,LCJ,2027-08-06,07:00,468.00,ok
2026-10-05,STN,LCJ,2027-08-19,05:55,251.00,ok
2026-10-05,STN,LCJ,2027-09-17,07:00,221.38,ok
2026-10-05,LCJ,AGP,2026-10-07,19:25,148.88,ok
2026-10-05,LCJ,AGP,2026-10-10,20:10,284.66,ok
2026-10-05,LCJ,AGP,2026-10-14,19:25,214.58,ok
2026-10-05,LCJ,AGP,2026-10-17,20:10,181.02,ok
2026-10-05,LCJ,AGP,2026-10-21,19:25,214.58,ok
2026-10-05,LCJ,AGP,2026-10-24,20:10,96.32,ok
2026-10-05,LCJ,AGP,2026-10-30,20:40,253.39,ok
2026-10-05,LCJ,AGP,2026-11-01,20:20,166.40,ok
2026-10-05,LCJ,AGP,2026-11-05,12:50,227.72,ok
2026-10-05,LCJ,AGP,2026-11-06,20:40,460.53,ok
2026-10-05,LCJ,AGP,2026-11-08,20:20,353.84,ok
2026-10-05,LCJ,AGP,2026-11-12,12:50,240.86,ok
2026-10-05,LCJ,AGP,2026-11-15,20:20,105.08,ok
2026-10-05,LCJ,AGP,2026-11-19,12:50,162.02,ok
2026-10-05,LCJ,AGP,2026-11-20,20:40,166.40,ok
2026-10-05,LCJ,AGP,2026-12-11,20:40,210.20,ok
2026-10-05,LCJ,AGP,2026-12-18,20:40,227.72,ok
2026-10-05,LCJ,AGP,2026-12-20,20:20,222.41,ok
2026-10-05,LCJ,AGP,2026-12-27,20:20,719.11,ok
2026-10-05,LCJ,AGP,2027-01-01,20:40,193.88,ok
2026-10-05,LCJ,AGP,2027-01-03,20:20,293.42,ok
2026-10-05,LCJ,AGP,2027-01-15,20:40,376.64,ok
2026-10-05,LCJ,AGP,2027-01-17,20:20,454.85,ok
2026-10-05,LCJ,AGP,2027-01-24,20:20,209.96,ok
2026-10-05,LCJ,AGP,2027-01-31,20:20,193.88,ok
2026-10-05,LCJ,AGP,2027-02-05,20:40,188.30,ok
2026-10-05,LCJ,AGP,2027-02-07,20:20,306.56,ok
2026-10-05,LCJ,AGP,2027-02-12,20:40,341.60,ok
2026-10-05,LCJ,AGP,2027-02-19,20:40,153.00,ok
2026-10-05,LCJ,AGP,2027-02-21,20:20,433.59,ok
2026-10-05,LCJ,AGP,2027-03-14,20:20,213.00,ok
2026-10-05,LCJ,AGP,2027-04-05,20:00,573.38,ok
2026-10-05,LCJ,AGP,2027-07-29,18:50,401.28,ok
2026-10-05,AGP,LCJ,2026-10-07,15:20,437.97,ok
2026-10-05,AGP,LCJ,2026-10-10,15:40,517.51,ok
2026-10-05,AGP,LCJ,2026-10-14,15:20,499.29,ok
2026-10-05,AGP,LCJ,2026-10-17,15:40,411.69,ok
2026-10-05,AGP,LCJ,2026-10-21,15:20,433.59,ok
2026-10-05,AGP,LCJ,2026-10-24,15:40,359.12,ok
2026-10-05,AGP,LCJ,2026-10-25,16:10,398.18,ok
2026-10-05,AGP,LCJ,2026-11-01,16:10,297.38,ok
2026-10-05,AGP,LCJ,2026-11-05,08:40,105.08,ok
2026-10-05,AGP,LCJ,2026-11-06,16:30,175.37,ok
2026-10-05,AGP,LCJ,2026-11-08,16:10,295.00,ok
2026-10-05,AGP,LCJ,2026-11-12,08:40,306.56,ok
2026-10-05,AGP,LCJ,2026-11-13,16:30,310.94,ok
2026-10-05,AGP,LCJ,2026-11-15,16:10,696.56,ok
2026-10-05,AGP,LCJ,2026-11-19,08:40,202.33,ok
2026-10-05,AGP,LCJ,2026-11-20,16:30,179.00,ok
2026-10-05,AGP,LCJ,2026-11-22,16:10,350.36,ok
2026-10-05,AGP,LCJ,2026-11-26,08:40,132.35,ok
2026-10-05,AGP,LCJ,2026-11-27,16:30,157.64,ok
2026-10-05,AGP,LCJ,2026-11-29,16:10,265.23,ok
2026-10-05,AGP,LCJ,2026-12-04,16:30,267.14,ok
2026-10-05,AGP,LCJ,2026-12-13,16:10,170.78,ok
2026-10-05,AGP,LCJ,2026-12-18,16:30,162.02,ok
2026-10-05,AGP,LCJ,2026-12-20,16:10,147.84,ok
2026-10-05,AGP,LCJ,2027-01-01,16:30,183.71,ok
2026-10-05,AGP,LCJ,2027-01-03,16:10,376.21,ok
2026-10-05,AGP,LCJ,2027-01-08,16:30,441.83,ok
2026-10-05,AGP,LCJ,2027-01-10,16:10,309.72,ok
2026-10-05,AGP,LCJ,2027-01-17,16:10,157.38,ok
2026-10-05,AGP,LCJ,2027-02-05,16:30,148.88,ok
2026-10-05,AGP,LCJ,2027-02-12,16:30,213.00,ok
2026-10-05,AGP,LCJ,2027-02-19,16:30,301.83,ok
2026-10-05,AGP,LCJ,2027-03-26,16:30,309.72,ok
2026-10-05,AGP,LCJ,2027-04-05,15:50,374.38,ok
2026-10-05,AGP,LCJ,2027-05-13,14:40,558.03,ok
2026-10-05,AGP,LCJ,2027-08-05,14:40,746.56,ok
2026-10-05,LCJ,ALC,2026-10-05,,,unavailable
2026-10-05,LCJ,ALC,2026-10-07,09:40,293.42,ok
2026-10-05,LCJ,ALC,2026-10-09,09:45,429.21,ok
2026-10-05,LCJ,ALC,2026-10-12,21:30,310.31,ok
2026-10-05,LCJ,ALC,2026-10-14,09:40,498.25,ok
2026-10-05,LCJ,ALC,2026-10-16,09:45,692.01,ok
2026-10-05,LCJ,ALC,2026-10-19,21:30,140.12,ok
2026-10-05,LCJ,ALC,2026-10-23,09:45,556.23,ok
2026-10-05,LCJ,ALC,2026-10-26,19:20,164.76,ok
2026-10-05,LCJ,ALC,2026-10-29,11:55,544.87,ok
2026-10-05,LCJ,ALC,2026-10-31,10:10,301.17,ok
2026-10-05,LCJ,ALC,2026-11-02,19:20,175.16,ok
2026-10-05,LCJ,ALC,2026-11-05,11:55,571.54,ok
2026-10-05,LCJ,ALC,2026-11-09,19:20,245.24,ok
2026-10-05,LCJ,ALC,2026-11-12,11:55,240.86,ok
2026-10-05,LCJ,ALC,2026-11-16,19:20,144.50,ok
2026-10-05,LCJ,ALC,2026-11-19,11:55,240.86,ok
2026-10-05,LCJ,ALC,2026-11-26,11:55,213.37,ok
2026-10-05,LCJ,ALC,2026-12-03,11:55,205.82,ok
2026-10-05,LCJ,ALC,2026-12-07,19:20,140.12,ok
2026-10-05,LCJ,ALC,2026-12-10,11:55,179.61,ok
2026-10-05,LCJ,ALC,2026-12-14,19:20,109.46,ok
2026-10-05,LCJ,ALC,2026-12-17,11:55,115.23,ok
2026-10-05,LCJ,ALC,2026-12-21,19:20,192.68,ok
2026-10-05,LCJ,ALC,2026-12-24,11:55,450.58,ok
2026-10-05,LCJ,ALC,2026-12-28,19:20,663.13,ok
2026-10-05,LCJ,ALC,2026-12-31,11:55,477.39,ok
2026-10-05,LCJ,ALC,2027-01-11,19:20,140.38,ok
2026-10-05,LCJ,ALC,2027-02-08,19:20,118.22,ok
2026-10-05,LCJ,ALC,2027-02-11,11:55,398.55,ok
2026-10-05,LCJ,ALC,2027-02-18,11:55,250.78,ok
2026-10-05,LCJ,ALC,2027-02-22,19:20,179.54,ok
2026-10-05,LCJ,ALC,2027-03-04,11:55,271.21,ok
2026-10-05,LCJ,ALC,2027-03-11,11:55,205.58,ok
2026-10-05,LCJ,ALC,2027-04-05,09:35,489.38,ok
2026-10-05,LCJ,ALC,2027-05-21,17:10,524.38,ok
2026-10-05,LCJ,ALC,2027-07-30,17:10,446.38,ok
2026-10-05,ALC,LCJ,2026-10-05,,,unavailable
2026-10-05,ALC,LCJ,2026-10-07,05:50,639.45,ok
2026-10-05,ALC,LCJ,2026-10-09,06:00,1011.76,ok
2026-10-05,ALC,LCJ,2026-10-14,05:50,538.71,ok
2026-10-05,ALC,LCJ,2026-10-16,06:00,337.22,ok
2026-10-05,ALC,LCJ,2026-10-19,17:50,696.39,ok
2026-10-05,ALC,LCJ,2026-10-23,06:00,407.31,ok
2026-10-05,ALC,LCJ,2026-10-26,15:40,652.50,ok
2026-10-05,ALC,LCJ,2026-10-29,08:15,456.95,ok
2026-10-05,ALC,LCJ,2026-10-31,06:30,410.69,ok
2026-10-05,ALC,LCJ,2026-11-02,15:40,411.38,ok
2026-10-05,ALC,LCJ,2026-11-05,08:15,289.04,ok
2026-10-05,ALC,LCJ,2026-11-09,15:40,297.80,ok
2026-10-05,ALC,LCJ,2026-11-16,15:40,621.93,ok
2026-10-05,ALC,LCJ,2026-11-19,08:15,224.31,ok
2026-10-05,ALC,LCJ,2026-11-23,15:40,280.12,ok
2026-10-05,ALC,LCJ,2026-11-26,08:15,144.50,ok
2026-10-05,ALC,LCJ,2026-11-30,15:40,275.90,ok
2026-10-05,ALC,LCJ,2026-12-03,08:15,175.16,ok
2026-10-05,ALC,LCJ,2026-12-07,15:40,210.20,ok
2026-10-05,ALC,LCJ,2026-12-10,08:15,109.46,ok
2026-10-05,ALC,LCJ,2026-12-14,15:40,249.62,ok
2026-10-05,ALC,LCJ,2026-12-21,15:40,210.20,ok
2026-10-05,ALC,LCJ,2026-12-24,08:15,113.84,ok
2026-10-05,ALC,LCJ,2026-12-31,08:15,153.26,ok
2026-10-05,ALC,LCJ,2027-01-04,15:40,468.63,ok
2026-10-05,ALC,LCJ,2027-01-07,08:15,524.38,ok
2026-10-05,ALC,LCJ,2027-01-11,15:40,358.71,ok
2026-10-05,ALC,LCJ,2027-01-21,08:15,139.96,ok
2026-10-05,ALC,LCJ,2027-01-25,15:40,328.08,ok
2026-10-05,ALC,LCJ,2027-02-01,15:40,250.78,ok
2026-10-05,ALC,LCJ,2027-02-18,08:15,176.00,ok
2026-10-05,ALC,LCJ,2027-03-15,15:40,197.06,ok
2026-10-05,ALC,LCJ,2027-04-05,05:55,348.38,ok
2026-10-05,ALC,LCJ,2027-05-28,13:30,374.63,ok
2026-10-05,ALC,LCJ,2027-07-30,13:30,646.38,ok
2026-10-05,LCJ,BGY,2026-10-05,,,unavailable
2026-10-05,LCJ,BGY,2026-10-06,22:10,218.96,ok
2026-10-05,LCJ,BGY,2026-10-07,12:45,100.70,ok
2026-10-05,LCJ,BGY,2026-10-08,09:50,201.44,ok
2026-10-05,LCJ,BGY,2026-10-09,13:30,341.60,ok
2026-10-05,LCJ,BGY,2026-10-12,13:30,82.76,ok
2026-10-05,LCJ,BGY,2026-10-14,12:45,74.42,ok
2026-10-05,LCJ,BGY,2026-10-15,09:50,218.96,ok
2026-10-05,LCJ,BGY,2026-10-16,13:30,240.86,ok
2026-10-05,LCJ,BGY,2026-10-18,18:05,77.01,ok
2026-10-05,LCJ,BGY,2026-10-19,13:30,74.42,ok
2026-10-05,LCJ,BGY,2026-10-20,22:10,65.66,ok
2026-10-05,LCJ,BGY,2026-10-22,09:50,73.50,ok
2026-10-05,LCJ,BGY,2026-10-26,12:25,67.76,ok
2026-10-05,LCJ,BGY,2026-10-28,15:55,65.66,ok
2026-10-05,LCJ,BGY,2026-10-30,12:10,137.91,ok
2026-10-05,LCJ,BGY,2026-11-02,12:25,65.66,ok
2026-10-05,LCJ,BGY,2026-11-20,12:10,326.09,ok
2026-10-05,LCJ,BGY,2026-11-23,12:25,65.66,ok
2026-10-05,LCJ,BGY,2026-11-27,12:10,100.70,ok
2026-10-05,LCJ,BGY,2026-11-30,12:25,65.66,ok
2026-10-05,LCJ,BGY,2026-12-04,12:10,210.74,ok
2026-10-05,LCJ,BGY,2026-12-07,12:25,70.04,ok
2026-10-05,LCJ,BGY,2026-12-11,12:10,183.92,ok
2026-10-05,LCJ,BGY,2026-12-14,12:25,78.80,ok
2026-10-05,LCJ,BGY,2026-12-23,19:25,168.97,ok
2026-10-05,LCJ,BGY,2026-12-28,12:25,335.84,ok
2026-10-05,LCJ,BGY,2026-12-30,19:25,328.46,ok
2026-10-05,LCJ,BGY,2027-01-04,12:25,170.72,ok
2026-10-05,LCJ,BGY,2027-02-22,12:25,105.08,ok
2026-10-05,LCJ,BGY,2027-03-05,12:10,100.70,ok
2026-10-05,LCJ,BGY,2027-03-15,12:25,341.60,ok
2026-10-05,BGY,LCJ,2026-10-05,,,unavailable
2026-10-05,BGY,LCJ,2026-10-06,19:55,437.97,ok
2026-10-05,BGY,LCJ,2026-10-07,10:30,110.99,ok
2026-10-05,BGY,LCJ,2026-10-08,07:35,197.06,ok
2026-10-05,BGY,LCJ,2026-10-09,11:15,197.06,ok
2026-10-05,BGY,LCJ,2026-10-12,11:15,232.10,ok
2026-10-05,BGY,LCJ,2026-10-13,19:55,113.84,ok
2026-10-05,BGY,LCJ,2026-10-15,07:35,74.42,ok
2026-10-05,BGY,LCJ,2026-10-16,11:15,214.58,ok
2026-10-05,BGY,LCJ,2026-10-18,15:25,689.76,ok
2026-10-05,BGY,LCJ,2026-10-19,11:15,372.26,ok
2026-10-05,BGY,LCJ,2026-10-20,19:55,170.78,ok
2026-10-05,BGY,LCJ,2026-10-21,06:20,65.66,ok
2026-10-05,BGY,LCJ,2026-10-23,11:15,218.96,ok
2026-10-05,BGY,LCJ,2026-10-26,10:05,290.45,ok
2026-10-05,BGY,LCJ,2026-10-30,09:50,102.63,ok
2026-10-05,BGY,LCJ,2026-11-02,10:05,143.20,ok
2026-10-05,BGY,LCJ,2026-11-09,10:05,97.16,ok
2026-10-05,BGY,LCJ,2026-11-16,10:05,228.76,ok
2026-10-05,BGY,LCJ,2026-11-23,10:05,419.62,ok
2026-10-05,BGY,LCJ,2026-11-30,10:05,115.75,ok
2026-10-05,BGY,LCJ,2026-12-04,09:50,91.94,ok
2026-10-05,BGY,LCJ,2026-12-07,10:05,135.74,ok
2026-10-05,BGY,LCJ,2026-12-11,09:50,74.42,ok
2026-10-05,BGY,LCJ,2026-12-14,10:05,98.23,ok
2026-10-05,BGY,LCJ,2026-12-18,09:50,105.08,ok
2026-10-05,BGY,LCJ,2026-12-23,17:05,188.30,ok
2026-10-05,BGY,LCJ,2026-12-28,10:05,104.81,ok
2026-10-05,BGY,LCJ,2027-02-22,10:05,183.00,ok
2026-10-05,BGY,LCJ,2027-02-26,09:50,96.32,ok
2026-10-05,BGY,LCJ,2027-03-15,10:05,275.90,ok
2026-10-05,BGY,LCJ,2027-03-19,09:50,109.46,ok
2026-10-05,LCJ,BHX,2026-10-05,,,unavailable
2026-10-05,LCJ,BHX,2026-10-08,10:20,211.49,ok
2026-10-05,LCJ,BHX,2026-10-12,22:10,124.00,ok
2026-10-05,LCJ,BHX,2026-10-15,10:20,127.81,ok
2026-10-05,LCJ,BHX,2026-10-19,22:10,124.00,ok
2026-10-05,LCJ,BHX,2026-10-29,19:10,150.49,ok
2026-10-05,LCJ,BHX,2026-10-30,10:25,204.84,ok
2026-10-05,LCJ,BHX,2026-11-01,19:30,382.99,ok
2026-10-05,LCJ,BHX,2026-11-05,19:10,87.00,ok
2026-10-05,LCJ,BHX,2026-11-08,19:30,240.86,ok
2026-10-05,LCJ,BHX,2026-11-15,19:30,212.32,ok
2026-10-05,LCJ,BHX,2026-11-19,19:10,144.50,ok
2026-10-05,LCJ,BHX,2026-11-22,19:30,192.68,ok
2026-10-05,LCJ,BHX,2026-11-26,19:10,78.80,ok
2026-10-05,LCJ,BHX,2026-11-29,19:30,214.58,ok
2026-10-05,LCJ,BHX,2026-12-03,19:10,78.80,ok
2026-10-05,LCJ,BHX,2026-12-04,10:25,78.80,ok
2026-10-05,LCJ,BHX,2026-12-06,19:30,262.29,ok
2026-10-05,LCJ,BHX,2026-12-10,19:10,105.08,ok
2026-10-05,LCJ,BHX,2026-12-13,19:30,153.26,ok
2026-10-05,LCJ,BHX,2026-12-17,19:10,105.08,ok
2026-10-05,LCJ,BHX,2026-12-18,10:25,144.50,ok
2026-10-05,LCJ,BHX,2026-12-20,19:30,324.35,ok
2026-10-05,LCJ,BHX,2026-12-27,19:30,341.60,ok
2026-10-05,LCJ,BHX,2027-01-01,10:25,508.05,ok
2026-10-05,LCJ,BHX,2027-01-03,19:30,790.00,ok
2026-10-05,LCJ,BHX,2027-01-10,19:30,218.96,ok
2026-10-05,LCJ,BHX,2027-02-07,19:30,148.88,ok
2026-10-05,LCJ,BHX,2027-02-14,19:30,170.00,ok
2026-10-05,LCJ,BHX,2027-02-21,19:30,404.00,ok
2026-10-05,LCJ,BHX,2027-03-19,10:25,135.74,ok
2026-10-05,LCJ,BHX,2027-03-26,10:25,162.02,ok
2026-10-05,LCJ,BHX,2027-05-31,15:40,493.38,ok
2026-10-05,LCJ,BHX,2027-06-07,15:40,314.38,ok
2026-10-05,LCJ,BHX,2027-08-02,15:40,489.00,ok
2026-10-05,BHX,LCJ,2026-10-05,,,unavailable
2026-10-05,BHX,LCJ,2026-10-08,06:35,198.19,ok
2026-10-05,BHX,LCJ,2026-10-12,18:25,102.82,ok
2026-10-05,BHX,LCJ,2026-10-15,06:35,175.31,ok
2026-10-05,BHX,LCJ,2026-10-19,18:25,218.10,ok
2026-10-05,BHX,LCJ,2026-10-25,15:45,418.31,ok
2026-10-05,BHX,LCJ,2026-10-29,15:25,108.99,ok
2026-10-05,BHX,LCJ,2026-10-30,06:40,105.92,ok
2026-10-05,BHX,LCJ,2026-11-01,15:45,103.06,ok
2026-10-05,BHX,LCJ,2026-11-05,15:25,82.44,ok
2026-10-05,BHX,LCJ,2026-11-12,15:25,77.28,ok
2026-10-05,BHX,LCJ,2026-11-15,15:45,139.27,ok
2026-10-05,BHX,LCJ,2026-11-19,15:25,118.52,ok
2026-10-05,BHX,LCJ,2026-11-20,06:40,136.69,ok
2026-10-05,BHX,LCJ,2026-11-22,15:45,87.00,ok
2026-10-05,BHX,LCJ,2026-11-26,15:25,87.00,ok
2026-10-05,BHX,LCJ,2026-11-27,06:40,105.66,ok
2026-10-05,BHX,LCJ,2026-11-29,15:45,180.39,ok
2026-10-05,BHX,LCJ,2026-12-03,15:25,87.00,ok
2026-10-05,BHX,LCJ,2026-12-04,06:40,175.23,ok
2026-10-05,BHX,LCJ,2026-12-06,15:45,118.52,ok
2026-10-05,BHX,LCJ,2026-12-10,15:25,154.61,ok
2026-10-05,BHX,LCJ,2026-12-11,06:40,111.04,ok
2026-10-05,BHX,LCJ,2026-12-13,15:45,298.97,ok
2026-10-05,BHX,LCJ,2026-12-17,15:25,505.73,ok
2026-10-05,BHX,LCJ,2026-12-18,06:40,788.74,ok
2026-10-05,BHX,LCJ,2026-12-20,15:45,776.79,ok
2026-10-05,BHX,LCJ,2026-12-27,15:45,309.28,ok
2026-10-05,BHX,LCJ,2027-01-03,15:45,252.57,ok
2026-10-05,BHX,LCJ,2027-01-10,15:45,149.46,ok
2026-10-05,BHX,LCJ,2027-01-17,15:45,133.49,ok
2026-10-05,BHX,LCJ,2027-01-22,06:40,237.10,ok
2026-10-05,BHX,LCJ,2027-01-29,06:40,157.69,ok
2026-10-05,BHX,LCJ,2027-03-12,06:40,225.94,ok
2026-10-05,BHX,LCJ,2027-05-31,11:55,314.38,ok
2026-10-05,BHX,LCJ,2027-06-07,11:55,276.38,ok
2026-10-05,BHX,LCJ,2027-08-02,11:55,535.00,ok
2026-10-05,LCJ,CRL,2026-10-08,15:30,197.06,ok
2026-10-05,LCJ,CRL,2026-10-11,14:25,240.86,ok
2026-10-05,LCJ,CRL,2026-10-15,15:30,105.08,ok
2026-10-05,LCJ,CRL,2026-10-18,14:25,267.14,ok
2026-10-05,LCJ,CRL,2026-10-22,15:30,67.93,ok
2026-10-05,CRL,LCJ,2026-10-08,13:05,174.33,ok
2026-10-05,CRL,LCJ,2026-10-11,12:05,131.36,ok
2026-10-05,CRL,LCJ,2026-10-15,13:05,118.22,ok
2026-10-05,CRL,LCJ,2026-10-18,12:05,240.86,ok
2026-10-05,CRL,LCJ,2026-10-22,13:05,74.42,ok
2026-10-05,LCJ,DUB,2026-10-05,,,unavailable
2026-10-05,LCJ,DUB,2026-10-08,22:45,604.41,ok
2026-10-05,LCJ,DUB,2026-10-12,17:30,547.47,ok
2026-10-05,LCJ,DUB,2026-10-15,22:45,148.88,ok
2026-10-05,LCJ,DUB,2026-10-19,17:30,214.63,ok
2026-10-05,LCJ,DUB,2026-10-22,22:45,166.40,ok
2026-10-05,LCJ,DUB,2026-10-26,13:05,177.15,ok
2026-10-05,LCJ,DUB,2026-10-30,20:25,412.14,ok
2026-10-05,LCJ,DUB,2026-11-02,13:05,328.62,ok
2026-10-05,LCJ,DUB,2026-11-06,20:25,214.58,ok
2026-10-05,LCJ,DUB,2026-11-09,13:05,133.02,ok
2026-10-05,LCJ,DUB,2026-11-13,20:25,113.84,ok
2026-10-05,LCJ,DUB,2026-11-16,13:05,152.16,ok
2026-10-05,LCJ,DUB,2026-11-20,20:25,140.12,ok
2026-10-05,LCJ,DUB,2026-11-23,13:05,146.91,ok
2026-10-05,LCJ,DUB,2026-11-27,20:25,131.05,ok
2026-10-05,LCJ,DUB,2026-11-30,13:05,130.00,ok
2026-10-05,LCJ,DUB,2026-12-04,20:25,122.60,ok
2026-10-05,LCJ,DUB,2026-12-07,13:05,147.91,ok
2026-10-05,LCJ,DUB,2026-12-14,13:05,149.71,ok
2026-10-05,LCJ,DUB,2026-12-23,11:20,236.48,ok
2026-10-05,LCJ,DUB,2026-12-28,13:05,337.27,ok
2026-10-05,LCJ,DUB,2026-12-30,11:20,437.97,ok
2026-10-05,LCJ,DUB,2027-01-01,20:25,651.56,ok
2026-10-05,LCJ,DUB,2027-01-18,13:05,306.00,ok
2026-10-05,LCJ,DUB,2027-01-25,13:05,446.00,ok
2026-10-05,LCJ,DUB,2027-02-22,13:05,502.00,ok
2026-10-05,LCJ,DUB,2027-02-26,20:25,144.50,ok
2026-10-05,LCJ,DUB,2027-03-12,20:25,166.21,ok
2026-10-05,LCJ,DUB,2027-04-13,16:50,548.00,ok
2026-10-05,LCJ,DUB,2027-05-08,22:20,506.38,ok
2026-10-05,LCJ,DUB,2027-06-01,16:50,607.38,ok
2026-10-05,LCJ,DUB,2027-06-05,22:20,446.00,ok
2026-10-05,LCJ,DUB,2027-07-31,22:20,858.38,ok
2026-10-05,LCJ,DUB,2027-08-07,22:20,939.38,ok
2026-10-05,DUB,LCJ,2026-10-05,,,unavailable
2026-10-05,DUB,LCJ,2026-10-08,18:35,919.78,ok
2026-10-05,DUB,LCJ,2026-10-12,13:20,271.52,ok
2026-10-05,DUB,LCJ,2026-10-15,18:35,367.88,ok
2026-10-05,DUB,LCJ,2026-10-19,13:20,182.09,ok
2026-10-05,DUB,LCJ,2026-10-22,18:35,535.29,ok
2026-10-05,DUB,LCJ,2026-11-06,16:20,135.74,ok
2026-10-05,DUB,LCJ,2026-11-09,09:00,131.71,ok
2026-10-05,DUB,LCJ,2026-11-16,09:00,149.71,ok
2026-10-05,DUB,LCJ,2026-11-20,16:20,154.66,ok
2026-10-05,DUB,LCJ,2026-11-23,09:00,156.28,ok
2026-10-05,DUB,LCJ,2026-11-27,16:20,137.49,ok
2026-10-05,DUB,LCJ,2026-12-04,16:20,136.57,ok
2026-10-05,DUB,LCJ,2026-12-11,16:20,153.26,ok
2026-10-05,DUB,LCJ,2026-12-14,09:00,130.00,ok
2026-10-05,DUB,LCJ,2026-12-18,16:20,686.04,ok
2026-10-05,DUB,LCJ,2026-12-21,09:00,583.57,ok
2026-10-05,DUB,LCJ,2026-12-23,07:15,989.86,ok
2026-10-05,DUB,LCJ,2026-12-30,07:15,290.38,ok
2026-10-05,DUB,LCJ,2027-01-01,16:20,271.21,ok
2026-10-05,DUB,LCJ,2027-01-15,16:20,148.88,ok
2026-10-05,DUB,LCJ,2027-01-18,09:00,446.00,ok
2026-10-05,DUB,LCJ,2027-01-29,16:20,157.46,ok
2026-10-05,DUB,LCJ,2027-02-05,16:20,174.96,ok
2026-10-05,DUB,LCJ,2027-02-12,16:20,196.00,ok
2026-10-05,DUB,LCJ,2027-02-19,16:20,201.44,ok
2026-10-05,DUB,LCJ,2027-02-22,09:00,502.00,ok
2026-10-05,DUB,LCJ,2027-03-26,16:20,503.67,ok
2026-10-05,DUB,LCJ,2027-04-13,12:45,306.00,ok
2026-10-05,DUB,LCJ,2027-05-08,18:15,395.38,ok
2026-10-05,DUB,LCJ,2027-06-01,12:45,506.38,ok
2026-10-05,DUB,LCJ,2027-06-05,18:15,603.00,ok
2026-10-05,DUB,LCJ,2027-07-31,18:15,722.38,ok
2026-10-05,DUB,LCJ,2027-08-07,18:15,552.38,ok
2026-10-05,DUB,LCJ,2027-08-24,12:45,423.59,ok
2026-10-05,LCJ,STN,2026-10-05,,,unavailable
2026-10-05,LCJ,STN,2026-10-06,20:45,532.77,ok
2026-10-05,LCJ,STN,2026-10-07,11:50,523.31,ok
2026-10-05,LCJ,STN,2026-10-08,16:15,636.58,ok
2026-10-05,LCJ,STN,2026-10-10,11:35,869.10,ok
2026-10-05,LCJ,STN,2026-10-11,15:45,886.86,ok
2026-10-05,LCJ,STN,2026-10-12,16:45,337.05,ok
2026-10-05,LCJ,STN,2026-10-13,20:45,197.11,ok
2026-10-05,LCJ,STN,2026-10-14,11:50,170.47,ok
2026-10-05,LCJ,STN,2026-10-15,16:15,191.37,ok
2026-10-05,LCJ,STN,2026-10-17,11:35,258.44,ok
2026-10-05,LCJ,STN,2026-10-18,15:45,312.23,ok
2026-10-05,LCJ,STN,2026-10-19,16:45,170.47,ok
2026-10-05,LCJ,STN,2026-10-20,20:45,85.83,ok
2026-10-05,LCJ,STN,2026-10-21,11:50,87.27,ok
2026-10-05,LCJ,STN,2026-10-24,11:35,184.94,ok
2026-10-05,LCJ,STN,2026-10-29,17:45,301.78,ok
2026-10-05,LCJ,STN,2026-10-30,10:10,255.38,ok
2026-10-05,LCJ,STN,2026-10-31,12:25,342.39,ok
2026-10-05,LCJ,STN,2026-11-01,13:40,297.80,ok
2026-10-05,LCJ,STN,2026-11-02,10:55,556.23,ok
2026-10-05,LCJ,STN,2026-11-05,17:45,389.79,ok
2026-10-05,LCJ,STN,2026-11-06,10:10,405.89,ok
2026-10-05,LCJ,STN,2026-11-07,12:25,293.42,ok
2026-10-05,LCJ,STN,2026-11-08,17:30,149.08,ok
2026-10-05,LCJ,STN,2026-11-09,10:55,249.62,ok
2026-10-05,LCJ,STN,2026-11-12,17:45,105.75,ok
2026-10-05,LCJ,STN,2026-11-13,10:10,135.74,ok
2026-10-05,LCJ,STN,2026-11-14,12:25,162.02,ok
2026-10-05,LCJ,STN,2026-11-15,13:40,126.98,ok
2026-10-05,LCJ,STN,2026-11-16,10:55,135.74,ok
2026-10-05,LCJ,STN,2026-11-19,17:45,115.38,ok
2026-10-05,LCJ,STN,2026-11-20,10:10,192.68,ok
2026-10-05,LCJ,STN,2026-11-21,12:25,113.84,ok
2026-10-05,LCJ,STN,2026-11-22,13:40,113.84,ok
2026-10-05,LCJ,STN,2026-11-23,10:55,96.32,ok
2026-10-05,LCJ,STN,2026-11-26,17:45,87.00,ok
2026-10-05,LCJ,STN,2026-11-27,10:10,179.54,ok
2026-10-05,LCJ,STN,2026-11-28,12:25,109.46,ok
2026-10-05,LCJ,STN,2026-11-29,13:40,87.00,ok
2026-10-05,LCJ,STN,2026-11-30,10:55,197.06,ok
2026-10-05,LCJ,STN,2026-12-03,17:45,188.30,ok
2026-10-05,LCJ,STN,2026-12-04,14:20,101.54,ok
2026-10-05,LCJ,STN,2026-12-05,12:25,105.22,ok
2026-10-05,LCJ,STN,2026-12-06,17:30,96.32,ok
2026-10-05,LCJ,STN,2026-12-07,10:55,87.00,ok
2026-10-05,LCJ,STN,2026-12-10,17:45,109.46,ok
2026-10-05,LCJ,STN,2026-12-11,10:10,87.00,ok
2026-10-05,LCJ,STN,2026-12-12,12:25,91.94,ok
2026-10-05,LCJ,STN,2026-12-13,17:30,87.00,ok
2026-10-05,LCJ,STN,2026-12-14,10:55,83.18,ok
2026-10-05,LCJ,STN,2026-12-17,17:45,102.34,ok
2026-10-05,LCJ,STN,2026-12-18,10:10,113.84,ok
2026-10-05,LCJ,STN,2026-12-20,17:30,148.07,ok
2026-10-05,LCJ,STN,2026-12-21,10:55,192.68,ok
2026-10-05,LCJ,STN,2026-12-22,21:25,188.30,ok
2026-10-05,LCJ,STN,2026-12-23,09:35,359.21,ok
2026-10-05,LCJ,STN,2026-12-26,12:25,363.50,ok
2026-10-05,LCJ,STN,2026-12-27,13:40,417.12,ok
2026-10-05,LCJ,STN,2026-12-28,10:55,537.98,ok
2026-10-05,LCJ,STN,2026-12-29,21:25,387.93,ok
2026-10-05,LCJ,STN,2026-12-30,09:35,359.12,ok
2026-10-05,LCJ,STN,2027-01-14,17:45,122.60,ok
2026-10-05,LCJ,STN,2027-01-15,14:20,109.46,ok
2026-10-05,LCJ,STN,2027-01-16,12:25,201.21,ok
2026-10-05,LCJ,STN,2027-01-24,17:30,174.63,ok
2026-10-05,LCJ,STN,2027-01-31,17:30,249.62,ok
2026-10-05,LCJ,STN,2027-02-04,17:45,96.32,ok
2026-10-05,LCJ,STN,2027-02-12,10:10,183.92,ok
2026-10-05,LCJ,STN,2027-02-18,17:45,223.08,ok
2026-10-05,LCJ,STN,2027-02-20,12:25,378.00,ok
2026-10-05,LCJ,STN,2027-02-25,17:45,105.08,ok
2026-10-05,LCJ,STN,2027-03-08,10:55,113.84,ok
2026-10-05,LCJ,STN,2027-03-18,17:45,153.08,ok
2026-10-05,LCJ,STN,2027-03-22,10:55,192.46,ok
2026-10-05,LCJ,STN,2027-03-25,17:45,420.45,ok
2026-10-05,LCJ,STN,2027-04-30,10:35,251.00,ok
2026-10-05,LCJ,STN,2027-05-05,17:40,221.38,ok
2026-10-05,LCJ,STN,2027-05-08,22:55,242.86,ok
2026-10-05,LCJ,STN,2027-05-30,10:30,468.00,ok
2026-10-05,LCJ,STN,2027-05-31,10:20,293.38,ok
2026-10-05,LCJ,STN,2027-06-01,21:20,293.38,ok
2026-10-05,LCJ,STN,2027-06-02,17:40,217.00,ok
2026-10-05,LCJ,STN,2027-06-04,10:35,221.38,ok
2026-10-05,LCJ,STN,2027-06-05,22:55,289.00,ok
2026-10-05,LCJ,STN,2027-06-07,10:20,382.38,ok
2026-10-05,LCJ,STN,2027-07-25,10:30,217.00,ok
2026-10-05,LCJ,STN,2027-07-31,22:55,336.38,ok
2026-10-05,LCJ,STN,2027-08-02,10:20,625.00,ok
2026-10-05,LCJ,STN,2027-08-07,22:55,425.38,ok
2026-10-05,LCJ,STN,2027-09-17,10:35,217.00,ok
2026-10-05,STN,LCJ,2026-10-05,,,unavailable
2026-10-05,STN,LCJ,2026-10-06,17:10,211.96,ok
2026-10-05,STN,LCJ,2026-10-08,12:40,438.43,ok
2026-10-05,STN,LCJ,2026-10-10,08:00,497.84,ok
2026-10-05,STN,LCJ,2026-10-11,12:10,480.06,ok
2026-10-05,STN,LCJ,2026-10-13,17:10,302.15,ok
2026-10-05,STN,LCJ,2026-10-14,08:15,252.74,ok
2026-10-05,STN,LCJ,2026-10-15,12:40,447.43,ok
2026-10-05,STN,LCJ,2026-10-17,08:00,506.19,ok
2026-10-05,STN,LCJ,2026-10-18,12:10,458.45,ok
2026-10-05,STN,LCJ,2026-10-19,13:10,354.49,ok
2026-10-05,STN,LCJ,2026-10-20,17:10,363.59,ok
2026-10-05,STN,LCJ,2026-10-21,08:15,397.47,ok
2026-10-05,STN,LCJ,2026-10-22,12:40,503.40,ok
2026-10-05,STN,LCJ,2026-10-25,13:55,411.52,ok
2026-10-05,STN,LCJ,2026-10-27,16:55,326.98,ok
2026-10-05,STN,LCJ,2026-10-29,14:10,326.98,ok
2026-10-05,STN,LCJ,2026-10-30,06:35,129.13,ok
2026-10-05,STN,LCJ,2026-10-31,08:50,192.73,ok
2026-10-05,STN,LCJ,2026-11-01,10:05,92.75,ok
2026-10-05,STN,LCJ,2026-11-02,07:20,88.45,ok
2026-10-05,STN,LCJ,2026-11-05,14:10,128.84,ok
2026-10-05,STN,LCJ,2026-11-06,06:35,91.73,ok
2026-10-05,STN,LCJ,2026-11-07,08:50,82.44,ok
2026-10-05,STN,LCJ,2026-11-08,10:05,77.28,ok
2026-10-05,STN,LCJ,2026-11-09,07:20,88.36,ok
2026-10-05,STN,LCJ,2026-11-12,14:10,225.71,ok
2026-10-05,STN,LCJ,2026-11-13,06:35,176.15,ok
2026-10-05,STN,LCJ,2026-11-14,08:50,87.00,ok
2026-10-05,STN,LCJ,2026-11-15,10:05,139.15,ok
2026-10-05,STN,LCJ,2026-11-16,07:20,149.46,ok
2026-10-05,STN,LCJ,2026-11-19,14:10,149.46,ok
2026-10-05,STN,LCJ,2026-11-20,06:35,149.46,ok
2026-10-05,STN,LCJ,2026-11-21,08:50,128.84,ok
2026-10-05,STN,LCJ,2026-11-22,10:05,92.75,ok
2026-10-05,STN,LCJ,2026-11-23,07:20,87.00,ok
2026-10-05,STN,LCJ,2026-11-26,14:10,199.94,ok
2026-10-05,STN,LCJ,2026-11-27,06:35,206.17,ok
2026-10-05,STN,LCJ,2026-11-28,08:50,113.37,ok
2026-10-05,STN,LCJ,2026-11-29,10:05,95.98,ok
2026-10-05,STN,LCJ,2026-11-30,07:20,164.92,ok
2026-10-05,STN,LCJ,2026-12-03,14:10,180.39,ok
2026-10-05,STN,LCJ,2026-12-04,06:35,87.00,ok
2026-10-05,STN,LCJ,2026-12-05,08:50,87.00,ok
2026-10-05,STN,LCJ,2026-12-06,10:05,113.37,ok
2026-10-05,STN,LCJ,2026-12-07,07:20,155.73,ok
2026-10-05,STN,LCJ,2026-12-10,14:10,211.32,ok
2026-10-05,STN,LCJ,2026-12-13,10:05,206.17,ok
2026-10-05,STN,LCJ,2026-12-14,07:20,206.17,ok
2026-10-05,STN,LCJ,2026-12-17,14:10,819.67,ok
2026-10-05,STN,LCJ,2026-12-18,06:35,819.67,ok
2026-10-05,STN,LCJ,2026-12-19,08:50,1234.12,ok
2026-10-05,STN,LCJ,2026-12-20,13:55,989.80,ok
2026-10-05,STN,LCJ,2026-12-21,07:20,744.31,ok
2026-10-05,STN,LCJ,2026-12-22,17:50,719.28,ok
2026-10-05,STN,LCJ,2026-12-23,05:55,923.95,ok
2026-10-05,STN,LCJ,2026-12-26,08:50,381.45,ok
2026-10-05,STN,LCJ,2026-12-27,10:05,288.66,ok
2026-10-05,STN,LCJ,2026-12-28,07:20,191.27,ok
2026-10-05,STN,LCJ,2027-01-03,10:05,158.00,ok
2026-10-05,STN,LCJ,2027-01-07,14:10,159.77,ok
2026-10-05,STN,LCJ,2027-01-09,08:50,108.21,ok
2026-10-05,STN,LCJ,2027-01-31,13:55,154.03,ok
2026-10-05,STN,LCJ,2027-02-05,06:35,180.39,ok
2026-10-05,STN,LCJ,2027-02-11,14:10,405.71,ok
2026-10-05,STN,LCJ,2027-02-15,07:20,293.81,ok
2026-10-05,STN,LCJ,2027-02-18,14:10,381.45,ok
2026-10-05,STN,LCJ,2027-03-07,13:55,174.63,ok
2026-10-05,STN,LCJ,2027-03-19,10:45,482.75,ok
2026-10-05,STN,LCJ,2027-03-20,08:50,600.88,ok
2026-10-05,STN,LCJ,2027-03-22,07:20,433.01,ok
2026-10-05,STN,LCJ,2027-04-06,17:45,206.03,ok
2026-10-05,STN,LCJ,2027-04-30,07:00,251.00,ok
2026-10-05,STN,LCJ,2027-05-05,14:05,255.38,ok
2026-10-05,STN,LCJ,2027-05-08,19:20,336.38,ok
2026-10-05,STN,LCJ,2027-05-30,06:55,289.00,ok
2026-10-05,STN,LCJ,2027-05-31,06:45,255.38,ok
2026-10-05,STN,LCJ,2027-06-01,17:45,221.38,ok
2026-10-05,STN,LCJ,2027-06-02,14:05,187.00,ok
2026-10-05,STN,LCJ,2027-06-04,07:00,221.38,ok
2026-10-05,STN,LCJ,2027-06-05,19:20,251.00,ok
2026-10-05,STN,LCJ,2027-06-07,06:45,336.38,ok
2026-10-05,STN,LCJ,2027-07-31,19:20,629.38,ok
2026-10-05,STN,LCJ,2027-08-02,06:45,688.00,ok
2026-10-05,STN,LCJ,2027-08-07,19:20,518.38,ok
2026-10-05,STN,LCJ,2027-09-17,07:00,217.00,ok
2026-10-06,LCJ,AGP,2026-10-07,19:25,122.59,ok
2026-10-06,LCJ,AGP,2026-10-10,20:10,258.37,ok
2026-10-06,LCJ,AGP,2026-10-14,19:25,227.71,ok
2026-10-06,LCJ,AGP,2026-10-17,20:10,217.30,ok
2026-10-06,LCJ,AGP,2026-10-21,19:25,210.19,ok
2026-10-06,LCJ,AGP,2026-10-24,20:10,96.31,ok
2026-10-06,LCJ,AGP,2026-10-30,20:40,265.20,ok
2026-10-06,LCJ,AGP,2026-11-01,20:20,162.01,ok
2026-10-06,LCJ,AGP,2026-11-05,12:50,205.81,ok
2026-10-06,LCJ,AGP,2026-11-06,20:40,518.43,ok
2026-10-06,LCJ,AGP,2026-11-08,20:20,353.88,ok
2026-10-06,LCJ,AGP,2026-11-12,12:50,218.95,ok
2026-10-06,LCJ,AGP,2026-11-15,20:20,105.07,ok
2026-10-06,LCJ,AGP,2026-11-19,12:50,148.87,ok
2026-10-06,LCJ,AGP,2026-11-20,20:40,148.87,ok
2026-10-06,LCJ,AGP,2026-11-26,12:50,182.86,ok
2026-10-06,LCJ,AGP,2026-12-04,20:40,145.25,ok
2026-10-06,LCJ,AGP,2026-12-11,20:40,201.43,ok
2026-10-06,LCJ,AGP,2026-12-18,20:40,223.33,ok
2026-10-06,LCJ,AGP,2026-12-20,20:20,246.90,ok
2026-10-06,LCJ,AGP,2026-12-27,20:20,719.22,ok
2026-10-06,LCJ,AGP,2027-01-01,20:40,193.89,ok
2026-10-06,LCJ,AGP,2027-01-08,20:40,157.38,ok
2026-10-06,LCJ,AGP,2027-01-10,20:20,105.08,ok
2026-10-06,LCJ,AGP,2027-01-15,20:40,394.15,ok
2026-10-06,LCJ,AGP,2027-01-17,20:20,454.89,ok
2026-10-06,LCJ,AGP,2027-01-22,20:40,231.83,ok
2026-10-06,LCJ,AGP,2027-01-24,20:20,210.20,ok
2026-10-06,LCJ,AGP,2027-01-29,20:40,297.80,ok
2026-10-06,LCJ,AGP,2027-01-31,20:20,193.89,ok
2026-10-06,LCJ,AGP,2027-02-05,20:40,188.29,ok
2026-10-06,LCJ,AGP,2027-02-07,20:20,306.55,ok
2026-10-06,LCJ,AGP,2027-02-12,20:40,341.59,ok
2026-10-06,LCJ,AGP,2027-02-21,20:20,424.81,ok
2026-10-06,LCJ,AGP,2027-02-26,20:40,232.10,ok
2026-10-06,LCJ,AGP,2027-03-12,20:40,183.38,ok
2026-10-06,LCJ,AGP,2027-03-19,20:40,217.38,ok
2026-10-06,LCJ,AGP,2027-03-26,20:40,359.12,ok
2026-10-06,LCJ,AGP,2027-04-05,20:00,569.00,ok
2026-10-06,LCJ,AGP,2027-07-29,18:50,401.32,ok
2026-10-06,AGP,LCJ,2026-10-10,15:40,461.89,ok
2026-10-06,AGP,LCJ,2026-10-14,15:20,459.85,ok
2026-10-06,AGP,LCJ,2026-10-17,15:40,376.63,ok
2026-10-06,AGP,LCJ,2026-10-21,15:20,376.63,ok
2026-10-06,AGP,LCJ,2026-10-24,15:40,328.45,ok
2026-10-06,AGP,LCJ,2026-10-25,16:10,427.07,ok
2026-10-06,AGP,LCJ,2026-10-30,16:30,514.84,ok
2026-10-06,AGP,LCJ,2026-11-01,16:10,289.99,ok
2026-10-06,AGP,LCJ,2026-11-05,08:40,105.07,ok
2026-10-06,AGP,LCJ,2026-11-06,16:30,175.33,ok
2026-10-06,AGP,LCJ,2026-11-08,16:10,300.57,ok
2026-10-06,AGP,LCJ,2026-11-12,08:40,376.63,ok
2026-10-06,AGP,LCJ,2026-11-13,16:30,280.27,ok
2026-10-06,AGP,LCJ,2026-11-15,16:10,583.13,ok
2026-10-06,AGP,LCJ,2026-11-19,08:40,188.52,ok
2026-10-06,AGP,LCJ,2026-11-20,16:30,167.09,ok
2026-10-06,AGP,LCJ,2026-11-22,16:10,324.07,ok
2026-10-06,AGP,LCJ,2026-11-26,08:40,140.08,ok
2026-10-06,AGP,LCJ,2026-11-27,16:30,153.25,ok
2026-10-06,AGP,LCJ,2026-11-29,16:10,294.97,ok
2026-10-06,AGP,LCJ,2026-12-04,16:30,262.75,ok
2026-10-06,AGP,LCJ,2026-12-06,16:10,246.90,ok
2026-10-06,AGP,LCJ,2026-12-13,16:10,166.39,ok
2026-10-06,AGP,LCJ,2026-12-18,16:30,166.39,ok
2026-10-06,AGP,LCJ,2026-12-20,16:10,159.48,ok
2026-10-06,AGP,LCJ,2026-12-27,16:10,147.83,ok
2026-10-06,AGP,LCJ,2027-01-01,16:30,183.92,ok
2026-10-06,AGP,LCJ,2027-01-03,16:10,376.64,ok
2026-10-06,AGP,LCJ,2027-01-08,16:30,437.97,ok
2026-10-06,AGP,LCJ,2027-01-10,16:10,309.75,ok
2026-10-06,AGP,LCJ,2027-01-15,16:30,157.38,ok
2026-10-06,AGP,LCJ,2027-01-22,16:30,351.03,ok
2026-10-06,AGP,LCJ,2027-01-24,16:10,309.75,ok
2026-10-06,AGP,LCJ,2027-01-29,16:30,401.32,ok
2026-10-06,AGP,LCJ,2027-01-31,16:10,401.32,ok
2026-10-06,AGP,LCJ,2027-02-05,16:30,148.87,ok
2026-10-06,AGP,LCJ,2027-02-07,16:10,236.48,ok
2026-10-06,AGP,LCJ,2027-02-19,16:30,302.18,ok
2026-10-06,AGP,LCJ,2027-02-26,16:30,473.01,ok
2026-10-06,AGP,LCJ,2027-02-28,16:10,231.83,ok
2026-10-06,AGP,LCJ,2027-03-07,16:10,231.83,ok
2026-10-06,AGP,LCJ,2027-03-12,16:30,254.00,ok
2026-10-06,AGP,LCJ,2027-03-14,16:10,319.70,ok
2026-10-06,AGP,LCJ,2027-03-19,16:30,302.18,ok
2026-10-06,AGP,LCJ,2027-03-21,16:10,309.75,ok
2026-10-06,AGP,LCJ,2027-03-26,16:30,309.75,ok
2026-10-06,AGP,LCJ,2027-04-05,15:50,370.00,ok
2026-10-06,AGP,LCJ,2027-04-22,14:40,450.51,ok
2026-10-06,AGP,LCJ,2027-05-13,14:40,518.00,ok
2026-10-06,AGP,LCJ,2027-08-05,14:40,746.64,ok
2026-10-06,LCJ,ALC,2026-10-07,09:40,477.37,ok
2026-10-06,LCJ,ALC,2026-10-09,09:45,398.53,ok
2026-10-06,LCJ,ALC,2026-10-12,21:30,473.54,ok
2026-10-06,LCJ,ALC,2026-10-14,09:40,608.37,ok
2026-10-06,LCJ,ALC,2026-10-16,09:45,735.78,ok
2026-10-06,LCJ,ALC,2026-10-19,21:30,131.35,ok
2026-10-06,LCJ,ALC,2026-10-21,09:40,345.01,ok
2026-10-06,LCJ,ALC,2026-10-23,09:45,451.09,ok
2026-10-06,LCJ,ALC,2026-10-26,19:20,194.65,ok
2026-10-06,LCJ,ALC,2026-10-29,11:55,470.61,ok
2026-10-06,LCJ,ALC,2026-10-31,10:10,230.32,ok
2026-10-06,LCJ,ALC,2026-11-02,19:20,175.15,ok
2026-10-06,LCJ,ALC,2026-11-05,11:55,512.59,ok
2026-10-06,LCJ,ALC,2026-11-09,19:20,214.57,ok
2026-10-06,LCJ,ALC,2026-11-12,11:55,293.41,ok
2026-10-06,LCJ,ALC,2026-11-16,19:20,113.83,ok
2026-10-06,LCJ,ALC,2026-11-19,11:55,236.47,ok
2026-10-06,LCJ,ALC,2026-11-26,11:55,240.42,ok
2026-10-06,LCJ,ALC,2026-11-30,19:20,109.53,ok
2026-10-06,LCJ,ALC,2026-12-03,11:55,205.81,ok
2026-10-06,LCJ,ALC,2026-12-07,19:20,144.49,ok
2026-10-06,LCJ,ALC,2026-12-10,11:55,197.87,ok
2026-10-06,LCJ,ALC,2026-12-14,19:20,109.45,ok
2026-10-06,LCJ,ALC,2026-12-17,11:55,122.41,ok
2026-10-06,LCJ,ALC,2026-12-21,19:20,183.92,ok
2026-10-06,LCJ,ALC,2026-12-24,11:55,437.97,ok
2026-10-06,LCJ,ALC,2026-12-28,19:20,678.64,ok
2026-10-06,LCJ,ALC,2027-01-14,11:55,288.09,ok
2026-10-06,LCJ,ALC,2027-01-18,19:20,250.81,ok
2026-10-06,LCJ,ALC,2027-01-21,11:55,267.14,ok
2026-10-06,LCJ,ALC,2027-01-25,19:20,179.54,ok
2026-10-06,LCJ,ALC,2027-01-28,11:55,148.26,ok
2026-10-06,LCJ,ALC,2027-02-04,11:55,205.82,ok
2026-10-06,LCJ,ALC,2027-02-08,19:20,118.21,ok
2026-10-06,LCJ,ALC,2027-02-11,11:55,451.09,ok
2026-10-06,LCJ,ALC,2027-02-15,19:20,302.18,ok
2026-10-06,LCJ,ALC,2027-02-18,11:55,250.81,ok
2026-10-06,LCJ,ALC,2027-02-22,19:20,188.30,ok
2026-10-06,LCJ,ALC,2027-02-25,11:55,240.86,ok
2026-10-06,LCJ,ALC,2027-03-04,11:55,271.52,ok
2026-10-06,LCJ,ALC,2027-03-08,19:20,214.58,ok
2026-10-06,LCJ,ALC,2027-03-11,11:55,197.06,ok
2026-10-06,LCJ,ALC,2027-03-18,11:55,214.40,ok
2026-10-06,LCJ,ALC,2027-03-22,19:20,306.56,ok
2026-10-06,LCJ,ALC,2027-03-25,11:55,376.64,ok
2026-10-06,LCJ,ALC,2027-04-05,09:35,485.00,ok
2026-10-06,LCJ,ALC,2027-05-21,17:10,524.42,ok
2026-10-06,LCJ,ALC,2027-07-30,17:10,442.00,ok
2026-10-06,ALC,LCJ,2026-10-07,05:50,696.36,ok
2026-10-06,ALC,LCJ,2026-10-09,06:00,1125.59,ok
2026-10-06,ALC,LCJ,2026-10-12,17:50,788.37,ok
2026-10-06,ALC,LCJ,2026-10-14,05:50,556.20,ok
2026-10-06,ALC,LCJ,2026-10-16,06:00,376.63,ok
2026-10-06,ALC,LCJ,2026-10-19,17:50,700.74,ok
2026-10-06,ALC,LCJ,2026-10-21,05:50,271.23,ok
2026-10-06,ALC,LCJ,2026-10-23,06:00,341.59,ok
2026-10-06,ALC,LCJ,2026-10-26,15:40,723.69,ok
2026-10-06,ALC,LCJ,2026-10-29,08:15,496.83,ok
2026-10-06,ALC,LCJ,2026-10-31,06:30,325.30,ok
2026-10-06,ALC,LCJ,2026-11-02,15:40,348.29,ok
2026-10-06,ALC,LCJ,2026-11-05,08:15,262.75,ok
2026-10-06,ALC,LCJ,2026-11-09,15:40,275.89,ok
2026-10-06,ALC,LCJ,2026-11-12,08:15,382.15,ok
2026-10-06,ALC,LCJ,2026-11-16,15:40,626.28,ok
2026-10-06,ALC,LCJ,2026-11-19,08:15,244.59,ok
2026-10-06,ALC,LCJ,2026-11-23,15:40,315.71,ok
2026-10-06,ALC,LCJ,2026-11-26,08:15,148.87,ok
2026-10-06,ALC,LCJ,2026-11-30,15:40,280.27,ok
2026-10-06,ALC,LCJ,2026-12-03,08:15,170.77,ok
2026-10-06,ALC,LCJ,2026-12-07,15:40,232.09,ok
2026-10-06,ALC,LCJ,2026-12-10,08:15,113.83,ok
2026-10-06,ALC,LCJ,2026-12-14,15:40,271.51,ok
2026-10-06,ALC,LCJ,2026-12-24,08:15,126.98,ok
2026-10-06,ALC,LCJ,2026-12-28,15:40,217.52,ok
2026-10-06,ALC,LCJ,2027-01-04,15:40,503.64,ok
2026-10-06,ALC,LCJ,2027-01-07,08:15,524.42,ok
2026-10-06,ALC,LCJ,2027-01-11,15:40,354.74,ok
2026-10-06,ALC,LCJ,2027-01-14,08:15,144.50,ok
2026-10-06,ALC,LCJ,2027-01-18,15:40,192.68,ok
2026-10-06,ALC,LCJ,2027-01-21,08:15,140.12,ok
2026-10-06,ALC,LCJ,2027-01-25,15:40,324.08,ok
2026-10-06,ALC,LCJ,2027-01-28,08:15,329.38,ok
2026-10-06,ALC,LCJ,2027-02-01,15:40,250.81,ok
2026-10-06,ALC,LCJ,2027-02-04,08:15,148.26,ok
2026-10-06,ALC,LCJ,2027-02-11,08:15,381.02,ok
2026-10-06,ALC,LCJ,2027-02-15,15:40,324.08,ok
2026-10-06,ALC,LCJ,2027-02-18,08:15,176.02,ok
2026-10-06,ALC,LCJ,2027-02-22,15:40,214.40,ok
2026-10-06,ALC,LCJ,2027-02-25,08:15,176.02,ok
2026-10-06,ALC,LCJ,2027-03-01,15:40,389.79,ok
2026-10-06,ALC,LCJ,2027-03-11,08:15,176.02,ok
2026-10-06,ALC,LCJ,2027-03-15,15:40,197.05,ok
2026-10-06,ALC,LCJ,2027-03-18,08:15,162.00,ok
2026-10-06,ALC,LCJ,2027-03-22,15:40,288.09,ok
2026-10-06,ALC,LCJ,2027-03-25,08:15,341.60,ok
2026-10-06,ALC,LCJ,2027-04-05,05:55,344.00,ok
2026-10-06,ALC,LCJ,2027-04-09,13:30,329.38,ok
2026-10-06,ALC,LCJ,2027-05-28,13:30,374.66,ok
2026-10-06,ALC,LCJ,2027-07-30,13:30,642.00,ok
2026-10-06,LCJ,BGY,2026-10-06,22:10,437.95,ok
2026-10-06,LCJ,BGY,2026-10-07,12:45,96.31,ok
2026-10-06,LCJ,BGY,2026-10-08,09:50,166.39,ok
2026-10-06,LCJ,BGY,2026-10-09,13:30,372.25,ok
2026-10-06,LCJ,BGY,2026-10-11,18:05,155.71,ok
2026-10-06,LCJ,BGY,2026-10-12,13:30,99.33,ok
2026-10-06,LCJ,BGY,2026-10-14,12:45,78.79,ok
2026-10-06,LCJ,BGY,2026-10-15,09:50,192.67,ok
2026-10-06,LCJ,BGY,2026-10-16,13:30,223.33,ok
2026-10-06,LCJ,BGY,2026-10-18,18:05,81.37,ok
2026-10-06,LCJ,BGY,2026-10-19,13:30,83.17,ok
2026-10-06,LCJ,BGY,2026-10-20,22:10,65.65,ok
2026-10-06,LCJ,BGY,2026-10-22,09:50,65.00,ok
2026-10-06,LCJ,BGY,2026-10-23,13:30,136.98,ok
2026-10-06,LCJ,BGY,2026-10-26,12:25,68.50,ok
2026-10-06,LCJ,BGY,2026-10-28,15:55,65.00,ok
2026-10-06,LCJ,BGY,2026-10-30,12:10,132.59,ok
2026-10-06,LCJ,BGY,2026-11-02,12:25,65.65,ok
2026-10-06,LCJ,BGY,2026-11-06,12:10,194.60,ok
2026-10-06,LCJ,BGY,2026-11-09,12:25,72.31,ok
2026-10-06,LCJ,BGY,2026-11-13,12:10,67.76,ok
2026-10-06,LCJ,BGY,2026-11-20,12:10,285.28,ok
2026-10-06,LCJ,BGY,2026-11-23,12:25,65.65,ok
2026-10-06,LCJ,BGY,2026-11-27,12:10,109.45,ok
2026-10-06,LCJ,BGY,2026-11-30,12:25,65.65,ok
2026-10-06,LCJ,BGY,2026-12-04,12:10,233.54,ok
2026-10-06,LCJ,BGY,2026-12-07,12:25,70.03,ok
2026-10-06,LCJ,BGY,2026-12-11,12:10,183.91,ok
2026-10-06,LCJ,BGY,2026-12-14,12:25,78.79,ok
2026-10-06,LCJ,BGY,2026-12-21,12:25,83.12,ok
2026-10-06,LCJ,BGY,2026-12-23,19:25,168.99,ok
2026-10-06,LCJ,BGY,2026-12-28,12:25,381.80,ok
2026-10-06,LCJ,BGY,2026-12-30,19:25,354.73,ok
2026-10-06,LCJ,BGY,2027-01-04,12:25,147.71,ok
2026-10-06,LCJ,BGY,2027-02-05,12:10,153.26,ok
2026-10-06,LCJ,BGY,2027-02-08,12:25,122.60,ok
2026-10-06,LCJ,BGY,2027-02-12,12:10,97.67,ok
2026-10-06,LCJ,BGY,2027-02-19,12:10,131.36,ok
2026-10-06,LCJ,BGY,2027-02-22,12:25,262.75,ok
2026-10-06,LCJ,BGY,2027-03-01,12:25,122.60,ok
2026-10-06,LCJ,BGY,2027-03-05,12:10,170.77,ok
2026-10-06,LCJ,BGY,2027-03-08,12:25,122.60,ok
2026-10-06,LCJ,BGY,2027-03-12,12:10,148.88,ok
2026-10-06,LCJ,BGY,2027-03-15,12:25,385.39,ok
2026-10-06,LCJ,BGY,2027-03-19,12:10,170.74,ok
2026-10-06,LCJ,BGY,2027-03-22,12:25,117.95,ok
2026-10-06,LCJ,BGY,2027-03-26,12:10,240.86,ok
2026-10-06,LCJ,BGY,2027-07-05,14:00,273.06,ok
2026-10-06,BGY,LCJ,2026-10-06,19:55,437.95,ok
2026-10-06,BGY,LCJ,2026-10-07,10:30,160.09,ok
2026-10-06,BGY,LCJ,2026-10-08,07:35,218.95,ok
2026-10-06,BGY,LCJ,2026-10-09,11:15,197.05,ok
2026-10-06,BGY,LCJ,2026-10-11,15:25,1237.24,ok
2026-10-06,BGY,LCJ,2026-10-12,11:15,197.05,ok
2026-10-06,BGY,LCJ,2026-10-13,19:55,74.41,ok
2026-10-06,BGY,LCJ,2026-10-14,10:30,75.14,ok
2026-10-06,BGY,LCJ,2026-10-15,07:35,105.07,ok
2026-10-06,BGY,LCJ,2026-10-16,11:15,192.67,ok
2026-10-06,BGY,LCJ,2026-10-18,15:25,853.12,ok
2026-10-06,BGY,LCJ,2026-10-19,11:15,324.07,ok
2026-10-06,BGY,LCJ,2026-10-20,19:55,135.73,ok
2026-10-06,BGY,LCJ,2026-10-21,06:20,65.65,ok
2026-10-06,BGY,LCJ,2026-10-22,07:35,69.38,ok
2026-10-06,BGY,LCJ,2026-10-23,11:15,175.15,ok
2026-10-06,BGY,LCJ,2026-10-26,10:05,377.06,ok
2026-10-06,BGY,LCJ,2026-10-28,13:35,117.95,ok
2026-10-06,BGY,LCJ,2026-10-30,09:50,115.52,ok
2026-10-06,BGY,LCJ,2026-11-02,10:05,160.93,ok
2026-10-06,BGY,LCJ,2026-11-09,10:05,102.62,ok
2026-10-06,BGY,LCJ,2026-11-13,09:50,79.59,ok
2026-10-06,BGY,LCJ,2026-11-16,10:05,221.94,ok
2026-10-06,BGY,LCJ,2026-11-23,10:05,460.22,ok
2026-10-06,BGY,LCJ,2026-11-30,10:05,112.67,ok
2026-10-06,BGY,LCJ,2026-12-04,09:50,96.31,ok
2026-10-06,BGY,LCJ,2026-12-07,10:05,148.87,ok
2026-10-06,BGY,LCJ,2026-12-11,09:50,74.41,ok
2026-10-06,BGY,LCJ,2026-12-18,09:50,100.69,ok
2026-10-06,BGY,LCJ,2026-12-21,10:05,206.39,ok
2026-10-06,BGY,LCJ,2026-12-23,17:05,183.92,ok
2026-10-06,BGY,LCJ,2026-12-30,17:05,121.87,ok
2026-10-06,BGY,LCJ,2027-01-04,10:05,277.44,ok
2026-10-06,BGY,LCJ,2027-02-01,10:05,122.60,ok
2026-10-06,BGY,LCJ,2027-02-08,10:05,153.26,ok
2026-10-06,BGY,LCJ,2027-02-15,10:05,143.33,ok
2026-10-06,BGY,LCJ,2027-02-19,09:50,144.50,ok
2026-10-06,BGY,LCJ,2027-02-26,09:50,166.39,ok
2026-10-06,BGY,LCJ,2027-03-01,10:05,183.92,ok
2026-10-06,BGY,LCJ,2027-03-05,09:50,109.46,ok
2026-10-06,BGY,LCJ,2027-03-15,10:05,367.87,ok
2026-10-06,BGY,LCJ,2027-03-19,09:50,227.71,ok
2026-10-06,BGY,LCJ,2027-03-22,10:05,143.33,ok
2026-10-06,BGY,LCJ,2027-03-26,09:50,188.30,ok
2026-10-06,BGY,LCJ,2027-05-31,11:45,404.82,ok
2026-10-06,LCJ,BHX,2026-10-08,10:20,211.46,ok
2026-10-06,LCJ,BHX,2026-10-12,22:10,140.22,ok
2026-10-06,LCJ,BHX,2026-10-15,10:20,127.79,ok
2026-10-06,LCJ,BHX,2026-10-19,22:10,123.98,ok
2026-10-06,LCJ,BHX,2026-10-22,10:20,146.08,ok
2026-10-06,LCJ,BHX,2026-10-25,19:30,150.46,ok
2026-10-06,LCJ,BHX,2026-10-29,19:10,155.59,ok
2026-10-06,LCJ,BHX,2026-10-30,10:25,169.40,ok
2026-10-06,LCJ,BHX,2026-11-01,19:30,401.55,ok
2026-10-06,LCJ,BHX,2026-11-06,10:25,110.02,ok
2026-10-06,LCJ,BHX,2026-11-08,19:30,240.85,ok
2026-10-06,LCJ,BHX,2026-11-15,19:30,155.73,ok
2026-10-06,LCJ,BHX,2026-11-19,19:10,126.97,ok
2026-10-06,LCJ,BHX,2026-11-22,19:30,183.91,ok
2026-10-06,LCJ,BHX,2026-11-26,19:10,78.79,ok
2026-10-06,LCJ,BHX,2026-11-29,19:30,210.19,ok
2026-10-06,LCJ,BHX,2026-12-03,19:10,74.41,ok
2026-10-06,LCJ,BHX,2026-12-04,10:25,78.79,ok
2026-10-06,LCJ,BHX,2026-12-06,19:30,262.31,ok
2026-10-06,LCJ,BHX,2026-12-10,19:10,118.21,ok
2026-10-06,LCJ,BHX,2026-12-13,19:30,170.77,ok
2026-10-06,LCJ,BHX,2026-12-17,19:10,105.07,ok
2026-10-06,LCJ,BHX,2026-12-18,10:25,135.73,ok
2026-10-06,LCJ,BHX,2026-12-20,19:30,335.84,ok
2026-10-06,LCJ,BHX,2026-12-27,19:30,350.35,ok
2026-10-06,LCJ,BHX,2026-12-31,19:10,394.06,ok
2026-10-06,LCJ,BHX,2027-01-03,19:30,650.00,ok
2026-10-06,LCJ,BHX,2027-01-07,19:10,170.00,ok
2026-10-06,LCJ,BHX,2027-01-08,10:25,210.20,ok
2026-10-06,LCJ,BHX,2027-01-14,19:10,170.00,ok
2026-10-06,LCJ,BHX,2027-01-15,10:25,148.88,ok
2026-10-06,LCJ,BHX,2027-01-17,19:30,119.00,ok
2026-10-06,LCJ,BHX,2027-01-21,19:10,119.00,ok
2026-10-06,LCJ,BHX,2027-01-22,10:25,179.54,ok
2026-10-06,LCJ,BHX,2027-01-24,19:30,157.64,ok
2026-10-06,LCJ,BHX,2027-01-29,10:25,119.00,ok
2026-10-06,LCJ,BHX,2027-01-31,19:30,166.40,ok
2026-10-06,LCJ,BHX,2027-02-12,10:25,144.50,ok
2026-10-06,LCJ,BHX,2027-02-28,19:30,197.06,ok
2026-10-06,LCJ,BHX,2027-03-05,10:25,122.60,ok
2026-10-06,LCJ,BHX,2027-03-07,19:30,144.50,ok
2026-10-06,LCJ,BHX,2027-03-12,10:25,210.20,ok
2026-10-06,LCJ,BHX,2027-03-14,19:30,157.64,ok
2026-10-06,LCJ,BHX,2027-03-19,10:25,135.73,ok
2026-10-06,LCJ,BHX,2027-03-21,19:30,126.98,ok
2026-10-06,LCJ,BHX,2027-03-23,19:50,289.04,ok
2026-10-06,LCJ,BHX,2027-03-25,19:10,166.40,ok
2026-10-06,LCJ,BHX,2027-03-26,10:25,162.01,ok
2026-10-06,BHX,LCJ,2026-10-08,06:35,233.19,ok
2026-10-06,BHX,LCJ,2026-10-12,18:25,74.00,ok
2026-10-06,BHX,LCJ,2026-10-15,06:35,181.09,ok
2026-10-06,BHX,LCJ,2026-10-19,18:25,256.10,ok
2026-10-06,BHX,LCJ,2026-10-22,06:35,515.02,ok
2026-10-06,BHX,LCJ,2026-10-25,15:45,418.32,ok
2026-10-06,BHX,LCJ,2026-10-29,15:25,74.00,ok
2026-10-06,BHX,LCJ,2026-10-30,06:40,74.00,ok
2026-10-06,BHX,LCJ,2026-11-01,15:45,98.01,ok
2026-10-06,BHX,LCJ,2026-11-05,15:25,82.53,ok
2026-10-06,BHX,LCJ,2026-11-12,15:25,77.37,ok
2026-10-06,BHX,LCJ,2026-11-15,15:45,87.00,ok
2026-10-06,BHX,LCJ,2026-11-19,15:25,113.50,ok
2026-10-06,BHX,LCJ,2026-11-20,06:40,87.00,ok
2026-10-06,BHX,LCJ,2026-11-27,06:40,105.64,ok
2026-10-06,BHX,LCJ,2026-11-29,15:45,180.59,ok
2026-10-06,BHX,LCJ,2026-12-04,06:40,170.27,ok
2026-10-06,BHX,LCJ,2026-12-06,15:45,139.30,ok
2026-10-06,BHX,LCJ,2026-12-10,15:25,149.63,ok
2026-10-06,BHX,LCJ,2026-12-11,06:40,114.14,ok
2026-10-06,BHX,LCJ,2026-12-13,15:45,294.14,ok
2026-10-06,BHX,LCJ,2026-12-17,15:25,423.53,ok
2026-10-06,BHX,LCJ,2026-12-18,06:40,784.47,ok
2026-10-06,BHX,LCJ,2026-12-20,15:45,869.37,ok
2026-10-06,BHX,LCJ,2026-12-27,15:45,329.90,ok
2026-10-06,BHX,LCJ,2026-12-31,15:25,109.76,ok
2026-10-06,BHX,LCJ,2027-01-01,06:40,144.30,ok
2026-10-06,BHX,LCJ,2027-01-07,15:25,119.00,ok
2026-10-06,BHX,LCJ,2027-01-14,15:25,119.00,ok
2026-10-06,BHX,LCJ,2027-01-17,15:45,133.99,ok
2026-10-06,BHX,LCJ,2027-01-24,15:45,149.46,ok
2026-10-06,BHX,LCJ,2027-01-28,15:25,119.00,ok
2026-10-06,BHX,LCJ,2027-01-29,06:40,157.70,ok
2026-10-06,BHX,LCJ,2027-01-31,15:45,119.00,ok
2026-10-06,BHX,LCJ,2027-02-07,15:45,170.08,ok
2026-10-06,BHX,LCJ,2027-02-14,15:45,329.90,ok
2026-10-06,BHX,LCJ,2027-03-05,06:40,211.32,ok
2026-10-06,BHX,LCJ,2027-03-07,15:45,149.46,ok
2026-10-06,BHX,LCJ,2027-03-12,06:40,226.79,ok
2026-10-06,BHX,LCJ,2027-03-23,16:05,494.87,ok
2026-10-06,BHX,LCJ,2027-03-25,15:25,603.14,ok
2026-10-06,LCJ,CRL,2026-10-08,15:30,197.05,ok
2026-10-06,LCJ,CRL,2026-10-11,14:25,262.75,ok
2026-10-06,LCJ,CRL,2026-10-15,15:30,78.79,ok
2026-10-06,LCJ,CRL,2026-10-18,14:25,232.09,ok
2026-10-06,LCJ,CRL,2026-10-22,15:30,69.91,ok
2026-10-06,CRL,LCJ,2026-10-08,13:05,202.72,ok
2026-10-06,CRL,LCJ,2026-10-11,12:05,564.96,ok
2026-10-06,CRL,LCJ,2026-10-15,13:05,105.07,ok
2026-10-06,CRL,LCJ,2026-10-18,12:05,262.75,ok
2026-10-06,CRL,LCJ,2026-10-22,13:05,65.65,ok
2026-10-06,LCJ,DUB,2026-10-08,22:45,722.64,ok
2026-10-06,LCJ,DUB,2026-10-12,17:30,486.13,ok
2026-10-06,LCJ,DUB,2026-10-15,22:45,148.87,ok
2026-10-06,LCJ,DUB,2026-10-19,17:30,205.37,ok
2026-10-06,LCJ,DUB,2026-10-22,22:45,122.59,ok
2026-10-06,LCJ,DUB,2026-10-26,13:05,187.06,ok
2026-10-06,LCJ,DUB,2026-10-30,20:25,359.51,ok
2026-10-06,LCJ,DUB,2026-11-02,13:05,328.65,ok
2026-10-06,LCJ,DUB,2026-11-06,20:25,205.81,ok
2026-10-06,LCJ,DUB,2026-11-09,13:05,139.11,ok
2026-10-06,LCJ,DUB,2026-11-13,20:25,118.21,ok
2026-10-06,LCJ,DUB,2026-11-16,13:05,154.66,ok
2026-10-06,LCJ,DUB,2026-11-20,20:25,140.11,ok
2026-10-06,LCJ,DUB,2026-11-23,13:05,152.51,ok
2026-10-06,LCJ,DUB,2026-11-27,20:25,141.83,ok
2026-10-06,LCJ,DUB,2026-11-30,13:05,131.97,ok
2026-10-06,LCJ,DUB,2026-12-04,20:25,118.21,ok
2026-10-06,LCJ,DUB,2026-12-14,13:05,130.00,ok
2026-10-06,LCJ,DUB,2026-12-18,20:25,214.17,ok
2026-10-06,LCJ,DUB,2026-12-21,13:05,202.35,ok
2026-10-06,LCJ,DUB,2026-12-23,11:20,232.10,ok
2026-10-06,LCJ,DUB,2026-12-28,13:05,331.44,ok
2026-10-06,LCJ,DUB,2026-12-30,11:20,437.95,ok
2026-10-06,LCJ,DUB,2027-01-01,20:25,651.62,ok
2026-10-06,LCJ,DUB,2027-01-04,13:05,783.26,ok
2026-10-06,LCJ,DUB,2027-01-08,20:25,328.46,ok
2026-10-06,LCJ,DUB,2027-01-15,20:25,179.54,ok
2026-10-06,LCJ,DUB,2027-01-18,13:05,264.00,ok
2026-10-06,LCJ,DUB,2027-01-29,20:25,157.64,ok
2026-10-06,LCJ,DUB,2027-02-05,20:25,153.26,ok
2026-10-06,LCJ,DUB,2027-02-26,20:25,144.49,ok
2026-10-06,LCJ,DUB,2027-03-05,20:25,157.64,ok
2026-10-06,LCJ,DUB,2027-03-12,20:25,162.02,ok
2026-10-06,LCJ,DUB,2027-03-19,20:25,162.02,ok
2026-10-06,LCJ,DUB,2027-03-30,16:50,663.38,ok
2026-10-06,LCJ,DUB,2027-05-08,22:20,502.00,ok
2026-10-06,LCJ,DUB,2027-06-01,16:50,603.00,ok
2026-10-06,LCJ,DUB,2027-07-31,22:20,854.00,ok
2026-10-06,LCJ,DUB,2027-08-07,22:20,935.00,ok
2026-10-06,LCJ,DUB,2027-09-04,22:20,783.26,ok
2026-10-06,DUB,LCJ,2026-10-08,18:35,880.32,ok
2026-10-06,DUB,LCJ,2026-10-12,13:20,210.19,ok
2026-10-06,DUB,LCJ,2026-10-15,18:35,315.31,ok
2026-10-06,DUB,LCJ,2026-10-19,13:20,177.12,ok
2026-10-06,DUB,LCJ,2026-10-22,18:35,597.67,ok
2026-10-06,DUB,LCJ,2026-10-26,09:00,259.95,ok
2026-10-06,DUB,LCJ,2026-10-30,16:20,202.79,ok
2026-10-06,DUB,LCJ,2026-11-02,09:00,154.66,ok
2026-10-06,DUB,LCJ,2026-11-06,16:20,135.73,ok
2026-10-06,DUB,LCJ,2026-11-09,09:00,130.00,ok
2026-10-06,DUB,LCJ,2026-11-16,09:00,151.90,ok
2026-10-06,DUB,LCJ,2026-11-20,16:20,145.15,ok
2026-10-06,DUB,LCJ,2026-11-23,09:00,147.60,ok
2026-10-06,DUB,LCJ,2026-11-27,16:20,143.14,ok
2026-10-06,DUB,LCJ,2026-12-11,16:20,183.91,ok
2026-10-06,DUB,LCJ,2026-12-14,09:00,135.26,ok
2026-10-06,DUB,LCJ,2026-12-18,16:20,776.74,ok
2026-10-06,DUB,LCJ,2026-12-21,09:00,593.28,ok
2026-10-06,DUB,LCJ,2026-12-23,07:15,972.34,ok
2026-10-06,DUB,LCJ,2026-12-28,09:00,377.95,ok
2026-10-06,DUB,LCJ,2026-12-30,07:15,295.58,ok
2026-10-06,DUB,LCJ,2027-01-01,16:20,271.52,ok
2026-10-06,DUB,LCJ,2027-01-04,09:00,264.00,ok
2026-10-06,DUB,LCJ,2027-01-08,16:20,196.00,ok
2026-10-06,DUB,LCJ,2027-01-15,16:20,153.25,ok
2026-10-06,DUB,LCJ,2027-01-29,16:20,157.64,ok
2026-10-06,DUB,LCJ,2027-02-05,16:20,175.16,ok
2026-10-06,DUB,LCJ,2027-02-19,16:20,201.43,ok
2026-10-06,DUB,LCJ,2027-02-26,16:20,157.64,ok
2026-10-06,DUB,LCJ,2027-03-05,16:20,148.88,ok
2026-10-06,DUB,LCJ,2027-03-15,09:00,446.00,ok
2026-10-06,DUB,LCJ,2027-03-26,16:20,503.64,ok
2026-10-06,DUB,LCJ,2027-03-30,12:45,552.38,ok
2026-10-06,DUB,LCJ,2027-05-08,18:15,391.00,ok
2026-10-06,DUB,LCJ,2027-06-01,12:45,502.00,ok
2026-10-06,DUB,LCJ,2027-07-31,18:15,718.00,ok
2026-10-06,DUB,LCJ,2027-08-07,18:15,548.00,ok
2026-10-06,DUB,LCJ,2027-08-24,12:45,423.63,ok
2026-10-06,LCJ,STN,2026-10-06,20:45,532.79,ok
2026-10-06,LCJ,STN,2026-10-07,11:50,561.57,ok
2026-10-06,LCJ,STN,2026-10-08,16:15,619.88,ok
2026-10-06,LCJ,STN,2026-10-10,11:35,949.23,ok
2026-10-06,LCJ,STN,2026-10-11,15:45,1214.86,ok
2026-10-06,LCJ,STN,2026-10-12,16:45,384.91,ok
2026-10-06,LCJ,STN,2026-10-13,20:45,197.12,ok
2026-10-06,LCJ,STN,2026-10-14,11:50,176.14,ok
2026-10-06,LCJ,STN,2026-10-15,16:15,228.18,ok
2026-10-06,LCJ,STN,2026-10-17,11:35,293.38,ok
2026-10-06,LCJ,STN,2026-10-18,15:45,341.07,ok
2026-10-06,LCJ,STN,2026-10-19,16:45,139.12,ok
2026-10-06,LCJ,STN,2026-10-20,20:45,86.13,ok
2026-10-06,LCJ,STN,2026-10-21,11:50,86.35,ok
2026-10-06,LCJ,STN,2026-10-22,16:15,199.83,ok
2026-10-06,LCJ,STN,2026-10-24,11:35,154.63,ok
2026-10-06,LCJ,STN,2026-10-26,10:55,139.12,ok
2026-10-06,LCJ,STN,2026-10-27,20:30,140.06,ok
2026-10-06,LCJ,STN,2026-10-29,17:45,262.54,ok
2026-10-06,LCJ,STN,2026-10-30,14:20,270.95,ok
2026-10-06,LCJ,STN,2026-10-31,12:25,249.80,ok
2026-10-06,LCJ,STN,2026-11-01,13:40,284.65,ok
2026-10-06,LCJ,STN,2026-11-02,10:55,512.40,ok
2026-10-06,LCJ,STN,2026-11-05,17:45,407.29,ok
2026-10-06,LCJ,STN,2026-11-06,10:10,405.93,ok
2026-10-06,LCJ,STN,2026-11-07,12:25,293.41,ok
2026-10-06,LCJ,STN,2026-11-08,17:30,174.03,ok
2026-10-06,LCJ,STN,2026-11-09,10:55,249.61,ok
2026-10-06,LCJ,STN,2026-11-12,17:45,105.74,ok
2026-10-06,LCJ,STN,2026-11-13,10:10,131.35,ok
2026-10-06,LCJ,STN,2026-11-14,12:25,153.25,ok
2026-10-06,LCJ,STN,2026-11-15,13:40,126.97,ok
2026-10-06,LCJ,STN,2026-11-16,10:55,144.49,ok
2026-10-06,LCJ,STN,2026-11-19,17:45,120.24,ok
2026-10-06,LCJ,STN,2026-11-20,10:10,197.05,ok
2026-10-06,LCJ,STN,2026-11-21,12:25,105.07,ok
2026-10-06,LCJ,STN,2026-11-22,13:40,105.07,ok
2026-10-06,LCJ,STN,2026-11-23,10:55,91.93,ok
2026-10-06,LCJ,STN,2026-11-27,10:10,170.77,ok
2026-10-06,LCJ,STN,2026-11-28,12:25,109.45,ok
2026-10-06,LCJ,STN,2026-11-30,10:55,197.05,ok
2026-10-06,LCJ,STN,2026-12-03,17:45,188.29,ok
2026-10-06,LCJ,STN,2026-12-04,14:20,105.22,ok
2026-10-06,LCJ,STN,2026-12-06,13:40,100.69,ok
2026-10-06,LCJ,STN,2026-12-10,17:45,105.07,ok
2026-10-06,LCJ,STN,2026-12-12,12:25,105.07,ok
2026-10-06,LCJ,STN,2026-12-14,10:55,83.17,ok
2026-10-06,LCJ,STN,2026-12-17,17:45,102.33,ok
2026-10-06,LCJ,STN,2026-12-18,10:10,113.83,ok
2026-10-06,LCJ,STN,2026-12-19,12:25,179.38,ok
2026-10-06,LCJ,STN,2026-12-20,17:30,148.06,ok
2026-10-06,LCJ,STN,2026-12-22,21:25,210.19,ok
2026-10-06,LCJ,STN,2026-12-23,09:35,377.38,ok
2026-10-06,LCJ,STN,2026-12-26,12:25,363.49,ok
2026-10-06,LCJ,STN,2026-12-27,13:40,417.06,ok
2026-10-06,LCJ,STN,2026-12-28,10:55,538.00,ok
2026-10-06,LCJ,STN,2026-12-29,21:25,376.85,ok
2026-10-06,LCJ,STN,2026-12-30,09:35,372.25,ok
2026-10-06,LCJ,STN,2026-12-31,17:45,451.01,ok
2026-10-06,LCJ,STN,2027-01-03,17:30,652.59,ok
2026-10-06,LCJ,STN,2027-01-04,10:55,625.00,ok
2026-10-06,LCJ,STN,2027-01-07,17:45,238.51,ok
2026-10-06,LCJ,STN,2027-01-08,14:20,197.06,ok
2026-10-06,LCJ,STN,2027-01-09,12:25,197.06,ok
2026-10-06,LCJ,STN,2027-01-11,10:55,175.16,ok
2026-10-06,LCJ,STN,2027-01-14,17:45,135.73,ok
2026-10-06,LCJ,STN,2027-01-15,14:20,122.59,ok
2026-10-06,LCJ,STN,2027-01-16,12:25,201.44,ok
2026-10-06,LCJ,STN,2027-01-18,10:55,214.58,ok
2026-10-06,LCJ,STN,2027-01-21,17:45,135.74,ok
2026-10-06,LCJ,STN,2027-01-23,12:25,144.26,ok
2026-10-06,LCJ,STN,2027-01-24,17:30,158.00,ok
2026-10-06,LCJ,STN,2027-01-30,12:25,162.02,ok
2026-10-06,LCJ,STN,2027-01-31,17:30,271.51,ok
2026-10-06,LCJ,STN,2027-02-01,10:55,148.88,ok
2026-10-06,LCJ,STN,2027-02-04,17:45,96.31,ok
2026-10-06,LCJ,STN,2027-02-05,10:10,109.45,ok
2026-10-06,LCJ,STN,2027-02-06,12:25,135.74,ok
2026-10-06,LCJ,STN,2027-02-07,13:40,136.38,ok
2026-10-06,LCJ,STN,2027-02-08,10:55,131.36,ok
2026-10-06,LCJ,STN,2027-02-12,10:10,183.91,ok
2026-10-06,LCJ,STN,2027-02-13,12:25,289.00,ok
2026-10-06,LCJ,STN,2027-02-14,17:30,135.74,ok
2026-10-06,LCJ,STN,2027-02-18,17:45,227.72,ok
2026-10-06,LCJ,STN,2027-02-21,13:40,410.41,ok
2026-10-06,LCJ,STN,2027-02-22,10:55,267.14,ok
2026-10-06,LCJ,STN,2027-02-25,17:45,109.45,ok
2026-10-06,LCJ,STN,2027-03-01,10:55,174.64,ok
2026-10-06,LCJ,STN,2027-03-04,17:45,179.54,ok
2026-10-06,LCJ,STN,2027-03-07,17:30,227.72,ok
2026-10-06,LCJ,STN,2027-03-08,10:55,113.83,ok
2026-10-06,LCJ,STN,2027-03-11,17:45,148.88,ok
2026-10-06,LCJ,STN,2027-03-12,10:10,113.84,ok
2026-10-06,LCJ,STN,2027-03-14,17:30,254.00,ok
2026-10-06,LCJ,STN,2027-03-15,10:55,140.12,ok
2026-10-06,LCJ,STN,2027-03-18,17:45,148.88,ok
2026-10-06,LCJ,STN,2027-03-19,14:20,122.60,ok
2026-10-06,LCJ,STN,2027-03-22,10:55,188.30,ok
2026-10-06,LCJ,STN,2027-03-23,16:15,162.02,ok
2026-10-06,LCJ,STN,2027-03-25,17:45,420.43,ok
2026-10-06,LCJ,STN,2027-03-26,10:10,227.72,ok
2026-10-06,LCJ,STN,2027-03-30,21:20,472.38,ok
2026-10-06,LCJ,STN,2027-04-02,10:35,472.38,ok
2026-10-06,LCJ,STN,2027-04-09,10:35,206.05,ok
2026-10-06,LCJ,STN,2027-05-05,17:40,217.00,ok
2026-10-06,LCJ,STN,2027-05-08,22:55,238.51,ok
2026-10-06,LCJ,STN,2027-06-01,21:20,289.00,ok
2026-10-06,LCJ,STN,2027-06-04,10:35,217.00,ok
2026-10-06,LCJ,STN,2027-07-31,22:55,332.00,ok
2026-10-06,LCJ,STN,2027-08-07,22:55,421.00,ok
2026-10-06,LCJ,STN,2027-09-10,10:35,275.75,ok
2026-10-06,STN,LCJ,2026-10-06,,,unavailable
2026-10-06,STN,LCJ,2026-10-07,08:15,199.05,ok
2026-10-06,STN,LCJ,2026-10-08,12:40,425.64,ok
2026-10-06,STN,LCJ,2026-10-10,08:00,547.16,ok
2026-10-06,STN,LCJ,2026-10-11,12:10,465.64,ok
2026-10-06,STN,LCJ,2026-10-12,13:10,254.18,ok
2026-10-06,STN,LCJ,2026-10-13,17:10,345.45,ok
2026-10-06,STN,LCJ,2026-10-14,08:15,260.11,ok
2026-10-06,STN,LCJ,2026-10-15,12:40,485.13,ok
2026-10-06,STN,LCJ,2026-10-17,08:00,575.93,ok
2026-10-06,STN,LCJ,2026-10-18,12:10,557.19,ok
2026-10-06,STN,LCJ,2026-10-19,13:10,363.62,ok
2026-10-06,STN,LCJ,2026-10-20,17:10,363.62,ok
2026-10-06,STN,LCJ,2026-10-21,08:15,421.32,ok
2026-10-06,STN,LCJ,2026-10-22,12:40,486.55,ok
2026-10-06,STN,LCJ,2026-10-24,08:00,493.49,ok
2026-10-06,STN,LCJ,2026-10-25,13:55,421.32,ok
2026-10-06,STN,LCJ,2026-10-26,07:20,335.47,ok
2026-10-06,STN,LCJ,2026-10-27,16:55,204.21,ok
2026-10-06,STN,LCJ,2026-10-29,14:10,285.08,ok
2026-10-06,STN,LCJ,2026-10-30,06:35,176.14,ok
2026-10-06,STN,LCJ,2026-10-31,08:50,162.99,ok
2026-10-06,STN,LCJ,2026-11-01,10:05,92.85,ok
2026-10-06,STN,LCJ,2026-11-02,07:20,87.00,ok
2026-10-06,STN,LCJ,2026-11-05,14:10,118.66,ok
2026-10-06,STN,LCJ,2026-11-06,06:35,87.00,ok
2026-10-06,STN,LCJ,2026-11-07,08:50,87.69,ok
2026-10-06,STN,LCJ,2026-11-08,13:55,77.37,ok
2026-10-06,STN,LCJ,2026-11-09,07:20,89.72,ok
2026-10-06,STN,LCJ,2026-11-12,14:10,195.19,ok
2026-10-06,STN,LCJ,2026-11-13,06:35,145.74,ok
2026-10-06,STN,LCJ,2026-11-14,08:50,89.72,ok
2026-10-06,STN,LCJ,2026-11-15,10:05,134.14,ok
2026-10-06,STN,LCJ,2026-11-16,07:20,128.98,ok
2026-10-06,STN,LCJ,2026-11-19,14:10,149.63,ok
2026-10-06,STN,LCJ,2026-11-20,06:35,128.98,ok
2026-10-06,STN,LCJ,2026-11-21,08:50,118.66,ok
2026-10-06,STN,LCJ,2026-11-22,10:05,98.01,ok
2026-10-06,STN,LCJ,2026-11-26,14:10,199.92,ok
2026-10-06,STN,LCJ,2026-11-27,06:35,201.24,ok
2026-10-06,STN,LCJ,2026-11-28,08:50,118.66,ok
2026-10-06,STN,LCJ,2026-11-29,13:55,118.66,ok
2026-10-06,STN,LCJ,2026-11-30,07:20,154.79,ok
2026-10-06,STN,LCJ,2026-12-03,14:10,185.76,ok
2026-10-06,STN,LCJ,2026-12-04,10:45,87.00,ok
2026-10-06,STN,LCJ,2026-12-06,10:05,128.98,ok
2026-10-06,STN,LCJ,2026-12-07,07:20,155.72,ok
2026-10-06,STN,LCJ,2026-12-10,14:10,237.37,ok
2026-10-06,STN,LCJ,2026-12-11,10:45,129.02,ok
2026-10-06,STN,LCJ,2026-12-12,08:50,245.48,ok
2026-10-06,STN,LCJ,2026-12-13,10:05,237.37,ok
2026-10-06,STN,LCJ,2026-12-14,07:20,206.40,ok
2026-10-06,STN,LCJ,2026-12-17,14:10,805.12,ok
2026-10-06,STN,LCJ,2026-12-18,06:35,805.12,ok
2026-10-06,STN,LCJ,2026-12-19,08:50,1204.29,ok
2026-10-06,STN,LCJ,2026-12-20,13:55,949.63,ok
2026-10-06,STN,LCJ,2026-12-21,07:20,782.00,ok
2026-10-06,STN,LCJ,2026-12-22,17:50,675.47,ok
2026-10-06,STN,LCJ,2026-12-23,05:55,924.05,ok
2026-10-06,STN,LCJ,2026-12-26,08:50,376.30,ok
2026-10-06,STN,LCJ,2026-12-27,13:55,314.43,ok
2026-10-06,STN,LCJ,2026-12-28,07:20,197.68,ok
2026-10-06,STN,LCJ,2026-12-29,17:50,246.05,ok
2026-10-06,STN,LCJ,2026-12-30,05:55,143.02,ok
2026-10-06,STN,LCJ,2027-01-07,14:10,180.59,ok
2026-10-06,STN,LCJ,2027-01-09,08:50,123.82,ok
2026-10-06,STN,LCJ,2027-01-11,07:20,113.37,ok
2026-10-06,STN,LCJ,2027-01-16,08:50,154.61,ok
2026-10-06,STN,LCJ,2027-01-22,10:45,164.92,ok
2026-10-06,STN,LCJ,2027-01-23,08:50,154.61,ok
2026-10-06,STN,LCJ,2027-01-25,07:20,174.64,ok
2026-10-06,STN,LCJ,2027-01-28,14:10,174.64,ok
2026-10-06,STN,LCJ,2027-01-29,10:45,206.05,ok
2026-10-06,STN,LCJ,2027-01-31,13:55,154.61,ok
2026-10-06,STN,LCJ,2027-02-01,07:20,144.30,ok
2026-10-06,STN,LCJ,2027-02-05,06:35,180.59,ok
2026-10-06,STN,LCJ,2027-02-07,10:05,136.38,ok
2026-10-06,STN,LCJ,2027-02-11,14:10,402.08,ok
2026-10-06,STN,LCJ,2027-02-13,08:50,332.00,ok
2026-10-06,STN,LCJ,2027-02-14,10:05,345.37,ok
2026-10-06,STN,LCJ,2027-02-15,07:20,298.97,ok
2026-10-06,STN,LCJ,2027-02-18,14:10,381.89,ok
2026-10-06,STN,LCJ,2027-02-19,06:35,257.72,ok
2026-10-06,STN,LCJ,2027-02-20,08:50,154.79,ok
2026-10-06,STN,LCJ,2027-02-25,14:10,180.39,ok
2026-10-06,STN,LCJ,2027-02-26,06:35,159.77,ok
2026-10-06,STN,LCJ,2027-03-01,07:20,154.61,ok
2026-10-06,STN,LCJ,2027-03-04,14:10,242.26,ok
2026-10-06,STN,LCJ,2027-03-07,13:55,179.02,ok
2026-10-06,STN,LCJ,2027-03-11,14:10,175.23,ok
2026-10-06,STN,LCJ,2027-03-13,08:50,170.08,ok
2026-10-06,STN,LCJ,2027-03-14,13:55,174.64,ok
2026-10-06,STN,LCJ,2027-03-18,14:10,133.99,ok
2026-10-06,STN,LCJ,2027-03-19,10:45,484.56,ok
2026-10-06,STN,LCJ,2027-03-20,08:50,597.98,ok
2026-10-06,STN,LCJ,2027-03-22,07:20,433.50,ok
2026-10-06,STN,LCJ,2027-03-25,14:10,634.07,ok
2026-10-06,STN,LCJ,2027-03-26,10:45,421.00,ok
2026-10-06,STN,LCJ,2027-03-27,08:50,362.22,ok
2026-10-06,STN,LCJ,2027-03-28,06:55,275.75,ok
2026-10-06,STN,LCJ,2027-03-30,17:45,221.38,ok
2026-10-06,STN,LCJ,2027-04-02,07:00,191.38,ok
2026-10-06,STN,LCJ,2027-04-06,17:45,206.05,ok
2026-10-06,STN,LCJ,2027-05-05,14:05,251.00,ok
2026-10-06,STN,LCJ,2027-05-08,19:20,332.00,ok
2026-10-06,STN,LCJ,2027-05-11,17:45,317.03,ok
2026-10-06,STN,LCJ,2027-05-28,07:00,275.75,ok
2026-10-06,STN,LCJ,2027-06-01,17:45,217.00,ok
2026-10-06,STN,LCJ,2027-06-04,07:00,217.00,ok
2026-10-06,STN,LCJ,2027-07-31,19:20,625.00,ok
2026-10-06,STN,LCJ,2027-08-07,19:20,514.00,ok
2026-10-07,LCJ,AGP,2026-10-07,19:25,437.95,ok
2026-10-07,LCJ,AGP,2026-10-10,20:10,297.79,ok
2026-10-07,LCJ,AGP,2026-10-14,19:25,245.23,ok
2026-10-07,LCJ,AGP,2026-10-17,20:10,257.80,ok
2026-10-07,LCJ,AGP,2026-10-21,19:25,214.57,ok
2026-10-07,LCJ,AGP,2026-11-05,12:50,240.85,ok
2026-10-07,LCJ,AGP,2026-11-06,20:40,460.58,ok
2026-10-07,LCJ,AGP,2026-11-08,20:20,327.38,ok
2026-10-07,LCJ,AGP,2026-11-12,12:50,253.99,ok
2026-10-07,LCJ,AGP,2026-11-15,20:20,109.45,ok
2026-10-07,LCJ,AGP,2026-11-19,12:50,144.49,ok
2026-10-07,LCJ,AGP,2026-11-20,20:40,183.91,ok
2026-10-07,LCJ,AGP,2026-11-26,12:50,180.98,ok
2026-10-07,LCJ,AGP,2026-12-04,20:40,137.50,ok
2026-10-07,LCJ,AGP,2026-12-27,20:20,703.53,ok
2026-10-07,LCJ,AGP,2027-01-03,20:20,293.41,ok
2026-10-07,LCJ,AGP,2027-01-08,20:40,153.00,ok
2026-10-07,LCJ,AGP,2027-01-10,20:20,100.69,ok
2026-10-07,LCJ,AGP,2027-01-17,20:20,450.51,ok
2026-10-07,LCJ,AGP,2027-01-24,20:20,205.81,ok
2026-10-07,LCJ,AGP,2027-01-29,20:40,297.79,ok
2026-10-07,LCJ,AGP,2027-02-05,20:40,183.91,ok
2026-10-07,LCJ,AGP,2027-02-12,20:40,337.21,ok
2026-10-07,LCJ,AGP,2027-02-26,20:40,232.09,ok
2026-10-07,LCJ,AGP,2027-03-07,20:20,183.38,ok
2026-10-07,LCJ,AGP,2027-03-19,20:40,213.00,ok
2026-10-07,LCJ,AGP,2027-03-26,20:40,359.11,ok
2026-10-07,LCJ,AGP,2027-04-15,18:50,285.00,ok
2026-10-07,AGP,LCJ,2026-10-07,15:20,437.95,ok
2026-10-07,AGP,LCJ,2026-10-10,15:40,411.34,ok
2026-10-07,AGP,LCJ,2026-10-14,15:20,433.57,ok
2026-10-07,AGP,LCJ,2026-10-17,15:40,402.91,ok
2026-10-07,AGP,LCJ,2026-10-21,15:20,411.67,ok
2026-10-07,AGP,LCJ,2026-10-24,15:40,337.21,ok
2026-10-07,AGP,LCJ,2026-10-25,16:10,300.57,ok
2026-10-07,AGP,LCJ,2026-10-30,16:30,554.09,ok
2026-10-07,AGP,LCJ,2026-11-01,16:10,210.91,ok
2026-10-07,AGP,LCJ,2026-11-05,08:40,96.31,ok
2026-10-07,AGP,LCJ,2026-11-06,16:30,149.22,ok
2026-10-07,AGP,LCJ,2026-11-08,16:10,327.38,ok
2026-10-07,AGP,LCJ,2026-11-12,08:40,381.01,ok
2026-10-07,AGP,LCJ,2026-11-13,16:30,275.89,ok
2026-10-07,AGP,LCJ,2026-11-15,16:10,806.03,ok
2026-10-07,AGP,LCJ,2026-11-19,08:40,180.98,ok
2026-10-07,AGP,LCJ,2026-11-20,16:30,161.13,ok
2026-10-07,AGP,LCJ,2026-11-22,16:10,337.21,ok
2026-10-07,AGP,LCJ,2026-11-26,08:40,121.00,ok
2026-10-07,AGP,LCJ,2026-11-27,16:30,157.63,ok
2026-10-07,AGP,LCJ,2026-11-29,16:10,289.36,ok
2026-10-07,AGP,LCJ,2026-12-04,16:30,258.37,ok
2026-10-07,AGP,LCJ,2026-12-06,16:10,186.45,ok
2026-10-07,AGP,LCJ,2026-12-13,16:10,162.01,ok
2026-10-07,AGP,LCJ,2026-12-20,16:10,147.83,ok
2026-10-07,AGP,LCJ,2026-12-27,16:10,145.25,ok
2026-10-07,AGP,LCJ,2027-01-01,16:30,201.43,ok
2026-10-07,AGP,LCJ,2027-01-03,16:10,385.39,ok
2026-10-07,AGP,LCJ,2027-01-08,16:30,433.57,ok
2026-10-07,AGP,LCJ,2027-01-17,16:10,153.00,ok
2026-10-07,AGP,LCJ,2027-02-07,16:10,232.09,ok
2026-10-07,AGP,LCJ,2027-02-14,16:10,247.00,ok
2026-10-07,AGP,LCJ,2027-02-19,16:30,297.79,ok
2026-10-07,AGP,LCJ,2027-02-21,16:10,247.00,ok
2026-10-07,AGP,LCJ,2027-02-26,16:30,472.99,ok
2026-10-07,AGP,LCJ,2027-03-07,16:10,236.21,ok
2026-10-07,AGP,LCJ,2027-03-12,16:30,253.99,ok
2026-10-07,AGP,LCJ,2027-03-14,16:10,319.69,ok
2026-10-07,AGP,LCJ,2027-03-19,16:30,302.17,ok
2026-10-07,AGP,LCJ,2027-04-15,14:40,417.00,ok
2026-10-07,AGP,LCJ,2027-08-05,14:40,746.63,ok
2026-10-07,LCJ,ALC,2026-10-07,,,unavailable
2026-10-07,LCJ,ALC,2026-10-09,09:45,797.10,ok
2026-10-07,LCJ,ALC,2026-10-12,21:30,647.76,ok
2026-10-07,LCJ,ALC,2026-10-14,09:40,536.68,ok
2026-10-07,LCJ,ALC,2026-10-16,09:45,713.88,ok
2026-10-07,LCJ,ALC,2026-10-19,21:30,144.49,ok
2026-10-07,LCJ,ALC,2026-10-23,09:45,429.19,ok
2026-10-07,LCJ,ALC,2026-10-26,19:20,159.21,ok
2026-10-07,LCJ,ALC,2026-10-29,11:55,417.99,ok
2026-10-07,LCJ,ALC,2026-10-31,10:10,237.50,ok
2026-10-07,LCJ,ALC,2026-11-02,19:20,197.05,ok
2026-10-07,LCJ,ALC,2026-11-05,11:55,484.19,ok
2026-10-07,LCJ,ALC,2026-11-09,19:20,227.71,ok
2026-10-07,LCJ,ALC,2026-11-12,11:55,280.27,ok
2026-10-07,LCJ,ALC,2026-11-19,11:55,249.61,ok
2026-10-07,LCJ,ALC,2026-11-26,11:55,230.00,ok
2026-10-07,LCJ,ALC,2026-11-30,19:20,108.00,ok
2026-10-07,LCJ,ALC,2026-12-03,11:55,192.67,ok
2026-10-07,LCJ,ALC,2026-12-10,11:55,173.39,ok
2026-10-07,LCJ,ALC,2026-12-17,11:55,126.05,ok
2026-10-07,LCJ,ALC,2026-12-21,19:20,227.71,ok
2026-10-07,LCJ,ALC,2026-12-24,11:55,451.09,ok
2026-10-07,LCJ,ALC,2026-12-28,19:20,678.63,ok
2026-10-07,LCJ,ALC,2026-12-31,11:55,477.37,ok
2026-10-07,LCJ,ALC,2027-01-18,19:20,250.80,ok
2026-10-07,LCJ,ALC,2027-01-21,11:55,262.75,ok
2026-10-07,LCJ,ALC,2027-01-25,19:20,179.53,ok
2026-10-07,LCJ,ALC,2027-02-04,11:55,205.81,ok
2026-10-07,LCJ,ALC,2027-02-08,19:20,113.83,ok
2026-10-07,LCJ,ALC,2027-02-11,11:55,398.53,ok
2026-10-07,LCJ,ALC,2027-02-15,19:20,302.17,ok
2026-10-07,LCJ,ALC,2027-02-18,11:55,250.80,ok
2026-10-07,LCJ,ALC,2027-02-22,19:20,192.67,ok
2026-10-07,LCJ,ALC,2027-02-25,11:55,240.85,ok
2026-10-07,LCJ,ALC,2027-03-04,11:55,271.51,ok
2026-10-07,LCJ,ALC,2027-03-08,19:20,214.57,ok
2026-10-07,LCJ,ALC,2027-03-11,11:55,197.05,ok
2026-10-07,LCJ,ALC,2027-03-15,19:20,166.38,ok
2026-10-07,LCJ,ALC,2027-03-22,19:20,306.55,ok
2026-10-07,LCJ,ALC,2027-03-25,11:55,376.63,ok
2026-10-07,LCJ,ALC,2027-07-30,17:10,446.38,ok
2026-10-07,ALC,LCJ,2026-10-07,,,unavailable
2026-10-07,ALC,LCJ,2026-10-09,,,unavailable
2026-10-07,ALC,LCJ,2026-10-12,17:50,946.01,ok
2026-10-07,ALC,LCJ,2026-10-14,05:50,512.40,ok
2026-10-07,ALC,LCJ,2026-10-16,06:00,385.39,ok
2026-10-07,ALC,LCJ,2026-10-19,17:50,678.84,ok
2026-10-07,ALC,LCJ,2026-10-21,05:50,244.73,ok
2026-10-07,ALC,LCJ,2026-10-23,06:00,367.87,ok
2026-10-07,ALC,LCJ,2026-10-26,15:40,859.47,ok
2026-10-07,ALC,LCJ,2026-10-29,08:15,576.43,ok
2026-10-07,ALC,LCJ,2026-10-31,06:30,301.12,ok
2026-10-07,ALC,LCJ,2026-11-02,15:40,411.80,ok
2026-10-07,ALC,LCJ,2026-11-05,08:15,258.37,ok
2026-10-07,ALC,LCJ,2026-11-09,15:40,249.61,ok
2026-10-07,ALC,LCJ,2026-11-12,08:15,306.38,ok
2026-10-07,ALC,LCJ,2026-11-16,15:40,630.66,ok
2026-10-07,ALC,LCJ,2026-11-19,08:15,257.07,ok
2026-10-07,ALC,LCJ,2026-11-23,15:40,302.00,ok
2026-10-07,ALC,LCJ,2026-11-30,15:40,275.89,ok
2026-10-07,ALC,LCJ,2026-12-03,08:15,166.39,ok
2026-10-07,ALC,LCJ,2026-12-07,15:40,218.95,ok
2026-10-07,ALC,LCJ,2026-12-14,15:40,297.79,ok
2026-10-07,ALC,LCJ,2026-12-17,08:15,114.13,ok
2026-10-07,ALC,LCJ,2026-12-21,15:40,210.19,ok
2026-10-07,ALC,LCJ,2026-12-24,08:15,126.97,ok
2026-10-07,ALC,LCJ,2026-12-28,15:40,249.55,ok
2026-10-07,ALC,LCJ,2026-12-31,08:15,153.25,ok
2026-10-07,ALC,LCJ,2027-01-04,15:40,516.78,ok
2026-10-07,ALC,LCJ,2027-01-11,15:40,350.35,ok
2026-10-07,ALC,LCJ,2027-01-14,08:15,126.97,ok
2026-10-07,ALC,LCJ,2027-01-18,15:40,192.67,ok
2026-10-07,ALC,LCJ,2027-01-21,08:15,140.11,ok
2026-10-07,ALC,LCJ,2027-01-25,15:40,315.31,ok
2026-10-07,ALC,LCJ,2027-01-28,08:15,329.37,ok
2026-10-07,ALC,LCJ,2027-02-01,15:40,250.80,ok
2026-10-07,ALC,LCJ,2027-02-08,15:40,162.00,ok
2026-10-07,ALC,LCJ,2027-02-11,08:15,381.01,ok
2026-10-07,ALC,LCJ,2027-02-15,15:40,324.07,ok
2026-10-07,ALC,LCJ,2027-03-01,15:40,389.77,ok
2026-10-07,ALC,LCJ,2027-03-08,15:40,176.02,ok
2026-10-07,ALC,LCJ,2027-03-11,08:15,162.00,ok
2026-10-07,ALC,LCJ,2027-03-22,15:40,264.00,ok
2026-10-07,ALC,LCJ,2027-03-25,08:15,341.59,ok
2026-10-07,ALC,LCJ,2027-04-09,13:30,329.37,ok
2026-10-07,ALC,LCJ,2027-07-30,13:30,646.38,ok
2026-10-07,LCJ,BGY,2026-10-07,,,unavailable
2026-10-07,LCJ,BGY,2026-10-09,13:30,727.02,ok
2026-10-07,LCJ,BGY,2026-10-11,18:05,181.16,ok
2026-10-07,LCJ,BGY,2026-10-12,13:30,236.35,ok
2026-10-07,LCJ,BGY,2026-10-14,12:45,74.41,ok
2026-10-07,LCJ,BGY,2026-10-15,09:50,183.91,ok
2026-10-07,LCJ,BGY,2026-10-16,13:30,218.95,ok
2026-10-07,LCJ,BGY,2026-10-19,13:30,96.31,ok
2026-10-07,LCJ,BGY,2026-10-23,13:30,115.52,ok
2026-10-07,LCJ,BGY,2026-10-26,12:25,67.63,ok
2026-10-07,LCJ,BGY,2026-10-30,12:10,101.72,ok
2026-10-07,LCJ,BGY,2026-11-06,12:10,178.66,ok
2026-10-07,LCJ,BGY,2026-11-09,12:25,65.00,ok
2026-10-07,LCJ,BGY,2026-11-13,12:10,65.00,ok
2026-10-07,LCJ,BGY,2026-11-16,12:25,67.63,ok
2026-10-07,LCJ,BGY,2026-11-20,12:10,247.03,ok
2026-10-07,LCJ,BGY,2026-11-27,12:10,105.07,ok
2026-10-07,LCJ,BGY,2026-12-11,12:10,179.53,ok
2026-10-07,LCJ,BGY,2026-12-23,19:25,161.89,ok
2026-10-07,LCJ,BGY,2026-12-28,12:25,372.68,ok
2026-10-07,LCJ,BGY,2027-01-04,12:25,170.74,ok
2026-10-07,LCJ,BGY,2027-02-05,12:10,153.25,ok
2026-10-07,LCJ,BGY,2027-02-08,12:25,122.59,ok
2026-10-07,LCJ,BGY,2027-02-12,12:10,97.66,ok
2026-10-07,LCJ,BGY,2027-02-19,12:10,131.35,ok
2026-10-07,LCJ,BGY,2027-02-22,12:25,105.07,ok
2026-10-07,LCJ,BGY,2027-03-01,12:25,122.59,ok
2026-10-07,LCJ,BGY,2027-03-05,12:10,78.79,ok
2026-10-07,LCJ,BGY,2027-03-08,12:25,122.59,ok
2026-10-07,LCJ,BGY,2027-03-12,12:10,144.49,ok
2026-10-07,LCJ,BGY,2027-03-15,12:25,341.59,ok
2026-10-07,LCJ,BGY,2027-03-26,12:10,240.85,ok
2026-10-07,LCJ,BGY,2027-05-14,23:00,331.38,ok
2026-10-07,BGY,LCJ,2026-10-07,,,unavailable
2026-10-07,BGY,LCJ,2026-10-08,07:35,437.95,ok
2026-10-07,BGY,LCJ,2026-10-09,11:15,218.95,ok
2026-10-07,BGY,LCJ,2026-10-11,15:25,1213.24,ok
2026-10-07,BGY,LCJ,2026-10-12,11:15,170.77,ok
2026-10-07,BGY,LCJ,2026-10-13,19:55,109.45,ok
2026-10-07,BGY,LCJ,2026-10-14,10:30,74.00,ok
2026-10-07,BGY,LCJ,2026-10-15,07:35,74.41,ok
2026-10-07,BGY,LCJ,2026-10-16,11:15,175.15,ok
2026-10-07,BGY,LCJ,2026-10-18,15:25,966.95,ok
2026-10-07,BGY,LCJ,2026-10-19,11:15,359.11,ok
2026-10-07,BGY,LCJ,2026-10-20,19:55,166.39,ok
2026-10-07,BGY,LCJ,2026-10-21,06:20,91.93,ok
2026-10-07,BGY,LCJ,2026-10-22,07:35,65.00,ok
2026-10-07,BGY,LCJ,2026-10-23,11:15,214.57,ok
2026-10-07,BGY,LCJ,2026-10-26,10:05,367.91,ok
2026-10-07,BGY,LCJ,2026-10-28,13:35,98.98,ok
2026-10-07,BGY,LCJ,2026-10-30,09:50,92.77,ok
2026-10-07,BGY,LCJ,2026-11-02,10:05,127.25,ok
2026-10-07,BGY,LCJ,2026-11-09,10:05,92.77,ok
2026-10-07,BGY,LCJ,2026-11-13,09:50,65.00,ok
2026-10-07,BGY,LCJ,2026-11-16,10:05,187.38,ok
2026-10-07,BGY,LCJ,2026-11-23,10:05,412.00,ok
2026-10-07,BGY,LCJ,2026-11-30,10:05,109.60,ok
2026-10-07,BGY,LCJ,2026-12-04,09:50,100.69,ok
2026-10-07,BGY,LCJ,2026-12-14,10:05,88.47,ok
2026-10-07,BGY,LCJ,2026-12-18,09:50,105.07,ok
2026-10-07,BGY,LCJ,2026-12-21,10:05,218.08,ok
2026-10-07,BGY,LCJ,2026-12-23,17:05,183.91,ok
2026-10-07,BGY,LCJ,2027-01-04,10:05,273.06,ok
2026-10-07,BGY,LCJ,2027-02-01,10:05,122.59,ok
2026-10-07,BGY,LCJ,2027-02-08,10:05,153.25,ok
2026-10-07,BGY,LCJ,2027-02-19,09:50,144.49,ok
2026-10-07,BGY,LCJ,2027-02-26,09:50,91.93,ok
2026-10-07,BGY,LCJ,2027-03-01,10:05,179.53,ok
2026-10-07,BGY,LCJ,2027-03-05,09:50,109.45,ok
2026-10-07,BGY,LCJ,2027-03-15,10:05,275.89,ok
2026-10-07,BGY,LCJ,2027-03-19,09:50,109.45,ok
2026-10-07,BGY,LCJ,2027-03-26,09:50,188.29,ok
2026-10-07,BGY,LCJ,2027-05-14,20:45,251.38,ok
2026-10-07,LCJ,BHX,2026-10-08,10:20,204.80,ok
2026-10-07,LCJ,BHX,2026-10-12,22:10,160.81,ok
2026-10-07,LCJ,BHX,2026-10-19,22:10,140.22,ok
2026-10-07,LCJ,BHX,2026-10-22,10:20,150.47,ok
2026-10-07,LCJ,BHX,2026-10-25,19:30,145.34,ok
2026-10-07,LCJ,BHX,2026-10-29,19:10,135.41,ok
2026-10-07,LCJ,BHX,2026-10-30,10:25,145.34,ok
2026-10-07,LCJ,BHX,2026-11-01,19:30,401.54,ok
2026-10-07,LCJ,BHX,2026-11-05,19:10,120.22,ok
2026-10-07,LCJ,BHX,2026-11-06,10:25,102.79,ok
2026-10-07,LCJ,BHX,2026-11-08,19:30,205.81,ok
2026-10-07,LCJ,BHX,2026-11-15,19:30,134.14,ok
2026-10-07,LCJ,BHX,2026-11-19,19:10,118.21,ok
2026-10-07,LCJ,BHX,2026-11-26,19:10,65.65,ok
2026-10-07,LCJ,BHX,2026-12-03,19:10,78.79,ok
2026-10-07,LCJ,BHX,2026-12-06,19:30,289.08,ok
2026-10-07,LCJ,BHX,2026-12-18,10:25,131.35,ok
2026-10-07,LCJ,BHX,2026-12-20,19:30,372.46,ok
2026-10-07,LCJ,BHX,2026-12-27,19:30,372.25,ok
2026-10-07,LCJ,BHX,2026-12-31,19:10,344.43,ok
2026-10-07,LCJ,BHX,2027-01-01,10:25,508.02,ok
2026-10-07,LCJ,BHX,2027-01-08,10:25,218.95,ok
2026-10-07,LCJ,BHX,2027-01-10,19:30,214.57,ok
2026-10-07,LCJ,BHX,2027-01-15,10:25,144.49,ok
2026-10-07,LCJ,BHX,2027-01-21,19:10,123.38,ok
2026-10-07,LCJ,BHX,2027-01-22,10:25,179.53,ok
2026-10-07,LCJ,BHX,2027-01-24,19:30,153.25,ok
2026-10-07,LCJ,BHX,2027-01-31,19:30,166.39,ok
2026-10-07,LCJ,BHX,2027-02-07,19:30,148.87,ok
2026-10-07,LCJ,BHX,2027-02-12,10:25,144.49,ok
2026-10-07,LCJ,BHX,2027-02-19,10:25,238.00,ok
2026-10-07,LCJ,BHX,2027-02-28,19:30,197.05,ok
2026-10-07,LCJ,BHX,2027-03-05,10:25,122.59,ok
2026-10-07,LCJ,BHX,2027-03-07,19:30,144.49,ok
2026-10-07,LCJ,BHX,2027-03-12,10:25,205.81,ok
2026-10-07,LCJ,BHX,2027-03-14,19:30,153.25,ok
2026-10-07,LCJ,BHX,2027-03-21,19:30,126.97,ok
2026-10-07,LCJ,BHX,2027-03-23,19:50,289.03,ok
2026-10-07,LCJ,BHX,2027-03-25,19:10,166.39,ok
2026-10-07,LCJ,BHX,2027-05-24,15:40,361.38,ok
2026-10-07,LCJ,BHX,2027-05-31,15:40,489.00,ok
2026-10-07,LCJ,BHX,2027-06-07,15:40,310.00,ok
2026-10-07,BHX,LCJ,2026-10-08,06:35,265.63,ok
2026-10-07,BHX,LCJ,2026-10-12,18:25,102.79,ok
2026-10-07,BHX,LCJ,2026-10-15,06:35,150.47,ok
2026-10-07,BHX,LCJ,2026-10-19,18:25,248.44,ok
2026-10-07,BHX,LCJ,2026-10-22,06:35,532.40,ok
2026-10-07,BHX,LCJ,2026-11-01,15:45,92.85,ok
2026-10-07,BHX,LCJ,2026-11-27,06:40,87.00,ok
2026-10-07,BHX,LCJ,2026-11-29,15:45,139.30,ok
2026-10-07,BHX,LCJ,2026-12-04,06:40,165.11,ok
2026-10-07,BHX,LCJ,2026-12-06,15:45,123.82,ok
2026-10-07,BHX,LCJ,2026-12-11,06:40,111.03,ok
2026-10-07,BHX,LCJ,2026-12-17,15:25,431.02,ok
2026-10-07,BHX,LCJ,2026-12-18,06:40,738.02,ok
2026-10-07,BHX,LCJ,2026-12-20,15:45,869.36,ok
2026-10-07,BHX,LCJ,2026-12-27,15:45,325.11,ok
2026-10-07,BHX,LCJ,2027-01-01,06:40,123.82,ok
2026-10-07,BHX,LCJ,2027-01-03,15:45,247.69,ok
2026-10-07,BHX,LCJ,2027-01-10,15:45,149.63,ok
2026-10-07,BHX,LCJ,2027-01-17,15:45,128.98,ok
2026-10-07,BHX,LCJ,2027-01-21,15:25,149.38,ok
2026-10-07,BHX,LCJ,2027-01-22,06:40,237.37,ok
2026-10-07,BHX,LCJ,2027-01-24,15:45,149.63,ok
2026-10-07,BHX,LCJ,2027-02-07,15:45,170.27,ok
2026-10-07,BHX,LCJ,2027-02-12,06:40,238.00,ok
2026-10-07,BHX,LCJ,2027-02-14,15:45,330.27,ok
2026-10-07,BHX,LCJ,2027-03-05,06:40,201.24,ok
2026-10-07,BHX,LCJ,2027-03-07,15:45,149.63,ok
2026-10-07,BHX,LCJ,2027-03-12,06:40,216.72,ok
2026-10-07,BHX,LCJ,2027-03-19,06:40,238.00,ok
2026-10-07,BHX,LCJ,2027-03-21,15:45,238.00,ok
2026-10-07,BHX,LCJ,2027-03-23,16:05,490.27,ok
2026-10-07,BHX,LCJ,2027-03-25,15:25,603.82,ok
2026-10-07,BHX,LCJ,2027-05-24,11:55,450.38,ok
2026-10-07,BHX,LCJ,2027-05-31,11:55,310.00,ok
2026-10-07,BHX,LCJ,2027-06-07,11:55,272.00,ok
2026-10-07,LCJ,CRL,2026-10-08,15:30,223.33,ok
2026-10-07,LCJ,CRL,2026-10-11,14:25,547.44,ok
2026-10-07,LCJ,CRL,2026-10-18,14:25,197.05,ok
2026-10-07,LCJ,CRL,2026-10-22,15:30,65.00,ok
2026-10-07,CRL,LCJ,2026-10-08,13:05,207.10,ok
2026-10-07,CRL,LCJ,2026-10-11,12:05,547.44,ok
2026-10-07,CRL,LCJ,2026-10-15,13:05,118.21,ok
2026-10-07,CRL,LCJ,2026-10-18,12:05,284.65,ok
2026-10-07,CRL,LCJ,2026-10-22,13:05,70.03,ok
2026-10-07,LCJ,DUB,2026-10-08,22:45,753.30,ok
2026-10-07,LCJ,DUB,2026-10-12,17:30,656.94,ok
2026-10-07,LCJ,DUB,2026-10-15,22:45,118.21,ok
2026-10-07,LCJ,DUB,2026-10-19,17:30,214.61,ok
2026-10-07,LCJ,DUB,2026-10-22,22:45,140.11,ok
2026-10-07,LCJ,DUB,2026-10-26,13:05,275.93,ok
2026-10-07,LCJ,DUB,2026-10-30,20:25,349.70,ok
2026-10-07,LCJ,DUB,2026-11-02,13:05,323.43,ok
2026-10-07,LCJ,DUB,2026-11-06,20:25,188.29,ok
2026-10-07,LCJ,DUB,2026-11-09,13:05,187.46,ok
2026-10-07,LCJ,DUB,2026-11-13,20:25,91.71,ok
2026-10-07,LCJ,DUB,2026-11-16,13:05,137.40,ok
2026-10-07,LCJ,DUB,2026-11-20,20:25,109.45,ok
2026-10-07,LCJ,DUB,2026-11-23,13:05,155.36,ok
2026-10-07,LCJ,DUB,2026-11-27,20:25,130.00,ok
2026-10-07,LCJ,DUB,2026-11-30,13:05,130.00,ok
2026-10-07,LCJ,DUB,2026-12-11,20:25,139.11,ok
2026-10-07,LCJ,DUB,2026-12-18,20:25,218.12,ok
2026-10-07,LCJ,DUB,2026-12-21,13:05,214.17,ok
2026-10-07,LCJ,DUB,2026-12-23,11:20,232.09,ok
2026-10-07,LCJ,DUB,2026-12-28,13:05,371.42,ok
2026-10-07,LCJ,DUB,2026-12-30,11:20,464.23,ok
2026-10-07,LCJ,DUB,2027-01-08,20:25,324.07,ok
2026-10-07,LCJ,DUB,2027-01-15,20:25,179.53,ok
2026-10-07,LCJ,DUB,2027-01-29,20:25,157.63,ok
2026-10-07,LCJ,DUB,2027-02-05,20:25,153.25,ok
2026-10-07,LCJ,DUB,2027-02-26,20:25,140.11,ok
2026-10-07,LCJ,DUB,2027-03-05,20:25,157.63,ok
2026-10-07,LCJ,DUB,2027-03-12,20:25,162.01,ok
2026-10-07,LCJ,DUB,2027-03-19,20:25,162.01,ok
2026-10-07,LCJ,DUB,2027-03-26,20:25,226.00,ok
2026-10-07,LCJ,DUB,2027-04-17,22:15,659.00,ok
2026-10-07,LCJ,DUB,2027-05-08,22:15,502.00,ok
2026-10-07,LCJ,DUB,2027-05-29,22:15,391.00,ok
2026-10-07,DUB,LCJ,2026-10-08,18:35,849.66,ok
2026-10-07,DUB,LCJ,2026-10-12,13:20,205.81,ok
2026-10-07,DUB,LCJ,2026-10-15,18:35,262.75,ok
2026-10-07,DUB,LCJ,2026-10-19,13:20,236.29,ok
2026-10-07,DUB,LCJ,2026-10-22,18:35,665.72,ok
2026-10-07,DUB,LCJ,2026-10-26,09:00,254.03,ok
2026-10-07,DUB,LCJ,2026-11-02,09:00,130.00,ok
2026-10-07,DUB,LCJ,2026-11-06,16:20,118.21,ok
2026-10-07,DUB,LCJ,2026-11-13,16:20,133.94,ok
2026-10-07,DUB,LCJ,2026-11-16,09:00,149.71,ok
2026-10-07,DUB,LCJ,2026-11-20,16:20,154.26,ok
2026-10-07,DUB,LCJ,2026-11-23,09:00,141.91,ok
2026-10-07,DUB,LCJ,2026-12-11,16:20,192.67,ok
2026-10-07,DUB,LCJ,2026-12-14,09:00,130.00,ok
2026-10-07,DUB,LCJ,2026-12-18,16:20,750.63,ok
2026-10-07,DUB,LCJ,2026-12-21,09:00,661.34,ok
2026-10-07,DUB,LCJ,2026-12-23,07:15,954.77,ok
2026-10-07,DUB,LCJ,2026-12-28,09:00,371.42,ok
2026-10-07,DUB,LCJ,2026-12-30,07:15,300.79,ok
2026-10-07,DUB,LCJ,2027-01-01,16:20,271.51,ok
2026-10-07,DUB,LCJ,2027-01-04,09:00,332.06,ok
2026-10-07,DUB,LCJ,2027-01-29,16:20,157.63,ok
2026-10-07,DUB,LCJ,2027-02-05,16:20,175.15,ok
2026-10-07,DUB,LCJ,2027-02-26,16:20,157.63,ok
2026-10-07,DUB,LCJ,2027-03-05,16:20,148.87,ok
2026-10-07,DUB,LCJ,2027-04-17,18:10,349.00,ok
2026-10-07,DUB,LCJ,2027-05-08,18:10,391.00,ok
2026-10-07,DUB,LCJ,2027-05-29,18:10,548.00,ok
2026-10-07,DUB,LCJ,2027-08-24,12:45,391.00,ok
2026-10-07,LCJ,STN,2026-10-07,,,unavailable
2026-10-07,LCJ,STN,2026-10-08,16:15,647.51,ok
2026-10-07,LCJ,STN,2026-10-10,11:35,907.66,ok
2026-10-07,LCJ,STN,2026-10-11,15:45,1367.75,ok
2026-10-07,LCJ,STN,2026-10-12,16:45,438.39,ok
2026-10-07,LCJ,STN,2026-10-13,20:45,261.29,ok
2026-10-07,LCJ,STN,2026-10-14,11:50,262.83,ok
2026-10-07,LCJ,STN,2026-10-17,11:35,382.38,ok
2026-10-07,LCJ,STN,2026-10-18,15:45,401.87,ok
2026-10-07,LCJ,STN,2026-10-19,16:45,134.09,ok
2026-10-07,LCJ,STN,2026-10-20,20:45,78.86,ok
2026-10-07,LCJ,STN,2026-10-21,11:50,74.00,ok
2026-10-07,LCJ,STN,2026-10-22,16:15,197.77,ok
2026-10-07,LCJ,STN,2026-10-24,11:35,129.09,ok
2026-10-07,LCJ,STN,2026-10-25,17:30,99.00,ok
2026-10-07,LCJ,STN,2026-10-27,20:30,119.25,ok
2026-10-07,LCJ,STN,2026-10-29,17:45,254.18,ok
2026-10-07,LCJ,STN,2026-10-30,14:20,228.18,ok
2026-10-07,LCJ,STN,2026-10-31,12:25,184.90,ok
2026-10-07,LCJ,STN,2026-11-01,13:40,232.09,ok
2026-10-07,LCJ,STN,2026-11-02,10:55,538.68,ok
2026-10-07,LCJ,STN,2026-11-05,17:45,398.53,ok
2026-10-07,LCJ,STN,2026-11-06,10:10,375.71,ok
2026-10-07,LCJ,STN,2026-11-07,12:25,310.93,ok
2026-10-07,LCJ,STN,2026-11-08,17:30,357.85,ok
2026-10-07,LCJ,STN,2026-11-09,10:55,262.75,ok
2026-10-07,LCJ,STN,2026-11-12,17:45,156.73,ok
2026-10-07,LCJ,STN,2026-11-13,10:10,113.83,ok
2026-10-07,LCJ,STN,2026-11-14,12:25,144.49,ok
2026-10-07,LCJ,STN,2026-11-15,17:30,183.91,ok
2026-10-07,LCJ,STN,2026-11-16,10:55,153.25,ok
2026-10-07,LCJ,STN,2026-11-19,17:45,115.38,ok
2026-10-07,LCJ,STN,2026-11-20,10:10,188.29,ok
2026-10-07,LCJ,STN,2026-11-21,12:25,109.45,ok
2026-10-07,LCJ,STN,2026-11-22,17:30,226.77,ok
2026-10-07,LCJ,STN,2026-11-28,12:25,122.59,ok
2026-10-07,LCJ,STN,2026-11-29,17:30,142.51,ok
2026-10-07,LCJ,STN,2026-11-30,10:55,157.63,ok
2026-10-07,LCJ,STN,2026-12-14,10:55,87.55,ok
2026-10-07,LCJ,STN,2026-12-17,17:45,99.44,ok
2026-10-07,LCJ,STN,2026-12-18,10:10,118.21,ok
2026-10-07,LCJ,STN,2026-12-19,12:25,151.34,ok
2026-10-07,LCJ,STN,2026-12-20,13:40,143.02,ok
2026-10-07,LCJ,STN,2026-12-21,10:55,197.05,ok
2026-10-07,LCJ,STN,2026-12-22,21:25,214.57,ok
2026-10-07,LCJ,STN,2026-12-26,12:25,367.87,ok
2026-10-07,LCJ,STN,2026-12-27,17:30,359.24,ok
2026-10-07,LCJ,STN,2026-12-28,10:55,593.03,ok
2026-10-07,LCJ,STN,2026-12-29,21:25,435.72,ok
2026-10-07,LCJ,STN,2026-12-30,09:35,394.15,ok
2026-10-07,LCJ,STN,2026-12-31,17:45,319.91,ok
2026-10-07,LCJ,STN,2027-01-01,14:20,410.41,ok
2026-10-07,LCJ,STN,2027-01-02,12:25,565.00,ok
2026-10-07,LCJ,STN,2027-01-03,17:30,665.70,ok
2026-10-07,LCJ,STN,2027-01-04,10:55,688.00,ok
2026-10-07,LCJ,STN,2027-01-07,17:45,217.00,ok
2026-10-07,LCJ,STN,2027-01-08,14:20,192.67,ok
2026-10-07,LCJ,STN,2027-01-09,12:25,197.05,ok
2026-10-07,LCJ,STN,2027-01-10,17:30,251.00,ok
2026-10-07,LCJ,STN,2027-01-11,10:55,175.15,ok
2026-10-07,LCJ,STN,2027-01-16,12:25,201.43,ok
2026-10-07,LCJ,STN,2027-01-18,10:55,210.19,ok
2026-10-07,LCJ,STN,2027-01-21,17:45,131.35,ok
2026-10-07,LCJ,STN,2027-01-30,12:25,157.63,ok
2026-10-07,LCJ,STN,2027-02-01,10:55,148.87,ok
2026-10-07,LCJ,STN,2027-02-06,12:25,135.73,ok
2026-10-07,LCJ,STN,2027-02-07,13:40,132.00,ok
2026-10-07,LCJ,STN,2027-02-08,10:55,131.35,ok
2026-10-07,LCJ,STN,2027-02-14,17:30,135.73,ok
2026-10-07,LCJ,STN,2027-02-18,17:45,223.33,ok
2026-10-07,LCJ,STN,2027-02-20,12:25,289.00,ok
2026-10-07,LCJ,STN,2027-02-22,10:55,267.13,ok
2026-10-07,LCJ,STN,2027-03-04,17:45,179.53,ok
2026-10-07,LCJ,STN,2027-03-07,17:30,227.71,ok
2026-10-07,LCJ,STN,2027-03-11,17:45,148.87,ok
2026-10-07,LCJ,STN,2027-03-12,10:10,113.83,ok
2026-10-07,LCJ,STN,2027-03-14,17:30,253.99,ok
2026-10-07,LCJ,STN,2027-03-15,10:55,140.11,ok
2026-10-07,LCJ,STN,2027-03-18,17:45,148.87,ok
2026-10-07,LCJ,STN,2027-03-19,14:20,122.59,ok
2026-10-07,LCJ,STN,2027-03-22,10:55,188.29,ok
2026-10-07,LCJ,STN,2027-03-23,16:15,162.01,ok
2026-10-07,LCJ,STN,2027-03-26,10:10,227.71,ok
2026-10-07,LCJ,STN,2027-03-27,12:25,421.00,ok
2026-10-07,LCJ,STN,2027-03-28,15:45,217.00,ok
2026-10-07,LCJ,STN,2027-03-30,20:30,472.38,ok
2026-10-07,LCJ,STN,2027-04-02,16:20,514.87,ok
2026-10-07,LCJ,STN,2027-04-07,17:40,206.05,ok
2026-10-07,LCJ,STN,2027-04-08,16:00,187.00,ok
2026-10-07,LCJ,STN,2027-04-11,15:45,293.38,ok
2026-10-07,LCJ,STN,2027-04-14,12:20,425.38,ok
2026-10-07,LCJ,STN,2027-04-17,12:05,468.00,ok
2026-10-07,LCJ,STN,2027-04-18,10:30,518.38,ok
2026-10-07,LCJ,STN,2027-04-20,20:30,688.00,ok
2026-10-07,LCJ,STN,2027-04-23,16:20,421.00,ok
2026-10-07,LCJ,STN,2027-04-29,16:00,378.00,ok
2026-10-07,LCJ,STN,2027-05-02,15:45,332.00,ok
2026-10-07,LCJ,STN,2027-05-05,12:20,217.00,ok
2026-10-07,LCJ,STN,2027-05-08,12:05,217.00,ok
2026-10-07,LCJ,STN,2027-05-11,20:30,289.00,ok
2026-10-07,LCJ,STN,2027-05-14,16:20,217.00,ok
2026-10-07,LCJ,STN,2027-05-20,16:00,187.00,ok
2026-10-07,LCJ,STN,2027-05-23,15:45,251.00,ok
2026-10-07,LCJ,STN,2027-05-24,10:20,472.38,ok
2026-10-07,LCJ,STN,2027-05-26,12:20,251.00,ok
2026-10-07,LCJ,STN,2027-05-29,12:05,468.00,ok
2026-10-07,LCJ,STN,2027-05-31,10:20,289.00,ok
2026-10-07,LCJ,STN,2027-06-01,20:30,289.00,ok
2026-10-07,LCJ,STN,2027-06-07,10:20,378.00,ok
2026-10-07,LCJ,STN,2027-09-10,10:35,251.00,ok
2026-10-07,STN,LCJ,2026-10-07,,,unavailable
2026-10-07,STN,LCJ,2026-10-08,12:40,384.91,ok
2026-10-07,STN,LCJ,2026-10-10,08:00,603.02,ok
2026-10-07,STN,LCJ,2026-10-11,12:10,586.20,ok
2026-10-07,STN,LCJ,2026-10-12,13:10,294.07,ok
2026-10-07,STN,LCJ,2026-10-13,17:10,354.51,ok
2026-10-07,STN,LCJ,2026-10-14,08:15,270.95,ok
2026-10-07,STN,LCJ,2026-10-15,12:40,395.95,ok
2026-10-07,STN,LCJ,2026-10-17,08:00,636.66,ok
2026-10-07,STN,LCJ,2026-10-18,12:10,653.52,ok
2026-10-07,STN,LCJ,2026-10-19,13:10,421.32,ok
2026-10-07,STN,LCJ,2026-10-20,17:10,310.20,ok
2026-10-07,STN,LCJ,2026-10-21,08:15,327.02,ok
2026-10-07,STN,LCJ,2026-10-22,12:40,562.89,ok
2026-10-07,STN,LCJ,2026-10-24,08:00,485.13,ok
2026-10-07,STN,LCJ,2026-10-25,13:55,447.45,ok
2026-10-07,STN,LCJ,2026-10-26,07:20,372.65,ok
2026-10-07,STN,LCJ,2026-10-27,16:55,363.50,ok
2026-10-07,STN,LCJ,2026-10-29,14:10,227.82,ok
2026-10-07,STN,LCJ,2026-10-30,10:45,176.14,ok
2026-10-07,STN,LCJ,2026-10-31,08:50,172.37,ok
2026-10-07,STN,LCJ,2026-11-01,10:05,87.69,ok
2026-10-07,STN,LCJ,2026-11-02,07:20,93.70,ok
2026-10-07,STN,LCJ,2026-11-05,14:10,159.95,ok
2026-10-07,STN,LCJ,2026-11-06,06:35,92.39,ok
2026-10-07,STN,LCJ,2026-11-07,08:50,77.37,ok
2026-10-07,STN,LCJ,2026-11-09,07:20,92.39,ok
2026-10-07,STN,LCJ,2026-11-12,14:10,168.52,ok
2026-10-07,STN,LCJ,2026-11-13,06:35,134.09,ok
2026-10-07,STN,LCJ,2026-11-14,08:50,87.00,ok
2026-10-07,STN,LCJ,2026-11-15,13:55,360.56,ok
2026-10-07,STN,LCJ,2026-11-16,07:20,123.82,ok
2026-10-07,STN,LCJ,2026-11-19,14:10,118.66,ok
2026-10-07,STN,LCJ,2026-11-20,06:35,139.30,ok
2026-10-07,STN,LCJ,2026-11-21,08:50,139.30,ok
2026-10-07,STN,LCJ,2026-11-22,13:55,216.72,ok
2026-10-07,STN,LCJ,2026-11-23,07:20,115.38,ok
2026-10-07,STN,LCJ,2026-11-26,14:10,187.00,ok
2026-10-07,STN,LCJ,2026-11-27,06:35,196.08,ok
2026-10-07,STN,LCJ,2026-11-29,13:55,165.11,ok
2026-10-07,STN,LCJ,2026-11-30,07:20,170.27,ok
2026-10-07,STN,LCJ,2026-12-06,10:05,108.34,ok
2026-10-07,STN,LCJ,2026-12-11,06:35,147.40,ok
2026-10-07,STN,LCJ,2026-12-12,08:50,241.10,ok
2026-10-07,STN,LCJ,2026-12-13,10:05,242.53,ok
2026-10-07,STN,LCJ,2026-12-14,07:20,201.24,ok
2026-10-07,STN,LCJ,2026-12-17,14:10,887.70,ok
2026-10-07,STN,LCJ,2026-12-19,08:50,1193.75,ok
2026-10-07,STN,LCJ,2026-12-20,13:55,944.47,ok
2026-10-07,STN,LCJ,2026-12-21,07:20,781.99,ok
2026-10-07,STN,LCJ,2026-12-22,17:50,697.53,ok
2026-10-07,STN,LCJ,2026-12-23,05:55,763.16,ok
2026-10-07,STN,LCJ,2026-12-26,08:50,381.89,ok
2026-10-07,STN,LCJ,2026-12-27,10:05,314.79,ok
2026-10-07,STN,LCJ,2026-12-29,17:50,236.32,ok
2026-10-07,STN,LCJ,2026-12-31,14:10,109.07,ok
2026-10-07,STN,LCJ,2027-01-10,13:55,132.00,ok
2026-10-07,STN,LCJ,2027-01-11,07:20,113.50,ok
2026-10-07,STN,LCJ,2027-01-16,08:50,154.79,ok
2026-10-07,STN,LCJ,2027-01-21,14:10,162.38,ok
2026-10-07,STN,LCJ,2027-01-22,10:45,165.11,ok
2026-10-07,STN,LCJ,2027-01-23,08:50,154.79,ok
2026-10-07,STN,LCJ,2027-01-31,13:55,154.79,ok
2026-10-07,STN,LCJ,2027-02-01,07:20,144.47,ok
2026-10-07,STN,LCJ,2027-02-06,08:50,111.00,ok
2026-10-07,STN,LCJ,2027-02-07,10:05,132.00,ok
2026-10-07,STN,LCJ,2027-02-11,14:10,402.53,ok
2026-10-07,STN,LCJ,2027-02-13,08:50,251.00,ok
2026-10-07,STN,LCJ,2027-02-14,10:05,345.76,ok
2026-10-07,STN,LCJ,2027-02-15,07:20,299.31,ok
2026-10-07,STN,LCJ,2027-02-19,06:35,258.01,ok
2026-10-07,STN,LCJ,2027-02-25,14:10,180.59,ok
2026-10-07,STN,LCJ,2027-02-26,06:35,159.95,ok
2026-10-07,STN,LCJ,2027-03-01,07:20,154.79,ok
2026-10-07,STN,LCJ,2027-03-04,14:10,242.53,ok
2026-10-07,STN,LCJ,2027-03-07,13:55,158.00,ok
2026-10-07,STN,LCJ,2027-03-11,14:10,170.27,ok
2026-10-07,STN,LCJ,2027-03-13,08:50,170.27,ok
2026-10-07,STN,LCJ,2027-03-18,14:10,134.14,ok
2026-10-07,STN,LCJ,2027-03-19,10:45,485.11,ok
2026-10-07,STN,LCJ,2027-03-20,08:50,598.66,ok
2026-10-07,STN,LCJ,2027-03-25,14:10,634.79,ok
2026-10-07,STN,LCJ,2027-03-26,06:35,588.34,ok
2026-10-07,STN,LCJ,2027-03-28,12:10,275.75,ok
2026-10-07,STN,LCJ,2027-03-30,16:55,221.38,ok
2026-10-07,STN,LCJ,2027-04-02,12:45,191.38,ok
2026-10-07,STN,LCJ,2027-04-06,17:45,187.00,ok
2026-10-07,STN,LCJ,2027-04-08,12:25,332.00,ok
2026-10-07,STN,LCJ,2027-04-11,12:10,382.38,ok
2026-10-07,STN,LCJ,2027-04-14,08:45,382.38,ok
2026-10-07,STN,LCJ,2027-04-17,08:30,332.00,ok
2026-10-07,STN,LCJ,2027-04-18,06:55,191.38,ok
2026-10-07,STN,LCJ,2027-04-20,16:55,289.00,ok
2026-10-07,STN,LCJ,2027-04-23,12:45,187.00,ok
2026-10-07,STN,LCJ,2027-04-29,12:25,217.00,ok
2026-10-07,STN,LCJ,2027-05-02,12:10,421.00,ok
2026-10-07,STN,LCJ,2027-05-05,08:45,251.00,ok
2026-10-07,STN,LCJ,2027-05-08,08:30,332.00,ok
2026-10-07,STN,LCJ,2027-05-11,16:55,317.03,ok
2026-10-07,STN,LCJ,2027-05-14,12:45,378.00,ok
2026-10-07,STN,LCJ,2027-05-20,12:25,332.00,ok
2026-10-07,STN,LCJ,2027-05-23,12:10,421.00,ok
2026-10-07,STN,LCJ,2027-05-24,06:45,518.38,ok
2026-10-07,STN,LCJ,2027-05-26,08:45,251.00,ok
2026-10-07,STN,LCJ,2027-05-29,08:30,289.00,ok
2026-10-07,STN,LCJ,2027-05-31,06:45,251.00,ok
2026-10-07,STN,LCJ,2027-06-01,16:55,217.00,ok
2026-10-07,STN,LCJ,2027-06-04,12:45,217.00,ok
2026-10-07,STN,LCJ,2027-06-07,06:45,332.00,ok
2026-10-07,STN,LCJ,2027-06-10,12:25,217.00,ok
2026-10-07,STN,LCJ,2027-06-13,12:10,332.00,ok
2026-10-07,STN,LCJ,2027-06-16,08:45,217.00,ok
2026-10-07,STN,LCJ,2027-06-19,08:30,378.00,ok
2026-10-07,STN,LCJ,2027-06-22,16:55,251.00,ok
2026-10-07,STN,LCJ,2027-06-25,12:45,289.00,ok
2026-10-07,STN,LCJ,2027-07-01,12:25,332.00,ok
2026-10-07,STN,LCJ,2027-07-04,12:10,421.00,ok
2026-10-07,STN,LCJ,2027-07-07,08:45,332.00,ok
2026-10-07,STN,LCJ,2027-07-10,08:30,468.00,ok
2026-10-07,STN,LCJ,2027-07-13,16:55,468.00,ok
2026-10-07,STN,LCJ,2027-07-16,12:45,625.00,ok
2026-10-07,STN,LCJ,2027-07-22,12:25,625.00,ok
2026-10-07,STN,LCJ,2027-07-25,12:10,761.00,ok
2026-10-07,STN,LCJ,2027-07-28,08:45,565.00,ok
2026-10-07,STN,LCJ,2027-07-31,08:30,625.00,ok
2026-10-07,STN,LCJ,2027-08-03,16:55,565.00,ok
2026-10-07,STN,LCJ,2027-08-06,12:45,468.00,ok
2026-10-07,STN,LCJ,2027-08-12,12:25,332.00,ok
2026-10-07,STN,LCJ,2027-08-15,12:10,514.00,ok
2026-10-07,STN,LCJ,2027-08-18,08:45,251.00,ok
2026-10-07,STN,LCJ,2027-08-21,08:30,332.00,ok
2026-10-07,STN,LCJ,2027-08-24,16:55,187.00,ok
2026-10-07,STN,LCJ,2027-08-27,12:45,187.00,ok
2026-10-07,STN,LCJ,2027-09-02,12:25,187.00,ok
2026-10-07,STN,LCJ,2027-09-05,12:10,187.00,ok
2026-10-07,STN,LCJ,2027-09-08,08:45,187.00,ok
2026-10-08,LCJ,AGP,2026-10-10,20:10,301.42,ok
2026-10-08,LCJ,AGP,2026-10-14,19:25,345.11,ok
2026-10-08,LCJ,AGP,2026-10-21,19:25,214.04,ok
2026-10-08,LCJ,AGP,2026-10-24,20:10,96.07,ok
2026-10-08,LCJ,AGP,2026-11-01,20:20,165.98,ok
2026-10-08,LCJ,AGP,2026-11-05,12:50,244.62,ok
2026-10-08,LCJ,AGP,2026-11-06,20:40,464.95,ok
2026-10-08,LCJ,AGP,2026-11-08,20:20,374.37,ok
2026-10-08,LCJ,AGP,2026-11-12,12:50,257.73,ok
2026-10-08,LCJ,AGP,2026-11-15,20:20,174.72,ok
2026-10-08,LCJ,AGP,2026-11-19,12:50,170.35,ok
2026-10-08,LCJ,AGP,2026-11-20,20:40,183.45,ok
2026-10-08,LCJ,AGP,2026-11-26,12:50,185.35,ok
2026-10-08,LCJ,AGP,2026-12-11,20:40,161.61,ok
2026-10-08,LCJ,AGP,2026-12-18,20:40,157.24,ok
2026-10-08,LCJ,AGP,2027-01-03,20:20,292.68,ok
2026-10-08,LCJ,AGP,2027-01-10,20:20,100.44,ok
2026-10-08,LCJ,AGP,2027-01-15,20:40,393.17,ok
2026-10-08,LCJ,AGP,2027-01-24,20:20,214.04,ok
2026-10-08,LCJ,AGP,2027-01-29,20:40,187.82,ok
2026-10-08,LCJ,AGP,2027-02-05,20:40,183.45,ok
2026-10-08,LCJ,AGP,2027-02-07,20:20,305.79,ok
2026-10-08,LCJ,AGP,2027-02-12,20:40,336.37,ok
2026-10-08,LCJ,AGP,2027-02-21,20:20,419.38,ok
2026-10-08,LCJ,AGP,2027-02-26,20:40,244.62,ok
2026-10-08,LCJ,AGP,2027-03-07,20:20,179.00,ok
2026-10-08,LCJ,AGP,2027-03-12,20:40,179.00,ok
2026-10-08,LCJ,AGP,2027-03-26,20:40,345.11,ok
2026-10-08,AGP,LCJ,2026-10-10,15:40,360.06,ok
2026-10-08,AGP,LCJ,2026-10-14,15:20,415.01,ok
2026-10-08,AGP,LCJ,2026-10-17,15:40,397.54,ok
2026-10-08,AGP,LCJ,2026-10-21,15:20,423.75,ok
2026-10-08,AGP,LCJ,2026-10-24,15:40,332.00,ok
2026-10-08,AGP,LCJ,2026-11-01,16:10,215.28,ok
2026-10-08,AGP,LCJ,2026-11-05,08:40,91.71,ok
2026-10-08,AGP,LCJ,2026-11-06,16:30,179.70,ok
2026-10-08,AGP,LCJ,2026-11-08,16:10,327.37,ok
2026-10-08,AGP,LCJ,2026-11-12,08:40,345.11,ok
2026-10-08,AGP,LCJ,2026-11-13,16:30,279.57,ok
2026-10-08,AGP,LCJ,2026-11-15,16:10,806.02,ok
2026-10-08,AGP,LCJ,2026-11-19,08:40,185.35,ok
2026-10-08,AGP,LCJ,2026-11-22,16:10,336.37,ok
2026-10-08,AGP,LCJ,2026-11-26,08:40,135.43,ok
2026-10-08,AGP,LCJ,2026-11-27,16:30,187.82,ok
2026-10-08,AGP,LCJ,2026-12-04,16:30,214.04,ok
2026-10-08,AGP,LCJ,2026-12-13,16:10,148.50,ok
2026-10-08,AGP,LCJ,2026-12-18,16:30,139.76,ok
2026-10-08,AGP,LCJ,2027-01-01,16:30,200.93,ok
2026-10-08,AGP,LCJ,2027-01-03,16:10,384.43,ok
2026-10-08,AGP,LCJ,2027-01-08,16:30,441.23,ok
2026-10-08,AGP,LCJ,2027-01-15,16:30,153.00,ok
2026-10-08,AGP,LCJ,2027-02-05,16:30,148.50,ok
2026-10-08,AGP,LCJ,2027-02-07,16:10,231.51,ok
2026-10-08,AGP,LCJ,2027-02-19,16:30,297.05,ok
2026-10-08,AGP,LCJ,2027-02-26,16:30,336.37,ok
2026-10-08,AGP,LCJ,2027-03-07,16:10,231.83,ok
2026-10-08,AGP,LCJ,2027-03-12,16:30,332.00,ok
2026-10-08,AGP,LCJ,2027-03-14,16:10,275.20,ok
2026-10-08,AGP,LCJ,2027-03-19,16:30,301.42,ok
2026-10-08,LCJ,ALC,2026-10-09,09:45,642.20,ok
2026-10-08,LCJ,ALC,2026-10-12,21:30,652.13,ok
2026-10-08,LCJ,ALC,2026-10-14,09:40,536.67,ok
2026-10-08,LCJ,ALC,2026-10-16,09:45,694.63,ok
2026-10-08,LCJ,ALC,2026-10-19,21:30,157.24,ok
2026-10-08,LCJ,ALC,2026-10-21,09:40,301.12,ok
2026-10-08,LCJ,ALC,2026-10-23,09:45,423.75,ok
2026-10-08,LCJ,ALC,2026-10-26,19:20,188.39,ok
2026-10-08,LCJ,ALC,2026-10-29,11:55,456.86,ok
2026-10-08,LCJ,ALC,2026-11-02,19:20,196.56,ok
2026-10-08,LCJ,ALC,2026-11-05,11:55,528.61,ok
2026-10-08,LCJ,ALC,2026-11-09,19:20,196.56,ok
2026-10-08,LCJ,ALC,2026-11-12,11:55,253.36,ok
2026-10-08,LCJ,ALC,2026-11-16,19:20,100.44,ok
2026-10-08,LCJ,ALC,2026-11-19,11:55,262.10,ok
2026-10-08,LCJ,ALC,2026-11-26,11:55,234.37,ok
2026-10-08,LCJ,ALC,2026-12-03,11:55,218.41,ok
2026-10-08,LCJ,ALC,2026-12-07,19:20,174.72,ok
2026-10-08,LCJ,ALC,2026-12-10,11:55,169.01,ok
2026-10-08,LCJ,ALC,2026-12-14,19:20,96.07,ok
2026-10-08,LCJ,ALC,2026-12-17,11:55,126.00,ok
2026-10-08,LCJ,ALC,2026-12-21,19:20,218.41,ok
2026-10-08,LCJ,ALC,2026-12-24,11:55,410.64,ok
2026-10-08,LCJ,ALC,2026-12-31,11:55,415.01,ok
2026-10-08,LCJ,ALC,2027-01-11,19:20,136.00,ok
2026-10-08,LCJ,ALC,2027-01-21,11:55,262.10,ok
2026-10-08,LCJ,ALC,2027-01-25,19:20,174.72,ok
2026-10-08,LCJ,ALC,2027-02-04,11:55,174.72,ok
2026-10-08,LCJ,ALC,2027-02-08,19:20,113.55,ok
2026-10-08,LCJ,ALC,2027-02-11,11:55,397.54,ok
2026-10-08,LCJ,ALC,2027-02-15,19:20,218.41,ok
2026-10-08,LCJ,ALC,2027-02-22,19:20,192.19,ok
2026-10-08,LCJ,ALC,2027-02-25,11:55,240.25,ok
2026-10-08,LCJ,ALC,2027-03-04,11:55,279.57,ok
2026-10-08,LCJ,ALC,2027-03-08,19:20,157.24,ok
2026-10-08,LCJ,ALC,2027-03-11,11:55,227.14,ok
2026-10-08,LCJ,ALC,2027-03-15,19:20,162.00,ok
2026-10-08,LCJ,ALC,2027-03-22,19:20,270.83,ok
2026-10-08,LCJ,ALC,2027-03-25,11:55,366.95,ok
2026-10-08,LCJ,ALC,2027-07-30,17:10,442.00,ok
2026-10-08,ALC,LCJ,2026-10-12,17:50,917.45,ok
2026-10-08,ALC,LCJ,2026-10-14,05:50,541.71,ok
2026-10-08,ALC,LCJ,2026-10-16,06:00,340.74,ok
2026-10-08,ALC,LCJ,2026-10-19,17:50,655.31,ok
2026-10-08,ALC,LCJ,2026-10-23,06:00,375.69,ok
2026-10-08,ALC,LCJ,2026-10-26,15:40,938.09,ok
2026-10-08,ALC,LCJ,2026-11-02,15:40,407.42,ok
2026-10-08,ALC,LCJ,2026-11-05,08:15,235.88,ok
2026-10-08,ALC,LCJ,2026-11-09,15:40,283.94,ok
2026-10-08,ALC,LCJ,2026-11-12,08:15,348.37,ok
2026-10-08,ALC,LCJ,2026-11-16,15:40,602.88,ok
2026-10-08,ALC,LCJ,2026-11-19,08:15,261.44,ok
2026-10-08,ALC,LCJ,2026-11-26,08:15,148.50,ok
2026-10-08,ALC,LCJ,2026-11-30,15:40,266.47,ok
2026-10-08,ALC,LCJ,2026-12-03,08:15,139.76,ok
2026-10-08,ALC,LCJ,2026-12-07,15:40,209.67,ok
2026-10-08,ALC,LCJ,2026-12-10,08:15,131.03,ok
2026-10-08,ALC,LCJ,2026-12-14,15:40,305.79,ok
2026-10-08,ALC,LCJ,2026-12-17,08:15,108.00,ok
2026-10-08,ALC,LCJ,2026-12-21,15:40,205.30,ok
2026-10-08,ALC,LCJ,2026-12-24,08:15,126.66,ok
2026-10-08,ALC,LCJ,2026-12-31,08:15,148.50,ok
2026-10-08,ALC,LCJ,2027-01-04,15:40,528.61,ok
2026-10-08,ALC,LCJ,2027-01-11,15:40,345.11,ok
2026-10-08,ALC,LCJ,2027-01-14,08:15,109.18,ok
2026-10-08,ALC,LCJ,2027-01-18,15:40,152.87,ok
2026-10-08,ALC,LCJ,2027-01-21,08:15,139.76,ok
2026-10-08,ALC,LCJ,2027-01-25,15:40,314.52,ok
2026-10-08,ALC,LCJ,2027-02-11,08:15,235.88,ok
2026-10-08,ALC,LCJ,2027-02-15,15:40,275.20,ok
2026-10-08,ALC,LCJ,2027-03-01,15:40,327.63,ok
2026-10-08,ALC,LCJ,2027-03-08,15:40,180.39,ok
2026-10-08,ALC,LCJ,2027-03-15,15:40,415.01,ok
2026-10-08,ALC,LCJ,2027-03-25,08:15,384.43,ok
2026-10-08,ALC,LCJ,2027-07-30,13:30,642.00,ok
2026-10-08,LCJ,BGY,2026-10-08,09:50,436.86,ok
2026-10-08,LCJ,BGY,2026-10-09,13:30,633.46,ok
2026-10-08,LCJ,BGY,2026-10-12,13:30,251.58,ok
2026-10-08,LCJ,BGY,2026-10-14,12:45,109.18,ok
2026-10-08,LCJ,BGY,2026-10-15,09:50,179.09,ok
2026-10-08,LCJ,BGY,2026-10-16,13:30,183.45,ok
2026-10-08,LCJ,BGY,2026-10-18,18:05,92.76,ok
2026-10-08,LCJ,BGY,2026-10-19,13:30,91.71,ok
2026-10-08,LCJ,BGY,2026-10-20,22:10,65.49,ok
2026-10-08,LCJ,BGY,2026-10-23,13:30,115.51,ok
2026-10-08,LCJ,BGY,2026-10-26,12:25,65.00,ok
2026-10-08,LCJ,BGY,2026-10-30,12:10,101.71,ok
2026-10-08,LCJ,BGY,2026-11-02,12:25,65.49,ok
2026-10-08,LCJ,BGY,2026-11-06,12:10,178.65,ok
2026-10-08,LCJ,BGY,2026-11-16,12:25,65.00,ok
2026-10-08,LCJ,BGY,2026-11-20,12:10,247.02,ok
2026-10-08,LCJ,BGY,2026-11-23,12:25,65.49,ok
2026-10-08,LCJ,BGY,2026-11-27,12:10,104.81,ok
2026-10-08,LCJ,BGY,2026-11-30,12:25,65.49,ok
2026-10-08,LCJ,BGY,2026-12-07,12:25,82.97,ok
2026-10-08,LCJ,BGY,2026-12-11,12:10,196.56,ok
2026-10-08,LCJ,BGY,2026-12-14,12:25,65.49,ok
2026-10-08,LCJ,BGY,2026-12-18,12:10,92.84,ok
2026-10-08,LCJ,BGY,2026-12-30,19:25,345.11,ok
2026-10-08,LCJ,BGY,2027-02-05,12:10,113.55,ok
2026-10-08,LCJ,BGY,2027-02-08,12:25,109.18,ok
2026-10-08,LCJ,BGY,2027-02-19,12:10,113.55,ok
2026-10-08,LCJ,BGY,2027-02-22,12:25,104.81,ok
2026-10-08,LCJ,BGY,2027-03-01,12:25,122.29,ok
2026-10-08,LCJ,BGY,2027-03-05,12:10,78.60,ok
2026-10-08,LCJ,BGY,2027-03-08,12:25,109.18,ok
2026-10-08,LCJ,BGY,2027-03-12,12:10,148.50,ok
2026-10-08,LCJ,BGY,2027-03-15,12:25,340.74,ok
2026-10-08,LCJ,BGY,2027-03-26,12:10,200.93,ok
2026-10-08,LCJ,BGY,2027-05-14,23:00,327.00,ok
2026-10-08,BGY,LCJ,2026-10-08,,,unavailable
2026-10-08,BGY,LCJ,2026-10-09,11:15,235.88,ok
2026-10-08,BGY,LCJ,2026-10-12,11:15,165.98,ok
2026-10-08,BGY,LCJ,2026-10-13,19:55,131.03,ok
2026-10-08,BGY,LCJ,2026-10-15,07:35,96.07,ok
2026-10-08,BGY,LCJ,2026-10-16,11:15,196.56,ok
2026-10-08,BGY,LCJ,2026-10-18,15:25,1070.98,ok
2026-10-08,BGY,LCJ,2026-10-19,11:15,388.80,ok
2026-10-08,BGY,LCJ,2026-10-20,19:55,165.98,ok
2026-10-08,BGY,LCJ,2026-10-21,06:20,82.97,ok
2026-10-08,BGY,LCJ,2026-10-23,11:15,218.41,ok
2026-10-08,BGY,LCJ,2026-10-26,10:05,367.90,ok
2026-10-08,BGY,LCJ,2026-10-28,13:35,117.94,ok
2026-10-08,BGY,LCJ,2026-10-30,09:50,106.31,ok
2026-10-08,BGY,LCJ,2026-11-02,10:05,127.24,ok
2026-10-08,BGY,LCJ,2026-11-09,10:05,92.76,ok
2026-10-08,BGY,LCJ,2026-11-13,09:50,82.89,ok
2026-10-08,BGY,LCJ,2026-11-16,10:05,217.37,ok
2026-10-08,BGY,LCJ,2026-11-23,10:05,416.37,ok
2026-10-08,BGY,LCJ,2026-11-30,10:05,136.13,ok
2026-10-08,BGY,LCJ,2026-12-04,09:50,96.07,ok
2026-10-08,BGY,LCJ,2026-12-07,10:05,161.61,ok
2026-10-08,BGY,LCJ,2026-12-11,09:50,91.71,ok
2026-10-08,BGY,LCJ,2026-12-14,10:05,109.18,ok
2026-10-08,BGY,LCJ,2026-12-18,09:50,100.44,ok
2026-10-08,BGY,LCJ,2026-12-23,17:05,148.50,ok
2026-10-08,BGY,LCJ,2027-01-04,10:05,313.25,ok
2026-10-08,BGY,LCJ,2027-02-01,10:05,109.18,ok
2026-10-08,BGY,LCJ,2027-02-08,10:05,109.18,ok
2026-10-08,BGY,LCJ,2027-02-19,09:50,109.18,ok
2026-10-08,BGY,LCJ,2027-02-26,09:50,91.71,ok
2026-10-08,BGY,LCJ,2027-03-01,10:05,200.93,ok
2026-10-08,BGY,LCJ,2027-03-05,09:50,109.18,ok
2026-10-08,BGY,LCJ,2027-03-15,10:05,275.20,ok
2026-10-08,BGY,LCJ,2027-03-19,09:50,109.18,ok
2026-10-08,BGY,LCJ,2027-03-26,09:50,187.82,ok
2026-10-08,BGY,LCJ,2027-05-14,20:45,247.00,ok
2026-10-08,LCJ,BHX,2026-10-08,10:20,549.38,ok
2026-10-08,LCJ,BHX,2026-10-12,22:10,169.39,ok
2026-10-08,LCJ,BHX,2026-10-15,10:20,175.26,ok
2026-10-08,LCJ,BHX,2026-10-19,22:10,140.21,ok
2026-10-08,LCJ,BHX,2026-10-22,10:20,150.46,ok
2026-10-08,LCJ,BHX,2026-10-25,19:30,145.33,ok
2026-10-08,LCJ,BHX,2026-10-29,19:10,155.58,ok
2026-10-08,LCJ,BHX,2026-10-30,10:25,145.33,ok
2026-10-08,LCJ,BHX,2026-11-01,19:30,451.38,ok
2026-10-08,LCJ,BHX,2026-11-05,19:10,107.95,ok
2026-10-08,LCJ,BHX,2026-11-06,10:25,87.00,ok
2026-10-08,LCJ,BHX,2026-11-08,19:30,174.72,ok
2026-10-08,LCJ,BHX,2026-11-15,19:30,134.13,ok
2026-10-08,LCJ,BHX,2026-11-19,19:10,131.03,ok
2026-10-08,LCJ,BHX,2026-11-22,19:30,222.78,ok
2026-10-08,LCJ,BHX,2026-11-26,19:10,65.49,ok
2026-10-08,LCJ,BHX,2026-11-29,19:30,214.04,ok
2026-10-08,LCJ,BHX,2026-12-03,19:10,87.34,ok
2026-10-08,LCJ,BHX,2026-12-04,10:25,82.97,ok
2026-10-08,LCJ,BHX,2026-12-06,19:30,284.70,ok
2026-10-08,LCJ,BHX,2026-12-10,19:10,117.92,ok
2026-10-08,LCJ,BHX,2026-12-13,19:30,165.98,ok
2026-10-08,LCJ,BHX,2026-12-17,19:10,100.44,ok
2026-10-08,LCJ,BHX,2026-12-18,10:25,126.66,ok
2026-10-08,LCJ,BHX,2026-12-20,19:30,289.07,ok
2026-10-08,LCJ,BHX,2026-12-27,19:30,467.44,ok
2026-10-08,LCJ,BHX,2026-12-31,19:10,264.54,ok
2026-10-08,LCJ,BHX,2027-01-01,10:25,401.90,ok
2026-10-08,LCJ,BHX,2027-01-03,19:30,591.00,ok
2026-10-08,LCJ,BHX,2027-01-08,10:25,196.56,ok
2026-10-08,LCJ,BHX,2027-01-10,19:30,144.13,ok
2026-10-08,LCJ,BHX,2027-01-15,10:25,144.13,ok
2026-10-08,LCJ,BHX,2027-01-21,19:10,119.00,ok
2026-10-08,LCJ,BHX,2027-01-22,10:25,165.98,ok
2026-10-08,LCJ,BHX,2027-01-24,19:30,157.24,ok
2026-10-08,LCJ,BHX,2027-01-31,19:30,126.66,ok
2026-10-08,LCJ,BHX,2027-02-07,19:30,135.40,ok
2026-10-08,LCJ,BHX,2027-02-11,19:10,174.37,ok
2026-10-08,LCJ,BHX,2027-02-12,10:25,152.87,ok
2026-10-08,LCJ,BHX,2027-02-14,19:30,174.37,ok
2026-10-08,LCJ,BHX,2027-02-18,19:10,242.37,ok
2026-10-08,LCJ,BHX,2027-02-28,19:30,174.72,ok
2026-10-08,LCJ,BHX,2027-03-05,10:25,200.93,ok
2026-10-08,LCJ,BHX,2027-03-07,19:30,227.14,ok
2026-10-08,LCJ,BHX,2027-03-12,10:25,205.30,ok
2026-10-08,LCJ,BHX,2027-03-14,19:30,113.55,ok
2026-10-08,LCJ,BHX,2027-03-19,10:25,148.50,ok
2026-10-08,LCJ,BHX,2027-03-21,19:30,109.18,ok
2026-10-08,LCJ,BHX,2027-03-23,19:50,253.36,ok
2026-10-08,LCJ,BHX,2027-03-25,19:10,248.99,ok
2026-10-08,LCJ,BHX,2027-03-26,10:25,157.24,ok
2026-10-08,LCJ,BHX,2027-05-06,21:50,276.37,ok
2026-10-08,LCJ,BHX,2027-05-24,15:40,357.00,ok
2026-10-08,BHX,LCJ,2026-10-08,,,unavailable
2026-10-08,BHX,LCJ,2026-10-12,18:25,140.21,ok
2026-10-08,BHX,LCJ,2026-10-15,06:35,150.46,ok
2026-10-08,BHX,LCJ,2026-10-19,18:25,248.43,ok
2026-10-08,BHX,LCJ,2026-10-22,06:35,532.39,ok
2026-10-08,BHX,LCJ,2026-10-25,15:45,461.63,ok
2026-10-08,BHX,LCJ,2026-11-01,15:45,82.40,ok
2026-10-08,BHX,LCJ,2026-11-05,15:25,97.86,ok
2026-10-08,BHX,LCJ,2026-11-12,15:25,77.25,ok
2026-10-08,BHX,LCJ,2026-11-19,15:25,133.94,ok
2026-10-08,BHX,LCJ,2026-11-29,15:45,123.63,ok
2026-10-08,BHX,LCJ,2026-12-04,06:40,175.16,ok
2026-10-08,BHX,LCJ,2026-12-06,15:45,144.24,ok
2026-10-08,BHX,LCJ,2026-12-10,15:25,139.09,ok
2026-10-08,BHX,LCJ,2026-12-11,06:40,87.00,ok
2026-10-08,BHX,LCJ,2026-12-13,15:45,237.00,ok
2026-10-08,BHX,LCJ,2026-12-17,15:25,435.39,ok
2026-10-08,BHX,LCJ,2026-12-18,06:40,685.34,ok
2026-10-08,BHX,LCJ,2026-12-20,15:45,873.73,ok
2026-10-08,BHX,LCJ,2026-12-27,15:45,407.06,ok
2026-10-08,BHX,LCJ,2027-01-01,06:40,113.32,ok
2026-10-08,BHX,LCJ,2027-01-03,15:45,247.31,ok
2026-10-08,BHX,LCJ,2027-01-10,15:45,257.62,ok
2026-10-08,BHX,LCJ,2027-01-17,15:45,128.78,ok
2026-10-08,BHX,LCJ,2027-01-21,15:25,145.00,ok
2026-10-08,BHX,LCJ,2027-01-22,06:40,175.16,ok
2026-10-08,BHX,LCJ,2027-01-24,15:45,164.86,ok
2026-10-08,BHX,LCJ,2027-02-07,15:45,144.24,ok
2026-10-08,BHX,LCJ,2027-02-11,15:25,208.37,ok
2026-10-08,BHX,LCJ,2027-02-14,15:45,329.76,ok
2026-10-08,BHX,LCJ,2027-02-18,15:25,276.37,ok
2026-10-08,BHX,LCJ,2027-03-05,06:40,206.08,ok
2026-10-08,BHX,LCJ,2027-03-07,15:45,262.77,ok
2026-10-08,BHX,LCJ,2027-03-12,06:40,185.47,ok
2026-10-08,BHX,LCJ,2027-03-23,16:05,577.12,ok
2026-10-08,BHX,LCJ,2027-03-25,15:25,602.89,ok
2026-10-08,BHX,LCJ,2027-05-06,18:05,276.37,ok
2026-10-08,BHX,LCJ,2027-05-24,11:55,446.00,ok
2026-10-08,LCJ,CRL,2026-10-08,15:30,436.86,ok
2026-10-08,LCJ,CRL,2026-10-11,14:25,449.96,ok
2026-10-08,LCJ,CRL,2026-10-15,15:30,78.60,ok
2026-10-08,LCJ,CRL,2026-10-18,14:25,200.93,ok
2026-10-08,CRL,LCJ,2026-10-08,13:05,482.32,ok
2026-10-08,CRL,LCJ,2026-10-11,12:05,642.20,ok
2026-10-08,CRL,LCJ,2026-10-15,13:05,183.45,ok
2026-10-08,CRL,LCJ,2026-10-18,12:05,349.48,ok
2026-10-08,CRL,LCJ,2026-10-22,13:05,65.49,ok
2026-10-08,LCJ,DUB,2026-10-08,22:45,773.27,ok
2026-10-08,LCJ,DUB,2026-10-12,17:30,747.06,ok
2026-10-08,LCJ,DUB,2026-10-15,22:45,100.44,ok
2026-10-08,LCJ,DUB,2026-10-19,17:30,205.41,ok
2026-10-08,LCJ,DUB,2026-10-22,22:45,139.76,ok
2026-10-08,LCJ,DUB,2026-10-26,13:05,294.91,ok
2026-10-08,LCJ,DUB,2026-10-30,20:25,312.33,ok
2026-10-08,LCJ,DUB,2026-11-02,13:05,323.42,ok
2026-10-08,LCJ,DUB,2026-11-06,20:25,205.30,ok
2026-10-08,LCJ,DUB,2026-11-09,13:05,187.41,ok
2026-10-08,LCJ,DUB,2026-11-13,20:25,157.24,ok
2026-10-08,LCJ,DUB,2026-11-16,13:05,130.00,ok
2026-10-08,LCJ,DUB,2026-11-20,20:25,100.44,ok
2026-10-08,LCJ,DUB,2026-11-23,13:05,155.30,ok
2026-10-08,LCJ,DUB,2026-11-30,13:05,135.90,ok
2026-10-08,LCJ,DUB,2026-12-04,20:25,126.66,ok
2026-10-08,LCJ,DUB,2026-12-07,13:05,162.16,ok
2026-10-08,LCJ,DUB,2026-12-11,20:25,130.00,ok
2026-10-08,LCJ,DUB,2026-12-23,11:20,279.57,ok
2026-10-08,LCJ,DUB,2026-12-30,11:20,393.17,ok
2026-10-08,LCJ,DUB,2027-01-08,20:25,323.26,ok
2026-10-08,LCJ,DUB,2027-01-11,13:05,310.37,ok
2026-10-08,LCJ,DUB,2027-01-15,20:25,174.72,ok
2026-10-08,LCJ,DUB,2027-01-29,20:25,205.30,ok
2026-10-08,LCJ,DUB,2027-02-05,20:25,131.03,ok
2026-10-08,LCJ,DUB,2027-02-26,20:25,139.76,ok
2026-10-08,LCJ,DUB,2027-03-05,20:25,231.51,ok
2026-10-08,LCJ,DUB,2027-03-12,20:25,161.61,ok
2026-10-08,LCJ,DUB,2027-03-19,20:25,231.51,ok
2026-10-08,LCJ,DUB,2027-03-30,16:50,659.00,ok
2026-10-08,LCJ,DUB,2027-04-03,22:15,854.00,ok
2026-10-08,LCJ,DUB,2027-04-10,22:15,718.00,ok
2026-10-08,LCJ,DUB,2027-04-24,22:15,603.00,ok
2026-10-08,LCJ,DUB,2027-05-01,22:15,446.00,ok
2026-10-08,LCJ,DUB,2027-05-08,22:15,506.37,ok
2026-10-08,LCJ,DUB,2027-05-11,16:50,506.37,ok
2026-10-08,LCJ,DUB,2027-05-15,22:15,446.00,ok
2026-10-08,LCJ,DUB,2027-05-22,22:15,391.00,ok
2026-10-08,LCJ,DUB,2027-06-05,22:15,446.00,ok
2026-10-08,LCJ,DUB,2027-06-12,22:15,446.00,ok
2026-10-08,LCJ,DUB,2027-06-19,22:15,446.00,ok
2026-10-08,LCJ,DUB,2027-06-26,22:15,502.00,ok
2026-10-08,LCJ,DUB,2027-07-03,22:15,548.00,ok
2026-10-08,LCJ,DUB,2027-07-10,22:15,603.00,ok
2026-10-08,LCJ,DUB,2027-07-17,22:15,718.00,ok
2026-10-08,LCJ,DUB,2027-07-24,22:15,718.00,ok
2026-10-08,LCJ,DUB,2027-07-31,22:15,854.00,ok
2026-10-08,LCJ,DUB,2027-08-07,22:15,935.00,ok
2026-10-08,LCJ,DUB,2027-08-14,22:15,1113.00,ok
2026-10-08,LCJ,DUB,2027-08-21,22:15,1215.00,ok
2026-10-08,LCJ,DUB,2027-08-28,22:15,1020.00,ok
2026-10-08,LCJ,DUB,2027-09-04,22:15,783.26,ok
2026-10-08,LCJ,DUB,2027-09-11,22:15,663.37,ok
2026-10-08,LCJ,DUB,2027-09-14,16:50,663.37,ok
2026-10-08,LCJ,DUB,2027-09-18,22:15,548.00,ok
2026-10-08,LCJ,DUB,2027-09-25,22:15,548.00,ok
2026-10-08,DUB,LCJ,2026-10-08,18:35,952.40,ok
2026-10-08,DUB,LCJ,2026-10-12,13:20,183.45,ok
2026-10-08,DUB,LCJ,2026-10-15,18:35,288.31,ok
2026-10-08,DUB,LCJ,2026-10-19,13:20,275.03,ok
2026-10-08,DUB,LCJ,2026-10-22,18:35,800.68,ok
2026-10-08,DUB,LCJ,2026-10-26,09:00,294.91,ok
2026-10-08,DUB,LCJ,2026-10-30,16:20,202.78,ok
2026-10-08,DUB,LCJ,2026-11-02,09:00,141.90,ok
2026-10-08,DUB,LCJ,2026-11-06,16:20,117.92,ok
2026-10-08,DUB,LCJ,2026-11-13,16:20,130.00,ok
2026-10-08,DUB,LCJ,2026-11-16,09:00,166.08,ok
2026-10-08,DUB,LCJ,2026-11-20,16:20,154.20,ok
2026-10-08,DUB,LCJ,2026-11-23,09:00,141.90,ok
2026-10-08,DUB,LCJ,2026-11-27,16:20,146.86,ok
2026-10-08,DUB,LCJ,2026-12-04,16:20,130.00,ok
2026-10-08,DUB,LCJ,2026-12-07,09:00,139.83,ok
2026-10-08,DUB,LCJ,2026-12-11,16:20,192.19,ok
2026-10-08,DUB,LCJ,2026-12-23,07:15,576.66,ok
2026-10-08,DUB,LCJ,2027-01-01,16:20,270.83,ok
2026-10-08,DUB,LCJ,2027-01-11,09:00,170.37,ok
2026-10-08,DUB,LCJ,2027-01-15,16:20,157.24,ok
2026-10-08,DUB,LCJ,2027-01-29,16:20,117.92,ok
2026-10-08,DUB,LCJ,2027-02-05,16:20,126.66,ok
2026-10-08,DUB,LCJ,2027-02-19,16:20,196.56,ok
2026-10-08,DUB,LCJ,2027-02-26,16:20,227.14,ok
2026-10-08,DUB,LCJ,2027-03-05,16:20,131.03,ok
2026-10-08,DUB,LCJ,2027-03-12,16:20,200.37,ok
2026-10-08,DUB,LCJ,2027-03-26,16:20,502.39,ok
2026-10-08,DUB,LCJ,2027-03-30,12:45,548.00,ok
2026-10-08,DUB,LCJ,2027-04-03,18:10,502.00,ok
2026-10-08,DUB,LCJ,2027-04-10,18:10,306.00,ok
2026-10-08,DUB,LCJ,2027-04-24,18:10,349.00,ok
2026-10-08,DUB,LCJ,2027-05-01,18:10,548.00,ok
2026-10-08,DUB,LCJ,2027-05-08,18:10,395.37,ok
2026-10-08,DUB,LCJ,2027-05-11,12:45,450.37,ok
2026-10-08,DUB,LCJ,2027-05-15,18:10,502.00,ok
2026-10-08,DUB,LCJ,2027-05-22,18:10,502.00,ok
2026-10-08,DUB,LCJ,2027-06-05,18:10,603.00,ok
2026-10-08,DUB,LCJ,2027-06-12,18:10,548.00,ok
2026-10-08,DUB,LCJ,2027-06-19,18:10,659.00,ok
2026-10-08,DUB,LCJ,2027-06-26,18:10,782.00,ok
2026-10-08,DUB,LCJ,2027-07-03,18:10,854.00,ok
2026-10-08,DUB,LCJ,2027-07-10,18:10,854.00,ok
2026-10-08,DUB,LCJ,2027-07-17,18:10,935.00,ok
2026-10-08,DUB,LCJ,2027-07-24,18:10,782.00,ok
2026-10-08,DUB,LCJ,2027-07-31,18:10,718.00,ok
2026-10-08,DUB,LCJ,2027-08-07,18:10,548.00,ok
2026-10-08,DUB,LCJ,2027-08-14,18:10,548.00,ok
2026-10-08,DUB,LCJ,2027-08-21,18:10,391.00,ok
2026-10-08,DUB,LCJ,2027-08-28,18:10,349.00,ok
2026-10-08,DUB,LCJ,2027-09-04,18:10,349.00,ok
2026-10-08,DUB,LCJ,2027-09-11,18:10,353.37,ok
2026-10-08,DUB,LCJ,2027-09-14,12:45,353.37,ok
2026-10-08,DUB,LCJ,2027-09-18,18:10,349.00,ok
2026-10-08,DUB,LCJ,2027-09-25,18:10,659.00,ok
2026-10-08,LCJ,STN,2026-10-08,16:15,647.50,ok
2026-10-08,LCJ,STN,2026-10-10,11:35,903.28,ok
2026-10-08,LCJ,STN,2026-10-11,15:45,1367.74,ok
2026-10-08,LCJ,STN,2026-10-12,16:45,524.52,ok
2026-10-08,LCJ,STN,2026-10-13,20:45,277.66,ok
2026-10-08,LCJ,STN,2026-10-14,11:50,329.74,ok
2026-10-08,LCJ,STN,2026-10-15,16:15,228.17,ok
2026-10-08,LCJ,STN,2026-10-17,11:35,382.37,ok
2026-10-08,LCJ,STN,2026-10-18,15:45,447.44,ok
2026-10-08,LCJ,STN,2026-10-19,16:45,134.08,ok
2026-10-08,LCJ,STN,2026-10-20,20:45,74.00,ok
2026-10-08,LCJ,STN,2026-10-22,16:15,228.17,ok
2026-10-08,LCJ,STN,2026-10-24,11:35,124.71,ok
2026-10-08,LCJ,STN,2026-10-25,17:30,98.99,ok
2026-10-08,LCJ,STN,2026-10-26,10:55,139.11,ok
2026-10-08,LCJ,STN,2026-10-27,20:30,139.11,ok
2026-10-08,LCJ,STN,2026-10-29,17:45,294.06,ok
2026-10-08,LCJ,STN,2026-10-30,14:20,228.17,ok
2026-10-08,LCJ,STN,2026-10-31,12:25,213.32,ok
2026-10-08,LCJ,STN,2026-11-01,13:40,231.51,ok
2026-10-08,LCJ,STN,2026-11-02,10:55,537.34,ok
2026-10-08,LCJ,STN,2026-11-05,17:45,397.54,ok
2026-10-08,LCJ,STN,2026-11-06,10:10,287.56,ok
2026-10-08,LCJ,STN,2026-11-07,12:25,235.88,ok
2026-10-08,LCJ,STN,2026-11-08,17:30,456.88,ok
2026-10-08,LCJ,STN,2026-11-09,10:55,257.73,ok
2026-10-08,LCJ,STN,2026-11-12,17:45,156.72,ok
2026-10-08,LCJ,STN,2026-11-13,10:10,96.07,ok
2026-10-08,LCJ,STN,2026-11-14,12:25,122.29,ok
2026-10-08,LCJ,STN,2026-11-15,17:30,165.98,ok
2026-10-08,LCJ,STN,2026-11-16,10:55,179.09,ok
2026-10-08,LCJ,STN,2026-11-19,17:45,136.37,ok
2026-10-08,LCJ,STN,2026-11-20,10:10,157.24,ok
2026-10-08,LCJ,STN,2026-11-21,12:25,100.44,ok
2026-10-08,LCJ,STN,2026-11-22,17:30,275.21,ok
2026-10-08,LCJ,STN,2026-11-23,10:55,91.71,ok
2026-10-08,LCJ,STN,2026-11-26,17:45,146.18,ok
2026-10-08,LCJ,STN,2026-11-27,10:10,179.09,ok
2026-10-08,LCJ,STN,2026-11-28,12:25,122.29,ok
2026-10-08,LCJ,STN,2026-11-29,17:30,216.65,ok
2026-10-08,LCJ,STN,2026-11-30,10:55,152.87,ok
2026-10-08,LCJ,STN,2026-12-03,17:45,152.87,ok
2026-10-08,LCJ,STN,2026-12-05,12:25,89.67,ok
2026-10-08,LCJ,STN,2026-12-06,13:40,104.81,ok
2026-10-08,LCJ,STN,2026-12-07,10:55,93.82,ok
2026-10-08,LCJ,STN,2026-12-10,17:45,91.71,ok
2026-10-08,LCJ,STN,2026-12-12,12:25,104.81,ok
2026-10-08,LCJ,STN,2026-12-14,10:55,91.71,ok
2026-10-08,LCJ,STN,2026-12-17,17:45,87.00,ok
2026-10-08,LCJ,STN,2026-12-18,10:10,100.44,ok
2026-10-08,LCJ,STN,2026-12-20,13:40,106.70,ok
2026-10-08,LCJ,STN,2026-12-21,10:55,196.56,ok
2026-10-08,LCJ,STN,2026-12-22,21:25,214.04,ok
2026-10-08,LCJ,STN,2026-12-26,12:25,567.93,ok
2026-10-08,LCJ,STN,2026-12-27,17:30,314.27,ok
2026-10-08,LCJ,STN,2026-12-29,21:25,398.93,ok
2026-10-08,LCJ,STN,2026-12-30,09:35,393.17,ok
2026-10-08,LCJ,STN,2027-01-01,14:20,362.22,ok
2026-10-08,LCJ,STN,2027-01-03,17:30,703.37,ok
2026-10-08,LCJ,STN,2027-01-04,10:55,514.00,ok
2026-10-08,LCJ,STN,2027-01-07,17:45,187.00,ok
2026-10-08,LCJ,STN,2027-01-08,14:20,200.93,ok
2026-10-08,LCJ,STN,2027-01-09,12:25,196.56,ok
2026-10-08,LCJ,STN,2027-01-10,17:30,221.37,ok
2026-10-08,LCJ,STN,2027-01-11,10:55,174.72,ok
2026-10-08,LCJ,STN,2027-01-14,17:45,135.40,ok
2026-10-08,LCJ,STN,2027-01-15,14:20,122.29,ok
2026-10-08,LCJ,STN,2027-01-16,12:25,200.93,ok
2026-10-08,LCJ,STN,2027-01-18,10:55,174.72,ok
2026-10-08,LCJ,STN,2027-01-21,17:45,139.76,ok
2026-10-08,LCJ,STN,2027-01-23,12:25,174.64,ok
2026-10-08,LCJ,STN,2027-01-30,12:25,157.24,ok
2026-10-08,LCJ,STN,2027-01-31,17:30,270.83,ok
2026-10-08,LCJ,STN,2027-02-01,10:55,148.50,ok
2026-10-08,LCJ,STN,2027-02-04,17:45,96.07,ok
2026-10-08,LCJ,STN,2027-02-05,10:10,109.18,ok
2026-10-08,LCJ,STN,2027-02-06,12:25,117.92,ok
2026-10-08,LCJ,STN,2027-02-07,17:30,131.03,ok
2026-10-08,LCJ,STN,2027-02-08,10:55,131.03,ok
2026-10-08,LCJ,STN,2027-02-11,17:45,136.37,ok
2026-10-08,LCJ,STN,2027-02-12,10:10,183.45,ok
2026-10-08,LCJ,STN,2027-02-13,12:25,293.37,ok
2026-10-08,LCJ,STN,2027-02-14,17:30,135.40,ok
2026-10-08,LCJ,STN,2027-02-18,17:45,144.13,ok
2026-10-08,LCJ,STN,2027-02-20,12:25,293.37,ok
2026-10-08,LCJ,STN,2027-02-22,10:55,196.56,ok
2026-10-08,LCJ,STN,2027-02-25,17:45,109.18,ok
2026-10-08,LCJ,STN,2027-03-04,17:45,174.72,ok
2026-10-08,LCJ,STN,2027-03-07,17:30,227.14,ok
2026-10-08,LCJ,STN,2027-03-08,10:55,113.55,ok
2026-10-08,LCJ,STN,2027-03-11,17:45,135.40,ok
2026-10-08,LCJ,STN,2027-03-12,10:10,109.18,ok
2026-10-08,LCJ,STN,2027-03-14,17:30,253.36,ok
2026-10-08,LCJ,STN,2027-03-15,10:55,139.76,ok
2026-10-08,LCJ,STN,2027-03-18,17:45,113.55,ok
2026-10-08,LCJ,STN,2027-03-19,14:20,126.66,ok
2026-10-08,LCJ,STN,2027-03-22,10:55,401.90,ok
2026-10-08,LCJ,STN,2027-03-23,16:15,318.89,ok
2026-10-08,LCJ,STN,2027-03-25,17:45,419.38,ok
2026-10-08,LCJ,STN,2027-03-26,10:10,196.56,ok
2026-10-08,LCJ,STN,2027-03-30,20:30,468.00,ok
2026-10-08,LCJ,STN,2027-03-31,12:20,514.00,ok
2026-10-08,LCJ,STN,2027-04-01,16:00,421.00,ok
2026-10-08,LCJ,STN,2027-04-02,16:20,510.49,ok
2026-10-08,LCJ,STN,2027-04-03,12:05,514.00,ok
2026-10-08,LCJ,STN,2027-04-04,15:45,514.00,ok
2026-10-08,LCJ,STN,2027-04-06,20:30,421.00,ok
2026-10-08,LCJ,STN,2027-04-07,12:20,210.42,ok
2026-10-08,LCJ,STN,2027-04-09,16:20,206.05,ok
2026-10-08,LCJ,STN,2027-04-10,12:05,251.00,ok
2026-10-08,LCJ,STN,2027-04-11,15:45,289.00,ok
2026-10-08,LCJ,STN,2027-04-13,20:30,378.00,ok
2026-10-08,LCJ,STN,2027-04-14,12:20,421.00,ok
2026-10-08,LCJ,STN,2027-04-15,16:00,468.00,ok
2026-10-08,LCJ,STN,2027-04-16,16:20,421.00,ok
2026-10-08,LCJ,STN,2027-04-18,15:45,514.00,ok
2026-10-08,LCJ,STN,2027-04-21,12:20,514.00,ok
2026-10-08,LCJ,STN,2027-04-22,16:00,421.00,ok
2026-10-08,LCJ,STN,2027-04-24,12:05,514.00,ok
2026-10-08,LCJ,STN,2027-04-25,15:45,514.00,ok
2026-10-08,LCJ,STN,2027-04-27,20:30,421.00,ok
2026-10-08,LCJ,STN,2027-04-28,12:20,378.00,ok
2026-10-08,LCJ,STN,2027-04-30,16:20,251.00,ok
2026-10-08,LCJ,STN,2027-05-01,12:05,251.00,ok
2026-10-08,LCJ,STN,2027-05-04,20:30,289.00,ok
2026-10-08,LCJ,STN,2027-05-06,16:00,221.37,ok
2026-10-08,LCJ,STN,2027-05-07,16:20,187.00,ok
2026-10-08,LCJ,STN,2027-05-08,12:05,221.37,ok
2026-10-08,LCJ,STN,2027-05-09,15:45,289.00,ok
2026-10-08,LCJ,STN,2027-05-11,20:30,293.37,ok
2026-10-08,LCJ,STN,2027-05-12,12:20,217.00,ok
2026-10-08,LCJ,STN,2027-05-13,16:00,187.00,ok
2026-10-08,LCJ,STN,2027-05-15,12:05,187.00,ok
2026-10-08,LCJ,STN,2027-05-16,15:45,289.00,ok
2026-10-08,LCJ,STN,2027-05-18,20:30,289.00,ok
2026-10-08,LCJ,STN,2027-05-19,12:20,217.00,ok
2026-10-08,LCJ,STN,2027-05-21,16:20,217.00,ok
2026-10-08,LCJ,STN,2027-05-22,12:05,217.00,ok
2026-10-08,LCJ,STN,2027-05-24,10:20,468.00,ok
2026-10-08,LCJ,STN,2027-05-25,20:30,289.00,ok
2026-10-08,LCJ,STN,2027-05-27,16:00,332.00,ok
2026-10-08,LCJ,STN,2027-05-28,16:20,378.00,ok
2026-10-08,LCJ,STN,2027-05-30,15:45,468.00,ok
2026-10-08,LCJ,STN,2027-06-02,12:20,217.00,ok
2026-10-08,LCJ,STN,2027-06-03,16:00,217.00,ok
2026-10-08,LCJ,STN,2027-06-04,16:20,217.00,ok
2026-10-08,LCJ,STN,2027-06-05,12:05,289.00,ok
2026-10-08,LCJ,STN,2027-06-06,15:45,289.00,ok
2026-10-08,LCJ,STN,2027-06-08,20:30,251.00,ok
2026-10-08,LCJ,STN,2027-06-09,12:20,217.00,ok
2026-10-08,LCJ,STN,2027-06-10,16:00,217.00,ok
2026-10-08,LCJ,STN,2027-06-11,16:20,187.00,ok
2026-10-08,LCJ,STN,2027-06-12,12:05,289.00,ok
2026-10-08,LCJ,STN,2027-06-13,15:45,289.00,ok
2026-10-08,LCJ,STN,2027-06-15,20:30,332.00,ok
2026-10-08,LCJ,STN,2027-06-16,12:20,217.00,ok
2026-10-08,LCJ,STN,2027-06-17,16:00,251.00,ok
2026-10-08,LCJ,STN,2027-06-18,16:20,217.00,ok
2026-10-08,LCJ,STN,2027-06-19,12:05,251.00,ok
2026-10-08,LCJ,STN,2027-06-20,15:45,251.00,ok
2026-10-08,LCJ,STN,2027-06-22,20:30,251.00,ok
2026-10-08,LCJ,STN,2027-06-23,12:20,187.00,ok
2026-10-08,LCJ,STN,2027-06-24,16:00,217.00,ok
2026-10-08,LCJ,STN,2027-06-25,16:20,289.00,ok
2026-10-08,LCJ,STN,2027-06-26,12:05,332.00,ok
2026-10-08,LCJ,STN,2027-06-27,15:45,332.00,ok
2026-10-08,LCJ,STN,2027-06-29,20:30,332.00,ok
2026-10-08,LCJ,STN,2027-06-30,12:20,251.00,ok
2026-10-08,LCJ,STN,2027-07-01,16:00,251.00,ok
2026-10-08,LCJ,STN,2027-07-02,16:20,217.00,ok
2026-10-08,LCJ,STN,2027-07-03,12:05,289.00,ok
2026-10-08,LCJ,STN,2027-07-04,15:45,289.00,ok
2026-10-08,LCJ,STN,2027-07-06,20:30,217.00,ok
2026-10-08,LCJ,STN,2027-07-07,12:20,187.00,ok
2026-10-08,LCJ,STN,2027-07-08,16:00,187.00,ok
2026-10-08,LCJ,STN,2027-07-09,16:20,187.00,ok
2026-10-08,LCJ,STN,2027-07-10,12:05,217.00,ok
2026-10-08,LCJ,STN,2027-07-11,15:45,217.00,ok
2026-10-08,LCJ,STN,2027-07-13,20:30,217.00,ok
2026-10-08,LCJ,STN,2027-07-14,12:20,187.00,ok
2026-10-08,LCJ,STN,2027-07-15,16:00,187.00,ok
2026-10-08,LCJ,STN,2027-07-16,16:20,187.00,ok
2026-10-08,LCJ,STN,2027-07-17,12:05,187.00,ok
2026-10-08,LCJ,STN,2027-07-18,15:45,187.00,ok
2026-10-08,LCJ,STN,2027-07-20,20:30,187.00,ok
2026-10-08,LCJ,STN,2027-07-21,12:20,187.00,ok
2026-10-08,LCJ,STN,2027-07-22,16:00,187.00,ok
2026-10-08,LCJ,STN,2027-07-23,16:20,187.00,ok
2026-10-08,LCJ,STN,2027-07-24,12:05,217.00,ok
2026-10-08,LCJ,STN,2027-07-25,15:45,217.00,ok
2026-10-08,LCJ,STN,2027-07-27,20:30,217.00,ok
2026-10-08,LCJ,STN,2027-07-28,12:20,187.00,ok
2026-10-08,LCJ,STN,2027-07-29,16:00,187.00,ok
2026-10-08,LCJ,STN,2027-07-30,16:20,217.00,ok
2026-10-08,LCJ,STN,2027-07-31,12:05,332.00,ok
2026-10-08,LCJ,STN,2027-08-01,15:45,332.00,ok
2026-10-08,LCJ,STN,2027-08-03,20:30,332.00,ok
2026-10-08,LCJ,STN,2027-08-04,12:20,251.00,ok
2026-10-08,LCJ,STN,2027-08-05,16:00,251.00,ok
2026-10-08,LCJ,STN,2027-08-06,16:20,289.00,ok
2026-10-08,LCJ,STN,2027-08-07,12:05,421.00,ok
2026-10-08,LCJ,STN,2027-08-08,15:45,421.00,ok
2026-10-08,LCJ,STN,2027-08-10,20:30,421.00,ok
2026-10-08,LCJ,STN,2027-08-11,12:20,378.00,ok
2026-10-08,LCJ,STN,2027-08-12,16:00,421.00,ok
2026-10-08,LCJ,STN,2027-08-13,16:20,468.00,ok
2026-10-08,LCJ,STN,2027-08-14,12:05,514.00,ok
2026-10-08,LCJ,STN,2027-08-15,15:45,514.00,ok
2026-10-08,LCJ,STN,2027-08-17,20:30,565.00,ok
2026-10-08,LCJ,STN,2027-08-18,12:20,514.00,ok
2026-10-08,LCJ,STN,2027-08-19,16:00,514.00,ok
2026-10-08,LCJ,STN,2027-08-20,16:20,514.00,ok
2026-10-08,LCJ,STN,2027-08-21,12:05,565.00,ok
2026-10-08,LCJ,STN,2027-08-22,15:45,565.00,ok
2026-10-08,LCJ,STN,2027-08-24,20:30,625.00,ok
2026-10-08,LCJ,STN,2027-08-25,12:20,565.00,ok
2026-10-08,LCJ,STN,2027-08-26,16:00,565.00,ok
2026-10-08,LCJ,STN,2027-08-27,16:20,625.00,ok
2026-10-08,LCJ,STN,2027-08-28,12:05,688.00,ok
2026-10-08,LCJ,STN,2027-08-29,15:45,688.00,ok
2026-10-08,LCJ,STN,2027-08-31,20:30,625.00,ok
2026-10-08,LCJ,STN,2027-09-01,12:20,514.00,ok
2026-10-08,LCJ,STN,2027-09-02,16:00,378.00,ok
2026-10-08,LCJ,STN,2027-09-03,16:20,332.00,ok
2026-10-08,LCJ,STN,2027-09-04,12:05,378.00,ok
2026-10-08,LCJ,STN,2027-09-05,15:45,382.37,ok
2026-10-08,LCJ,STN,2027-09-07,20:30,289.00,ok
2026-10-08,LCJ,STN,2027-09-08,12:20,217.00,ok
2026-10-08,LCJ,STN,2027-09-09,16:00,251.00,ok
2026-10-08,LCJ,STN,2027-09-10,16:20,251.00,ok
2026-10-08,LCJ,STN,2027-09-11,12:05,336.37,ok
2026-10-08,LCJ,STN,2027-09-12,15:45,332.00,ok
2026-10-08,LCJ,STN,2027-09-14,20:30,293.37,ok
2026-10-08,LCJ,STN,2027-09-15,12:20,217.00,ok
2026-10-08,LCJ,STN,2027-09-16,16:00,217.00,ok
2026-10-08,LCJ,STN,2027-09-17,16:20,217.00,ok
2026-10-08,LCJ,STN,2027-09-18,12:05,289.00,ok
2026-10-08,LCJ,STN,2027-09-19,15:45,289.00,ok
2026-10-08,LCJ,STN,2027-09-21,20:30,187.00,ok
2026-10-08,LCJ,STN,2027-09-22,12:20,187.00,ok
2026-10-08,LCJ,STN,2027-09-23,16:00,187.00,ok
2026-10-08,LCJ,STN,2027-09-24,16:20,187.00,ok
2026-10-08,LCJ,STN,2027-09-25,12:05,251.00,ok
2026-10-08,LCJ,STN,2027-09-26,15:45,251.00,ok
2026-10-08,LCJ,STN,2027-09-28,20:30,187.00,ok
2026-10-08,LCJ,STN,2027-09-29,12:20,187.00,ok
2026-10-08,LCJ,STN,2027-09-30,16:00,187.00,ok
2026-10-08,STN,LCJ,2026-10-08,12:40,562.88,ok
2026-10-08,STN,LCJ,2026-10-10,08:00,725.58,ok
2026-10-08,STN,LCJ,2026-10-11,12:10,647.50,ok
2026-10-08,STN,LCJ,2026-10-12,13:10,294.06,ok
2026-10-08,STN,LCJ,2026-10-13,17:10,354.50,ok
2026-10-08,STN,LCJ,2026-10-14,08:15,388.77,ok
2026-10-08,STN,LCJ,2026-10-15,12:40,356.44,ok
2026-10-08,STN,LCJ,2026-10-17,08:00,767.53,ok
2026-10-08,STN,LCJ,2026-10-18,12:10,786.36,ok
2026-10-08,STN,LCJ,2026-10-19,13:10,469.52,ok
2026-10-08,STN,LCJ,2026-10-20,17:10,354.50,ok
2026-10-08,STN,LCJ,2026-10-21,08:15,327.01,ok
2026-10-08,STN,LCJ,2026-10-22,12:40,562.88,ok
2026-10-08,STN,LCJ,2026-10-24,08:00,528.41,ok
2026-10-08,STN,LCJ,2026-10-25,10:05,469.52,ok
2026-10-08,STN,LCJ,2026-10-26,07:20,372.64,ok
2026-10-08,STN,LCJ,2026-10-27,16:55,381.75,ok
2026-10-08,STN,LCJ,2026-10-29,14:10,227.81,ok
2026-10-08,STN,LCJ,2026-10-30,10:45,176.13,ok
2026-10-08,STN,LCJ,2026-10-31,08:50,202.80,ok
2026-10-08,STN,LCJ,2026-11-01,10:05,92.71,ok
2026-10-08,STN,LCJ,2026-11-02,07:20,87.00,ok
2026-10-08,STN,LCJ,2026-11-05,14:10,164.86,ok
2026-10-08,STN,LCJ,2026-11-06,06:35,87.00,ok
2026-10-08,STN,LCJ,2026-11-07,08:50,87.56,ok
2026-10-08,STN,LCJ,2026-11-08,13:55,103.02,ok
2026-10-08,STN,LCJ,2026-11-09,07:20,96.39,ok
2026-10-08,STN,LCJ,2026-11-12,14:10,121.65,ok
2026-10-08,STN,LCJ,2026-11-13,06:35,98.99,ok
2026-10-08,STN,LCJ,2026-11-14,08:50,89.36,ok
2026-10-08,STN,LCJ,2026-11-15,13:55,390.70,ok
2026-10-08,STN,LCJ,2026-11-16,07:20,113.32,ok
2026-10-08,STN,LCJ,2026-11-19,14:10,144.24,ok
2026-10-08,STN,LCJ,2026-11-20,06:35,128.78,ok
2026-10-08,STN,LCJ,2026-11-21,08:50,159.70,ok
2026-10-08,STN,LCJ,2026-11-22,13:55,195.78,ok
2026-10-08,STN,LCJ,2026-11-23,07:20,115.37,ok
2026-10-08,STN,LCJ,2026-11-26,14:10,191.37,ok
2026-10-08,STN,LCJ,2026-11-27,06:35,195.78,ok
2026-10-08,STN,LCJ,2026-11-28,08:50,128.78,ok
2026-10-08,STN,LCJ,2026-11-29,13:55,170.01,ok
2026-10-08,STN,LCJ,2026-11-30,07:20,170.01,ok
2026-10-08,STN,LCJ,2026-12-03,14:10,200.93,ok
2026-10-08,STN,LCJ,2026-12-06,10:05,92.71,ok
2026-10-08,STN,LCJ,2026-12-07,07:20,155.71,ok
2026-10-08,STN,LCJ,2026-12-10,14:10,237.00,ok
2026-10-08,STN,LCJ,2026-12-11,06:35,125.33,ok
2026-10-08,STN,LCJ,2026-12-12,08:50,245.47,ok
2026-10-08,STN,LCJ,2026-12-13,10:05,247.31,ok
2026-10-08,STN,LCJ,2026-12-14,07:20,206.08,ok
2026-10-08,STN,LCJ,2026-12-17,14:10,700.80,ok
2026-10-08,STN,LCJ,2026-12-18,06:35,793.56,ok
2026-10-08,STN,LCJ,2026-12-19,08:50,939.50,ok
2026-10-08,STN,LCJ,2026-12-20,13:55,680.19,ok
2026-10-08,STN,LCJ,2026-12-22,17:50,701.90,ok
2026-10-08,STN,LCJ,2026-12-26,08:50,365.84,ok
2026-10-08,STN,LCJ,2026-12-27,13:55,304.00,ok
2026-10-08,STN,LCJ,2026-12-28,07:20,169.87,ok
2026-10-08,STN,LCJ,2026-12-30,05:55,120.96,ok
2026-10-08,STN,LCJ,2026-12-31,14:10,129.59,ok
2026-10-08,STN,LCJ,2027-01-02,08:50,132.00,ok
2026-10-08,STN,LCJ,2027-01-03,10:05,132.00,ok
2026-10-08,STN,LCJ,2027-01-07,14:10,180.32,ok
2026-10-08,STN,LCJ,2027-01-09,08:50,123.63,ok
2026-10-08,STN,LCJ,2027-01-10,13:55,136.37,ok
2026-10-08,STN,LCJ,2027-01-11,07:20,113.32,ok
2026-10-08,STN,LCJ,2027-01-16,08:50,128.78,ok
2026-10-08,STN,LCJ,2027-01-21,14:10,158.00,ok
2026-10-08,STN,LCJ,2027-01-22,10:45,123.63,ok
2026-10-08,STN,LCJ,2027-01-23,08:50,118.48,ok
2026-10-08,STN,LCJ,2027-01-31,13:55,154.55,ok
2026-10-08,STN,LCJ,2027-02-01,07:20,128.78,ok
2026-10-08,STN,LCJ,2027-02-05,06:35,180.32,ok
2026-10-08,STN,LCJ,2027-02-07,10:05,136.37,ok
2026-10-08,STN,LCJ,2027-02-11,14:10,252.46,ok
2026-10-08,STN,LCJ,2027-02-13,08:50,255.37,ok
2026-10-08,STN,LCJ,2027-02-14,10:05,340.07,ok
2026-10-08,STN,LCJ,2027-02-15,07:20,298.84,ok
2026-10-08,STN,LCJ,2027-02-18,14:10,365.84,ok
2026-10-08,STN,LCJ,2027-02-19,06:35,221.54,ok
2026-10-08,STN,LCJ,2027-02-20,08:50,288.54,ok
2026-10-08,STN,LCJ,2027-02-25,14:10,216.39,ok
2026-10-08,STN,LCJ,2027-02-26,06:35,139.09,ok
2026-10-08,STN,LCJ,2027-03-01,07:20,221.54,ok
2026-10-08,STN,LCJ,2027-03-04,14:10,242.16,ok
2026-10-08,STN,LCJ,2027-03-07,13:55,162.37,ok
2026-10-08,STN,LCJ,2027-03-11,14:10,128.78,ok
2026-10-08,STN,LCJ,2027-03-12,06:35,162.37,ok
2026-10-08,STN,LCJ,2027-03-13,08:50,170.01,ok
2026-10-08,STN,LCJ,2027-03-18,14:10,128.78,ok
2026-10-08,STN,LCJ,2027-03-19,10:45,350.38,ok
2026-10-08,STN,LCJ,2027-03-20,08:50,437.98,ok
2026-10-08,STN,LCJ,2027-03-21,13:55,386.45,ok
2026-10-08,STN,LCJ,2027-03-22,07:20,432.83,ok
2026-10-08,STN,LCJ,2027-03-25,14:10,618.35,ok
2026-10-08,STN,LCJ,2027-03-26,06:35,520.44,ok
2026-10-08,STN,LCJ,2027-03-30,16:55,217.00,ok
2026-10-08,STN,LCJ,2027-03-31,08:45,187.00,ok
2026-10-08,STN,LCJ,2027-04-01,12:25,187.00,ok
2026-10-08,STN,LCJ,2027-04-02,12:45,187.00,ok
2026-10-08,STN,LCJ,2027-04-03,08:30,187.00,ok
2026-10-08,STN,LCJ,2027-04-04,12:10,187.00,ok
2026-10-08,STN,LCJ,2027-04-06,16:55,187.00,ok
2026-10-08,STN,LCJ,2027-04-07,08:45,336.37,ok
2026-10-08,STN,LCJ,2027-04-09,12:45,332.00,ok
2026-10-08,STN,LCJ,2027-04-10,08:30,378.00,ok
2026-10-08,STN,LCJ,2027-04-11,12:10,378.00,ok
2026-10-08,STN,LCJ,2027-04-13,16:55,332.00,ok
2026-10-08,STN,LCJ,2027-04-14,08:45,378.00,ok
2026-10-08,STN,LCJ,2027-04-15,12:25,421.00,ok
2026-10-08,STN,LCJ,2027-04-16,12:45,468.00,ok
2026-10-08,STN,LCJ,2027-04-18,12:10,187.00,ok
2026-10-08,STN,LCJ,2027-04-21,08:45,187.00,ok
2026-10-08,STN,LCJ,2027-04-22,12:25,187.00,ok
2026-10-08,STN,LCJ,2027-04-24,08:30,187.00,ok
2026-10-08,STN,LCJ,2027-04-25,12:10,187.00,ok
2026-10-08,STN,LCJ,2027-04-27,16:55,187.00,ok
2026-10-08,STN,LCJ,2027-04-28,08:45,187.00,ok
2026-10-08,STN,LCJ,2027-04-30,12:45,251.00,ok
2026-10-08,STN,LCJ,2027-05-01,08:30,332.00,ok
2026-10-08,STN,LCJ,2027-05-04,16:55,332.00,ok
2026-10-08,STN,LCJ,2027-05-06,12:25,293.37,ok
2026-10-08,STN,LCJ,2027-05-07,12:45,289.00,ok
2026-10-08,STN,LCJ,2027-05-08,08:30,336.37,ok
2026-10-08,STN,LCJ,2027-05-09,12:10,289.00,ok
2026-10-08,STN,LCJ,2027-05-11,16:55,321.40,ok
2026-10-08,STN,LCJ,2027-05-12,08:45,251.00,ok
2026-10-08,STN,LCJ,2027-05-13,12:25,332.00,ok
2026-10-08,STN,LCJ,2027-05-15,08:30,421.00,ok
2026-10-08,STN,LCJ,2027-05-16,12:10,289.00,ok
2026-10-08,STN,LCJ,2027-05-18,16:55,332.00,ok
2026-10-08,STN,LCJ,2027-05-19,08:45,289.00,ok
2026-10-08,STN,LCJ,2027-05-21,12:45,468.00,ok
2026-10-08,STN,LCJ,2027-05-22,08:30,514.00,ok
2026-10-08,STN,LCJ,2027-05-24,06:45,514.00,ok
2026-10-08,STN,LCJ,2027-05-25,16:55,332.00,ok
2026-10-08,STN,LCJ,2027-05-27,12:25,251.00,ok
2026-10-08,STN,LCJ,2027-05-28,12:45,275.75,ok
2026-10-08,STN,LCJ,2027-05-30,12:10,289.00,ok
2026-10-08,STN,LCJ,2027-06-02,08:45,187.00,ok
2026-10-08,STN,LCJ,2027-06-03,12:25,187.00,ok
2026-10-08,STN,LCJ,2027-06-05,08:30,251.00,ok
2026-10-08,STN,LCJ,2027-06-06,12:10,251.00,ok
2026-10-08,STN,LCJ,2027-06-08,16:55,217.00,ok
2026-10-08,STN,LCJ,2027-06-09,08:45,187.00,ok
2026-10-08,STN,LCJ,2027-06-11,12:45,251.00,ok
2026-10-08,STN,LCJ,2027-06-12,08:30,332.00,ok
2026-10-08,STN,LCJ,2027-06-15,16:55,251.00,ok
2026-10-08,STN,LCJ,2027-06-17,12:25,251.00,ok
2026-10-08,STN,LCJ,2027-06-18,12:45,289.00,ok
2026-10-08,STN,LCJ,2027-06-20,12:10,378.00,ok
2026-10-08,STN,LCJ,2027-06-23,08:45,251.00,ok
2026-10-08,STN,LCJ,2027-06-24,12:25,289.00,ok
2026-10-08,STN,LCJ,2027-06-26,08:30,332.00,ok
2026-10-08,STN,LCJ,2027-06-27,12:10,332.00,ok
2026-10-08,STN,LCJ,2027-06-29,16:55,289.00,ok
2026-10-08,STN,LCJ,2027-06-30,08:45,289.00,ok
2026-10-08,STN,LCJ,2027-07-02,12:45,332.00,ok
2026-10-08,STN,LCJ,2027-07-03,08:30,421.00,ok
2026-10-08,STN,LCJ,2027-07-06,16:55,378.00,ok
2026-10-08,STN,LCJ,2027-07-08,12:25,332.00,ok
2026-10-08,STN,LCJ,2027-07-09,12:45,421.00,ok
2026-10-08,STN,LCJ,2027-07-11,12:10,468.00,ok
2026-10-08,STN,LCJ,2027-07-14,08:45,421.00,ok
2026-10-08,STN,LCJ,2027-07-15,12:25,514.00,ok
2026-10-08,STN,LCJ,2027-07-17,08:30,688.00,ok
2026-10-08,STN,LCJ,2027-07-18,12:10,688.00,ok
2026-10-08,STN,LCJ,2027-07-20,16:55,625.00,ok
2026-10-08,STN,LCJ,2027-07-21,08:45,625.00,ok
2026-10-08,STN,LCJ,2027-07-23,12:45,625.00,ok
2026-10-08,STN,LCJ,2027-07-24,08:30,761.00,ok
2026-10-08,STN,LCJ,2027-07-27,16:55,565.00,ok
2026-10-08,STN,LCJ,2027-07-29,12:25,565.00,ok
2026-10-08,STN,LCJ,2027-07-30,12:45,565.00,ok
2026-10-08,STN,LCJ,2027-08-01,12:10,625.00,ok
2026-10-08,STN,LCJ,2027-08-04,08:45,468.00,ok
2026-10-08,STN,LCJ,2027-08-05,12:25,468.00,ok
2026-10-08,STN,LCJ,2027-08-07,08:30,514.00,ok
2026-10-08,STN,LCJ,2027-08-08,12:10,514.00,ok
2026-10-08,STN,LCJ,2027-08-10,16:55,378.00,ok
2026-10-08,STN,LCJ,2027-08-11,08:45,332.00,ok
2026-10-08,STN,LCJ,2027-08-13,12:45,378.00,ok
2026-10-08,STN,LCJ,2027-08-14,08:30,514.00,ok
2026-10-08,STN,LCJ,2027-08-17,16:55,332.00,ok
2026-10-08,STN,LCJ,2027-08-19,12:25,251.00,ok
2026-10-08,STN,LCJ,2027-08-20,12:45,332.00,ok
2026-10-08,STN,LCJ,2027-08-22,12:10,332.00,ok
2026-10-08,STN,LCJ,2027-08-25,08:45,187.00,ok
2026-10-08,STN,LCJ,2027-08-26,12:25,187.00,ok
2026-10-08,STN,LCJ,2027-08-28,08:30,187.00,ok
2026-10-08,STN,LCJ,2027-08-29,12:10,187.00,ok
2026-10-08,STN,LCJ,2027-08-31,16:55,187.00,ok
2026-10-08,STN,LCJ,2027-09-01,08:45,187.00,ok
2026-10-08,STN,LCJ,2027-09-03,12:45,187.00,ok
2026-10-08,STN,LCJ,2027-09-04,08:30,187.00,ok
2026-10-08,STN,LCJ,2027-09-05,12:10,191.37,ok
2026-10-08,STN,LCJ,2027-09-07,16:55,187.00,ok
2026-10-08,STN,LCJ,2027-09-09,12:25,187.00,ok
2026-10-08,STN,LCJ,2027-09-10,12:45,187.00,ok
2026-10-08,STN,LCJ,2027-09-11,08:30,221.37,ok
2026-10-08,STN,LCJ,2027-09-12,12:10,217.00,ok
2026-10-08,STN,LCJ,2027-09-14,16:55,191.37,ok
2026-10-08,STN,LCJ,2027-09-15,08:45,187.00,ok
2026-10-08,STN,LCJ,2027-09-16,12:25,187.00,ok
2026-10-08,STN,LCJ,2027-09-17,12:45,217.00,ok
2026-10-08,STN,LCJ,2027-09-18,08:30,289.00,ok
2026-10-08,STN,LCJ,2027-09-19,12:10,289.00,ok
2026-10-08,STN,LCJ,2027-09-21,16:55,217.00,ok
2026-10-08,STN,LCJ,2027-09-22,08:45,187.00,ok
2026-10-08,STN,LCJ,2027-09-23,12:25,187.00,ok
2026-10-08,STN,LCJ,2027-09-24,12:45,217.00,ok
2026-10-08,STN,LCJ,2027-09-25,08:30,251.00,ok
2026-10-08,STN,LCJ,2027-09-26,12:10,251.00,ok
2026-10-08,STN,LCJ,2027-09-28,16:55,187.00,ok
2026-10-08,STN,LCJ,2027-09-29,08:45,187.00,ok
2026-10-08,STN,LCJ,2027-09-30,12:25,187.00,ok
