observed,origin,dest,day,dep_time,price,status
2026-09-27,BZG,ALC,2026-09-27,,,unavailable
2026-09-27,BZG,ALC,2026-09-28,,,unavailable
2026-09-27,BZG,ALC,2026-09-29,11:00,363.57,ok
2026-09-27,BZG,ALC,2026-09-30,,,unavailable
2026-09-27,BZG,ALC,2026-10-01,,,unavailable
2026-09-27,BZG,ALC,2026-10-02,,,unavailable
2026-09-27,BZG,ALC,2026-10-03,17:05,315.38,ok
2026-09-27,BZG,ALC,2026-10-04,,,unavailable
2026-09-27,BZG,ALC,2026-10-05,,,unavailable
2026-09-27,BZG,ALC,2026-10-06,11:00,280.33,ok
2026-09-27,BZG,ALC,2026-10-07,,,unavailable
2026-09-27,BZG,ALC,2026-10-08,,,unavailable
2026-09-27,BZG,ALC,2026-10-09,,,unavailable
2026-09-27,BZG,ALC,2026-10-10,17:05,164.72,ok
2026-09-27,BZG,ALC,2026-10-11,,,unavailable
2026-09-27,BZG,ALC,2026-10-12,,,unavailable
2026-09-27,BZG,ALC,2026-10-13,11:00,280.33,ok
2026-09-27,BZG,ALC,2026-10-14,,,unavailable
2026-09-27,BZG,ALC,2026-10-15,,,unavailable
2026-09-27,BZG,ALC,2026-10-16,,,unavailable
2026-09-27,BZG,ALC,2026-10-17,17:05,306.62,ok
2026-09-27,BZG,ALC,2026-10-18,,,unavailable
2026-09-27,BZG,ALC,2026-10-19,,,unavailable
2026-09-27,BZG,ALC,2026-10-20,11:00,289.10,ok
2026-09-27,BZG,ALC,2026-10-21,,,unavailable
2026-09-27,BZG,ALC,2026-10-22,,,unavailable
2026-09-27,BZG,ALC,2026-10-23,,,unavailable
2026-09-27,BZG,ALC,2026-10-24,17:05,131.38,ok
2026-09-27,BZG,ALC,2026-10-25,,,unavailable
2026-09-27,BZG,ALC,2026-10-26,,,unavailable
2026-09-27,BZG,ALC,2026-10-27,19:45,138.17,ok
2026-09-27,BZG,ALC,2026-10-28,,,unavailable
2026-09-27,BZG,ALC,2026-10-29,,,unavailable
2026-09-27,BZG,ALC,2026-10-30,,,unavailable
2026-09-27,BZG,ALC,2026-10-31,19:50,111.47,ok
2026-09-27,BZG,ALC,2026-11-01,,,unavailable
2026-09-27,BZG,ALC,2026-11-02,,,unavailable
2026-09-27,BZG,ALC,2026-11-03,19:45,237.06,ok
2026-09-27,BZG,ALC,2026-11-04,,,unavailable
2026-09-27,BZG,ALC,2026-11-05,,,unavailable
2026-09-27,BZG,ALC,2026-11-06,,,unavailable
2026-09-27,BZG,ALC,2026-11-07,19:50,325.60,ok
2026-09-27,BZG,ALC,2026-11-08,,,unavailable
2026-09-27,BZG,ALC,2026-11-09,,,unavailable
2026-09-27,BZG,ALC,2026-11-10,19:45,289.10,ok
2026-09-27,BZG,ALC,2026-11-11,,,unavailable
2026-09-27,BZG,ALC,2026-11-12,,,unavailable
2026-09-27,BZG,ALC,2026-11-13,,,unavailable
2026-09-27,BZG,ALC,2026-11-14,19:50,148.91,ok
2026-09-27,BZG,ALC,2026-11-15,,,unavailable
2026-09-27,BZG,ALC,2026-11-16,,,unavailable
2026-09-27,BZG,ALC,2026-11-17,19:45,128.64,ok
2026-09-27,BZG,ALC,2026-11-18,,,unavailable
2026-09-27,BZG,ALC,2026-11-19,,,unavailable
2026-09-27,BZG,ALC,2026-11-20,,,unavailable
2026-09-27,BZG,ALC,2026-11-21,19:50,179.57,ok
2026-09-27,BZG,ALC,2026-11-22,,,unavailable
2026-09-27,BZG,ALC,2026-11-23,,,unavailable
2026-09-27,BZG,ALC,2026-11-24,19:45,236.26,ok
2026-09-27,BZG,ALC,2026-11-25,,,unavailable
2026-09-27,BZG,ALC,2026-11-26,,,unavailable
2026-09-27,BZG,ALC,2026-11-27,,,unavailable
2026-09-27,BZG,ALC,2026-11-28,19:50,162.05,ok
2026-09-27,BZG,ALC,2026-11-29,,,unavailable
2026-09-27,BZG,ALC,2026-11-30,,,unavailable
2026-09-27,BZG,ALC,2026-12-01,19:45,140.14,ok
2026-09-27,BZG,ALC,2026-12-02,,,unavailable
2026-09-27,BZG,ALC,2026-12-03,,,unavailable
2026-09-27,BZG,ALC,2026-12-04,,,unavailable
2026-09-27,BZG,ALC,2026-12-05,19:50,109.48,ok
2026-09-27,BZG,ALC,2026-12-06,,,unavailable
2026-09-27,BZG,ALC,2026-12-07,,,unavailable
2026-09-27,BZG,ALC,2026-12-08,19:45,595.76,ok
2026-09-27,BZG,ALC,2026-12-09,,,unavailable
2026-09-27,BZG,ALC,2026-12-10,,,unavailable
2026-09-27,BZG,ALC,2026-12-11,,,unavailable
2026-09-27,BZG,ALC,2026-12-12,19:50,108.00,ok
2026-09-27,BZG,ALC,2026-12-13,,,unavailable
2026-09-27,BZG,ALC,2026-12-14,,,unavailable
2026-09-27,BZG,ALC,2026-12-15,19:45,100.72,ok
2026-09-27,BZG,ALC,2026-12-16,,,unavailable
2026-09-27,BZG,ALC,2026-12-17,,,unavailable
2026-09-27,BZG,ALC,2026-12-18,,,unavailable
2026-09-27,BZG,ALC,2026-12-19,19:50,258.43,ok
2026-09-27,BZG,ALC,2026-12-20,,,unavailable
2026-09-27,BZG,ALC,2026-12-21,,,unavailable
2026-09-27,BZG,ALC,2026-12-22,19:45,429.28,ok
2026-09-27,BZG,ALC,2026-12-23,,,unavailable
2026-09-27,BZG,ALC,2026-12-24,,,unavailable
2026-09-27,BZG,ALC,2026-12-25,,,unavailable
2026-09-27,BZG,ALC,2026-12-26,19:50,359.33,ok
2026-09-27,BZG,ALC,2026-12-27,,,unavailable
2026-09-27,BZG,ALC,2026-12-28,,,unavailable
2026-09-27,BZG,ALC,2026-12-29,19:45,424.95,ok
2026-09-27,BZG,ALC,2026-12-30,,,unavailable
2026-09-27,BZG,ALC,2026-12-31,,,unavailable
2026-09-27,BZG,ALC,2027-01-01,,,unavailable
2026-09-27,BZG,ALC,2027-01-02,19:50,136.00,ok
2026-09-27,BZG,ALC,2027-01-03,,,unavailable
2026-09-27,BZG,ALC,2027-01-04,,,unavailable
2026-09-27,BZG,ALC,2027-01-05,19:45,197.10,ok
2026-09-27,BZG,ALC,2027-01-06,,,unavailable
2026-09-27,BZG,ALC,2027-01-07,,,unavailable
2026-09-27,BZG,ALC,2027-01-08,,,unavailable
2026-09-27,BZG,ALC,2027-01-09,19:50,179.57,ok
2026-09-27,BZG,ALC,2027-01-10,,,unavailable
2026-09-27,BZG,ALC,2027-01-11,,,unavailable
2026-09-27,BZG,ALC,2027-01-12,19:45,96.34,ok
2026-09-27,BZG,ALC,2027-01-13,,,unavailable
2026-09-27,BZG,ALC,2027-01-14,,,unavailable
2026-09-27,BZG,ALC,2027-01-15,,,unavailable
2026-09-27,BZG,ALC,2027-01-16,19:50,148.27,ok
2026-09-27,BZG,ALC,2027-01-17,,,unavailable
2026-09-27,BZG,ALC,2027-01-18,,,unavailable
2026-09-27,BZG,ALC,2027-01-19,19:45,135.76,ok
2026-09-27,BZG,ALC,2027-01-20,,,unavailable
2026-09-27,BZG,ALC,2027-01-21,,,unavailable
2026-09-27,BZG,ALC,2027-01-22,,,unavailable
2026-09-27,BZG,ALC,2027-01-23,19:50,192.72,ok
2026-09-27,BZG,ALC,2027-01-24,,,unavailable
2026-09-27,BZG,ALC,2027-01-25,,,unavailable
2026-09-27,BZG,ALC,2027-01-26,19:45,136.00,ok
2026-09-27,BZG,ALC,2027-01-27,,,unavailable
2026-09-27,BZG,ALC,2027-01-28,,,unavailable
2026-09-27,BZG,ALC,2027-01-29,,,unavailable
2026-09-27,BZG,ALC,2027-01-30,19:50,136.00,ok
2026-09-27,BZG,ALC,2027-01-31,,,unavailable
2026-09-27,BZG,ALC,2027-02-01,,,unavailable
2026-09-27,BZG,ALC,2027-02-02,19:45,245.29,ok
2026-09-27,BZG,ALC,2027-02-03,,,unavailable
2026-09-27,BZG,ALC,2027-02-04,,,unavailable
2026-09-27,BZG,ALC,2027-02-05,,,unavailable
2026-09-27,BZG,ALC,2027-02-06,19:50,275.95,ok
2026-09-27,BZG,ALC,2027-02-07,,,unavailable
2026-09-27,BZG,ALC,2027-02-08,,,unavailable
2026-09-27,BZG,ALC,2027-02-09,19:45,162.00,ok
2026-09-27,BZG,ALC,2027-02-10,,,unavailable
2026-09-27,BZG,ALC,2027-02-11,,,unavailable
2026-09-27,BZG,ALC,2027-02-12,,,unavailable
2026-09-27,BZG,ALC,2027-02-13,19:50,214.40,ok
2026-09-27,BZG,ALC,2027-02-14,,,unavailable
2026-09-27,BZG,ALC,2027-02-15,,,unavailable
2026-09-27,BZG,ALC,2027-02-16,19:45,374.67,ok
2026-09-27,BZG,ALC,2027-02-17,,,unavailable
2026-09-27,BZG,ALC,2027-02-18,,,unavailable
2026-09-27,BZG,ALC,2027-02-19,,,unavailable
2026-09-27,BZG,ALC,2027-02-20,19:50,214.40,ok
2026-09-27,BZG,ALC,2027-02-21,,,unavailable
2026-09-27,BZG,ALC,2027-02-22,,,unavailable
2026-09-27,BZG,ALC,2027-02-23,19:45,136.00,ok
2026-09-27,BZG,ALC,2027-02-24,,,unavailable
2026-09-27,BZG,ALC,2027-02-25,,,unavailable
2026-09-27,BZG,ALC,2027-02-26,,,unavailable
2026-09-27,BZG,ALC,2027-02-27,19:50,136.00,ok
2026-09-27,BZG,ALC,2027-02-28,,,unavailable
2026-09-27,BZG,ALC,2027-03-01,,,unavailable
2026-09-27,BZG,ALC,2027-03-02,19:45,201.48,ok
2026-09-27,BZG,ALC,2027-03-03,,,unavailable
2026-09-27,BZG,ALC,2027-03-04,,,unavailable
2026-09-27,BZG,ALC,2027-03-05,,,unavailable
2026-09-27,BZG,ALC,2027-03-06,19:50,136.00,ok
2026-09-27,BZG,ALC,2027-03-07,,,unavailable
2026-09-27,BZG,ALC,2027-03-08,,,unavailable
2026-09-27,BZG,ALC,2027-03-09,19:45,230.00,ok
2026-09-27,BZG,ALC,2027-03-10,,,unavailable
2026-09-27,BZG,ALC,2027-03-11,,,unavailable
2026-09-27,BZG,ALC,2027-03-12,,,unavailable
2026-09-27,BZG,ALC,2027-03-13,19:50,230.00,ok
2026-09-27,BZG,ALC,2027-03-14,,,unavailable
2026-09-27,BZG,ALC,2027-03-15,,,unavailable
2026-09-27,BZG,ALC,2027-03-16,19:45,196.00,ok
2026-09-27,BZG,ALC,2027-03-17,,,unavailable
2026-09-27,BZG,ALC,2027-03-18,,,unavailable
2026-09-27,BZG,ALC,2027-03-19,,,unavailable
2026-09-27,BZG,ALC,2027-03-20,19:50,214.40,ok
2026-09-27,BZG,ALC,2027-03-21,,,unavailable
2026-09-27,BZG,ALC,2027-03-22,,,unavailable
2026-09-27,BZG,ALC,2027-03-23,19:45,302.00,ok
2026-09-27,BZG,ALC,2027-03-24,,,unavailable
2026-09-27,BZG,ALC,2027-03-25,,,unavailable
2026-09-27,BZG,ALC,2027-03-26,,,unavailable
2026-09-27,BZG,ALC,2027-03-27,19:50,297.86,ok
2026-09-27,BZG,ALC,2027-03-28,,,unavailable
2026-09-27,BZG,ALC,2027-03-29,,,unavailable
2026-09-27,BZG,ALC,2027-03-30,,,unavailable
2026-09-27,BZG,ALC,2027-03-31,09:45,485.00,ok
2026-09-27,BZG,ALC,2027-04-01,,,unavailable
2026-09-27,BZG,ALC,2027-04-02,,,unavailable
2026-09-27,BZG,ALC,2027-04-03,09:45,485.00,ok
2026-09-27,BZG,ALC,2027-04-04,,,unavailable
2026-09-27,BZG,ALC,2027-04-05,,,unavailable
2026-09-27,BZG,ALC,2027-04-06,,,unavailable
2026-09-27,BZG,ALC,2027-04-07,09:45,442.00,ok
2026-09-27,BZG,ALC,2027-04-08,,,unavailable
2026-09-27,BZG,ALC,2027-04-09,,,unavailable
2026-09-27,BZG,ALC,2027-04-10,09:45,344.00,ok
2026-09-27,BZG,ALC,2027-04-11,,,unavailable
2026-09-27,BZG,ALC,2027-04-12,,,unavailable
2026-09-27,BZG,ALC,2027-04-13,,,unavailable
2026-09-27,BZG,ALC,2027-04-14,09:45,391.00,ok
2026-09-27,BZG,ALC,2027-04-15,,,unavailable
2026-09-27,BZG,ALC,2027-04-16,,,unavailable
2026-09-27,BZG,ALC,2027-04-17,09:45,391.00,ok
2026-09-27,BZG,ALC,2027-04-18,,,unavailable
2026-09-27,BZG,ALC,2027-04-19,,,unavailable
2026-09-27,BZG,ALC,2027-04-20,,,unavailable
2026-09-27,BZG,ALC,2027-04-21,09:45,485.00,ok
2026-09-27,BZG,ALC,2027-04-22,,,unavailable
2026-09-27,BZG,ALC,2027-04-23,,,unavailable
2026-09-27,BZG,ALC,2027-04-24,09:45,442.00,ok
2026-09-27,BZG,ALC,2027-04-25,,,unavailable
2026-09-27,BZG,ALC,2027-04-26,,,unavailable
2026-09-27,BZG,ALC,2027-04-27,,,unavailable
2026-09-27,BZG,ALC,2027-04-28,09:45,485.00,ok
2026-09-27,BZG,ALC,2027-04-29,,,unavailable
2026-09-27,BZG,ALC,2027-04-30,,,unavailable
2026-09-27,BZG,ALC,2027-05-01,09:45,391.00,ok
2026-09-27,BZG,ALC,2027-05-02,,,unavailable
2026-09-27,BZG,ALC,2027-05-03,,,unavailable
2026-09-27,BZG,ALC,2027-05-04,,,unavailable
2026-09-27,BZG,ALC,2027-05-05,09:45,391.00,ok
2026-09-27,BZG,ALC,2027-05-06,,,unavailable
2026-09-27,BZG,ALC,2027-05-07,,,unavailable
2026-09-27,BZG,ALC,2027-05-08,09:45,442.00,ok
2026-09-27,BZG,ALC,2027-05-09,,,unavailable
2026-09-27,BZG,ALC,2027-05-10,,,unavailable
2026-09-27,BZG,ALC,2027-05-11,,,unavailable
2026-09-27,BZG,ALC,2027-05-12,09:45,391.00,ok
2026-09-27,BZG,ALC,2027-05-13,,,unavailable
2026-09-27,BZG,ALC,2027-05-14,,,unavailable
2026-09-27,BZG,ALC,2027-05-15,09:45,391.00,ok
2026-09-27,BZG,ALC,2027-05-16,,,unavailable
2026-09-27,BZG,ALC,2027-05-17,,,unavailable
2026-09-27,BZG,ALC,2027-05-18,,,unavailable
2026-09-27,BZG,ALC,2027-05-19,09:45,391.00,ok
2026-09-27,BZG,ALC,2027-05-20,,,unavailable
2026-09-27,BZG,ALC,2027-05-21,,,unavailable
2026-09-27,BZG,ALC,2027-05-22,09:45,395.38,ok
2026-09-27,BZG,ALC,2027-05-23,,,unavailable
2026-09-27,BZG,ALC,2027-05-24,,,unavailable
2026-09-27,BZG,ALC,2027-05-25,,,unavailable
2026-09-27,BZG,ALC,2027-05-26,09:45,446.38,ok
2026-09-27,BZG,ALC,2027-05-27,,,unavailable
2026-09-27,BZG,ALC,2027-05-28,,,unavailable
2026-09-27,BZG,ALC,2027-05-29,09:45,485.00,ok
2026-09-27,BZG,ALC,2027-05-30,,,unavailable
2026-09-27,BZG,ALC,2027-05-31,,,unavailable
2026-09-27,BZG,ALC,2027-06-01,,,unavailable
2026-09-27,BZG,ALC,2027-06-02,09:45,535.00,ok
2026-09-27,BZG,ALC,2027-06-03,,,unavailable
2026-09-27,BZG,ALC,2027-06-04,,,unavailable
2026-09-27,BZG,ALC,2027-06-05,09:45,442.00,ok
2026-09-27,BZG,ALC,2027-06-06,,,unavailable
2026-09-27,BZG,ALC,2027-06-07,,,unavailable
2026-09-27,BZG,ALC,2027-06-08,,,unavailable
2026-09-27,BZG,ALC,2027-06-09,09:45,442.00,ok
2026-09-27,BZG,ALC,2027-06-10,,,unavailable
2026-09-27,BZG,ALC,2027-06-11,,,unavailable
2026-09-27,BZG,ALC,2027-06-12,09:45,391.00,ok
2026-09-27,BZG,ALC,2027-06-13,,,unavailable
2026-09-27,BZG,ALC,2027-06-14,,,unavailable
2026-09-27,BZG,ALC,2027-06-15,,,unavailable
2026-09-27,BZG,ALC,2027-06-16,09:45,485.00,ok
2026-09-27,BZG,ALC,2027-06-17,,,unavailable
2026-09-27,BZG,ALC,2027-06-18,,,unavailable
2026-09-27,BZG,ALC,2027-06-19,09:45,391.00,ok
2026-09-27,BZG,ALC,2027-06-20,,,unavailable
2026-09-27,BZG,ALC,2027-06-21,,,unavailable
2026-09-27,BZG,ALC,2027-06-22,,,unavailable
2026-09-27,BZG,ALC,2027-06-23,09:45,442.00,ok
2026-09-27,BZG,ALC,2027-06-24,,,unavailable
2026-09-27,BZG,ALC,2027-06-25,,,unavailable
2026-09-27,BZG,ALC,2027-06-26,09:45,642.00,ok
2026-09-27,BZG,ALC,2027-06-27,,,unavailable
2026-09-27,BZG,ALC,2027-06-28,,,unavailable
2026-09-27,BZG,ALC,2027-06-29,,,unavailable
2026-09-27,BZG,ALC,2027-06-30,09:45,642.00,ok
2026-09-27,BZG,ALC,2027-07-01,,,unavailable
2026-09-27,BZG,ALC,2027-07-02,,,unavailable
2026-09-27,BZG,ALC,2027-07-03,09:45,535.00,ok
2026-09-27,BZG,ALC,2027-07-04,,,unavailable
2026-09-27,BZG,ALC,2027-07-05,,,unavailable
2026-09-27,BZG,ALC,2027-07-06,,,unavailable
2026-09-27,BZG,ALC,2027-07-07,09:45,535.00,ok
2026-09-27,BZG,ALC,2027-07-08,,,unavailable
2026-09-27,BZG,ALC,2027-07-09,,,unavailable
2026-09-27,BZG,ALC,2027-07-10,09:45,485.00,ok
2026-09-27,BZG,ALC,2027-07-11,,,unavailable
2026-09-27,BZG,ALC,2027-07-12,,,unavailable
2026-09-27,BZG,ALC,2027-07-13,,,unavailable
2026-09-27,BZG,ALC,2027-07-14,09:45,535.00,ok
2026-09-27,BZG,ALC,2027-07-15,,,unavailable
2026-09-27,BZG,ALC,2027-07-16,,,unavailable
2026-09-27,BZG,ALC,2027-07-17,09:45,485.00,ok
2026-09-27,BZG,ALC,2027-07-18,,,unavailable
2026-09-27,BZG,ALC,2027-07-19,,,unavailable
2026-09-27,BZG,ALC,2027-07-20,,,unavailable
2026-09-27,BZG,ALC,2027-07-21,09:45,442.00,ok
2026-09-27,BZG,ALC,2027-07-22,,,unavailable
2026-09-27,BZG,ALC,2027-07-23,,,unavailable
2026-09-27,BZG,ALC,2027-07-24,09:45,442.00,ok
2026-09-27,BZG,ALC,2027-07-25,,,unavailable
2026-09-27,BZG,ALC,2027-07-26,,,unavailable
2026-09-27,BZG,ALC,2027-07-27,,,unavailable
2026-09-27,BZG,ALC,2027-07-28,09:45,485.00,ok
2026-09-27,BZG,ALC,2027-07-29,,,unavailable
2026-09-27,BZG,ALC,2027-07-30,,,unavailable
2026-09-27,BZG,ALC,2027-07-31,09:45,446.38,ok
2026-09-27,BZG,ALC,2027-08-01,,,unavailable
2026-09-27,BZG,ALC,2027-08-02,,,unavailable
2026-09-27,BZG,ALC,2027-08-03,,,unavailable
2026-09-27,BZG,ALC,2027-08-04,09:45,485.00,ok
2026-09-27,BZG,ALC,2027-08-05,,,unavailable
2026-09-27,BZG,ALC,2027-08-06,,,unavailable
2026-09-27,BZG,ALC,2027-08-07,09:45,442.00,ok
2026-09-27,BZG,ALC,2027-08-08,,,unavailable
2026-09-27,BZG,ALC,2027-08-09,,,unavailable
2026-09-27,BZG,ALC,2027-08-10,,,unavailable
2026-09-27,BZG,ALC,2027-08-11,09:45,442.00,ok
2026-09-27,BZG,ALC,2027-08-12,,,unavailable
2026-09-27,BZG,ALC,2027-08-13,,,unavailable
2026-09-27,BZG,ALC,2027-08-14,09:45,485.00,ok
2026-09-27,BZG,ALC,2027-08-15,,,unavailable
2026-09-27,BZG,ALC,2027-08-16,,,unavailable
2026-09-27,BZG,ALC,2027-08-17,,,unavailable
2026-09-27,BZG,ALC,2027-08-18,09:45,485.00,ok
2026-09-27,BZG,ALC,2027-08-19,,,unavailable
2026-09-27,BZG,ALC,2027-08-20,,,unavailable
2026-09-27,BZG,ALC,2027-08-21,09:45,391.00,ok
2026-09-27,BZG,ALC,2027-08-22,,,unavailable
2026-09-27,BZG,ALC,2027-08-23,,,unavailable
2026-09-27,BZG,ALC,2027-08-24,,,unavailable
2026-09-27,BZG,ALC,2027-08-25,09:45,442.00,ok
2026-09-27,BZG,ALC,2027-08-26,,,unavailable
2026-09-27,BZG,ALC,2027-08-27,,,unavailable
2026-09-27,BZG,ALC,2027-08-28,09:45,442.00,ok
2026-09-27,BZG,ALC,2027-08-29,,,unavailable
2026-09-27,BZG,ALC,2027-08-30,,,unavailable
2026-09-27,BZG,ALC,2027-08-31,,,unavailable
2026-09-27,ALC,BZG,2026-09-27,,,unavailable
2026-09-27,ALC,BZG,2026-09-28,,,unavailable
2026-09-27,ALC,BZG,2026-09-29,07:15,1073.28,ok
2026-09-27,ALC,BZG,2026-09-30,,,unavailable
2026-09-27,ALC,BZG,2026-10-01,,,unavailable
2026-09-27,ALC,BZG,2026-10-02,,,unavailable
2026-09-27,ALC,BZG,2026-10-03,13:15,1038.23,ok
2026-09-27,ALC,BZG,2026-10-04,,,unavailable
2026-09-27,ALC,BZG,2026-10-05,,,unavailable
2026-09-27,ALC,BZG,2026-10-06,07:15,410.71,ok
2026-09-27,ALC,BZG,2026-10-07,,,unavailable
2026-09-27,ALC,BZG,2026-10-08,,,unavailable
2026-09-27,ALC,BZG,2026-10-09,,,unavailable
2026-09-27,ALC,BZG,2026-10-10,13:15,691.07,ok
2026-09-27,ALC,BZG,2026-10-11,,,unavailable
2026-09-27,ALC,BZG,2026-10-12,,,unavailable
2026-09-27,ALC,BZG,2026-10-13,07:15,344.00,ok
2026-09-27,ALC,BZG,2026-10-14,,,unavailable
2026-09-27,ALC,BZG,2026-10-15,,,unavailable
2026-09-27,ALC,BZG,2026-10-16,,,unavailable
2026-09-27,ALC,BZG,2026-10-17,13:15,639.57,ok
2026-09-27,ALC,BZG,2026-10-18,,,unavailable
2026-09-27,ALC,BZG,2026-10-19,,,unavailable
2026-09-27,ALC,BZG,2026-10-20,07:15,240.91,ok
2026-09-27,ALC,BZG,2026-10-21,,,unavailable
2026-09-27,ALC,BZG,2026-10-22,,,unavailable
2026-09-27,ALC,BZG,2026-10-23,,,unavailable
2026-09-27,ALC,BZG,2026-10-24,13:15,519.33,ok
2026-09-27,ALC,BZG,2026-10-25,,,unavailable
2026-09-27,ALC,BZG,2026-10-26,,,unavailable
2026-09-27,ALC,BZG,2026-10-27,16:00,516.54,ok
2026-09-27,ALC,BZG,2026-10-28,,,unavailable
2026-09-27,ALC,BZG,2026-10-29,,,unavailable
2026-09-27,ALC,BZG,2026-10-30,,,unavailable
2026-09-27,ALC,BZG,2026-10-31,16:05,571.80,ok
2026-09-27,ALC,BZG,2026-11-01,,,unavailable
2026-09-27,ALC,BZG,2026-11-02,,,unavailable
2026-09-27,ALC,BZG,2026-11-03,16:00,253.92,ok
2026-09-27,ALC,BZG,2026-11-04,,,unavailable
2026-09-27,ALC,BZG,2026-11-05,,,unavailable
2026-09-27,ALC,BZG,2026-11-06,,,unavailable
2026-09-27,ALC,BZG,2026-11-07,16:05,213.35,ok
2026-09-27,ALC,BZG,2026-11-08,,,unavailable
2026-09-27,ALC,BZG,2026-11-09,,,unavailable
2026-09-27,ALC,BZG,2026-11-10,16:00,126.23,ok
2026-09-27,ALC,BZG,2026-11-11,,,unavailable
2026-09-27,ALC,BZG,2026-11-12,,,unavailable
2026-09-27,ALC,BZG,2026-11-13,,,unavailable
2026-09-27,ALC,BZG,2026-11-14,16:05,613.28,ok
2026-09-27,ALC,BZG,2026-11-15,,,unavailable
2026-09-27,ALC,BZG,2026-11-16,,,unavailable
2026-09-27,ALC,BZG,2026-11-17,16:00,139.68,ok
2026-09-27,ALC,BZG,2026-11-18,,,unavailable
2026-09-27,ALC,BZG,2026-11-19,,,unavailable
2026-09-27,ALC,BZG,2026-11-20,,,unavailable
2026-09-27,ALC,BZG,2026-11-21,16:05,262.81,ok
2026-09-27,ALC,BZG,2026-11-22,,,unavailable
2026-09-27,ALC,BZG,2026-11-23,,,unavailable
2026-09-27,ALC,BZG,2026-11-24,16:00,170.81,ok
2026-09-27,ALC,BZG,2026-11-25,,,unavailable
2026-09-27,ALC,BZG,2026-11-26,,,unavailable
2026-09-27,ALC,BZG,2026-11-27,,,unavailable
2026-09-27,ALC,BZG,2026-11-28,16:05,181.84,ok
2026-09-27,ALC,BZG,2026-11-29,,,unavailable
2026-09-27,ALC,BZG,2026-11-30,,,unavailable
2026-09-27,ALC,BZG,2026-12-01,16:00,232.14,ok
2026-09-27,ALC,BZG,2026-12-02,,,unavailable
2026-09-27,ALC,BZG,2026-12-03,,,unavailable
2026-09-27,ALC,BZG,2026-12-04,,,unavailable
2026-09-27,ALC,BZG,2026-12-05,16:05,188.64,ok
2026-09-27,ALC,BZG,2026-12-06,,,unavailable
2026-09-27,ALC,BZG,2026-12-07,,,unavailable
2026-09-27,ALC,BZG,2026-12-08,16:00,153.59,ok
2026-09-27,ALC,BZG,2026-12-09,,,unavailable
2026-09-27,ALC,BZG,2026-12-10,,,unavailable
2026-09-27,ALC,BZG,2026-12-11,,,unavailable
2026-09-27,ALC,BZG,2026-12-12,16:05,108.00,ok
2026-09-27,ALC,BZG,2026-12-13,,,unavailable
2026-09-27,ALC,BZG,2026-12-14,,,unavailable
2026-09-27,ALC,BZG,2026-12-15,16:00,108.00,ok
2026-09-27,ALC,BZG,2026-12-16,,,unavailable
2026-09-27,ALC,BZG,2026-12-17,,,unavailable
2026-09-27,ALC,BZG,2026-12-18,,,unavailable
2026-09-27,ALC,BZG,2026-12-19,16:05,124.96,ok
2026-09-27,ALC,BZG,2026-12-20,,,unavailable
2026-09-27,ALC,BZG,2026-12-21,,,unavailable
2026-09-27,ALC,BZG,2026-12-22,16:00,157.67,ok
2026-09-27,ALC,BZG,2026-12-23,,,unavailable
2026-09-27,ALC,BZG,2026-12-24,,,unavailable
2026-09-27,ALC,BZG,2026-12-25,,,unavailable
2026-09-27,ALC,BZG,2026-12-26,16:05,121.28,ok
2026-09-27,ALC,BZG,2026-12-27,,,unavailable
2026-09-27,ALC,BZG,2026-12-28,,,unavailable
2026-09-27,ALC,BZG,2026-12-29,16:00,135.52,ok
2026-09-27,ALC,BZG,2026-12-30,,,unavailable
2026-09-27,ALC,BZG,2026-12-31,,,unavailable
2026-09-27,ALC,BZG,2027-01-01,,,unavailable
2026-09-27,ALC,BZG,2027-01-02,16:05,637.48,ok
2026-09-27,ALC,BZG,2027-01-03,,,unavailable
2026-09-27,ALC,BZG,2027-01-04,,,unavailable
2026-09-27,ALC,BZG,2027-01-05,16:00,503.76,ok
2026-09-27,ALC,BZG,2027-01-06,,,unavailable
2026-09-27,ALC,BZG,2027-01-07,,,unavailable
2026-09-27,ALC,BZG,2027-01-08,,,unavailable
2026-09-27,ALC,BZG,2027-01-09,16:05,367.95,ok
2026-09-27,ALC,BZG,2027-01-10,,,unavailable
2026-09-27,ALC,BZG,2027-01-11,,,unavailable
2026-09-27,ALC,BZG,2027-01-12,16:00,148.27,ok
2026-09-27,ALC,BZG,2027-01-13,,,unavailable
2026-09-27,ALC,BZG,2027-01-14,,,unavailable
2026-09-27,ALC,BZG,2027-01-15,,,unavailable
2026-09-27,ALC,BZG,2027-01-16,16:05,148.27,ok
2026-09-27,ALC,BZG,2027-01-17,,,unavailable
2026-09-27,ALC,BZG,2027-01-18,,,unavailable
2026-09-27,ALC,BZG,2027-01-19,16:00,210.24,ok
2026-09-27,ALC,BZG,2027-01-20,,,unavailable
2026-09-27,ALC,BZG,2027-01-21,,,unavailable
2026-09-27,ALC,BZG,2027-01-22,,,unavailable
2026-09-27,ALC,BZG,2027-01-23,16:05,136.00,ok
2026-09-27,ALC,BZG,2027-01-24,,,unavailable
2026-09-27,ALC,BZG,2027-01-25,,,unavailable
2026-09-27,ALC,BZG,2027-01-26,16:00,136.00,ok
2026-09-27,ALC,BZG,2027-01-27,,,unavailable
2026-09-27,ALC,BZG,2027-01-28,,,unavailable
2026-09-27,ALC,BZG,2027-01-29,,,unavailable
2026-09-27,ALC,BZG,2027-01-30,16:05,140.14,ok
2026-09-27,ALC,BZG,2027-01-31,,,unavailable
2026-09-27,ALC,BZG,2027-02-01,,,unavailable
2026-09-27,ALC,BZG,2027-02-02,16:00,219.00,ok
2026-09-27,ALC,BZG,2027-02-03,,,unavailable
2026-09-27,ALC,BZG,2027-02-04,,,unavailable
2026-09-27,ALC,BZG,2027-02-05,,,unavailable
2026-09-27,ALC,BZG,2027-02-06,16:05,162.00,ok
2026-09-27,ALC,BZG,2027-02-07,,,unavailable
2026-09-27,ALC,BZG,2027-02-08,,,unavailable
2026-09-27,ALC,BZG,2027-02-09,16:00,144.53,ok
2026-09-27,ALC,BZG,2027-02-10,,,unavailable
2026-09-27,ALC,BZG,2027-02-11,,,unavailable
2026-09-27,ALC,BZG,2027-02-12,,,unavailable
2026-09-27,ALC,BZG,2027-02-13,16:05,324.14,ok
2026-09-27,ALC,BZG,2027-02-14,,,unavailable
2026-09-27,ALC,BZG,2027-02-15,,,unavailable
2026-09-27,ALC,BZG,2027-02-16,16:00,264.00,ok
2026-09-27,ALC,BZG,2027-02-17,,,unavailable
2026-09-27,ALC,BZG,2027-02-18,,,unavailable
2026-09-27,ALC,BZG,2027-02-19,,,unavailable
2026-09-27,ALC,BZG,2027-02-20,16:05,473.09,ok
2026-09-27,ALC,BZG,2027-02-21,,,unavailable
2026-09-27,ALC,BZG,2027-02-22,,,unavailable
2026-09-27,ALC,BZG,2027-02-23,16:00,288.09,ok
2026-09-27,ALC,BZG,2027-02-24,,,unavailable
2026-09-27,ALC,BZG,2027-02-25,,,unavailable
2026-09-27,ALC,BZG,2027-02-26,,,unavailable
2026-09-27,ALC,BZG,2027-02-27,16:05,455.57,ok
2026-09-27,ALC,BZG,2027-02-28,,,unavailable
2026-09-27,ALC,BZG,2027-03-01,,,unavailable
2026-09-27,ALC,BZG,2027-03-02,16:00,363.57,ok
2026-09-27,ALC,BZG,2027-03-03,,,unavailable
2026-09-27,ALC,BZG,2027-03-04,,,unavailable
2026-09-27,ALC,BZG,2027-03-05,,,unavailable
2026-09-27,ALC,BZG,2027-03-06,16:05,250.81,ok
2026-09-27,ALC,BZG,2027-03-07,,,unavailable
2026-09-27,ALC,BZG,2027-03-08,,,unavailable
2026-09-27,ALC,BZG,2027-03-09,16:00,232.14,ok
2026-09-27,ALC,BZG,2027-03-10,,,unavailable
2026-09-27,ALC,BZG,2027-03-11,,,unavailable
2026-09-27,ALC,BZG,2027-03-12,,,unavailable
2026-09-27,ALC,BZG,2027-03-13,16:05,264.00,ok
2026-09-27,ALC,BZG,2027-03-14,,,unavailable
2026-09-27,ALC,BZG,2027-03-15,,,unavailable
2026-09-27,ALC,BZG,2027-03-16,16:00,196.00,ok
2026-09-27,ALC,BZG,2027-03-17,,,unavailable
2026-09-27,ALC,BZG,2027-03-18,,,unavailable
2026-09-27,ALC,BZG,2027-03-19,,,unavailable
2026-09-27,ALC,BZG,2027-03-20,16:05,302.00,ok
2026-09-27,ALC,BZG,2027-03-21,,,unavailable
2026-09-27,ALC,BZG,2027-03-22,,,unavailable
2026-09-27,ALC,BZG,2027-03-23,16:00,196.00,ok
2026-09-27,ALC,BZG,2027-03-24,,,unavailable
2026-09-27,ALC,BZG,2027-03-25,,,unavailable
2026-09-27,ALC,BZG,2027-03-26,,,unavailable
2026-09-27,ALC,BZG,2027-03-27,16:05,490.62,ok
2026-09-27,ALC,BZG,2027-03-28,,,unavailable
2026-09-27,ALC,BZG,2027-03-29,,,unavailable
2026-09-27,ALC,BZG,2027-03-30,,,unavailable
2026-09-27,ALC,BZG,2027-03-31,06:00,535.00,ok
2026-09-27,ALC,BZG,2027-04-01,,,unavailable
2026-09-27,ALC,BZG,2027-04-02,,,unavailable
2026-09-27,ALC,BZG,2027-04-03,06:00,535.00,ok
2026-09-27,ALC,BZG,2027-04-04,,,unavailable
2026-09-27,ALC,BZG,2027-04-05,,,unavailable
2026-09-27,ALC,BZG,2027-04-06,,,unavailable
2026-09-27,ALC,BZG,2027-04-07,06:00,586.00,ok
2026-09-27,ALC,BZG,2027-04-08,,,unavailable
2026-09-27,ALC,BZG,2027-04-09,,,unavailable
2026-09-27,ALC,BZG,2027-04-10,06:00,535.00,ok
2026-09-27,ALC,BZG,2027-04-11,,,unavailable
2026-09-27,ALC,BZG,2027-04-12,,,unavailable
2026-09-27,ALC,BZG,2027-04-13,,,unavailable
2026-09-27,ALC,BZG,2027-04-14,06:00,344.00,ok
2026-09-27,ALC,BZG,2027-04-15,,,unavailable
2026-09-27,ALC,BZG,2027-04-16,,,unavailable
2026-09-27,ALC,BZG,2027-04-17,06:00,485.00,ok
2026-09-27,ALC,BZG,2027-04-18,,,unavailable
2026-09-27,ALC,BZG,2027-04-19,,,unavailable
2026-09-27,ALC,BZG,2027-04-20,,,unavailable
2026-09-27,ALC,BZG,2027-04-21,06:00,344.00,ok
2026-09-27,ALC,BZG,2027-04-22,,,unavailable
2026-09-27,ALC,BZG,2027-04-23,,,unavailable
2026-09-27,ALC,BZG,2027-04-24,06:00,442.00,ok
2026-09-27,ALC,BZG,2027-04-25,,,unavailable
2026-09-27,ALC,BZG,2027-04-26,,,unavailable
2026-09-27,ALC,BZG,2027-04-27,,,unavailable
2026-09-27,ALC,BZG,2027-04-28,06:00,302.00,ok
2026-09-27,ALC,BZG,2027-04-29,,,unavailable
2026-09-27,ALC,BZG,2027-04-30,,,unavailable
2026-09-27,ALC,BZG,2027-05-01,06:00,586.00,ok
2026-09-27,ALC,BZG,2027-05-02,,,unavailable
2026-09-27,ALC,BZG,2027-05-03,,,unavailable
2026-09-27,ALC,BZG,2027-05-04,,,unavailable
2026-09-27,ALC,BZG,2027-05-05,06:00,442.00,ok
2026-09-27,ALC,BZG,2027-05-06,,,unavailable
2026-09-27,ALC,BZG,2027-05-07,,,unavailable
2026-09-27,ALC,BZG,2027-05-08,06:00,642.00,ok
2026-09-27,ALC,BZG,2027-05-09,,,unavailable
2026-09-27,ALC,BZG,2027-05-10,,,unavailable
2026-09-27,ALC,BZG,2027-05-11,,,unavailable
2026-09-27,ALC,BZG,2027-05-12,06:00,391.00,ok
2026-09-27,ALC,BZG,2027-05-13,,,unavailable
2026-09-27,ALC,BZG,2027-05-14,,,unavailable
2026-09-27,ALC,BZG,2027-05-15,06:00,705.00,ok
2026-09-27,ALC,BZG,2027-05-16,,,unavailable
2026-09-27,ALC,BZG,2027-05-17,,,unavailable
2026-09-27,ALC,BZG,2027-05-18,,,unavailable
2026-09-27,ALC,BZG,2027-05-19,06:00,391.00,ok
2026-09-27,ALC,BZG,2027-05-20,,,unavailable
2026-09-27,ALC,BZG,2027-05-21,,,unavailable
2026-09-27,ALC,BZG,2027-05-22,06:00,539.38,ok
2026-09-27,ALC,BZG,2027-05-23,,,unavailable
2026-09-27,ALC,BZG,2027-05-24,,,unavailable
2026-09-27,ALC,BZG,2027-05-25,,,unavailable
2026-09-27,ALC,BZG,2027-05-26,06:00,348.38,ok
2026-09-27,ALC,BZG,2027-05-27,,,unavailable
2026-09-27,ALC,BZG,2027-05-28,,,unavailable
2026-09-27,ALC,BZG,2027-05-29,06:00,485.00,ok
2026-09-27,ALC,BZG,2027-05-30,,,unavailable
2026-09-27,ALC,BZG,2027-05-31,,,unavailable
2026-09-27,ALC,BZG,2027-06-01,,,unavailable
2026-09-27,ALC,BZG,2027-06-02,06:00,344.00,ok
2026-09-27,ALC,BZG,2027-06-03,,,unavailable
2026-09-27,ALC,BZG,2027-06-04,,,unavailable
2026-09-27,ALC,BZG,2027-06-05,06:00,642.00,ok
2026-09-27,ALC,BZG,2027-06-06,,,unavailable
2026-09-27,ALC,BZG,2027-06-07,,,unavailable
2026-09-27,ALC,BZG,2027-06-08,,,unavailable
2026-09-27,ALC,BZG,2027-06-09,06:00,391.00,ok
2026-09-27,ALC,BZG,2027-06-10,,,unavailable
2026-09-27,ALC,BZG,2027-06-11,,,unavailable
2026-09-27,ALC,BZG,2027-06-12,06:00,535.00,ok
2026-09-27,ALC,BZG,2027-06-13,,,unavailable
2026-09-27,ALC,BZG,2027-06-14,,,unavailable
2026-09-27,ALC,BZG,2027-06-15,,,unavailable
2026-09-27,ALC,BZG,2027-06-16,06:00,344.00,ok
2026-09-27,ALC,BZG,2027-06-17,,,unavailable
2026-09-27,ALC,BZG,2027-06-18,,,unavailable
2026-09-27,ALC,BZG,2027-06-19,06:00,535.00,ok
2026-09-27,ALC,BZG,2027-06-20,,,unavailable
2026-09-27,ALC,BZG,2027-06-21,,,unavailable
2026-09-27,ALC,BZG,2027-06-22,,,unavailable
2026-09-27,ALC,BZG,2027-06-23,06:00,344.00,ok
2026-09-27,ALC,BZG,2027-06-24,,,unavailable
2026-09-27,ALC,BZG,2027-06-25,,,unavailable
2026-09-27,ALC,BZG,2027-06-26,06:00,535.00,ok
2026-09-27,ALC,BZG,2027-06-27,,,unavailable
2026-09-27,ALC,BZG,2027-06-28,,,unavailable
2026-09-27,ALC,BZG,2027-06-29,,,unavailable
2026-09-27,ALC,BZG,2027-06-30,06:00,442.00,ok
2026-09-27,ALC,BZG,2027-07-01,,,unavailable
2026-09-27,ALC,BZG,2027-07-02,,,unavailable
2026-09-27,ALC,BZG,2027-07-03,06:00,485.00,ok
2026-09-27,ALC,BZG,2027-07-04,,,unavailable
2026-09-27,ALC,BZG,2027-07-05,,,unavailable
2026-09-27,ALC,BZG,2027-07-06,,,unavailable
2026-09-27,ALC,BZG,2027-07-07,06:00,442.00,ok
2026-09-27,ALC,BZG,2027-07-08,,,unavailable
2026-09-27,ALC,BZG,2027-07-09,,,unavailable
2026-09-27,ALC,BZG,2027-07-10,06:00,586.00,ok
2026-09-27,ALC,BZG,2027-07-11,,,unavailable
2026-09-27,ALC,BZG,2027-07-12,,,unavailable
2026-09-27,ALC,BZG,2027-07-13,,,unavailable
2026-09-27,ALC,BZG,2027-07-14,06:00,485.00,ok
2026-09-27,ALC,BZG,2027-07-15,,,unavailable
2026-09-27,ALC,BZG,2027-07-16,,,unavailable
2026-09-27,ALC,BZG,2027-07-17,06:00,705.00,ok
2026-09-27,ALC,BZG,2027-07-18,,,unavailable
2026-09-27,ALC,BZG,2027-07-19,,,unavailable
2026-09-27,ALC,BZG,2027-07-20,,,unavailable
2026-09-27,ALC,BZG,2027-07-21,06:00,586.00,ok
2026-09-27,ALC,BZG,2027-07-22,,,unavailable
2026-09-27,ALC,BZG,2027-07-23,,,unavailable
2026-09-27,ALC,BZG,2027-07-24,06:00,642.00,ok
2026-09-27,ALC,BZG,2027-07-25,,,unavailable
2026-09-27,ALC,BZG,2027-07-26,,,unavailable
2026-09-27,ALC,BZG,2027-07-27,,,unavailable
2026-09-27,ALC,BZG,2027-07-28,06:00,535.00,ok
2026-09-27,ALC,BZG,2027-07-29,,,unavailable
2026-09-27,ALC,BZG,2027-07-30,,,unavailable
2026-09-27,ALC,BZG,2027-07-31,06:00,782.38,ok
2026-09-27,ALC,BZG,2027-08-01,,,unavailable
2026-09-27,ALC,BZG,2027-08-02,,,unavailable
2026-09-27,ALC,BZG,2027-08-03,,,unavailable
2026-09-27,ALC,BZG,2027-08-04,06:00,642.00,ok
2026-09-27,ALC,BZG,2027-08-05,,,unavailable
2026-09-27,ALC,BZG,2027-08-06,,,unavailable
2026-09-27,ALC,BZG,2027-08-07,06:00,705.00,ok
2026-09-27,ALC,BZG,2027-08-08,,,unavailable
2026-09-27,ALC,BZG,2027-08-09,,,unavailable
2026-09-27,ALC,BZG,2027-08-10,,,unavailable
2026-09-27,ALC,BZG,2027-08-11,06:00,642.00,ok
2026-09-27,ALC,BZG,2027-08-12,,,unavailable
2026-09-27,ALC,BZG,2027-08-13,,,unavailable
2026-09-27,ALC,BZG,2027-08-14,06:00,854.00,ok
2026-09-27,ALC,BZG,2027-08-15,,,unavailable
2026-09-27,ALC,BZG,2027-08-16,,,unavailable
2026-09-27,ALC,BZG,2027-08-17,,,unavailable
2026-09-27,ALC,BZG,2027-08-18,06:00,586.00,ok
2026-09-27,ALC,BZG,2027-08-19,,,unavailable
2026-09-27,ALC,BZG,2027-08-20,,,unavailable
2026-09-27,ALC,BZG,2027-08-21,06:00,778.00,ok
2026-09-27,ALC,BZG,2027-08-22,,,unavailable
2026-09-27,ALC,BZG,2027-08-23,,,unavailable
2026-09-27,ALC,BZG,2027-08-24,,,unavailable
2026-09-27,ALC,BZG,2027-08-25,06:00,586.00,ok
2026-09-27,ALC,BZG,2027-08-26,,,unavailable
2026-09-27,ALC,BZG,2027-08-27,,,unavailable
2026-09-27,ALC,BZG,2027-08-28,06:00,778.00,ok
2026-09-27,ALC,BZG,2027-08-29,,,unavailable
2026-09-27,ALC,BZG,2027-08-30,,,unavailable
2026-09-27,ALC,BZG,2027-08-31,,,unavailable
2026-09-27,BZG,BHX,2026-09-27,,,unavailable
2026-09-27,BZG,BHX,2026-09-28,,,unavailable
2026-09-27,BZG,BHX,2026-09-29,21:30,236.52,ok
2026-09-27,BZG,BHX,2026-09-30,,,unavailable
2026-09-27,BZG,BHX,2026-10-01,09:25,204.79,ok
2026-09-27,BZG,BHX,2026-10-02,,,unavailable
2026-09-27,BZG,BHX,2026-10-03,10:20,258.43,ok
2026-09-27,BZG,BHX,2026-10-04,,,unavailable
2026-09-27,BZG,BHX,2026-10-05,16:30,179.16,ok
2026-09-27,BZG,BHX,2026-10-06,21:30,157.67,ok
2026-09-27,BZG,BHX,2026-10-07,,,unavailable
2026-09-27,BZG,BHX,2026-10-08,09:25,148.91,ok
2026-09-27,BZG,BHX,2026-10-09,,,unavailable
2026-09-27,BZG,BHX,2026-10-10,10:20,162.05,ok
2026-09-27,BZG,BHX,2026-10-11,,,unavailable
2026-09-27,BZG,BHX,2026-10-12,16:30,215.70,ok
2026-09-27,BZG,BHX,2026-10-13,21:30,176.83,ok
2026-09-27,BZG,BHX,2026-10-14,,,unavailable
2026-09-27,BZG,BHX,2026-10-15,09:25,135.83,ok
2026-09-27,BZG,BHX,2026-10-16,,,unavailable
2026-09-27,BZG,BHX,2026-10-17,10:20,118.24,ok
2026-09-27,BZG,BHX,2026-10-18,,,unavailable
2026-09-27,BZG,BHX,2026-10-19,16:30,128.48,ok
2026-09-27,BZG,BHX,2026-10-20,21:30,103.58,ok
2026-09-27,BZG,BHX,2026-10-21,,,unavailable
2026-09-27,BZG,BHX,2026-10-22,09:25,127.00,ok
2026-09-27,BZG,BHX,2026-10-23,,,unavailable
2026-09-27,BZG,BHX,2026-10-24,10:20,162.05,ok
2026-09-27,BZG,BHX,2026-10-25,10:25,140.21,ok
2026-09-27,BZG,BHX,2026-10-26,09:40,127.78,ok
2026-09-27,BZG,BHX,2026-10-27,,,unavailable
2026-09-27,BZG,BHX,2026-10-28,17:20,148.75,ok
2026-09-27,BZG,BHX,2026-10-29,09:55,198.13,ok
2026-09-27,BZG,BHX,2026-10-30,15:40,242.38,ok
2026-09-27,BZG,BHX,2026-10-31,21:05,421.61,ok
2026-09-27,BZG,BHX,2026-11-01,10:25,381.09,ok
2026-09-27,BZG,BHX,2026-11-02,09:40,340.23,ok
2026-09-27,BZG,BHX,2026-11-03,,,unavailable
2026-09-27,BZG,BHX,2026-11-04,17:20,192.30,ok
2026-09-27,BZG,BHX,2026-11-05,09:55,236.52,ok
2026-09-27,BZG,BHX,2026-11-06,,,unavailable
2026-09-27,BZG,BHX,2026-11-07,21:05,370.67,ok
2026-09-27,BZG,BHX,2026-11-08,,,unavailable
2026-09-27,BZG,BHX,2026-11-09,09:40,148.91,ok
2026-09-27,BZG,BHX,2026-11-10,,,unavailable
2026-09-27,BZG,BHX,2026-11-11,17:20,127.00,ok
2026-09-27,BZG,BHX,2026-11-12,09:55,96.34,ok
2026-09-27,BZG,BHX,2026-11-13,,,unavailable
2026-09-27,BZG,BHX,2026-11-14,21:05,108.70,ok
2026-09-27,BZG,BHX,2026-11-15,,,unavailable
2026-09-27,BZG,BHX,2026-11-16,09:40,128.29,ok
2026-09-27,BZG,BHX,2026-11-17,,,unavailable
2026-09-27,BZG,BHX,2026-11-18,17:20,83.19,ok
2026-09-27,BZG,BHX,2026-11-19,09:55,88.80,ok
2026-09-27,BZG,BHX,2026-11-20,,,unavailable
2026-09-27,BZG,BHX,2026-11-21,21:05,179.57,ok
2026-09-27,BZG,BHX,2026-11-22,,,unavailable
2026-09-27,BZG,BHX,2026-11-23,09:40,223.38,ok
2026-09-27,BZG,BHX,2026-11-24,,,unavailable
2026-09-27,BZG,BHX,2026-11-25,17:20,89.89,ok
2026-09-27,BZG,BHX,2026-11-26,09:55,132.86,ok
2026-09-27,BZG,BHX,2026-11-27,,,unavailable
2026-09-27,BZG,BHX,2026-11-28,21:05,183.06,ok
2026-09-27,BZG,BHX,2026-11-29,,,unavailable
2026-09-27,BZG,BHX,2026-11-30,09:40,93.44,ok
2026-09-27,BZG,BHX,2026-12-01,,,unavailable
2026-09-27,BZG,BHX,2026-12-02,,,unavailable
2026-09-27,BZG,BHX,2026-12-03,09:55,78.81,ok
2026-09-27,BZG,BHX,2026-12-04,15:40,100.72,ok
2026-09-27,BZG,BHX,2026-12-05,21:05,92.48,ok
2026-09-27,BZG,BHX,2026-12-06,10:25,166.43,ok
2026-09-27,BZG,BHX,2026-12-07,09:40,159.00,ok
2026-09-27,BZG,BHX,2026-12-08,,,unavailable
2026-09-27,BZG,BHX,2026-12-09,,,unavailable
2026-09-27,BZG,BHX,2026-12-10,09:55,87.00,ok
2026-09-27,BZG,BHX,2026-12-11,15:40,100.72,ok
2026-09-27,BZG,BHX,2026-12-12,21:05,91.96,ok
2026-09-27,BZG,BHX,2026-12-13,10:25,129.75,ok
2026-09-27,BZG,BHX,2026-12-14,09:40,139.96,ok
2026-09-27,BZG,BHX,2026-12-15,,,unavailable
2026-09-27,BZG,BHX,2026-12-16,17:20,87.00,ok
2026-09-27,BZG,BHX,2026-12-17,09:55,87.00,ok
2026-09-27,BZG,BHX,2026-12-18,15:40,113.86,ok
2026-09-27,BZG,BHX,2026-12-19,21:05,154.62,ok
2026-09-27,BZG,BHX,2026-12-20,10:25,162.05,ok
2026-09-27,BZG,BHX,2026-12-21,09:40,140.14,ok
2026-09-27,BZG,BHX,2026-12-22,22:20,159.75,ok
2026-09-27,BZG,BHX,2026-12-23,17:20,271.57,ok
2026-09-27,BZG,BHX,2026-12-24,09:55,394.06,ok
2026-09-27,BZG,BHX,2026-12-25,,,unavailable
2026-09-27,BZG,BHX,2026-12-26,21:05,258.43,ok
2026-09-27,BZG,BHX,2026-12-27,10:25,394.06,ok
2026-09-27,BZG,BHX,2026-12-28,09:40,332.90,ok
2026-09-27,BZG,BHX,2026-12-29,22:20,342.89,ok
2026-09-27,BZG,BHX,2026-12-30,17:20,479.73,ok
2026-09-27,BZG,BHX,2026-12-31,09:55,464.75,ok
2026-09-27,BZG,BHX,2027-01-01,15:40,468.71,ok
2026-09-27,BZG,BHX,2027-01-02,21:05,718.00,ok
2026-09-27,BZG,BHX,2027-01-03,10:25,781.96,ok
2026-09-27,BZG,BHX,2027-01-04,09:40,744.71,ok
2026-09-27,BZG,BHX,2027-01-05,,,unavailable
2026-09-27,BZG,BHX,2027-01-06,17:20,535.00,ok
2026-09-27,BZG,BHX,2027-01-07,,,unavailable
2026-09-27,BZG,BHX,2027-01-08,15:40,322.82,ok
2026-09-27,BZG,BHX,2027-01-09,,,unavailable
2026-09-27,BZG,BHX,2027-01-10,10:25,260.12,ok
2026-09-27,BZG,BHX,2027-01-11,09:40,254.05,ok
2026-09-27,BZG,BHX,2027-01-12,,,unavailable
2026-09-27,BZG,BHX,2027-01-13,,,unavailable
2026-09-27,BZG,BHX,2027-01-14,,,unavailable
2026-09-27,BZG,BHX,2027-01-15,15:40,179.57,ok
2026-09-27,BZG,BHX,2027-01-16,,,unavailable
2026-09-27,BZG,BHX,2027-01-17,10:25,183.95,ok
2026-09-27,BZG,BHX,2027-01-18,09:40,145.00,ok
2026-09-27,BZG,BHX,2027-01-19,,,unavailable
2026-09-27,BZG,BHX,2027-01-20,,,unavailable
2026-09-27,BZG,BHX,2027-01-21,,,unavailable
2026-09-27,BZG,BHX,2027-01-22,15:40,148.91,ok
2026-09-27,BZG,BHX,2027-01-23,,,unavailable
2026-09-27,BZG,BHX,2027-01-24,10:25,140.14,ok
2026-09-27,BZG,BHX,2027-01-25,09:40,100.72,ok
2026-09-27,BZG,BHX,2027-01-26,,,unavailable
2026-09-27,BZG,BHX,2027-01-27,,,unavailable
2026-09-27,BZG,BHX,2027-01-28,,,unavailable
2026-09-27,BZG,BHX,2027-01-29,15:40,170.81,ok
2026-09-27,BZG,BHX,2027-01-30,,,unavailable
2026-09-27,BZG,BHX,2027-01-31,10:25,187.09,ok
2026-09-27,BZG,BHX,2027-02-01,09:40,145.00,ok
2026-09-27,BZG,BHX,2027-02-02,,,unavailable
2026-09-27,BZG,BHX,2027-02-03,17:20,145.00,ok
2026-09-27,BZG,BHX,2027-02-04,09:55,140.14,ok
2026-09-27,BZG,BHX,2027-02-05,15:40,127.00,ok
2026-09-27,BZG,BHX,2027-02-06,21:05,135.76,ok
2026-09-27,BZG,BHX,2027-02-07,10:25,204.00,ok
2026-09-27,BZG,BHX,2027-02-08,09:40,148.91,ok
2026-09-27,BZG,BHX,2027-02-09,,,unavailable
2026-09-27,BZG,BHX,2027-02-10,17:20,131.38,ok
2026-09-27,BZG,BHX,2027-02-11,09:55,127.00,ok
2026-09-27,BZG,BHX,2027-02-12,10:30,144.53,ok
2026-09-27,BZG,BHX,2027-02-13,21:05,179.57,ok
2026-09-27,BZG,BHX,2027-02-14,10:25,183.95,ok
2026-09-27,BZG,BHX,2027-02-15,09:40,157.67,ok
2026-09-27,BZG,BHX,2027-02-16,,,unavailable
2026-09-27,BZG,BHX,2027-02-17,17:20,223.38,ok
2026-09-27,BZG,BHX,2027-02-18,09:55,272.00,ok
2026-09-27,BZG,BHX,2027-02-19,10:30,306.62,ok
2026-09-27,BZG,BHX,2027-02-20,21:05,254.05,ok
2026-09-27,BZG,BHX,2027-02-21,10:25,433.67,ok
2026-09-27,BZG,BHX,2027-02-22,09:40,210.24,ok
2026-09-27,BZG,BHX,2027-02-23,,,unavailable
2026-09-27,BZG,BHX,2027-02-24,17:20,262.81,ok
2026-09-27,BZG,BHX,2027-02-25,09:55,188.33,ok
2026-09-27,BZG,BHX,2027-02-26,15:40,135.76,ok
2026-09-27,BZG,BHX,2027-02-27,21:05,148.91,ok
2026-09-27,BZG,BHX,2027-02-28,10:25,227.76,ok
2026-09-27,BZG,BHX,2027-03-01,09:40,157.67,ok
2026-09-27,BZG,BHX,2027-03-02,,,unavailable
2026-09-27,BZG,BHX,2027-03-03,,,unavailable
2026-09-27,BZG,BHX,2027-03-04,09:55,170.00,ok
2026-09-27,BZG,BHX,2027-03-05,15:40,170.00,ok
2026-09-27,BZG,BHX,2027-03-06,21:05,170.00,ok
2026-09-27,BZG,BHX,2027-03-07,10:25,188.33,ok
2026-09-27,BZG,BHX,2027-03-08,09:40,170.00,ok
2026-09-27,BZG,BHX,2027-03-09,,,unavailable
2026-09-27,BZG,BHX,2027-03-10,,,unavailable
2026-09-27,BZG,BHX,2027-03-11,09:55,170.00,ok
2026-09-27,BZG,BHX,2027-03-12,15:40,162.05,ok
2026-09-27,BZG,BHX,2027-03-13,21:05,170.00,ok
2026-09-27,BZG,BHX,2027-03-14,10:25,204.00,ok
2026-09-27,BZG,BHX,2027-03-15,09:40,144.53,ok
2026-09-27,BZG,BHX,2027-03-16,,,unavailable
2026-09-27,BZG,BHX,2027-03-17,,,unavailable
2026-09-27,BZG,BHX,2027-03-18,09:55,170.00,ok
2026-09-27,BZG,BHX,2027-03-19,15:40,170.00,ok
2026-09-27,BZG,BHX,2027-03-20,21:05,197.10,ok
2026-09-27,BZG,BHX,2027-03-21,10:25,170.00,ok
2026-09-27,BZG,BHX,2027-03-22,09:40,157.67,ok
2026-09-27,BZG,BHX,2027-03-23,09:25,389.86,ok
2026-09-27,BZG,BHX,2027-03-24,17:20,170.00,ok
2026-09-27,BZG,BHX,2027-03-25,09:55,238.00,ok
2026-09-27,BZG,BHX,2027-03-26,15:40,219.00,ok
2026-09-27,BZG,BHX,2027-03-27,21:05,205.86,ok
2026-09-27,BZG,BHX,2027-03-28,10:20,272.00,ok
2026-09-27,BZG,BHX,2027-03-29,,,unavailable
2026-09-27,BZG,BHX,2027-03-30,16:40,493.38,ok
2026-09-27,BZG,BHX,2027-03-31,,,unavailable
2026-09-27,BZG,BHX,2027-04-01,23:00,595.38,ok
2026-09-27,BZG,BHX,2027-04-02,,,unavailable
2026-09-27,BZG,BHX,2027-04-03,,,unavailable
2026-09-27,BZG,BHX,2027-04-04,10:20,722.38,ok
2026-09-27,BZG,BHX,2027-04-05,,,unavailable
2026-09-27,BZG,BHX,2027-04-06,16:40,446.00,ok
2026-09-27,BZG,BHX,2027-04-07,,,unavailable
2026-09-27,BZG,BHX,2027-04-08,23:00,539.38,ok
2026-09-27,BZG,BHX,2027-04-09,,,unavailable
2026-09-27,BZG,BHX,2027-04-10,,,unavailable
2026-09-27,BZG,BHX,2027-04-11,10:20,654.38,ok
2026-09-27,BZG,BHX,2027-04-12,,,unavailable
2026-09-27,BZG,BHX,2027-04-13,16:40,357.00,ok
2026-09-27,BZG,BHX,2027-04-14,,,unavailable
2026-09-27,BZG,BHX,2027-04-15,23:00,310.00,ok
2026-09-27,BZG,BHX,2027-04-16,,,unavailable
2026-09-27,BZG,BHX,2027-04-17,,,unavailable
2026-09-27,BZG,BHX,2027-04-18,10:20,310.00,ok
2026-09-27,BZG,BHX,2027-04-19,,,unavailable
2026-09-27,BZG,BHX,2027-04-20,16:40,272.00,ok
2026-09-27,BZG,BHX,2027-04-21,,,unavailable
2026-09-27,BZG,BHX,2027-04-22,23:00,272.00,ok
2026-09-27,BZG,BHX,2027-04-23,,,unavailable
2026-09-27,BZG,BHX,2027-04-24,,,unavailable
2026-09-27,BZG,BHX,2027-04-25,10:20,272.00,ok
2026-09-27,BZG,BHX,2027-04-26,,,unavailable
2026-09-27,BZG,BHX,2027-04-27,16:40,272.00,ok
2026-09-27,BZG,BHX,2027-04-28,,,unavailable
2026-09-27,BZG,BHX,2027-04-29,23:00,272.00,ok
2026-09-27,BZG,BHX,2027-04-30,,,unavailable
2026-09-27,BZG,BHX,2027-05-01,,,unavailable
2026-09-27,BZG,BHX,2027-05-02,10:20,272.00,ok
2026-09-27,BZG,BHX,2027-05-03,,,unavailable
2026-09-27,BZG,BHX,2027-05-04,16:40,310.00,ok
2026-09-27,BZG,BHX,2027-05-05,,,unavailable
2026-09-27,BZG,BHX,2027-05-06,23:00,272.00,ok
2026-09-27,BZG,BHX,2027-05-07,,,unavailable
2026-09-27,BZG,BHX,2027-05-08,,,unavailable
2026-09-27,BZG,BHX,2027-05-09,10:20,310.00,ok
2026-09-27,BZG,BHX,2027-05-10,,,unavailable
2026-09-27,BZG,BHX,2027-05-11,16:40,310.00,ok
2026-09-27,BZG,BHX,2027-05-12,,,unavailable
2026-09-27,BZG,BHX,2027-05-13,23:00,272.00,ok
2026-09-27,BZG,BHX,2027-05-14,,,unavailable
2026-09-27,BZG,BHX,2027-05-15,,,unavailable
2026-09-27,BZG,BHX,2027-05-16,10:20,272.00,ok
2026-09-27,BZG,BHX,2027-05-17,,,unavailable
2026-09-27,BZG,BHX,2027-05-18,16:40,272.00,ok
2026-09-27,BZG,BHX,2027-05-19,,,unavailable
2026-09-27,BZG,BHX,2027-05-20,23:00,272.00,ok
2026-09-27,BZG,BHX,2027-05-21,,,unavailable
2026-09-27,BZG,BHX,2027-05-22,,,unavailable
2026-09-27,BZG,BHX,2027-05-23,10:20,310.00,ok
2026-09-27,BZG,BHX,2027-05-24,,,unavailable
2026-09-27,BZG,BHX,2027-05-25,16:40,272.00,ok
2026-09-27,BZG,BHX,2027-05-26,,,unavailable
2026-09-27,BZG,BHX,2027-05-27,23:00,310.00,ok
2026-09-27,BZG,BHX,2027-05-28,,,unavailable
2026-09-27,BZG,BHX,2027-05-29,,,unavailable
2026-09-27,BZG,BHX,2027-05-30,10:20,595.38,ok
2026-09-27,BZG,BHX,2027-05-31,,,unavailable
2026-09-27,BZG,BHX,2027-06-01,16:40,489.00,ok
2026-09-27,BZG,BHX,2027-06-02,,,unavailable
2026-09-27,BZG,BHX,2027-06-03,23:00,357.00,ok
2026-09-27,BZG,BHX,2027-06-04,,,unavailable
2026-09-27,BZG,BHX,2027-06-05,,,unavailable
2026-09-27,BZG,BHX,2027-06-06,10:20,361.38,ok
2026-09-27,BZG,BHX,2027-06-07,,,unavailable
2026-09-27,BZG,BHX,2027-06-08,16:40,310.00,ok
2026-09-27,BZG,BHX,2027-06-09,,,unavailable
2026-09-27,BZG,BHX,2027-06-10,23:00,276.38,ok
2026-09-27,BZG,BHX,2027-06-11,,,unavailable
2026-09-27,BZG,BHX,2027-06-12,,,unavailable
2026-09-27,BZG,BHX,2027-06-13,10:20,314.38,ok
2026-09-27,BZG,BHX,2027-06-14,,,unavailable
2026-09-27,BZG,BHX,2027-06-15,16:40,272.00,ok
2026-09-27,BZG,BHX,2027-06-16,,,unavailable
2026-09-27,BZG,BHX,2027-06-17,23:00,272.00,ok
2026-09-27,BZG,BHX,2027-06-18,,,unavailable
2026-09-27,BZG,BHX,2027-06-19,,,unavailable
2026-09-27,BZG,BHX,2027-06-20,10:20,361.38,ok
2026-09-27,BZG,BHX,2027-06-21,,,unavailable
2026-09-27,BZG,BHX,2027-06-22,16:40,310.00,ok
2026-09-27,BZG,BHX,2027-06-23,,,unavailable
2026-09-27,BZG,BHX,2027-06-24,23:00,272.00,ok
2026-09-27,BZG,BHX,2027-06-25,,,unavailable
2026-09-27,BZG,BHX,2027-06-26,,,unavailable
2026-09-27,BZG,BHX,2027-06-27,10:20,361.38,ok
2026-09-27,BZG,BHX,2027-06-28,,,unavailable
2026-09-27,BZG,BHX,2027-06-29,16:40,314.38,ok
2026-09-27,BZG,BHX,2027-06-30,,,unavailable
2026-09-27,BZG,BHX,2027-07-01,23:00,272.00,ok
2026-09-27,BZG,BHX,2027-07-02,,,unavailable
2026-09-27,BZG,BHX,2027-07-03,,,unavailable
2026-09-27,BZG,BHX,2027-07-04,10:20,357.00,ok
2026-09-27,BZG,BHX,2027-07-05,,,unavailable
2026-09-27,BZG,BHX,2027-07-06,16:40,272.00,ok
2026-09-27,BZG,BHX,2027-07-07,,,unavailable
2026-09-27,BZG,BHX,2027-07-08,23:00,272.00,ok
2026-09-27,BZG,BHX,2027-07-09,,,unavailable
2026-09-27,BZG,BHX,2027-07-10,,,unavailable
2026-09-27,BZG,BHX,2027-07-11,10:20,310.00,ok
2026-09-27,BZG,BHX,2027-07-12,,,unavailable
2026-09-27,BZG,BHX,2027-07-13,16:40,272.00,ok
2026-09-27,BZG,BHX,2027-07-14,,,unavailable
2026-09-27,BZG,BHX,2027-07-15,23:00,272.00,ok
2026-09-27,BZG,BHX,2027-07-16,,,unavailable
2026-09-27,BZG,BHX,2027-07-17,,,unavailable
2026-09-27,BZG,BHX,2027-07-18,10:20,310.00,ok
2026-09-27,BZG,BHX,2027-07-19,,,unavailable
2026-09-27,BZG,BHX,2027-07-20,16:40,272.00,ok
2026-09-27,BZG,BHX,2027-07-21,,,unavailable
2026-09-27,BZG,BHX,2027-07-22,23:00,272.00,ok
2026-09-27,BZG,BHX,2027-07-23,,,unavailable
2026-09-27,BZG,BHX,2027-07-24,,,unavailable
2026-09-27,BZG,BHX,2027-07-25,10:20,357.00,ok
2026-09-27,BZG,BHX,2027-07-26,,,unavailable
2026-09-27,BZG,BHX,2027-07-27,16:40,357.00,ok
2026-09-27,BZG,BHX,2027-07-28,,,unavailable
2026-09-27,BZG,BHX,2027-07-29,23:00,310.00,ok
2026-09-27,BZG,BHX,2027-07-30,,,unavailable
2026-09-27,BZG,BHX,2027-07-31,,,unavailable
2026-09-27,BZG,BHX,2027-08-01,10:20,446.00,ok
2026-09-27,BZG,BHX,2027-08-02,,,unavailable
2026-09-27,BZG,BHX,2027-08-03,16:40,446.00,ok
2026-09-27,BZG,BHX,2027-08-04,,,unavailable
2026-09-27,BZG,BHX,2027-08-05,23:00,489.00,ok
2026-09-27,BZG,BHX,2027-08-06,,,unavailable
2026-09-27,BZG,BHX,2027-08-07,,,unavailable
2026-09-27,BZG,BHX,2027-08-08,10:20,718.00,ok
2026-09-27,BZG,BHX,2027-08-09,,,unavailable
2026-09-27,BZG,BHX,2027-08-10,16:40,591.00,ok
2026-09-27,BZG,BHX,2027-08-11,,,unavailable
2026-09-27,BZG,BHX,2027-08-12,23:00,650.00,ok
2026-09-27,BZG,BHX,2027-08-13,,,unavailable
2026-09-27,BZG,BHX,2027-08-14,,,unavailable
2026-09-27,BZG,BHX,2027-08-15,10:20,790.00,ok
2026-09-27,BZG,BHX,2027-08-16,,,unavailable
2026-09-27,BZG,BHX,2027-08-17,16:40,790.00,ok
2026-09-27,BZG,BHX,2027-08-18,,,unavailable
2026-09-27,BZG,BHX,2027-08-19,23:00,718.00,ok
2026-09-27,BZG,BHX,2027-08-20,,,unavailable
2026-09-27,BZG,BHX,2027-08-21,,,unavailable
2026-09-27,BZG,BHX,2027-08-22,10:20,871.00,ok
2026-09-27,BZG,BHX,2027-08-23,,,unavailable
2026-09-27,BZG,BHX,2027-08-24,16:40,871.00,ok
2026-09-27,BZG,BHX,2027-08-25,,,unavailable
2026-09-27,BZG,BHX,2027-08-26,23:00,871.00,ok
2026-09-27,BZG,BHX,2027-08-27,,,unavailable
2026-09-27,BZG,BHX,2027-08-28,,,unavailable
2026-09-27,BZG,BHX,2027-08-29,10:20,871.00,ok
2026-09-27,BZG,BHX,2027-08-30,,,unavailable
2026-09-27,BZG,BHX,2027-08-31,16:40,960.00,ok
2026-09-27,BHX,BZG,2026-09-27,,,unavailable
2026-09-27,BHX,BZG,2026-09-28,,,unavailable
2026-09-27,BHX,BZG,2026-09-29,17:55,564.93,ok
2026-09-27,BHX,BZG,2026-09-30,,,unavailable
2026-09-27,BHX,BZG,2026-10-01,05:55,238.31,ok
2026-09-27,BHX,BZG,2026-10-02,,,unavailable
2026-09-27,BHX,BZG,2026-10-03,06:45,234.09,ok
2026-09-27,BHX,BZG,2026-10-04,,,unavailable
2026-09-27,BHX,BZG,2026-10-05,12:55,198.13,ok
2026-09-27,BHX,BZG,2026-10-06,17:55,122.11,ok
2026-09-27,BHX,BZG,2026-10-07,,,unavailable
2026-09-27,BHX,BZG,2026-10-08,05:55,174.78,ok
2026-09-27,BHX,BZG,2026-10-09,,,unavailable
2026-09-27,BHX,BZG,2026-10-10,06:45,203.55,ok
2026-09-27,BHX,BZG,2026-10-11,,,unavailable
2026-09-27,BHX,BZG,2026-10-12,12:55,207.94,ok
2026-09-27,BHX,BZG,2026-10-13,17:55,127.20,ok
2026-09-27,BHX,BZG,2026-10-14,,,unavailable
2026-09-27,BHX,BZG,2026-10-15,05:55,239.18,ok
2026-09-27,BHX,BZG,2026-10-16,,,unavailable
2026-09-27,BHX,BZG,2026-10-17,06:45,305.34,ok
2026-09-27,BHX,BZG,2026-10-18,,,unavailable
2026-09-27,BHX,BZG,2026-10-19,12:55,215.70,ok
2026-09-27,BHX,BZG,2026-10-20,17:55,218.82,ok
2026-09-27,BHX,BZG,2026-10-21,,,unavailable
2026-09-27,BHX,BZG,2026-10-22,05:55,363.18,ok
2026-09-27,BHX,BZG,2026-10-23,,,unavailable
2026-09-27,BHX,BZG,2026-10-24,06:45,402.05,ok
2026-09-27,BHX,BZG,2026-10-25,06:45,408.38,ok
2026-09-27,BHX,BZG,2026-10-26,06:00,216.22,ok
2026-09-27,BHX,BZG,2026-10-27,,,unavailable
2026-09-27,BHX,BZG,2026-10-28,13:40,212.32,ok
2026-09-27,BHX,BZG,2026-10-29,06:15,102.79,ok
2026-09-27,BHX,BZG,2026-10-30,12:00,123.97,ok
2026-09-27,BHX,BZG,2026-10-31,17:25,105.90,ok
2026-09-27,BHX,BZG,2026-11-01,06:45,76.30,ok
2026-09-27,BHX,BZG,2026-11-02,06:00,76.30,ok
2026-09-27,BHX,BZG,2026-11-03,,,unavailable
2026-09-27,BHX,BZG,2026-11-04,13:40,87.00,ok
2026-09-27,BHX,BZG,2026-11-05,06:15,100.80,ok
2026-09-27,BHX,BZG,2026-11-06,,,unavailable
2026-09-27,BHX,BZG,2026-11-07,17:25,86.48,ok
2026-09-27,BHX,BZG,2026-11-08,,,unavailable
2026-09-27,BHX,BZG,2026-11-09,06:00,76.30,ok
2026-09-27,BHX,BZG,2026-11-10,,,unavailable
2026-09-27,BHX,BZG,2026-11-11,13:40,90.81,ok
2026-09-27,BHX,BZG,2026-11-12,06:15,173.01,ok
2026-09-27,BHX,BZG,2026-11-13,,,unavailable
2026-09-27,BHX,BZG,2026-11-14,17:25,173.01,ok
2026-09-27,BHX,BZG,2026-11-15,,,unavailable
2026-09-27,BHX,BZG,2026-11-16,06:00,117.02,ok
2026-09-27,BHX,BZG,2026-11-17,,,unavailable
2026-09-27,BHX,BZG,2026-11-18,13:40,108.70,ok
2026-09-27,BHX,BZG,2026-11-19,06:15,137.38,ok
2026-09-27,BHX,BZG,2026-11-20,,,unavailable
2026-09-27,BHX,BZG,2026-11-21,17:25,87.00,ok
2026-09-27,BHX,BZG,2026-11-22,,,unavailable
2026-09-27,BHX,BZG,2026-11-23,06:00,105.64,ok
2026-09-27,BHX,BZG,2026-11-24,,,unavailable
2026-09-27,BHX,BZG,2026-11-25,13:40,193.37,ok
2026-09-27,BHX,BZG,2026-11-26,06:15,115.14,ok
2026-09-27,BHX,BZG,2026-11-27,,,unavailable
2026-09-27,BHX,BZG,2026-11-28,17:25,110.02,ok
2026-09-27,BHX,BZG,2026-11-29,,,unavailable
2026-09-27,BHX,BZG,2026-11-30,06:00,87.00,ok
2026-09-27,BHX,BZG,2026-12-01,,,unavailable
2026-09-27,BHX,BZG,2026-12-02,,,unavailable
2026-09-27,BHX,BZG,2026-12-03,06:15,116.94,ok
2026-09-27,BHX,BZG,2026-12-04,12:00,229.00,ok
2026-09-27,BHX,BZG,2026-12-05,17:25,111.93,ok
2026-09-27,BHX,BZG,2026-12-06,06:45,152.65,ok
2026-09-27,BHX,BZG,2026-12-07,06:00,106.84,ok
2026-09-27,BHX,BZG,2026-12-08,,,unavailable
2026-09-27,BHX,BZG,2026-12-09,,,unavailable
2026-09-27,BHX,BZG,2026-12-10,06:15,218.11,ok
2026-09-27,BHX,BZG,2026-12-11,12:00,200.10,ok
2026-09-27,BHX,BZG,2026-12-12,17:25,139.96,ok
2026-09-27,BHX,BZG,2026-12-13,06:45,137.38,ok
2026-09-27,BHX,BZG,2026-12-14,06:00,196.20,ok
2026-09-27,BHX,BZG,2026-12-15,,,unavailable
2026-09-27,BHX,BZG,2026-12-16,13:40,404.00,ok
2026-09-27,BHX,BZG,2026-12-17,06:15,549.66,ok
2026-09-27,BHX,BZG,2026-12-18,12:00,642.65,ok
2026-09-27,BHX,BZG,2026-12-19,17:25,750.35,ok
2026-09-27,BHX,BZG,2026-12-20,06:45,880.51,ok
2026-09-27,BHX,BZG,2026-12-21,06:00,608.29,ok
2026-09-27,BHX,BZG,2026-12-22,18:40,605.65,ok
2026-09-27,BHX,BZG,2026-12-23,13:40,605.65,ok
2026-09-27,BHX,BZG,2026-12-24,06:15,855.06,ok
2026-09-27,BHX,BZG,2026-12-25,,,unavailable
2026-09-27,BHX,BZG,2026-12-26,17:25,407.14,ok
2026-09-27,BHX,BZG,2026-12-27,06:45,305.34,ok
2026-09-27,BHX,BZG,2026-12-28,06:00,372.46,ok
2026-09-27,BHX,BZG,2026-12-29,18:40,325.70,ok
2026-09-27,BHX,BZG,2026-12-30,13:40,310.43,ok
2026-09-27,BHX,BZG,2026-12-31,06:15,200.10,ok
2026-09-27,BHX,BZG,2027-01-01,12:00,145.00,ok
2026-09-27,BHX,BZG,2027-01-02,17:25,238.00,ok
2026-09-27,BHX,BZG,2027-01-03,06:45,204.00,ok
2026-09-27,BHX,BZG,2027-01-04,06:00,145.00,ok
2026-09-27,BHX,BZG,2027-01-05,,,unavailable
2026-09-27,BHX,BZG,2027-01-06,13:40,204.00,ok
2026-09-27,BHX,BZG,2027-01-07,,,unavailable
2026-09-27,BHX,BZG,2027-01-08,12:00,204.00,ok
2026-09-27,BHX,BZG,2027-01-09,,,unavailable
2026-09-27,BHX,BZG,2027-01-10,06:45,119.00,ok
2026-09-27,BHX,BZG,2027-01-11,06:00,119.00,ok
2026-09-27,BHX,BZG,2027-01-12,,,unavailable
2026-09-27,BHX,BZG,2027-01-13,,,unavailable
2026-09-27,BHX,BZG,2027-01-14,,,unavailable
2026-09-27,BHX,BZG,2027-01-15,12:00,178.10,ok
2026-09-27,BHX,BZG,2027-01-16,,,unavailable
2026-09-27,BHX,BZG,2027-01-17,06:45,142.47,ok
2026-09-27,BHX,BZG,2027-01-18,06:00,142.47,ok
2026-09-27,BHX,BZG,2027-01-19,,,unavailable
2026-09-27,BHX,BZG,2027-01-20,,,unavailable
2026-09-27,BHX,BZG,2027-01-21,,,unavailable
2026-09-27,BHX,BZG,2027-01-22,12:00,208.64,ok
2026-09-27,BHX,BZG,2027-01-23,,,unavailable
2026-09-27,BHX,BZG,2027-01-24,06:45,183.19,ok
2026-09-27,BHX,BZG,2027-01-25,06:00,145.00,ok
2026-09-27,BHX,BZG,2027-01-26,,,unavailable
2026-09-27,BHX,BZG,2027-01-27,,,unavailable
2026-09-27,BHX,BZG,2027-01-28,,,unavailable
2026-09-27,BHX,BZG,2027-01-29,12:00,239.18,ok
2026-09-27,BHX,BZG,2027-01-30,,,unavailable
2026-09-27,BHX,BZG,2027-01-31,06:45,178.10,ok
2026-09-27,BHX,BZG,2027-02-01,06:00,152.65,ok
2026-09-27,BHX,BZG,2027-02-02,,,unavailable
2026-09-27,BHX,BZG,2027-02-03,13:40,203.55,ok
2026-09-27,BHX,BZG,2027-02-04,06:15,213.73,ok
2026-09-27,BHX,BZG,2027-02-05,12:00,218.82,ok
2026-09-27,BHX,BZG,2027-02-06,17:25,204.00,ok
2026-09-27,BHX,BZG,2027-02-07,06:45,187.09,ok
2026-09-27,BHX,BZG,2027-02-08,06:00,170.00,ok
2026-09-27,BHX,BZG,2027-02-09,,,unavailable
2026-09-27,BHX,BZG,2027-02-10,13:40,310.00,ok
2026-09-27,BHX,BZG,2027-02-11,06:15,376.60,ok
2026-09-27,BHX,BZG,2027-02-12,06:50,427.50,ok
2026-09-27,BHX,BZG,2027-02-13,17:25,357.00,ok
2026-09-27,BHX,BZG,2027-02-14,06:45,357.00,ok
2026-09-27,BHX,BZG,2027-02-15,06:00,272.00,ok
2026-09-27,BHX,BZG,2027-02-16,,,unavailable
2026-09-27,BHX,BZG,2027-02-17,13:40,204.00,ok
2026-09-27,BHX,BZG,2027-02-18,06:15,249.36,ok
2026-09-27,BHX,BZG,2027-02-19,06:50,204.00,ok
2026-09-27,BHX,BZG,2027-02-20,17:25,254.45,ok
2026-09-27,BHX,BZG,2027-02-21,06:45,187.09,ok
2026-09-27,BHX,BZG,2027-02-22,06:00,170.00,ok
2026-09-27,BHX,BZG,2027-02-23,,,unavailable
2026-09-27,BHX,BZG,2027-02-24,13:40,204.00,ok
2026-09-27,BHX,BZG,2027-02-25,06:15,249.36,ok
2026-09-27,BHX,BZG,2027-02-26,12:00,170.00,ok
2026-09-27,BHX,BZG,2027-02-27,17:25,170.00,ok
2026-09-27,BHX,BZG,2027-02-28,06:45,340.97,ok
2026-09-27,BHX,BZG,2027-03-01,06:00,170.00,ok
2026-09-27,BHX,BZG,2027-03-02,,,unavailable
2026-09-27,BHX,BZG,2027-03-03,,,unavailable
2026-09-27,BHX,BZG,2027-03-04,06:15,170.00,ok
2026-09-27,BHX,BZG,2027-03-05,12:00,178.10,ok
2026-09-27,BHX,BZG,2027-03-06,17:25,152.65,ok
2026-09-27,BHX,BZG,2027-03-07,06:45,170.00,ok
2026-09-27,BHX,BZG,2027-03-08,06:00,198.46,ok
2026-09-27,BHX,BZG,2027-03-09,,,unavailable
2026-09-27,BHX,BZG,2027-03-10,,,unavailable
2026-09-27,BHX,BZG,2027-03-11,06:15,204.00,ok
2026-09-27,BHX,BZG,2027-03-12,12:00,152.65,ok
2026-09-27,BHX,BZG,2027-03-13,17:25,170.00,ok
2026-09-27,BHX,BZG,2027-03-14,06:45,208.64,ok
2026-09-27,BHX,BZG,2027-03-15,06:00,193.37,ok
2026-09-27,BHX,BZG,2027-03-16,,,unavailable
2026-09-27,BHX,BZG,2027-03-17,,,unavailable
2026-09-27,BHX,BZG,2027-03-18,06:15,357.00,ok
2026-09-27,BHX,BZG,2027-03-19,12:00,218.82,ok
2026-09-27,BHX,BZG,2027-03-20,17:25,488.58,ok
2026-09-27,BHX,BZG,2027-03-21,06:45,442.77,ok
2026-09-27,BHX,BZG,2027-03-22,06:00,357.00,ok
2026-09-27,BHX,BZG,2027-03-23,05:45,272.00,ok
2026-09-27,BHX,BZG,2027-03-24,13:40,391.87,ok
2026-09-27,BHX,BZG,2027-03-25,06:15,446.00,ok
2026-09-27,BHX,BZG,2027-03-26,12:00,483.50,ok
2026-09-27,BHX,BZG,2027-03-27,17:25,404.00,ok
2026-09-27,BHX,BZG,2027-03-28,06:45,272.00,ok
2026-09-27,BHX,BZG,2027-03-29,,,unavailable
2026-09-27,BHX,BZG,2027-03-30,13:05,314.38,ok
2026-09-27,BHX,BZG,2027-03-31,,,unavailable
2026-09-27,BHX,BZG,2027-04-01,19:25,276.38,ok
2026-09-27,BHX,BZG,2027-04-02,,,unavailable
2026-09-27,BHX,BZG,2027-04-03,,,unavailable
2026-09-27,BHX,BZG,2027-04-04,06:45,314.38,ok
2026-09-27,BHX,BZG,2027-04-05,,,unavailable
2026-09-27,BHX,BZG,2027-04-06,13:05,272.00,ok
2026-09-27,BHX,BZG,2027-04-07,,,unavailable
2026-09-27,BHX,BZG,2027-04-08,19:25,276.38,ok
2026-09-27,BHX,BZG,2027-04-09,,,unavailable
2026-09-27,BHX,BZG,2027-04-10,,,unavailable
2026-09-27,BHX,BZG,2027-04-11,06:45,276.38,ok
2026-09-27,BHX,BZG,2027-04-12,,,unavailable
2026-09-27,BHX,BZG,2027-04-13,13:05,272.00,ok
2026-09-27,BHX,BZG,2027-04-14,,,unavailable
2026-09-27,BHX,BZG,2027-04-15,19:25,272.00,ok
2026-09-27,BHX,BZG,2027-04-16,,,unavailable
2026-09-27,BHX,BZG,2027-04-17,,,unavailable
2026-09-27,BHX,BZG,2027-04-18,06:45,272.00,ok
2026-09-27,BHX,BZG,2027-04-19,,,unavailable
2026-09-27,BHX,BZG,2027-04-20,13:05,272.00,ok
2026-09-27,BHX,BZG,2027-04-21,,,unavailable
2026-09-27,BHX,BZG,2027-04-22,19:25,272.00,ok
2026-09-27,BHX,BZG,2027-04-23,,,unavailable
2026-09-27,BHX,BZG,2027-04-24,,,unavailable
2026-09-27,BHX,BZG,2027-04-25,06:45,272.00,ok
2026-09-27,BHX,BZG,2027-04-26,,,unavailable
2026-09-27,BHX,BZG,2027-04-27,13:05,272.00,ok
2026-09-27,BHX,BZG,2027-04-28,,,unavailable
2026-09-27,BHX,BZG,2027-04-29,19:25,310.00,ok
2026-09-27,BHX,BZG,2027-04-30,,,unavailable
2026-09-27,BHX,BZG,2027-05-01,,,unavailable
2026-09-27,BHX,BZG,2027-05-02,06:45,446.00,ok
2026-09-27,BHX,BZG,2027-05-03,,,unavailable
2026-09-27,BHX,BZG,2027-05-04,13:05,272.00,ok
2026-09-27,BHX,BZG,2027-05-05,,,unavailable
2026-09-27,BHX,BZG,2027-05-06,19:25,310.00,ok
2026-09-27,BHX,BZG,2027-05-07,,,unavailable
2026-09-27,BHX,BZG,2027-05-08,,,unavailable
2026-09-27,BHX,BZG,2027-05-09,06:45,404.00,ok
2026-09-27,BHX,BZG,2027-05-10,,,unavailable
2026-09-27,BHX,BZG,2027-05-11,13:05,272.00,ok
2026-09-27,BHX,BZG,2027-05-12,,,unavailable
2026-09-27,BHX,BZG,2027-05-13,19:25,357.00,ok
2026-09-27,BHX,BZG,2027-05-14,,,unavailable
2026-09-27,BHX,BZG,2027-05-15,,,unavailable
2026-09-27,BHX,BZG,2027-05-16,06:45,404.00,ok
2026-09-27,BHX,BZG,2027-05-17,,,unavailable
2026-09-27,BHX,BZG,2027-05-18,13:05,310.00,ok
2026-09-27,BHX,BZG,2027-05-19,,,unavailable
2026-09-27,BHX,BZG,2027-05-20,19:25,446.00,ok
2026-09-27,BHX,BZG,2027-05-21,,,unavailable
2026-09-27,BHX,BZG,2027-05-22,,,unavailable
2026-09-27,BHX,BZG,2027-05-23,06:45,718.00,ok
2026-09-27,BHX,BZG,2027-05-24,,,unavailable
2026-09-27,BHX,BZG,2027-05-25,13:05,357.00,ok
2026-09-27,BHX,BZG,2027-05-26,,,unavailable
2026-09-27,BHX,BZG,2027-05-27,19:25,357.00,ok
2026-09-27,BHX,BZG,2027-05-28,,,unavailable
2026-09-27,BHX,BZG,2027-05-29,,,unavailable
2026-09-27,BHX,BZG,2027-05-30,06:45,408.38,ok
2026-09-27,BHX,BZG,2027-05-31,,,unavailable
2026-09-27,BHX,BZG,2027-06-01,13:05,272.00,ok
2026-09-27,BHX,BZG,2027-06-02,,,unavailable
2026-09-27,BHX,BZG,2027-06-03,19:25,272.00,ok
2026-09-27,BHX,BZG,2027-06-04,,,unavailable
2026-09-27,BHX,BZG,2027-06-05,,,unavailable
2026-09-27,BHX,BZG,2027-06-06,06:45,361.38,ok
2026-09-27,BHX,BZG,2027-06-07,,,unavailable
2026-09-27,BHX,BZG,2027-06-08,13:05,357.00,ok
2026-09-27,BHX,BZG,2027-06-09,,,unavailable
2026-09-27,BHX,BZG,2027-06-10,19:25,361.38,ok
2026-09-27,BHX,BZG,2027-06-11,,,unavailable
2026-09-27,BHX,BZG,2027-06-12,,,unavailable
2026-09-27,BHX,BZG,2027-06-13,06:45,314.38,ok
2026-09-27,BHX,BZG,2027-06-14,,,unavailable
2026-09-27,BHX,BZG,2027-06-15,13:05,357.00,ok
2026-09-27,BHX,BZG,2027-06-16,,,unavailable
2026-09-27,BHX,BZG,2027-06-17,19:25,404.00,ok
2026-09-27,BHX,BZG,2027-06-18,,,unavailable
2026-09-27,BHX,BZG,2027-06-19,,,unavailable
2026-09-27,BHX,BZG,2027-06-20,06:45,408.38,ok
2026-09-27,BHX,BZG,2027-06-21,,,unavailable
2026-09-27,BHX,BZG,2027-06-22,13:05,357.00,ok
2026-09-27,BHX,BZG,2027-06-23,,,unavailable
2026-09-27,BHX,BZG,2027-06-24,19:25,404.00,ok
2026-09-27,BHX,BZG,2027-06-25,,,unavailable
2026-09-27,BHX,BZG,2027-06-26,,,unavailable
2026-09-27,BHX,BZG,2027-06-27,06:45,493.38,ok
2026-09-27,BHX,BZG,2027-06-28,,,unavailable
2026-09-27,BHX,BZG,2027-06-29,13:05,361.38,ok
2026-09-27,BHX,BZG,2027-06-30,,,unavailable
2026-09-27,BHX,BZG,2027-07-01,19:25,404.00,ok
2026-09-27,BHX,BZG,2027-07-02,,,unavailable
2026-09-27,BHX,BZG,2027-07-03,,,unavailable
2026-09-27,BHX,BZG,2027-07-04,06:45,489.00,ok
2026-09-27,BHX,BZG,2027-07-05,,,unavailable
2026-09-27,BHX,BZG,2027-07-06,13:05,489.00,ok
2026-09-27,BHX,BZG,2027-07-07,,,unavailable
2026-09-27,BHX,BZG,2027-07-08,19:25,489.00,ok
2026-09-27,BHX,BZG,2027-07-09,,,unavailable
2026-09-27,BHX,BZG,2027-07-10,,,unavailable
2026-09-27,BHX,BZG,2027-07-11,06:45,591.00,ok
2026-09-27,BHX,BZG,2027-07-12,,,unavailable
2026-09-27,BHX,BZG,2027-07-13,13:05,650.00,ok
2026-09-27,BHX,BZG,2027-07-14,,,unavailable
2026-09-27,BHX,BZG,2027-07-15,19:25,790.00,ok
2026-09-27,BHX,BZG,2027-07-16,,,unavailable
2026-09-27,BHX,BZG,2027-07-17,,,unavailable
2026-09-27,BHX,BZG,2027-07-18,06:45,1058.00,ok
2026-09-27,BHX,BZG,2027-07-19,,,unavailable
2026-09-27,BHX,BZG,2027-07-20,13:05,871.00,ok
2026-09-27,BHX,BZG,2027-07-21,,,unavailable
2026-09-27,BHX,BZG,2027-07-22,19:25,871.00,ok
2026-09-27,BHX,BZG,2027-07-23,,,unavailable
2026-09-27,BHX,BZG,2027-07-24,,,unavailable
2026-09-27,BHX,BZG,2027-07-25,06:45,1058.00,ok
2026-09-27,BHX,BZG,2027-07-26,,,unavailable
2026-09-27,BHX,BZG,2027-07-27,13:05,960.00,ok
2026-09-27,BHX,BZG,2027-07-28,,,unavailable
2026-09-27,BHX,BZG,2027-07-29,19:25,790.00,ok
2026-09-27,BHX,BZG,2027-07-30,,,unavailable
2026-09-27,BHX,BZG,2027-07-31,,,unavailable
2026-09-27,BHX,BZG,2027-08-01,06:45,960.00,ok
2026-09-27,BHX,BZG,2027-08-02,,,unavailable
2026-09-27,BHX,BZG,2027-08-03,13:05,790.00,ok
2026-09-27,BHX,BZG,2027-08-04,,,unavailable
2026-09-27,BHX,BZG,2027-08-05,19:25,650.00,ok
2026-09-27,BHX,BZG,2027-08-06,,,unavailable
2026-09-27,BHX,BZG,2027-08-07,,,unavailable
2026-09-27,BHX,BZG,2027-08-08,06:45,718.00,ok
2026-09-27,BHX,BZG,2027-08-09,,,unavailable
2026-09-27,BHX,BZG,2027-08-10,13:05,489.00,ok
2026-09-27,BHX,BZG,2027-08-11,,,unavailable
2026-09-27,BHX,BZG,2027-08-12,19:25,535.00,ok
2026-09-27,BHX,BZG,2027-08-13,,,unavailable
2026-09-27,BHX,BZG,2027-08-14,,,unavailable
2026-09-27,BHX,BZG,2027-08-15,06:45,535.00,ok
2026-09-27,BHX,BZG,2027-08-16,,,unavailable
2026-09-27,BHX,BZG,2027-08-17,13:05,446.00,ok
2026-09-27,BHX,BZG,2027-08-18,,,unavailable
2026-09-27,BHX,BZG,2027-08-19,19:25,446.00,ok
2026-09-27,BHX,BZG,2027-08-20,,,unavailable
2026-09-27,BHX,BZG,2027-08-21,,,unavailable
2026-09-27,BHX,BZG,2027-08-22,06:45,446.00,ok
2026-09-27,BHX,BZG,2027-08-23,,,unavailable
2026-09-27,BHX,BZG,2027-08-24,13:05,310.00,ok
2026-09-27,BHX,BZG,2027-08-25,,,unavailable
2026-09-27,BHX,BZG,2027-08-26,19:25,310.00,ok
2026-09-27,BHX,BZG,2027-08-27,,,unavailable
2026-09-27,BHX,BZG,2027-08-28,,,unavailable
2026-09-27,BHX,BZG,2027-08-29,06:45,404.00,ok
2026-09-27,BHX,BZG,2027-08-30,,,unavailable
2026-09-27,BHX,BZG,2027-08-31,13:05,272.00,ok
2026-09-27,BZG,BRS,2026-09-27,11:20,871.76,ok
2026-09-27,BZG,BRS,2026-09-28,,,unavailable
2026-09-27,BZG,BRS,2026-09-29,,,unavailable
2026-09-27,BZG,BRS,2026-09-30,,,unavailable
2026-09-27,BZG,BRS,2026-10-01,10:25,153.29,ok
2026-09-27,BZG,BRS,2026-10-02,,,unavailable
2026-09-27,BZG,BRS,2026-10-03,,,unavailable
2026-09-27,BZG,BRS,2026-10-04,11:20,201.48,ok
2026-09-27,BZG,BRS,2026-10-05,,,unavailable
2026-09-27,BZG,BRS,2026-10-06,,,unavailable
2026-09-27,BZG,BRS,2026-10-07,,,unavailable
2026-09-27,BZG,BRS,2026-10-08,10:25,118.24,ok
2026-09-27,BZG,BRS,2026-10-09,,,unavailable
2026-09-27,BZG,BRS,2026-10-10,,,unavailable
2026-09-27,BZG,BRS,2026-10-11,11:20,245.29,ok
2026-09-27,BZG,BRS,2026-10-12,,,unavailable
2026-09-27,BZG,BRS,2026-10-13,,,unavailable
2026-09-27,BZG,BRS,2026-10-14,,,unavailable
2026-09-27,BZG,BRS,2026-10-15,10:25,70.05,ok
2026-09-27,BZG,BRS,2026-10-16,,,unavailable
2026-09-27,BZG,BRS,2026-10-17,,,unavailable
2026-09-27,BZG,BRS,2026-10-18,11:20,192.72,ok
2026-09-27,BZG,BRS,2026-10-19,,,unavailable
2026-09-27,BZG,BRS,2026-10-20,,,unavailable
2026-09-27,BZG,BRS,2026-10-21,,,unavailable
2026-09-27,BZG,BRS,2026-10-22,10:25,144.53,ok
2026-09-27,BZG,BRS,2026-10-23,,,unavailable
2026-09-27,BZG,BRS,2026-10-24,,,unavailable
2026-09-27,BZG,BRS,2026-10-25,,,unavailable
2026-09-27,BZG,BRS,2026-10-26,,,unavailable
2026-09-27,BZG,BRS,2026-10-27,,,unavailable
2026-09-27,BZG,BRS,2026-10-28,16:35,88.46,ok
2026-09-27,BZG,BRS,2026-10-29,,,unavailable
2026-09-27,BZG,BRS,2026-10-30,,,unavailable
2026-09-27,BZG,BRS,2026-10-31,21:00,418.84,ok
2026-09-27,BZG,BRS,2026-11-01,,,unavailable
2026-09-27,BZG,BRS,2026-11-02,,,unavailable
2026-09-27,BZG,BRS,2026-11-03,,,unavailable
2026-09-27,BZG,BRS,2026-11-04,16:35,410.86,ok
2026-09-27,BZG,BRS,2026-11-05,,,unavailable
2026-09-27,BZG,BRS,2026-11-06,,,unavailable
2026-09-27,BZG,BRS,2026-11-07,21:00,121.28,ok
2026-09-27,BZG,BRS,2026-11-08,,,unavailable
2026-09-27,BZG,BRS,2026-11-09,,,unavailable
2026-09-27,BZG,BRS,2026-11-10,,,unavailable
2026-09-27,BZG,BRS,2026-11-11,16:35,205.45,ok
2026-09-27,BZG,BRS,2026-11-12,,,unavailable
2026-09-27,BZG,BRS,2026-11-13,,,unavailable
2026-09-27,BZG,BRS,2026-11-14,21:00,107.39,ok
2026-09-27,BZG,BRS,2026-11-15,,,unavailable
2026-09-27,BZG,BRS,2026-11-16,,,unavailable
2026-09-27,BZG,BRS,2026-11-17,,,unavailable
2026-09-27,BZG,BRS,2026-11-18,16:35,114.54,ok
2026-09-27,BZG,BRS,2026-11-19,,,unavailable
2026-09-27,BZG,BRS,2026-11-20,,,unavailable
2026-09-27,BZG,BRS,2026-11-21,21:00,65.00,ok
2026-09-27,BZG,BRS,2026-11-22,,,unavailable
2026-09-27,BZG,BRS,2026-11-23,,,unavailable
2026-09-27,BZG,BRS,2026-11-24,,,unavailable
2026-09-27,BZG,BRS,2026-11-25,16:35,65.00,ok
2026-09-27,BZG,BRS,2026-11-26,,,unavailable
2026-09-27,BZG,BRS,2026-11-27,,,unavailable
2026-09-27,BZG,BRS,2026-11-28,21:00,96.34,ok
2026-09-27,BZG,BRS,2026-11-29,,,unavailable
2026-09-27,BZG,BRS,2026-11-30,,,unavailable
2026-09-27,BZG,BRS,2026-12-01,,,unavailable
2026-09-27,BZG,BRS,2026-12-02,16:35,74.43,ok
2026-09-27,BZG,BRS,2026-12-03,,,unavailable
2026-09-27,BZG,BRS,2026-12-04,,,unavailable
2026-09-27,BZG,BRS,2026-12-05,21:00,113.35,ok
2026-09-27,BZG,BRS,2026-12-06,,,unavailable
2026-09-27,BZG,BRS,2026-12-07,,,unavailable
2026-09-27,BZG,BRS,2026-12-08,,,unavailable
2026-09-27,BZG,BRS,2026-12-09,16:35,93.94,ok
2026-09-27,BZG,BRS,2026-12-10,,,unavailable
2026-09-27,BZG,BRS,2026-12-11,,,unavailable
2026-09-27,BZG,BRS,2026-12-12,21:00,65.00,ok
2026-09-27,BZG,BRS,2026-12-13,,,unavailable
2026-09-27,BZG,BRS,2026-12-14,,,unavailable
2026-09-27,BZG,BRS,2026-12-15,,,unavailable
2026-09-27,BZG,BRS,2026-12-16,16:35,116.90,ok
2026-09-27,BZG,BRS,2026-12-17,,,unavailable
2026-09-27,BZG,BRS,2026-12-18,,,unavailable
2026-09-27,BZG,BRS,2026-12-19,21:00,158.26,ok
2026-09-27,BZG,BRS,2026-12-20,,,unavailable
2026-09-27,BZG,BRS,2026-12-21,22:00,205.86,ok
2026-09-27,BZG,BRS,2026-12-22,,,unavailable
2026-09-27,BZG,BRS,2026-12-23,16:35,303.17,ok
2026-09-27,BZG,BRS,2026-12-24,,,unavailable
2026-09-27,BZG,BRS,2026-12-25,,,unavailable
2026-09-27,BZG,BRS,2026-12-26,21:00,289.10,ok
2026-09-27,BZG,BRS,2026-12-27,,,unavailable
2026-09-27,BZG,BRS,2026-12-28,22:00,403.00,ok
2026-09-27,BZG,BRS,2026-12-29,,,unavailable
2026-09-27,BZG,BRS,2026-12-30,16:35,491.94,ok
2026-09-27,BZG,BRS,2026-12-31,,,unavailable
2026-09-27,BZG,BRS,2027-01-01,,,unavailable
2026-09-27,BZG,BRS,2027-01-02,21:00,595.76,ok
2026-09-27,BZG,BRS,2027-01-03,,,unavailable
2026-09-27,BZG,BRS,2027-01-04,22:00,481.86,ok
2026-09-27,BZG,BRS,2027-01-05,,,unavailable
2026-09-27,BZG,BRS,2027-01-06,16:35,205.86,ok
2026-09-27,BZG,BRS,2027-01-07,,,unavailable
2026-09-27,BZG,BRS,2027-01-08,,,unavailable
2026-09-27,BZG,BRS,2027-01-09,21:00,102.00,ok
2026-09-27,BZG,BRS,2027-01-10,,,unavailable
2026-09-27,BZG,BRS,2027-01-11,,,unavailable
2026-09-27,BZG,BRS,2027-01-12,,,unavailable
2026-09-27,BZG,BRS,2027-01-13,16:35,166.43,ok
2026-09-27,BZG,BRS,2027-01-14,,,unavailable
2026-09-27,BZG,BRS,2027-01-15,,,unavailable
2026-09-27,BZG,BRS,2027-01-16,21:00,91.96,ok
2026-09-27,BZG,BRS,2027-01-17,,,unavailable
2026-09-27,BZG,BRS,2027-01-18,,,unavailable
2026-09-27,BZG,BRS,2027-01-19,,,unavailable
2026-09-27,BZG,BRS,2027-01-20,16:35,124.00,ok
2026-09-27,BZG,BRS,2027-01-21,,,unavailable
2026-09-27,BZG,BRS,2027-01-22,,,unavailable
2026-09-27,BZG,BRS,2027-01-23,21:00,122.62,ok
2026-09-27,BZG,BRS,2027-01-24,,,unavailable
2026-09-27,BZG,BRS,2027-01-25,,,unavailable
2026-09-27,BZG,BRS,2027-01-26,,,unavailable
2026-09-27,BZG,BRS,2027-01-27,16:35,124.00,ok
2026-09-27,BZG,BRS,2027-01-28,,,unavailable
2026-09-27,BZG,BRS,2027-01-29,,,unavailable
2026-09-27,BZG,BRS,2027-01-30,21:00,124.00,ok
2026-09-27,BZG,BRS,2027-01-31,,,unavailable
2026-09-27,BZG,BRS,2027-02-01,,,unavailable
2026-09-27,BZG,BRS,2027-02-02,,,unavailable
2026-09-27,BZG,BRS,2027-02-03,16:35,148.91,ok
2026-09-27,BZG,BRS,2027-02-04,,,unavailable
2026-09-27,BZG,BRS,2027-02-05,,,unavailable
2026-09-27,BZG,BRS,2027-02-06,21:00,149.00,ok
2026-09-27,BZG,BRS,2027-02-07,,,unavailable
2026-09-27,BZG,BRS,2027-02-08,,,unavailable
2026-09-27,BZG,BRS,2027-02-09,,,unavailable
2026-09-27,BZG,BRS,2027-02-10,16:35,144.53,ok
2026-09-27,BZG,BRS,2027-02-11,,,unavailable
2026-09-27,BZG,BRS,2027-02-12,,,unavailable
2026-09-27,BZG,BRS,2027-02-13,21:00,144.53,ok
2026-09-27,BZG,BRS,2027-02-14,,,unavailable
2026-09-27,BZG,BRS,2027-02-15,,,unavailable
2026-09-27,BZG,BRS,2027-02-16,,,unavailable
2026-09-27,BZG,BRS,2027-02-17,16:35,238.00,ok
2026-09-27,BZG,BRS,2027-02-18,,,unavailable
2026-09-27,BZG,BRS,2027-02-19,,,unavailable
2026-09-27,BZG,BRS,2027-02-20,21:00,201.48,ok
2026-09-27,BZG,BRS,2027-02-21,,,unavailable
2026-09-27,BZG,BRS,2027-02-22,,,unavailable
2026-09-27,BZG,BRS,2027-02-23,,,unavailable
2026-09-27,BZG,BRS,2027-02-24,16:35,149.00,ok
2026-09-27,BZG,BRS,2027-02-25,,,unavailable
2026-09-27,BZG,BRS,2027-02-26,,,unavailable
2026-09-27,BZG,BRS,2027-02-27,21:00,214.62,ok
2026-09-27,BZG,BRS,2027-02-28,,,unavailable
2026-09-27,BZG,BRS,2027-03-01,,,unavailable
2026-09-27,BZG,BRS,2027-03-02,,,unavailable
2026-09-27,BZG,BRS,2027-03-03,16:35,149.00,ok
2026-09-27,BZG,BRS,2027-03-04,,,unavailable
2026-09-27,BZG,BRS,2027-03-05,,,unavailable
2026-09-27,BZG,BRS,2027-03-06,21:00,149.00,ok
2026-09-27,BZG,BRS,2027-03-07,,,unavailable
2026-09-27,BZG,BRS,2027-03-08,,,unavailable
2026-09-27,BZG,BRS,2027-03-09,,,unavailable
2026-09-27,BZG,BRS,2027-03-10,16:35,175.00,ok
2026-09-27,BZG,BRS,2027-03-11,,,unavailable
2026-09-27,BZG,BRS,2027-03-12,,,unavailable
2026-09-27,BZG,BRS,2027-03-13,21:00,109.48,ok
2026-09-27,BZG,BRS,2027-03-14,,,unavailable
2026-09-27,BZG,BRS,2027-03-15,,,unavailable
2026-09-27,BZG,BRS,2027-03-16,,,unavailable
2026-09-27,BZG,BRS,2027-03-17,16:35,149.00,ok
2026-09-27,BZG,BRS,2027-03-18,,,unavailable
2026-09-27,BZG,BRS,2027-03-19,,,unavailable
2026-09-27,BZG,BRS,2027-03-20,21:00,144.53,ok
2026-09-27,BZG,BRS,2027-03-21,,,unavailable
2026-09-27,BZG,BRS,2027-03-22,,,unavailable
2026-09-27,BZG,BRS,2027-03-23,,,unavailable
2026-09-27,BZG,BRS,2027-03-24,16:35,302.24,ok
2026-09-27,BZG,BRS,2027-03-25,,,unavailable
2026-09-27,BZG,BRS,2027-03-26,,,unavailable
2026-09-27,BZG,BRS,2027-03-27,21:00,459.95,ok
2026-09-27,BZG,BRS,2027-03-28,,,unavailable
2026-09-27,BZG,BRS,2027-03-29,22:45,242.38,ok
2026-09-27,BZG,BRS,2027-03-30,,,unavailable
2026-09-27,BZG,BRS,2027-03-31,,,unavailable
2026-09-27,BZG,BRS,2027-04-01,22:45,603.38,ok
2026-09-27,BZG,BRS,2027-04-02,,,unavailable
2026-09-27,BZG,BRS,2027-04-03,,,unavailable
2026-09-27,BZG,BRS,2027-04-04,,,unavailable
2026-09-27,BZG,BRS,2027-04-05,22:45,404.38,ok
2026-09-27,BZG,BRS,2027-04-06,,,unavailable
2026-09-27,BZG,BRS,2027-04-07,,,unavailable
2026-09-27,BZG,BRS,2027-04-08,22:45,404.38,ok
2026-09-27,BZG,BRS,2027-04-09,,,unavailable
2026-09-27,BZG,BRS,2027-04-10,,,unavailable
2026-09-27,BZG,BRS,2027-04-11,,,unavailable
2026-09-27,BZG,BRS,2027-04-12,22:45,663.00,ok
2026-09-27,BZG,BRS,2027-04-13,,,unavailable
2026-09-27,BZG,BRS,2027-04-14,,,unavailable
2026-09-27,BZG,BRS,2027-04-15,22:45,400.00,ok
2026-09-27,BZG,BRS,2027-04-16,,,unavailable
2026-09-27,BZG,BRS,2027-04-17,,,unavailable
2026-09-27,BZG,BRS,2027-04-18,,,unavailable
2026-09-27,BZG,BRS,2027-04-19,22:45,442.00,ok
2026-09-27,BZG,BRS,2027-04-20,,,unavailable
2026-09-27,BZG,BRS,2027-04-21,,,unavailable
2026-09-27,BZG,BRS,2027-04-22,22:45,238.00,ok
2026-09-27,BZG,BRS,2027-04-23,,,unavailable
2026-09-27,BZG,BRS,2027-04-24,,,unavailable
2026-09-27,BZG,BRS,2027-04-25,,,unavailable
2026-09-27,BZG,BRS,2027-04-26,22:45,272.00,ok
2026-09-27,BZG,BRS,2027-04-27,,,unavailable
2026-09-27,BZG,BRS,2027-04-28,,,unavailable
2026-09-27,BZG,BRS,2027-04-29,22:45,238.00,ok
2026-09-27,BZG,BRS,2027-04-30,,,unavailable
2026-09-27,BZG,BRS,2027-05-01,,,unavailable
2026-09-27,BZG,BRS,2027-05-02,,,unavailable
2026-09-27,BZG,BRS,2027-05-03,22:45,238.00,ok
2026-09-27,BZG,BRS,2027-05-04,,,unavailable
2026-09-27,BZG,BRS,2027-05-05,,,unavailable
2026-09-27,BZG,BRS,2027-05-06,22:45,238.00,ok
2026-09-27,BZG,BRS,2027-05-07,,,unavailable
2026-09-27,BZG,BRS,2027-05-08,,,unavailable
2026-09-27,BZG,BRS,2027-05-09,,,unavailable
2026-09-27,BZG,BRS,2027-05-10,22:45,315.00,ok
2026-09-27,BZG,BRS,2027-05-11,,,unavailable
2026-09-27,BZG,BRS,2027-05-12,,,unavailable
2026-09-27,BZG,BRS,2027-05-13,22:45,238.00,ok
2026-09-27,BZG,BRS,2027-05-14,,,unavailable
2026-09-27,BZG,BRS,2027-05-15,,,unavailable
2026-09-27,BZG,BRS,2027-05-16,,,unavailable
2026-09-27,BZG,BRS,2027-05-17,22:45,272.00,ok
2026-09-27,BZG,BRS,2027-05-18,,,unavailable
2026-09-27,BZG,BRS,2027-05-19,,,unavailable
2026-09-27,BZG,BRS,2027-05-20,22:45,238.00,ok
2026-09-27,BZG,BRS,2027-05-21,,,unavailable
2026-09-27,BZG,BRS,2027-05-22,,,unavailable
2026-09-27,BZG,BRS,2027-05-23,,,unavailable
2026-09-27,BZG,BRS,2027-05-24,22:45,315.00,ok
2026-09-27,BZG,BRS,2027-05-25,,,unavailable
2026-09-27,BZG,BRS,2027-05-26,,,unavailable
2026-09-27,BZG,BRS,2027-05-27,22:45,361.00,ok
2026-09-27,BZG,BRS,2027-05-28,,,unavailable
2026-09-27,BZG,BRS,2027-05-29,,,unavailable
2026-09-27,BZG,BRS,2027-05-30,,,unavailable
2026-09-27,BZG,BRS,2027-05-31,22:45,603.38,ok
2026-09-27,BZG,BRS,2027-06-01,,,unavailable
2026-09-27,BZG,BRS,2027-06-02,,,unavailable
2026-09-27,BZG,BRS,2027-06-03,22:45,361.00,ok
2026-09-27,BZG,BRS,2027-06-04,,,unavailable
2026-09-27,BZG,BRS,2027-06-05,,,unavailable
2026-09-27,BZG,BRS,2027-06-06,,,unavailable
2026-09-27,BZG,BRS,2027-06-07,22:45,404.38,ok
2026-09-27,BZG,BRS,2027-06-08,,,unavailable
2026-09-27,BZG,BRS,2027-06-09,,,unavailable
2026-09-27,BZG,BRS,2027-06-10,22:45,242.38,ok
2026-09-27,BZG,BRS,2027-06-11,,,unavailable
2026-09-27,BZG,BRS,2027-06-12,,,unavailable
2026-09-27,BZG,BRS,2027-06-13,,,unavailable
2026-09-27,BZG,BRS,2027-06-14,22:45,315.00,ok
2026-09-27,BZG,BRS,2027-06-15,,,unavailable
2026-09-27,BZG,BRS,2027-06-16,,,unavailable
2026-09-27,BZG,BRS,2027-06-17,22:45,238.00,ok
2026-09-27,BZG,BRS,2027-06-18,,,unavailable
2026-09-27,BZG,BRS,2027-06-19,,,unavailable
2026-09-27,BZG,BRS,2027-06-20,,,unavailable
2026-09-27,BZG,BRS,2027-06-21,22:45,400.00,ok
2026-09-27,BZG,BRS,2027-06-22,,,unavailable
2026-09-27,BZG,BRS,2027-06-23,,,unavailable
2026-09-27,BZG,BRS,2027-06-24,22:45,238.00,ok
2026-09-27,BZG,BRS,2027-06-25,,,unavailable
2026-09-27,BZG,BRS,2027-06-26,,,unavailable
2026-09-27,BZG,BRS,2027-06-27,,,unavailable
2026-09-27,BZG,BRS,2027-06-28,22:45,400.00,ok
2026-09-27,BZG,BRS,2027-06-29,,,unavailable
2026-09-27,BZG,BRS,2027-06-30,,,unavailable
2026-09-27,BZG,BRS,2027-07-01,22:45,238.00,ok
2026-09-27,BZG,BRS,2027-07-02,,,unavailable
2026-09-27,BZG,BRS,2027-07-03,,,unavailable
2026-09-27,BZG,BRS,2027-07-04,,,unavailable
2026-09-27,BZG,BRS,2027-07-05,22:45,361.00,ok
2026-09-27,BZG,BRS,2027-07-06,,,unavailable
2026-09-27,BZG,BRS,2027-07-07,,,unavailable
2026-09-27,BZG,BRS,2027-07-08,22:45,238.00,ok
2026-09-27,BZG,BRS,2027-07-09,,,unavailable
2026-09-27,BZG,BRS,2027-07-10,,,unavailable
2026-09-27,BZG,BRS,2027-07-11,,,unavailable
2026-09-27,BZG,BRS,2027-07-12,22:45,361.00,ok
2026-09-27,BZG,BRS,2027-07-13,,,unavailable
2026-09-27,BZG,BRS,2027-07-14,,,unavailable
2026-09-27,BZG,BRS,2027-07-15,22:45,238.00,ok
2026-09-27,BZG,BRS,2027-07-16,,,unavailable
2026-09-27,BZG,BRS,2027-07-17,,,unavailable
2026-09-27,BZG,BRS,2027-07-18,,,unavailable
2026-09-27,BZG,BRS,2027-07-19,22:45,315.00,ok
2026-09-27,BZG,BRS,2027-07-20,,,unavailable
2026-09-27,BZG,BRS,2027-07-21,,,unavailable
2026-09-27,BZG,BRS,2027-07-22,22:45,238.00,ok
2026-09-27,BZG,BRS,2027-07-23,,,unavailable
2026-09-27,BZG,BRS,2027-07-24,,,unavailable
2026-09-27,BZG,BRS,2027-07-25,,,unavailable
2026-09-27,BZG,BRS,2027-07-26,22:45,361.00,ok
2026-09-27,BZG,BRS,2027-07-27,,,unavailable
2026-09-27,BZG,BRS,2027-07-28,,,unavailable
2026-09-27,BZG,BRS,2027-07-29,22:45,315.00,ok
2026-09-27,BZG,BRS,2027-07-30,,,unavailable
2026-09-27,BZG,BRS,2027-07-31,,,unavailable
2026-09-27,BZG,BRS,2027-08-01,,,unavailable
2026-09-27,BZG,BRS,2027-08-02,22:45,400.00,ok
2026-09-27,BZG,BRS,2027-08-03,,,unavailable
2026-09-27,BZG,BRS,2027-08-04,,,unavailable
2026-09-27,BZG,BRS,2027-08-05,22:45,361.00,ok
2026-09-27,BZG,BRS,2027-08-06,,,unavailable
2026-09-27,BZG,BRS,2027-08-07,,,unavailable
2026-09-27,BZG,BRS,2027-08-08,,,unavailable
2026-09-27,BZG,BRS,2027-08-09,22:45,663.00,ok
2026-09-27,BZG,BRS,2027-08-10,,,unavailable
2026-09-27,BZG,BRS,2027-08-11,,,unavailable
2026-09-27,BZG,BRS,2027-08-12,22:45,442.00,ok
2026-09-27,BZG,BRS,2027-08-13,,,unavailable
2026-09-27,BZG,BRS,2027-08-14,,,unavailable
2026-09-27,BZG,BRS,2027-08-15,,,unavailable
2026-09-27,BZG,BRS,2027-08-16,22:45,816.00,ok
2026-09-27,BZG,BRS,2027-08-17,,,unavailable
2026-09-27,BZG,BRS,2027-08-18,,,unavailable
2026-09-27,BZG,BRS,2027-08-19,22:45,599.00,ok
2026-09-27,BZG,BRS,2027-08-20,,,unavailable
2026-09-27,BZG,BRS,2027-08-21,,,unavailable
2026-09-27,BZG,BRS,2027-08-22,,,unavailable
2026-09-27,BZG,BRS,2027-08-23,22:45,1003.00,ok
2026-09-27,BZG,BRS,2027-08-24,,,unavailable
2026-09-27,BZG,BRS,2027-08-25,,,unavailable
2026-09-27,BZG,BRS,2027-08-26,22:45,816.00,ok
2026-09-27,BZG,BRS,2027-08-27,,,unavailable
2026-09-27,BZG,BRS,2027-08-28,,,unavailable
2026-09-27,BZG,BRS,2027-08-29,,,unavailable
2026-09-27,BZG,BRS,2027-08-30,22:45,905.00,ok
2026-09-27,BZG,BRS,2027-08-31,,,unavailable
2026-09-27,BRS,BZG,2026-09-27,,,unavailable
2026-09-27,BRS,BZG,2026-09-28,,,unavailable
2026-09-27,BRS,BZG,2026-09-29,,,unavailable
2026-09-27,BRS,BZG,2026-09-30,,,unavailable
2026-09-27,BRS,BZG,2026-10-01,06:45,173.03,ok
2026-09-27,BRS,BZG,2026-10-02,,,unavailable
2026-09-27,BRS,BZG,2026-10-03,,,unavailable
2026-09-27,BRS,BZG,2026-10-04,07:40,201.42,ok
2026-09-27,BRS,BZG,2026-10-05,,,unavailable
2026-09-27,BRS,BZG,2026-10-06,,,unavailable
2026-09-27,BRS,BZG,2026-10-07,,,unavailable
2026-09-27,BRS,BZG,2026-10-08,06:45,249.36,ok
2026-09-27,BRS,BZG,2026-10-09,,,unavailable
2026-09-27,BRS,BZG,2026-10-10,,,unavailable
2026-09-27,BRS,BZG,2026-10-11,07:40,142.47,ok
2026-09-27,BRS,BZG,2026-10-12,,,unavailable
2026-09-27,BRS,BZG,2026-10-13,,,unavailable
2026-09-27,BRS,BZG,2026-10-14,,,unavailable
2026-09-27,BRS,BZG,2026-10-15,06:45,272.00,ok
2026-09-27,BRS,BZG,2026-10-16,,,unavailable
2026-09-27,BRS,BZG,2026-10-17,,,unavailable
2026-09-27,BRS,BZG,2026-10-18,07:40,259.54,ok
2026-09-27,BRS,BZG,2026-10-19,,,unavailable
2026-09-27,BRS,BZG,2026-10-20,,,unavailable
2026-09-27,BRS,BZG,2026-10-21,,,unavailable
2026-09-27,BRS,BZG,2026-10-22,06:45,361.33,ok
2026-09-27,BRS,BZG,2026-10-23,,,unavailable
2026-09-27,BRS,BZG,2026-10-24,,,unavailable
2026-09-27,BRS,BZG,2026-10-25,,,unavailable
2026-09-27,BRS,BZG,2026-10-26,,,unavailable
2026-09-27,BRS,BZG,2026-10-27,,,unavailable
2026-09-27,BRS,BZG,2026-10-28,12:50,132.31,ok
2026-09-27,BRS,BZG,2026-10-29,,,unavailable
2026-09-27,BRS,BZG,2026-10-30,,,unavailable
2026-09-27,BRS,BZG,2026-10-31,17:15,65.00,ok
2026-09-27,BRS,BZG,2026-11-01,,,unavailable
2026-09-27,BRS,BZG,2026-11-02,,,unavailable
2026-09-27,BRS,BZG,2026-11-03,,,unavailable
2026-09-27,BRS,BZG,2026-11-04,12:50,86.48,ok
2026-09-27,BRS,BZG,2026-11-05,,,unavailable
2026-09-27,BRS,BZG,2026-11-06,,,unavailable
2026-09-27,BRS,BZG,2026-11-07,17:15,66.88,ok
2026-09-27,BRS,BZG,2026-11-08,,,unavailable
2026-09-27,BRS,BZG,2026-11-09,,,unavailable
2026-09-27,BRS,BZG,2026-11-10,,,unavailable
2026-09-27,BRS,BZG,2026-11-11,12:50,65.00,ok
2026-09-27,BRS,BZG,2026-11-12,,,unavailable
2026-09-27,BRS,BZG,2026-11-13,,,unavailable
2026-09-27,BRS,BZG,2026-11-14,17:15,76.92,ok
2026-09-27,BRS,BZG,2026-11-15,,,unavailable
2026-09-27,BRS,BZG,2026-11-16,,,unavailable
2026-09-27,BRS,BZG,2026-11-17,,,unavailable
2026-09-27,BRS,BZG,2026-11-18,12:50,104.72,ok
2026-09-27,BRS,BZG,2026-11-19,,,unavailable
2026-09-27,BRS,BZG,2026-11-20,,,unavailable
2026-09-27,BRS,BZG,2026-11-21,17:15,111.93,ok
2026-09-27,BRS,BZG,2026-11-22,,,unavailable
2026-09-27,BRS,BZG,2026-11-23,,,unavailable
2026-09-27,BRS,BZG,2026-11-24,,,unavailable
2026-09-27,BRS,BZG,2026-11-25,12:50,132.29,ok
2026-09-27,BRS,BZG,2026-11-26,,,unavailable
2026-09-27,BRS,BZG,2026-11-27,,,unavailable
2026-09-27,BRS,BZG,2026-11-28,17:15,65.00,ok
2026-09-27,BRS,BZG,2026-11-29,,,unavailable
2026-09-27,BRS,BZG,2026-11-30,,,unavailable
2026-09-27,BRS,BZG,2026-12-01,,,unavailable
2026-09-27,BRS,BZG,2026-12-02,12:50,142.47,ok
2026-09-27,BRS,BZG,2026-12-03,,,unavailable
2026-09-27,BRS,BZG,2026-12-04,,,unavailable
2026-09-27,BRS,BZG,2026-12-05,17:15,132.29,ok
2026-09-27,BRS,BZG,2026-12-06,,,unavailable
2026-09-27,BRS,BZG,2026-12-07,,,unavailable
2026-09-27,BRS,BZG,2026-12-08,,,unavailable
2026-09-27,BRS,BZG,2026-12-09,12:50,96.66,ok
2026-09-27,BRS,BZG,2026-12-10,,,unavailable
2026-09-27,BRS,BZG,2026-12-11,,,unavailable
2026-09-27,BRS,BZG,2026-12-12,17:15,142.52,ok
2026-09-27,BRS,BZG,2026-12-13,,,unavailable
2026-09-27,BRS,BZG,2026-12-14,,,unavailable
2026-09-27,BRS,BZG,2026-12-15,,,unavailable
2026-09-27,BRS,BZG,2026-12-16,12:50,354.65,ok
2026-09-27,BRS,BZG,2026-12-17,,,unavailable
2026-09-27,BRS,BZG,2026-12-18,,,unavailable
2026-09-27,BRS,BZG,2026-12-19,17:15,1043.38,ok
2026-09-27,BRS,BZG,2026-12-20,,,unavailable
2026-09-27,BRS,BZG,2026-12-21,18:15,717.63,ok
2026-09-27,BRS,BZG,2026-12-22,,,unavailable
2026-09-27,BRS,BZG,2026-12-23,12:50,941.14,ok
2026-09-27,BRS,BZG,2026-12-24,,,unavailable
2026-09-27,BRS,BZG,2026-12-25,,,unavailable
2026-09-27,BRS,BZG,2026-12-26,17:15,191.51,ok
2026-09-27,BRS,BZG,2026-12-27,,,unavailable
2026-09-27,BRS,BZG,2026-12-28,18:15,351.15,ok
2026-09-27,BRS,BZG,2026-12-29,,,unavailable
2026-09-27,BRS,BZG,2026-12-30,12:50,261.05,ok
2026-09-27,BRS,BZG,2026-12-31,,,unavailable
2026-09-27,BRS,BZG,2027-01-01,,,unavailable
2026-09-27,BRS,BZG,2027-01-02,17:15,183.19,ok
2026-09-27,BRS,BZG,2027-01-03,,,unavailable
2026-09-27,BRS,BZG,2027-01-04,18:15,132.29,ok
2026-09-27,BRS,BZG,2027-01-05,,,unavailable
2026-09-27,BRS,BZG,2027-01-06,12:50,178.10,ok
2026-09-27,BRS,BZG,2027-01-07,,,unavailable
2026-09-27,BRS,BZG,2027-01-08,,,unavailable
2026-09-27,BRS,BZG,2027-01-09,17:15,132.29,ok
2026-09-27,BRS,BZG,2027-01-10,,,unavailable
2026-09-27,BRS,BZG,2027-01-11,,,unavailable
2026-09-27,BRS,BZG,2027-01-12,,,unavailable
2026-09-27,BRS,BZG,2027-01-13,12:50,135.83,ok
2026-09-27,BRS,BZG,2027-01-14,,,unavailable
2026-09-27,BRS,BZG,2027-01-15,,,unavailable
2026-09-27,BRS,BZG,2027-01-16,17:15,111.93,ok
2026-09-27,BRS,BZG,2027-01-17,,,unavailable
2026-09-27,BRS,BZG,2027-01-18,,,unavailable
2026-09-27,BRS,BZG,2027-01-19,,,unavailable
2026-09-27,BRS,BZG,2027-01-20,12:50,124.00,ok
2026-09-27,BRS,BZG,2027-01-21,,,unavailable
2026-09-27,BRS,BZG,2027-01-22,,,unavailable
2026-09-27,BRS,BZG,2027-01-23,17:15,124.00,ok
2026-09-27,BRS,BZG,2027-01-24,,,unavailable
2026-09-27,BRS,BZG,2027-01-25,,,unavailable
2026-09-27,BRS,BZG,2027-01-26,,,unavailable
2026-09-27,BRS,BZG,2027-01-27,12:50,124.00,ok
2026-09-27,BRS,BZG,2027-01-28,,,unavailable
2026-09-27,BRS,BZG,2027-01-29,,,unavailable
2026-09-27,BRS,BZG,2027-01-30,17:15,149.00,ok
2026-09-27,BRS,BZG,2027-01-31,,,unavailable
2026-09-27,BRS,BZG,2027-02-01,,,unavailable
2026-09-27,BRS,BZG,2027-02-02,,,unavailable
2026-09-27,BRS,BZG,2027-02-03,12:50,229.00,ok
2026-09-27,BRS,BZG,2027-02-04,,,unavailable
2026-09-27,BRS,BZG,2027-02-05,,,unavailable
2026-09-27,BRS,BZG,2027-02-06,17:15,149.00,ok
2026-09-27,BRS,BZG,2027-02-07,,,unavailable
2026-09-27,BRS,BZG,2027-02-08,,,unavailable
2026-09-27,BRS,BZG,2027-02-09,,,unavailable
2026-09-27,BRS,BZG,2027-02-10,12:50,198.46,ok
2026-09-27,BRS,BZG,2027-02-11,,,unavailable
2026-09-27,BRS,BZG,2027-02-12,,,unavailable
2026-09-27,BRS,BZG,2027-02-13,17:15,468.22,ok
2026-09-27,BRS,BZG,2027-02-14,,,unavailable
2026-09-27,BRS,BZG,2027-02-15,,,unavailable
2026-09-27,BRS,BZG,2027-02-16,,,unavailable
2026-09-27,BRS,BZG,2027-02-17,12:50,422.41,ok
2026-09-27,BRS,BZG,2027-02-18,,,unavailable
2026-09-27,BRS,BZG,2027-02-19,,,unavailable
2026-09-27,BRS,BZG,2027-02-20,17:15,198.46,ok
2026-09-27,BRS,BZG,2027-02-21,,,unavailable
2026-09-27,BRS,BZG,2027-02-22,,,unavailable
2026-09-27,BRS,BZG,2027-02-23,,,unavailable
2026-09-27,BRS,BZG,2027-02-24,12:50,149.00,ok
2026-09-27,BRS,BZG,2027-02-25,,,unavailable
2026-09-27,BRS,BZG,2027-02-26,,,unavailable
2026-09-27,BRS,BZG,2027-02-27,17:15,269.72,ok
2026-09-27,BRS,BZG,2027-02-28,,,unavailable
2026-09-27,BRS,BZG,2027-03-01,,,unavailable
2026-09-27,BRS,BZG,2027-03-02,,,unavailable
2026-09-27,BRS,BZG,2027-03-03,12:50,178.10,ok
2026-09-27,BRS,BZG,2027-03-04,,,unavailable
2026-09-27,BRS,BZG,2027-03-05,,,unavailable
2026-09-27,BRS,BZG,2027-03-06,17:15,325.70,ok
2026-09-27,BRS,BZG,2027-03-07,,,unavailable
2026-09-27,BRS,BZG,2027-03-08,,,unavailable
2026-09-27,BRS,BZG,2027-03-09,,,unavailable
2026-09-27,BRS,BZG,2027-03-10,12:50,149.00,ok
2026-09-27,BRS,BZG,2027-03-11,,,unavailable
2026-09-27,BRS,BZG,2027-03-12,,,unavailable
2026-09-27,BRS,BZG,2027-03-13,17:15,162.83,ok
2026-09-27,BRS,BZG,2027-03-14,,,unavailable
2026-09-27,BRS,BZG,2027-03-15,,,unavailable
2026-09-27,BRS,BZG,2027-03-16,,,unavailable
2026-09-27,BRS,BZG,2027-03-17,12:50,149.00,ok
2026-09-27,BRS,BZG,2027-03-18,,,unavailable
2026-09-27,BRS,BZG,2027-03-19,,,unavailable
2026-09-27,BRS,BZG,2027-03-20,17:15,162.83,ok
2026-09-27,BRS,BZG,2027-03-21,,,unavailable
2026-09-27,BRS,BZG,2027-03-22,,,unavailable
2026-09-27,BRS,BZG,2027-03-23,,,unavailable
2026-09-27,BRS,BZG,2027-03-24,12:50,442.00,ok
2026-09-27,BRS,BZG,2027-03-25,,,unavailable
2026-09-27,BRS,BZG,2027-03-26,,,unavailable
2026-09-27,BRS,BZG,2027-03-27,17:15,238.00,ok
2026-09-27,BRS,BZG,2027-03-28,,,unavailable
2026-09-27,BRS,BZG,2027-03-29,19:05,365.38,ok
2026-09-27,BRS,BZG,2027-03-30,,,unavailable
2026-09-27,BRS,BZG,2027-03-31,,,unavailable
2026-09-27,BRS,BZG,2027-04-01,19:05,242.38,ok
2026-09-27,BRS,BZG,2027-04-02,,,unavailable
2026-09-27,BRS,BZG,2027-04-03,,,unavailable
2026-09-27,BRS,BZG,2027-04-04,,,unavailable
2026-09-27,BRS,BZG,2027-04-05,19:05,242.38,ok
2026-09-27,BRS,BZG,2027-04-06,,,unavailable
2026-09-27,BRS,BZG,2027-04-07,,,unavailable
2026-09-27,BRS,BZG,2027-04-08,19:05,276.38,ok
2026-09-27,BRS,BZG,2027-04-09,,,unavailable
2026-09-27,BRS,BZG,2027-04-10,,,unavailable
2026-09-27,BRS,BZG,2027-04-11,,,unavailable
2026-09-27,BRS,BZG,2027-04-12,19:05,238.00,ok
2026-09-27,BRS,BZG,2027-04-13,,,unavailable
2026-09-27,BRS,BZG,2027-04-14,,,unavailable
2026-09-27,BRS,BZG,2027-04-15,19:05,238.00,ok
2026-09-27,BRS,BZG,2027-04-16,,,unavailable
2026-09-27,BRS,BZG,2027-04-17,,,unavailable
2026-09-27,BRS,BZG,2027-04-18,,,unavailable
2026-09-27,BRS,BZG,2027-04-19,19:05,238.00,ok
2026-09-27,BRS,BZG,2027-04-20,,,unavailable
2026-09-27,BRS,BZG,2027-04-21,,,unavailable
2026-09-27,BRS,BZG,2027-04-22,19:05,238.00,ok
2026-09-27,BRS,BZG,2027-04-23,,,unavailable
2026-09-27,BRS,BZG,2027-04-24,,,unavailable
2026-09-27,BRS,BZG,2027-04-25,,,unavailable
2026-09-27,BRS,BZG,2027-04-26,19:05,238.00,ok
2026-09-27,BRS,BZG,2027-04-27,,,unavailable
2026-09-27,BRS,BZG,2027-04-28,,,unavailable
2026-09-27,BRS,BZG,2027-04-29,19:05,361.00,ok
2026-09-27,BRS,BZG,2027-04-30,,,unavailable
2026-09-27,BRS,BZG,2027-05-01,,,unavailable
2026-09-27,BRS,BZG,2027-05-02,,,unavailable
2026-09-27,BRS,BZG,2027-05-03,19:05,272.00,ok
2026-09-27,BRS,BZG,2027-05-04,,,unavailable
2026-09-27,BRS,BZG,2027-05-05,,,unavailable
2026-09-27,BRS,BZG,2027-05-06,19:05,361.00,ok
2026-09-27,BRS,BZG,2027-05-07,,,unavailable
2026-09-27,BRS,BZG,2027-05-08,,,unavailable
2026-09-27,BRS,BZG,2027-05-09,,,unavailable
2026-09-27,BRS,BZG,2027-05-10,19:05,238.00,ok
2026-09-27,BRS,BZG,2027-05-11,,,unavailable
2026-09-27,BRS,BZG,2027-05-12,,,unavailable
2026-09-27,BRS,BZG,2027-05-13,19:05,315.00,ok
2026-09-27,BRS,BZG,2027-05-14,,,unavailable
2026-09-27,BRS,BZG,2027-05-15,,,unavailable
2026-09-27,BRS,BZG,2027-05-16,,,unavailable
2026-09-27,BRS,BZG,2027-05-17,19:05,238.00,ok
2026-09-27,BRS,BZG,2027-05-18,,,unavailable
2026-09-27,BRS,BZG,2027-05-19,,,unavailable
2026-09-27,BRS,BZG,2027-05-20,19:05,442.00,ok
2026-09-27,BRS,BZG,2027-05-21,,,unavailable
2026-09-27,BRS,BZG,2027-05-22,,,unavailable
2026-09-27,BRS,BZG,2027-05-23,,,unavailable
2026-09-27,BRS,BZG,2027-05-24,19:05,489.00,ok
2026-09-27,BRS,BZG,2027-05-25,,,unavailable
2026-09-27,BRS,BZG,2027-05-26,,,unavailable
2026-09-27,BRS,BZG,2027-05-27,19:05,315.00,ok
2026-09-27,BRS,BZG,2027-05-28,,,unavailable
2026-09-27,BRS,BZG,2027-05-29,,,unavailable
2026-09-27,BRS,BZG,2027-05-30,,,unavailable
2026-09-27,BRS,BZG,2027-05-31,19:05,242.38,ok
2026-09-27,BRS,BZG,2027-06-01,,,unavailable
2026-09-27,BRS,BZG,2027-06-02,,,unavailable
2026-09-27,BRS,BZG,2027-06-03,19:05,238.00,ok
2026-09-27,BRS,BZG,2027-06-04,,,unavailable
2026-09-27,BRS,BZG,2027-06-05,,,unavailable
2026-09-27,BRS,BZG,2027-06-06,,,unavailable
2026-09-27,BRS,BZG,2027-06-07,19:05,276.38,ok
2026-09-27,BRS,BZG,2027-06-08,,,unavailable
2026-09-27,BRS,BZG,2027-06-09,,,unavailable
2026-09-27,BRS,BZG,2027-06-10,19:05,276.38,ok
2026-09-27,BRS,BZG,2027-06-11,,,unavailable
2026-09-27,BRS,BZG,2027-06-12,,,unavailable
2026-09-27,BRS,BZG,2027-06-13,,,unavailable
2026-09-27,BRS,BZG,2027-06-14,19:05,272.00,ok
2026-09-27,BRS,BZG,2027-06-15,,,unavailable
2026-09-27,BRS,BZG,2027-06-16,,,unavailable
2026-09-27,BRS,BZG,2027-06-17,19:05,361.00,ok
2026-09-27,BRS,BZG,2027-06-18,,,unavailable
2026-09-27,BRS,BZG,2027-06-19,,,unavailable
2026-09-27,BRS,BZG,2027-06-20,,,unavailable
2026-09-27,BRS,BZG,2027-06-21,19:05,315.00,ok
2026-09-27,BRS,BZG,2027-06-22,,,unavailable
2026-09-27,BRS,BZG,2027-06-23,,,unavailable
2026-09-27,BRS,BZG,2027-06-24,19:05,315.00,ok
2026-09-27,BRS,BZG,2027-06-25,,,unavailable
2026-09-27,BRS,BZG,2027-06-26,,,unavailable
2026-09-27,BRS,BZG,2027-06-27,,,unavailable
2026-09-27,BRS,BZG,2027-06-28,19:05,361.00,ok
2026-09-27,BRS,BZG,2027-06-29,,,unavailable
2026-09-27,BRS,BZG,2027-06-30,,,unavailable
2026-09-27,BRS,BZG,2027-07-01,19:05,400.00,ok
2026-09-27,BRS,BZG,2027-07-02,,,unavailable
2026-09-27,BRS,BZG,2027-07-03,,,unavailable
2026-09-27,BRS,BZG,2027-07-04,,,unavailable
2026-09-27,BRS,BZG,2027-07-05,19:05,400.00,ok
2026-09-27,BRS,BZG,2027-07-06,,,unavailable
2026-09-27,BRS,BZG,2027-07-07,,,unavailable
2026-09-27,BRS,BZG,2027-07-08,19:05,400.00,ok
2026-09-27,BRS,BZG,2027-07-09,,,unavailable
2026-09-27,BRS,BZG,2027-07-10,,,unavailable
2026-09-27,BRS,BZG,2027-07-11,,,unavailable
2026-09-27,BRS,BZG,2027-07-12,19:05,489.00,ok
2026-09-27,BRS,BZG,2027-07-13,,,unavailable
2026-09-27,BRS,BZG,2027-07-14,,,unavailable
2026-09-27,BRS,BZG,2027-07-15,19:05,663.00,ok
2026-09-27,BRS,BZG,2027-07-16,,,unavailable
2026-09-27,BRS,BZG,2027-07-17,,,unavailable
2026-09-27,BRS,BZG,2027-07-18,,,unavailable
2026-09-27,BRS,BZG,2027-07-19,19:05,816.00,ok
2026-09-27,BRS,BZG,2027-07-20,,,unavailable
2026-09-27,BRS,BZG,2027-07-21,,,unavailable
2026-09-27,BRS,BZG,2027-07-22,19:05,816.00,ok
2026-09-27,BRS,BZG,2027-07-23,,,unavailable
2026-09-27,BRS,BZG,2027-07-24,,,unavailable
2026-09-27,BRS,BZG,2027-07-25,,,unavailable
2026-09-27,BRS,BZG,2027-07-26,19:05,905.00,ok
2026-09-27,BRS,BZG,2027-07-27,,,unavailable
2026-09-27,BRS,BZG,2027-07-28,,,unavailable
2026-09-27,BRS,BZG,2027-07-29,19:05,735.00,ok
2026-09-27,BRS,BZG,2027-07-30,,,unavailable
2026-09-27,BRS,BZG,2027-07-31,,,unavailable
2026-09-27,BRS,BZG,2027-08-01,,,unavailable
2026-09-27,BRS,BZG,2027-08-02,19:05,816.00,ok
2026-09-27,BRS,BZG,2027-08-03,,,unavailable
2026-09-27,BRS,BZG,2027-08-04,,,unavailable
2026-09-27,BRS,BZG,2027-08-05,19:05,663.00,ok
2026-09-27,BRS,BZG,2027-08-06,,,unavailable
2026-09-27,BRS,BZG,2027-08-07,,,unavailable
2026-09-27,BRS,BZG,2027-08-08,,,unavailable
2026-09-27,BRS,BZG,2027-08-09,19:05,735.00,ok
2026-09-27,BRS,BZG,2027-08-10,,,unavailable
2026-09-27,BRS,BZG,2027-08-11,,,unavailable
2026-09-27,BRS,BZG,2027-08-12,19:05,544.00,ok
2026-09-27,BRS,BZG,2027-08-13,,,unavailable
2026-09-27,BRS,BZG,2027-08-14,,,unavailable
2026-09-27,BRS,BZG,2027-08-15,,,unavailable
2026-09-27,BRS,BZG,2027-08-16,19:05,489.00,ok
2026-09-27,BRS,BZG,2027-08-17,,,unavailable
2026-09-27,BRS,BZG,2027-08-18,,,unavailable
2026-09-27,BRS,BZG,2027-08-19,19:05,400.00,ok
2026-09-27,BRS,BZG,2027-08-20,,,unavailable
2026-09-27,BRS,BZG,2027-08-21,,,unavailable
2026-09-27,BRS,BZG,2027-08-22,,,unavailable
2026-09-27,BRS,BZG,2027-08-23,19:05,361.00,ok
2026-09-27,BRS,BZG,2027-08-24,,,unavailable
2026-09-27,BRS,BZG,2027-08-25,,,unavailable
2026-09-27,BRS,BZG,2027-08-26,19:05,272.00,ok
2026-09-27,BRS,BZG,2027-08-27,,,unavailable
2026-09-27,BRS,BZG,2027-08-28,,,unavailable
2026-09-27,BRS,BZG,2027-08-29,,,unavailable
2026-09-27,BRS,BZG,2027-08-30,19:05,272.00,ok
2026-09-27,BRS,BZG,2027-08-31,,,unavailable
2026-09-27,BZG,DUB,2026-09-27,,,unavailable
2026-09-27,BZG,DUB,2026-09-28,,,unavailable
2026-09-27,BZG,DUB,2026-09-29,,,unavailable
2026-09-27,BZG,DUB,2026-09-30,22:10,434.55,ok
2026-09-27,BZG,DUB,2026-10-01,,,unavailable
2026-09-27,BZG,DUB,2026-10-02,,,unavailable
2026-09-27,BZG,DUB,2026-10-03,23:30,200.38,ok
2026-09-27,BZG,DUB,2026-10-04,,,unavailable
2026-09-27,BZG,DUB,2026-10-05,,,unavailable
2026-09-27,BZG,DUB,2026-10-06,,,unavailable
2026-09-27,BZG,DUB,2026-10-07,22:10,121.00,ok
2026-09-27,BZG,DUB,2026-10-08,,,unavailable
2026-09-27,BZG,DUB,2026-10-09,,,unavailable
2026-09-27,BZG,DUB,2026-10-10,23:30,121.00,ok
2026-09-27,BZG,DUB,2026-10-11,,,unavailable
2026-09-27,BZG,DUB,2026-10-12,,,unavailable
2026-09-27,BZG,DUB,2026-10-13,,,unavailable
2026-09-27,BZG,DUB,2026-10-14,22:10,121.00,ok
2026-09-27,BZG,DUB,2026-10-15,,,unavailable
2026-09-27,BZG,DUB,2026-10-16,,,unavailable
2026-09-27,BZG,DUB,2026-10-17,23:30,121.00,ok
2026-09-27,BZG,DUB,2026-10-18,,,unavailable
2026-09-27,BZG,DUB,2026-10-19,,,unavailable
2026-09-27,BZG,DUB,2026-10-20,,,unavailable
2026-09-27,BZG,DUB,2026-10-21,22:10,121.00,ok
2026-09-27,BZG,DUB,2026-10-22,,,unavailable
2026-09-27,BZG,DUB,2026-10-23,,,unavailable
2026-09-27,BZG,DUB,2026-10-24,23:30,121.00,ok
2026-09-27,BZG,DUB,2026-10-25,13:05,121.00,ok
2026-09-27,BZG,DUB,2026-10-26,,,unavailable
2026-09-27,BZG,DUB,2026-10-27,,,unavailable
2026-09-27,BZG,DUB,2026-10-28,,,unavailable
2026-09-27,BZG,DUB,2026-10-29,13:05,352.97,ok
2026-09-27,BZG,DUB,2026-10-30,,,unavailable
2026-09-27,BZG,DUB,2026-10-31,,,unavailable
2026-09-27,BZG,DUB,2026-11-01,13:05,455.57,ok
2026-09-27,BZG,DUB,2026-11-02,,,unavailable
2026-09-27,BZG,DUB,2026-11-03,,,unavailable
2026-09-27,BZG,DUB,2026-11-04,,,unavailable
2026-09-27,BZG,DUB,2026-11-05,13:05,229.38,ok
2026-09-27,BZG,DUB,2026-11-06,,,unavailable
2026-09-27,BZG,DUB,2026-11-07,,,unavailable
2026-09-27,BZG,DUB,2026-11-08,13:05,292.74,ok
2026-09-27,BZG,DUB,2026-11-09,,,unavailable
2026-09-27,BZG,DUB,2026-11-10,,,unavailable
2026-09-27,BZG,DUB,2026-11-11,,,unavailable
2026-09-27,BZG,DUB,2026-11-12,13:05,243.74,ok
2026-09-27,BZG,DUB,2026-11-13,,,unavailable
2026-09-27,BZG,DUB,2026-11-14,,,unavailable
2026-09-27,BZG,DUB,2026-11-15,13:05,184.53,ok
2026-09-27,BZG,DUB,2026-11-16,,,unavailable
2026-09-27,BZG,DUB,2026-11-17,,,unavailable
2026-09-27,BZG,DUB,2026-11-18,,,unavailable
2026-09-27,BZG,DUB,2026-11-19,13:05,105.10,ok
2026-09-27,BZG,DUB,2026-11-20,,,unavailable
2026-09-27,BZG,DUB,2026-11-21,,,unavailable
2026-09-27,BZG,DUB,2026-11-22,13:05,157.46,ok
2026-09-27,BZG,DUB,2026-11-23,,,unavailable
2026-09-27,BZG,DUB,2026-11-24,,,unavailable
2026-09-27,BZG,DUB,2026-11-25,,,unavailable
2026-09-27,BZG,DUB,2026-11-26,13:05,130.00,ok
2026-09-27,BZG,DUB,2026-11-27,,,unavailable
2026-09-27,BZG,DUB,2026-11-28,,,unavailable
2026-09-27,BZG,DUB,2026-11-29,13:05,332.90,ok
2026-09-27,BZG,DUB,2026-11-30,,,unavailable
2026-09-27,BZG,DUB,2026-12-01,,,unavailable
2026-09-27,BZG,DUB,2026-12-02,,,unavailable
2026-09-27,BZG,DUB,2026-12-03,13:05,144.33,ok
2026-09-27,BZG,DUB,2026-12-04,,,unavailable
2026-09-27,BZG,DUB,2026-12-05,,,unavailable
2026-09-27,BZG,DUB,2026-12-06,13:05,174.55,ok
2026-09-27,BZG,DUB,2026-12-07,,,unavailable
2026-09-27,BZG,DUB,2026-12-08,,,unavailable
2026-09-27,BZG,DUB,2026-12-09,,,unavailable
2026-09-27,BZG,DUB,2026-12-10,13:05,113.86,ok
2026-09-27,BZG,DUB,2026-12-11,,,unavailable
2026-09-27,BZG,DUB,2026-12-12,,,unavailable
2026-09-27,BZG,DUB,2026-12-13,13:05,192.72,ok
2026-09-27,BZG,DUB,2026-12-14,,,unavailable
2026-09-27,BZG,DUB,2026-12-15,,,unavailable
2026-09-27,BZG,DUB,2026-12-16,,,unavailable
2026-09-27,BZG,DUB,2026-12-17,13:05,153.29,ok
2026-09-27,BZG,DUB,2026-12-18,,,unavailable
2026-09-27,BZG,DUB,2026-12-19,,,unavailable
2026-09-27,BZG,DUB,2026-12-20,13:05,337.26,ok
2026-09-27,BZG,DUB,2026-12-21,,,unavailable
2026-09-27,BZG,DUB,2026-12-22,09:55,214.17,ok
2026-09-27,BZG,DUB,2026-12-23,,,unavailable
2026-09-27,BZG,DUB,2026-12-24,13:05,201.48,ok
2026-09-27,BZG,DUB,2026-12-25,,,unavailable
2026-09-27,BZG,DUB,2026-12-26,,,unavailable
2026-09-27,BZG,DUB,2026-12-27,13:05,376.71,ok
2026-09-27,BZG,DUB,2026-12-28,,,unavailable
2026-09-27,BZG,DUB,2026-12-29,09:55,376.71,ok
2026-09-27,BZG,DUB,2026-12-30,,,unavailable
2026-09-27,BZG,DUB,2026-12-31,13:05,420.40,ok
2026-09-27,BZG,DUB,2027-01-01,,,unavailable
2026-09-27,BZG,DUB,2027-01-02,,,unavailable
2026-09-27,BZG,DUB,2027-01-03,13:05,1305.03,ok
2026-09-27,BZG,DUB,2027-01-04,,,unavailable
2026-09-27,BZG,DUB,2027-01-05,,,unavailable
2026-09-27,BZG,DUB,2027-01-06,,,unavailable
2026-09-27,BZG,DUB,2027-01-07,13:05,589.40,ok
2026-09-27,BZG,DUB,2027-01-08,,,unavailable
2026-09-27,BZG,DUB,2027-01-09,,,unavailable
2026-09-27,BZG,DUB,2027-01-10,13:05,311.00,ok
2026-09-27,BZG,DUB,2027-01-11,,,unavailable
2026-09-27,BZG,DUB,2027-01-12,,,unavailable
2026-09-27,BZG,DUB,2027-01-13,,,unavailable
2026-09-27,BZG,DUB,2027-01-14,13:05,166.00,ok
2026-09-27,BZG,DUB,2027-01-15,,,unavailable
2026-09-27,BZG,DUB,2027-01-16,,,unavailable
2026-09-27,BZG,DUB,2027-01-17,13:05,226.00,ok
2026-09-27,BZG,DUB,2027-01-18,,,unavailable
2026-09-27,BZG,DUB,2027-01-19,,,unavailable
2026-09-27,BZG,DUB,2027-01-20,,,unavailable
2026-09-27,BZG,DUB,2027-01-21,13:05,223.38,ok
2026-09-27,BZG,DUB,2027-01-22,,,unavailable
2026-09-27,BZG,DUB,2027-01-23,,,unavailable
2026-09-27,BZG,DUB,2027-01-24,13:05,157.67,ok
2026-09-27,BZG,DUB,2027-01-25,,,unavailable
2026-09-27,BZG,DUB,2027-01-26,,,unavailable
2026-09-27,BZG,DUB,2027-01-27,,,unavailable
2026-09-27,BZG,DUB,2027-01-28,13:05,122.62,ok
2026-09-27,BZG,DUB,2027-01-29,,,unavailable
2026-09-27,BZG,DUB,2027-01-30,,,unavailable
2026-09-27,BZG,DUB,2027-01-31,13:05,196.00,ok
2026-09-27,BZG,DUB,2027-02-01,,,unavailable
2026-09-27,BZG,DUB,2027-02-02,,,unavailable
2026-09-27,BZG,DUB,2027-02-03,,,unavailable
2026-09-27,BZG,DUB,2027-02-04,13:05,166.00,ok
2026-09-27,BZG,DUB,2027-02-05,,,unavailable
2026-09-27,BZG,DUB,2027-02-06,,,unavailable
2026-09-27,BZG,DUB,2027-02-07,13:05,127.00,ok
2026-09-27,BZG,DUB,2027-02-08,,,unavailable
2026-09-27,BZG,DUB,2027-02-09,,,unavailable
2026-09-27,BZG,DUB,2027-02-10,,,unavailable
2026-09-27,BZG,DUB,2027-02-11,13:05,166.00,ok
2026-09-27,BZG,DUB,2027-02-12,,,unavailable
2026-09-27,BZG,DUB,2027-02-13,,,unavailable
2026-09-27,BZG,DUB,2027-02-14,13:05,212.65,ok
2026-09-27,BZG,DUB,2027-02-15,,,unavailable
2026-09-27,BZG,DUB,2027-02-16,,,unavailable
2026-09-27,BZG,DUB,2027-02-17,,,unavailable
2026-09-27,BZG,DUB,2027-02-18,13:05,363.57,ok
2026-09-27,BZG,DUB,2027-02-19,,,unavailable
2026-09-27,BZG,DUB,2027-02-20,,,unavailable
2026-09-27,BZG,DUB,2027-02-21,13:05,391.00,ok
2026-09-27,BZG,DUB,2027-02-22,,,unavailable
2026-09-27,BZG,DUB,2027-02-23,,,unavailable
2026-09-27,BZG,DUB,2027-02-24,,,unavailable
2026-09-27,BZG,DUB,2027-02-25,13:05,166.00,ok
2026-09-27,BZG,DUB,2027-02-26,,,unavailable
2026-09-27,BZG,DUB,2027-02-27,,,unavailable
2026-09-27,BZG,DUB,2027-02-28,13:05,271.57,ok
2026-09-27,BZG,DUB,2027-03-01,,,unavailable
2026-09-27,BZG,DUB,2027-03-02,,,unavailable
2026-09-27,BZG,DUB,2027-03-03,,,unavailable
2026-09-27,BZG,DUB,2027-03-04,13:05,166.43,ok
2026-09-27,BZG,DUB,2027-03-05,,,unavailable
2026-09-27,BZG,DUB,2027-03-06,,,unavailable
2026-09-27,BZG,DUB,2027-03-07,13:05,170.81,ok
2026-09-27,BZG,DUB,2027-03-08,,,unavailable
2026-09-27,BZG,DUB,2027-03-09,,,unavailable
2026-09-27,BZG,DUB,2027-03-10,,,unavailable
2026-09-27,BZG,DUB,2027-03-11,13:05,306.62,ok
2026-09-27,BZG,DUB,2027-03-12,,,unavailable
2026-09-27,BZG,DUB,2027-03-13,,,unavailable
2026-09-27,BZG,DUB,2027-03-14,13:05,264.00,ok
2026-09-27,BZG,DUB,2027-03-15,,,unavailable
2026-09-27,BZG,DUB,2027-03-16,,,unavailable
2026-09-27,BZG,DUB,2027-03-17,,,unavailable
2026-09-27,BZG,DUB,2027-03-18,13:05,197.10,ok
2026-09-27,BZG,DUB,2027-03-19,,,unavailable
2026-09-27,BZG,DUB,2027-03-20,,,unavailable
2026-09-27,BZG,DUB,2027-03-21,13:05,179.57,ok
2026-09-27,BZG,DUB,2027-03-22,,,unavailable
2026-09-27,BZG,DUB,2027-03-23,11:00,372.33,ok
2026-09-27,BZG,DUB,2027-03-24,,,unavailable
2026-09-27,BZG,DUB,2027-03-25,13:05,196.00,ok
2026-09-27,BZG,DUB,2027-03-26,,,unavailable
2026-09-27,BZG,DUB,2027-03-27,,,unavailable
2026-09-27,BZG,DUB,2027-03-28,20:20,391.00,ok
2026-09-27,BZG,DUB,2027-03-29,,,unavailable
2026-09-27,BZG,DUB,2027-03-30,,,unavailable
2026-09-27,BZG,DUB,2027-03-31,18:20,659.00,ok
2026-09-27,BZG,DUB,2027-04-01,,,unavailable
2026-09-27,BZG,DUB,2027-04-02,,,unavailable
2026-09-27,BZG,DUB,2027-04-03,,,unavailable
2026-09-27,BZG,DUB,2027-04-04,20:20,786.38,ok
2026-09-27,BZG,DUB,2027-04-05,,,unavailable
2026-09-27,BZG,DUB,2027-04-06,,,unavailable
2026-09-27,BZG,DUB,2027-04-07,18:20,786.38,ok
2026-09-27,BZG,DUB,2027-04-08,,,unavailable
2026-09-27,BZG,DUB,2027-04-09,,,unavailable
2026-09-27,BZG,DUB,2027-04-10,,,unavailable
2026-09-27,BZG,DUB,2027-04-11,20:20,858.38,ok
2026-09-27,BZG,DUB,2027-04-12,,,unavailable
2026-09-27,BZG,DUB,2027-04-13,,,unavailable
2026-09-27,BZG,DUB,2027-04-14,18:20,603.00,ok
2026-09-27,BZG,DUB,2027-04-15,,,unavailable
2026-09-27,BZG,DUB,2027-04-16,,,unavailable
2026-09-27,BZG,DUB,2027-04-17,,,unavailable
2026-09-27,BZG,DUB,2027-04-18,20:20,782.00,ok
2026-09-27,BZG,DUB,2027-04-19,,,unavailable
2026-09-27,BZG,DUB,2027-04-20,,,unavailable
2026-09-27,BZG,DUB,2027-04-21,18:20,446.00,ok
2026-09-27,BZG,DUB,2027-04-22,,,unavailable
2026-09-27,BZG,DUB,2027-04-23,,,unavailable
2026-09-27,BZG,DUB,2027-04-24,,,unavailable
2026-09-27,BZG,DUB,2027-04-25,20:20,548.00,ok
2026-09-27,BZG,DUB,2027-04-26,,,unavailable
2026-09-27,BZG,DUB,2027-04-27,,,unavailable
2026-09-27,BZG,DUB,2027-04-28,18:20,548.00,ok
2026-09-27,BZG,DUB,2027-04-29,,,unavailable
2026-09-27,BZG,DUB,2027-04-30,,,unavailable
2026-09-27,BZG,DUB,2027-05-01,,,unavailable
2026-09-27,BZG,DUB,2027-05-02,20:20,502.00,ok
2026-09-27,BZG,DUB,2027-05-03,,,unavailable
2026-09-27,BZG,DUB,2027-05-04,,,unavailable
2026-09-27,BZG,DUB,2027-05-05,18:20,502.00,ok
2026-09-27,BZG,DUB,2027-05-06,,,unavailable
2026-09-27,BZG,DUB,2027-05-07,,,unavailable
2026-09-27,BZG,DUB,2027-05-08,,,unavailable
2026-09-27,BZG,DUB,2027-05-09,20:20,603.00,ok
2026-09-27,BZG,DUB,2027-05-10,,,unavailable
2026-09-27,BZG,DUB,2027-05-11,,,unavailable
2026-09-27,BZG,DUB,2027-05-12,18:20,391.00,ok
2026-09-27,BZG,DUB,2027-05-13,,,unavailable
2026-09-27,BZG,DUB,2027-05-14,,,unavailable
2026-09-27,BZG,DUB,2027-05-15,,,unavailable
2026-09-27,BZG,DUB,2027-05-16,20:20,548.00,ok
2026-09-27,BZG,DUB,2027-05-17,,,unavailable
2026-09-27,BZG,DUB,2027-05-18,,,unavailable
2026-09-27,BZG,DUB,2027-05-19,18:20,548.00,ok
2026-09-27,BZG,DUB,2027-05-20,,,unavailable
2026-09-27,BZG,DUB,2027-05-21,,,unavailable
2026-09-27,BZG,DUB,2027-05-22,,,unavailable
2026-09-27,BZG,DUB,2027-05-23,20:20,548.00,ok
2026-09-27,BZG,DUB,2027-05-24,,,unavailable
2026-09-27,BZG,DUB,2027-05-25,,,unavailable
2026-09-27,BZG,DUB,2027-05-26,18:20,353.38,ok
2026-09-27,BZG,DUB,2027-05-27,,,unavailable
2026-09-27,BZG,DUB,2027-05-28,,,unavailable
2026-09-27,BZG,DUB,2027-05-29,,,unavailable
2026-09-27,BZG,DUB,2027-05-30,20:20,552.38,ok
2026-09-27,BZG,DUB,2027-05-31,,,unavailable
2026-09-27,BZG,DUB,2027-06-01,,,unavailable
2026-09-27,BZG,DUB,2027-06-02,18:20,548.00,ok
2026-09-27,BZG,DUB,2027-06-03,,,unavailable
2026-09-27,BZG,DUB,2027-06-04,,,unavailable
2026-09-27,BZG,DUB,2027-06-05,,,unavailable
2026-09-27,BZG,DUB,2027-06-06,20:20,552.38,ok
2026-09-27,BZG,DUB,2027-06-07,,,unavailable
2026-09-27,BZG,DUB,2027-06-08,,,unavailable
2026-09-27,BZG,DUB,2027-06-09,18:20,395.38,ok
2026-09-27,BZG,DUB,2027-06-10,,,unavailable
2026-09-27,BZG,DUB,2027-06-11,,,unavailable
2026-09-27,BZG,DUB,2027-06-12,,,unavailable
2026-09-27,BZG,DUB,2027-06-13,20:20,552.38,ok
2026-09-27,BZG,DUB,2027-06-14,,,unavailable
2026-09-27,BZG,DUB,2027-06-15,,,unavailable
2026-09-27,BZG,DUB,2027-06-16,18:20,502.00,ok
2026-09-27,BZG,DUB,2027-06-17,,,unavailable
2026-09-27,BZG,DUB,2027-06-18,,,unavailable
2026-09-27,BZG,DUB,2027-06-19,,,unavailable
2026-09-27,BZG,DUB,2027-06-20,20:20,506.38,ok
2026-09-27,BZG,DUB,2027-06-21,,,unavailable
2026-09-27,BZG,DUB,2027-06-22,,,unavailable
2026-09-27,BZG,DUB,2027-06-23,18:20,446.00,ok
2026-09-27,BZG,DUB,2027-06-24,,,unavailable
2026-09-27,BZG,DUB,2027-06-25,,,unavailable
2026-09-27,BZG,DUB,2027-06-26,,,unavailable
2026-09-27,BZG,DUB,2027-06-27,20:20,607.38,ok
2026-09-27,BZG,DUB,2027-06-28,,,unavailable
2026-09-27,BZG,DUB,2027-06-29,,,unavailable
2026-09-27,BZG,DUB,2027-06-30,18:20,502.00,ok
2026-09-27,BZG,DUB,2027-07-01,,,unavailable
2026-09-27,BZG,DUB,2027-07-02,,,unavailable
2026-09-27,BZG,DUB,2027-07-03,,,unavailable
2026-09-27,BZG,DUB,2027-07-04,20:20,718.00,ok
2026-09-27,BZG,DUB,2027-07-05,,,unavailable
2026-09-27,BZG,DUB,2027-07-06,,,unavailable
2026-09-27,BZG,DUB,2027-07-07,18:20,603.00,ok
2026-09-27,BZG,DUB,2027-07-08,,,unavailable
2026-09-27,BZG,DUB,2027-07-09,,,unavailable
2026-09-27,BZG,DUB,2027-07-10,,,unavailable
2026-09-27,BZG,DUB,2027-07-11,20:20,659.00,ok
2026-09-27,BZG,DUB,2027-07-12,,,unavailable
2026-09-27,BZG,DUB,2027-07-13,,,unavailable
2026-09-27,BZG,DUB,2027-07-14,18:20,854.00,ok
2026-09-27,BZG,DUB,2027-07-15,,,unavailable
2026-09-27,BZG,DUB,2027-07-16,,,unavailable
2026-09-27,BZG,DUB,2027-07-17,,,unavailable
2026-09-27,BZG,DUB,2027-07-18,20:20,854.00,ok
2026-09-27,BZG,DUB,2027-07-19,,,unavailable
2026-09-27,BZG,DUB,2027-07-20,,,unavailable
2026-09-27,BZG,DUB,2027-07-21,18:20,659.00,ok
2026-09-27,BZG,DUB,2027-07-22,,,unavailable
2026-09-27,BZG,DUB,2027-07-23,,,unavailable
2026-09-27,BZG,DUB,2027-07-24,,,unavailable
2026-09-27,BZG,DUB,2027-07-25,20:20,782.00,ok
2026-09-27,BZG,DUB,2027-07-26,,,unavailable
2026-09-27,BZG,DUB,2027-07-27,,,unavailable
2026-09-27,BZG,DUB,2027-07-28,18:20,718.00,ok
2026-09-27,BZG,DUB,2027-07-29,,,unavailable
2026-09-27,BZG,DUB,2027-07-30,,,unavailable
2026-09-27,BZG,DUB,2027-07-31,,,unavailable
2026-09-27,BZG,DUB,2027-08-01,20:20,854.00,ok
2026-09-27,BZG,DUB,2027-08-02,,,unavailable
2026-09-27,BZG,DUB,2027-08-03,,,unavailable
2026-09-27,BZG,DUB,2027-08-04,18:20,782.00,ok
2026-09-27,BZG,DUB,2027-08-05,,,unavailable
2026-09-27,BZG,DUB,2027-08-06,,,unavailable
2026-09-27,BZG,DUB,2027-08-07,,,unavailable
2026-09-27,BZG,DUB,2027-08-08,20:20,1020.00,ok
2026-09-27,BZG,DUB,2027-08-09,,,unavailable
2026-09-27,BZG,DUB,2027-08-10,,,unavailable
2026-09-27,BZG,DUB,2027-08-11,18:20,854.00,ok
2026-09-27,BZG,DUB,2027-08-12,,,unavailable
2026-09-27,BZG,DUB,2027-08-13,,,unavailable
2026-09-27,BZG,DUB,2027-08-14,,,unavailable
2026-09-27,BZG,DUB,2027-08-15,20:20,1113.00,ok
2026-09-27,BZG,DUB,2027-08-16,,,unavailable
2026-09-27,BZG,DUB,2027-08-17,,,unavailable
2026-09-27,BZG,DUB,2027-08-18,18:20,1020.00,ok
2026-09-27,BZG,DUB,2027-08-19,,,unavailable
2026-09-27,BZG,DUB,2027-08-20,,,unavailable
2026-09-27,BZG,DUB,2027-08-21,,,unavailable
2026-09-27,BZG,DUB,2027-08-22,20:20,1215.00,ok
2026-09-27,BZG,DUB,2027-08-23,,,unavailable
2026-09-27,BZG,DUB,2027-08-24,,,unavailable
2026-09-27,BZG,DUB,2027-08-25,18:20,854.00,ok
2026-09-27,BZG,DUB,2027-08-26,,,unavailable
2026-09-27,BZG,DUB,2027-08-27,,,unavailable
2026-09-27,BZG,DUB,2027-08-28,,,unavailable
2026-09-27,BZG,DUB,2027-08-29,20:20,1020.00,ok
2026-09-27,BZG,DUB,2027-08-30,,,unavailable
2026-09-27,BZG,DUB,2027-08-31,,,unavailable
2026-09-27,DUB,BZG,2026-09-27,,,unavailable
2026-09-27,DUB,BZG,2026-09-28,,,unavailable
2026-09-27,DUB,BZG,2026-09-29,,,unavailable
2026-09-27,DUB,BZG,2026-09-30,18:10,414.96,ok
2026-09-27,DUB,BZG,2026-10-01,,,unavailable
2026-09-27,DUB,BZG,2026-10-02,,,unavailable
2026-09-27,DUB,BZG,2026-10-03,19:30,200.81,ok
2026-09-27,DUB,BZG,2026-10-04,,,unavailable
2026-09-27,DUB,BZG,2026-10-05,,,unavailable
2026-09-27,DUB,BZG,2026-10-06,,,unavailable
2026-09-27,DUB,BZG,2026-10-07,18:10,233.89,ok
2026-09-27,DUB,BZG,2026-10-08,,,unavailable
2026-09-27,DUB,BZG,2026-10-09,,,unavailable
2026-09-27,DUB,BZG,2026-10-10,19:30,121.00,ok
2026-09-27,DUB,BZG,2026-10-11,,,unavailable
2026-09-27,DUB,BZG,2026-10-12,,,unavailable
2026-09-27,DUB,BZG,2026-10-13,,,unavailable
2026-09-27,DUB,BZG,2026-10-14,18:10,268.42,ok
2026-09-27,DUB,BZG,2026-10-15,,,unavailable
2026-09-27,DUB,BZG,2026-10-16,,,unavailable
2026-09-27,DUB,BZG,2026-10-17,19:30,203.71,ok
2026-09-27,DUB,BZG,2026-10-18,,,unavailable
2026-09-27,DUB,BZG,2026-10-19,,,unavailable
2026-09-27,DUB,BZG,2026-10-20,,,unavailable
2026-09-27,DUB,BZG,2026-10-21,18:10,261.71,ok
2026-09-27,DUB,BZG,2026-10-22,,,unavailable
2026-09-27,DUB,BZG,2026-10-23,,,unavailable
2026-09-27,DUB,BZG,2026-10-24,19:30,466.90,ok
2026-09-27,DUB,BZG,2026-10-25,09:05,450.38,ok
2026-09-27,DUB,BZG,2026-10-26,,,unavailable
2026-09-27,DUB,BZG,2026-10-27,,,unavailable
2026-09-27,DUB,BZG,2026-10-28,,,unavailable
2026-09-27,DUB,BZG,2026-10-29,09:05,272.80,ok
2026-09-27,DUB,BZG,2026-10-30,,,unavailable
2026-09-27,DUB,BZG,2026-10-31,,,unavailable
2026-09-27,DUB,BZG,2026-11-01,09:05,135.76,ok
2026-09-27,DUB,BZG,2026-11-02,,,unavailable
2026-09-27,DUB,BZG,2026-11-03,,,unavailable
2026-09-27,DUB,BZG,2026-11-04,,,unavailable
2026-09-27,DUB,BZG,2026-11-05,09:05,140.14,ok
2026-09-27,DUB,BZG,2026-11-06,,,unavailable
2026-09-27,DUB,BZG,2026-11-07,,,unavailable
2026-09-27,DUB,BZG,2026-11-08,09:05,137.89,ok
2026-09-27,DUB,BZG,2026-11-09,,,unavailable
2026-09-27,DUB,BZG,2026-11-10,,,unavailable
2026-09-27,DUB,BZG,2026-11-11,,,unavailable
2026-09-27,DUB,BZG,2026-11-12,09:05,148.91,ok
2026-09-27,DUB,BZG,2026-11-13,,,unavailable
2026-09-27,DUB,BZG,2026-11-14,,,unavailable
2026-09-27,DUB,BZG,2026-11-15,09:05,140.21,ok
2026-09-27,DUB,BZG,2026-11-16,,,unavailable
2026-09-27,DUB,BZG,2026-11-17,,,unavailable
2026-09-27,DUB,BZG,2026-11-18,,,unavailable
2026-09-27,DUB,BZG,2026-11-19,09:05,133.02,ok
2026-09-27,DUB,BZG,2026-11-20,,,unavailable
2026-09-27,DUB,BZG,2026-11-21,,,unavailable
2026-09-27,DUB,BZG,2026-11-22,09:05,140.14,ok
2026-09-27,DUB,BZG,2026-11-23,,,unavailable
2026-09-27,DUB,BZG,2026-11-24,,,unavailable
2026-09-27,DUB,BZG,2026-11-25,,,unavailable
2026-09-27,DUB,BZG,2026-11-26,09:05,127.00,ok
2026-09-27,DUB,BZG,2026-11-27,,,unavailable
2026-09-27,DUB,BZG,2026-11-28,,,unavailable
2026-09-27,DUB,BZG,2026-11-29,09:05,109.48,ok
2026-09-27,DUB,BZG,2026-11-30,,,unavailable
2026-09-27,DUB,BZG,2026-12-01,,,unavailable
2026-09-27,DUB,BZG,2026-12-02,,,unavailable
2026-09-27,DUB,BZG,2026-12-03,09:05,147.52,ok
2026-09-27,DUB,BZG,2026-12-04,,,unavailable
2026-09-27,DUB,BZG,2026-12-05,,,unavailable
2026-09-27,DUB,BZG,2026-12-06,09:05,118.24,ok
2026-09-27,DUB,BZG,2026-12-07,,,unavailable
2026-09-27,DUB,BZG,2026-12-08,,,unavailable
2026-09-27,DUB,BZG,2026-12-09,,,unavailable
2026-09-27,DUB,BZG,2026-12-10,09:05,166.43,ok
2026-09-27,DUB,BZG,2026-12-11,,,unavailable
2026-09-27,DUB,BZG,2026-12-12,,,unavailable
2026-09-27,DUB,BZG,2026-12-13,09:05,259.58,ok
2026-09-27,DUB,BZG,2026-12-14,,,unavailable
2026-09-27,DUB,BZG,2026-12-15,,,unavailable
2026-09-27,DUB,BZG,2026-12-16,,,unavailable
2026-09-27,DUB,BZG,2026-12-17,09:05,491.57,ok
2026-09-27,DUB,BZG,2026-12-18,,,unavailable
2026-09-27,DUB,BZG,2026-12-19,,,unavailable
2026-09-27,DUB,BZG,2026-12-20,09:05,665.85,ok
2026-09-27,DUB,BZG,2026-12-21,,,unavailable
2026-09-27,DUB,BZG,2026-12-22,05:50,907.38,ok
2026-09-27,DUB,BZG,2026-12-23,,,unavailable
2026-09-27,DUB,BZG,2026-12-24,09:05,768.07,ok
2026-09-27,DUB,BZG,2026-12-25,,,unavailable
2026-09-27,DUB,BZG,2026-12-26,,,unavailable
2026-09-27,DUB,BZG,2026-12-27,09:05,531.44,ok
2026-09-27,DUB,BZG,2026-12-28,,,unavailable
2026-09-27,DUB,BZG,2026-12-29,05:50,375.80,ok
2026-09-27,DUB,BZG,2026-12-30,,,unavailable
2026-09-27,DUB,BZG,2026-12-31,09:05,275.95,ok
2026-09-27,DUB,BZG,2027-01-01,,,unavailable
2026-09-27,DUB,BZG,2027-01-02,,,unavailable
2026-09-27,DUB,BZG,2027-01-03,09:05,249.67,ok
2026-09-27,DUB,BZG,2027-01-04,,,unavailable
2026-09-27,DUB,BZG,2027-01-05,,,unavailable
2026-09-27,DUB,BZG,2027-01-06,,,unavailable
2026-09-27,DUB,BZG,2027-01-07,09:05,135.76,ok
2026-09-27,DUB,BZG,2027-01-08,,,unavailable
2026-09-27,DUB,BZG,2027-01-09,,,unavailable
2026-09-27,DUB,BZG,2027-01-10,09:05,153.29,ok
2026-09-27,DUB,BZG,2027-01-11,,,unavailable
2026-09-27,DUB,BZG,2027-01-12,,,unavailable
2026-09-27,DUB,BZG,2027-01-13,,,unavailable
2026-09-27,DUB,BZG,2027-01-14,09:05,166.00,ok
2026-09-27,DUB,BZG,2027-01-15,,,unavailable
2026-09-27,DUB,BZG,2027-01-16,,,unavailable
2026-09-27,DUB,BZG,2027-01-17,09:05,118.24,ok
2026-09-27,DUB,BZG,2027-01-18,,,unavailable
2026-09-27,DUB,BZG,2027-01-19,,,unavailable
2026-09-27,DUB,BZG,2027-01-20,,,unavailable
2026-09-27,DUB,BZG,2027-01-21,09:05,131.38,ok
2026-09-27,DUB,BZG,2027-01-22,,,unavailable
2026-09-27,DUB,BZG,2027-01-23,,,unavailable
2026-09-27,DUB,BZG,2027-01-24,09:05,166.00,ok
2026-09-27,DUB,BZG,2027-01-25,,,unavailable
2026-09-27,DUB,BZG,2027-01-26,,,unavailable
2026-09-27,DUB,BZG,2027-01-27,,,unavailable
2026-09-27,DUB,BZG,2027-01-28,09:05,166.00,ok
2026-09-27,DUB,BZG,2027-01-29,,,unavailable
2026-09-27,DUB,BZG,2027-01-30,,,unavailable
2026-09-27,DUB,BZG,2027-01-31,09:05,144.53,ok
2026-09-27,DUB,BZG,2027-02-01,,,unavailable
2026-09-27,DUB,BZG,2027-02-02,,,unavailable
2026-09-27,DUB,BZG,2027-02-03,,,unavailable
2026-09-27,DUB,BZG,2027-02-04,09:05,166.00,ok
2026-09-27,DUB,BZG,2027-02-05,,,unavailable
2026-09-27,DUB,BZG,2027-02-06,,,unavailable
2026-09-27,DUB,BZG,2027-02-07,09:05,166.00,ok
2026-09-27,DUB,BZG,2027-02-08,,,unavailable
2026-09-27,DUB,BZG,2027-02-09,,,unavailable
2026-09-27,DUB,BZG,2027-02-10,,,unavailable
2026-09-27,DUB,BZG,2027-02-11,09:05,131.38,ok
2026-09-27,DUB,BZG,2027-02-12,,,unavailable
2026-09-27,DUB,BZG,2027-02-13,,,unavailable
2026-09-27,DUB,BZG,2027-02-14,09:05,227.76,ok
2026-09-27,DUB,BZG,2027-02-15,,,unavailable
2026-09-27,DUB,BZG,2027-02-16,,,unavailable
2026-09-27,DUB,BZG,2027-02-17,,,unavailable
2026-09-27,DUB,BZG,2027-02-18,09:05,166.00,ok
2026-09-27,DUB,BZG,2027-02-19,,,unavailable
2026-09-27,DUB,BZG,2027-02-20,,,unavailable
2026-09-27,DUB,BZG,2027-02-21,09:05,212.65,ok
2026-09-27,DUB,BZG,2027-02-22,,,unavailable
2026-09-27,DUB,BZG,2027-02-23,,,unavailable
2026-09-27,DUB,BZG,2027-02-24,,,unavailable
2026-09-27,DUB,BZG,2027-02-25,09:05,166.00,ok
2026-09-27,DUB,BZG,2027-02-26,,,unavailable
2026-09-27,DUB,BZG,2027-02-27,,,unavailable
2026-09-27,DUB,BZG,2027-02-28,09:05,166.43,ok
2026-09-27,DUB,BZG,2027-03-01,,,unavailable
2026-09-27,DUB,BZG,2027-03-02,,,unavailable
2026-09-27,DUB,BZG,2027-03-03,,,unavailable
2026-09-27,DUB,BZG,2027-03-04,09:05,166.43,ok
2026-09-27,DUB,BZG,2027-03-05,,,unavailable
2026-09-27,DUB,BZG,2027-03-06,,,unavailable
2026-09-27,DUB,BZG,2027-03-07,09:05,166.00,ok
2026-09-27,DUB,BZG,2027-03-08,,,unavailable
2026-09-27,DUB,BZG,2027-03-09,,,unavailable
2026-09-27,DUB,BZG,2027-03-10,,,unavailable
2026-09-27,DUB,BZG,2027-03-11,09:05,197.10,ok
2026-09-27,DUB,BZG,2027-03-12,,,unavailable
2026-09-27,DUB,BZG,2027-03-13,,,unavailable
2026-09-27,DUB,BZG,2027-03-14,09:05,264.00,ok
2026-09-27,DUB,BZG,2027-03-15,,,unavailable
2026-09-27,DUB,BZG,2027-03-16,,,unavailable
2026-09-27,DUB,BZG,2027-03-17,,,unavailable
2026-09-27,DUB,BZG,2027-03-18,09:05,306.00,ok
2026-09-27,DUB,BZG,2027-03-19,,,unavailable
2026-09-27,DUB,BZG,2027-03-20,,,unavailable
2026-09-27,DUB,BZG,2027-03-21,09:05,297.86,ok
2026-09-27,DUB,BZG,2027-03-22,,,unavailable
2026-09-27,DUB,BZG,2027-03-23,07:00,565.09,ok
2026-09-27,DUB,BZG,2027-03-24,,,unavailable
2026-09-27,DUB,BZG,2027-03-25,09:05,349.00,ok
2026-09-27,DUB,BZG,2027-03-26,,,unavailable
2026-09-27,DUB,BZG,2027-03-27,,,unavailable
2026-09-27,DUB,BZG,2027-03-28,16:25,349.00,ok
2026-09-27,DUB,BZG,2027-03-29,,,unavailable
2026-09-27,DUB,BZG,2027-03-30,,,unavailable
2026-09-27,DUB,BZG,2027-03-31,14:25,502.00,ok
2026-09-27,DUB,BZG,2027-04-01,,,unavailable
2026-09-27,DUB,BZG,2027-04-02,,,unavailable
2026-09-27,DUB,BZG,2027-04-03,,,unavailable
2026-09-27,DUB,BZG,2027-04-04,16:25,353.38,ok
2026-09-27,DUB,BZG,2027-04-05,,,unavailable
2026-09-27,DUB,BZG,2027-04-06,,,unavailable
2026-09-27,DUB,BZG,2027-04-07,14:25,450.38,ok
2026-09-27,DUB,BZG,2027-04-08,,,unavailable
2026-09-27,DUB,BZG,2027-04-09,,,unavailable
2026-09-27,DUB,BZG,2027-04-10,,,unavailable
2026-09-27,DUB,BZG,2027-04-11,16:25,353.38,ok
2026-09-27,DUB,BZG,2027-04-12,,,unavailable
2026-09-27,DUB,BZG,2027-04-13,,,unavailable
2026-09-27,DUB,BZG,2027-04-14,14:25,349.00,ok
2026-09-27,DUB,BZG,2027-04-15,,,unavailable
2026-09-27,DUB,BZG,2027-04-16,,,unavailable
2026-09-27,DUB,BZG,2027-04-17,,,unavailable
2026-09-27,DUB,BZG,2027-04-18,16:25,349.00,ok
2026-09-27,DUB,BZG,2027-04-19,,,unavailable
2026-09-27,DUB,BZG,2027-04-20,,,unavailable
2026-09-27,DUB,BZG,2027-04-21,14:25,349.00,ok
2026-09-27,DUB,BZG,2027-04-22,,,unavailable
2026-09-27,DUB,BZG,2027-04-23,,,unavailable
2026-09-27,DUB,BZG,2027-04-24,,,unavailable
2026-09-27,DUB,BZG,2027-04-25,16:25,391.00,ok
2026-09-27,DUB,BZG,2027-04-26,,,unavailable
2026-09-27,DUB,BZG,2027-04-27,,,unavailable
2026-09-27,DUB,BZG,2027-04-28,14:25,446.00,ok
2026-09-27,DUB,BZG,2027-04-29,,,unavailable
2026-09-27,DUB,BZG,2027-04-30,,,unavailable
2026-09-27,DUB,BZG,2027-05-01,,,unavailable
2026-09-27,DUB,BZG,2027-05-02,16:25,603.00,ok
2026-09-27,DUB,BZG,2027-05-03,,,unavailable
2026-09-27,DUB,BZG,2027-05-04,,,unavailable
2026-09-27,DUB,BZG,2027-05-05,14:25,446.00,ok
2026-09-27,DUB,BZG,2027-05-06,,,unavailable
2026-09-27,DUB,BZG,2027-05-07,,,unavailable
2026-09-27,DUB,BZG,2027-05-08,,,unavailable
2026-09-27,DUB,BZG,2027-05-09,16:25,446.00,ok
2026-09-27,DUB,BZG,2027-05-10,,,unavailable
2026-09-27,DUB,BZG,2027-05-11,,,unavailable
2026-09-27,DUB,BZG,2027-05-12,14:25,391.00,ok
2026-09-27,DUB,BZG,2027-05-13,,,unavailable
2026-09-27,DUB,BZG,2027-05-14,,,unavailable
2026-09-27,DUB,BZG,2027-05-15,,,unavailable
2026-09-27,DUB,BZG,2027-05-16,16:25,603.00,ok
2026-09-27,DUB,BZG,2027-05-17,,,unavailable
2026-09-27,DUB,BZG,2027-05-18,,,unavailable
2026-09-27,DUB,BZG,2027-05-19,14:25,446.00,ok
2026-09-27,DUB,BZG,2027-05-20,,,unavailable
2026-09-27,DUB,BZG,2027-05-21,,,unavailable
2026-09-27,DUB,BZG,2027-05-22,,,unavailable
2026-09-27,DUB,BZG,2027-05-23,16:25,603.00,ok
2026-09-27,DUB,BZG,2027-05-24,,,unavailable
2026-09-27,DUB,BZG,2027-05-25,,,unavailable
2026-09-27,DUB,BZG,2027-05-26,14:25,552.38,ok
2026-09-27,DUB,BZG,2027-05-27,,,unavailable
2026-09-27,DUB,BZG,2027-05-28,,,unavailable
2026-09-27,DUB,BZG,2027-05-29,,,unavailable
2026-09-27,DUB,BZG,2027-05-30,16:25,552.38,ok
2026-09-27,DUB,BZG,2027-05-31,,,unavailable
2026-09-27,DUB,BZG,2027-06-01,,,unavailable
2026-09-27,DUB,BZG,2027-06-02,14:25,502.00,ok
2026-09-27,DUB,BZG,2027-06-03,,,unavailable
2026-09-27,DUB,BZG,2027-06-04,,,unavailable
2026-09-27,DUB,BZG,2027-06-05,,,unavailable
2026-09-27,DUB,BZG,2027-06-06,16:25,722.38,ok
2026-09-27,DUB,BZG,2027-06-07,,,unavailable
2026-09-27,DUB,BZG,2027-06-08,,,unavailable
2026-09-27,DUB,BZG,2027-06-09,14:25,552.38,ok
2026-09-27,DUB,BZG,2027-06-10,,,unavailable
2026-09-27,DUB,BZG,2027-06-11,,,unavailable
2026-09-27,DUB,BZG,2027-06-12,,,unavailable
2026-09-27,DUB,BZG,2027-06-13,16:25,552.38,ok
2026-09-27,DUB,BZG,2027-06-14,,,unavailable
2026-09-27,DUB,BZG,2027-06-15,,,unavailable
2026-09-27,DUB,BZG,2027-06-16,14:25,603.00,ok
2026-09-27,DUB,BZG,2027-06-17,,,unavailable
2026-09-27,DUB,BZG,2027-06-18,,,unavailable
2026-09-27,DUB,BZG,2027-06-19,,,unavailable
2026-09-27,DUB,BZG,2027-06-20,16:25,663.38,ok
2026-09-27,DUB,BZG,2027-06-21,,,unavailable
2026-09-27,DUB,BZG,2027-06-22,,,unavailable
2026-09-27,DUB,BZG,2027-06-23,14:25,782.00,ok
2026-09-27,DUB,BZG,2027-06-24,,,unavailable
2026-09-27,DUB,BZG,2027-06-25,,,unavailable
2026-09-27,DUB,BZG,2027-06-26,,,unavailable
2026-09-27,DUB,BZG,2027-06-27,16:25,858.38,ok
2026-09-27,DUB,BZG,2027-06-28,,,unavailable
2026-09-27,DUB,BZG,2027-06-29,,,unavailable
2026-09-27,DUB,BZG,2027-06-30,14:25,718.00,ok
2026-09-27,DUB,BZG,2027-07-01,,,unavailable
2026-09-27,DUB,BZG,2027-07-02,,,unavailable
2026-09-27,DUB,BZG,2027-07-03,,,unavailable
2026-09-27,DUB,BZG,2027-07-04,16:25,854.00,ok
2026-09-27,DUB,BZG,2027-07-05,,,unavailable
2026-09-27,DUB,BZG,2027-07-06,,,unavailable
2026-09-27,DUB,BZG,2027-07-07,14:25,782.00,ok
2026-09-27,DUB,BZG,2027-07-08,,,unavailable
2026-09-27,DUB,BZG,2027-07-09,,,unavailable
2026-09-27,DUB,BZG,2027-07-10,,,unavailable
2026-09-27,DUB,BZG,2027-07-11,16:25,854.00,ok
2026-09-27,DUB,BZG,2027-07-12,,,unavailable
2026-09-27,DUB,BZG,2027-07-13,,,unavailable
2026-09-27,DUB,BZG,2027-07-14,14:25,854.00,ok
2026-09-27,DUB,BZG,2027-07-15,,,unavailable
2026-09-27,DUB,BZG,2027-07-16,,,unavailable
2026-09-27,DUB,BZG,2027-07-17,,,unavailable
2026-09-27,DUB,BZG,2027-07-18,16:25,854.00,ok
2026-09-27,DUB,BZG,2027-07-19,,,unavailable
2026-09-27,DUB,BZG,2027-07-20,,,unavailable
2026-09-27,DUB,BZG,2027-07-21,14:25,854.00,ok
2026-09-27,DUB,BZG,2027-07-22,,,unavailable
2026-09-27,DUB,BZG,2027-07-23,,,unavailable
2026-09-27,DUB,BZG,2027-07-24,,,unavailable
2026-09-27,DUB,BZG,2027-07-25,16:25,782.00,ok
2026-09-27,DUB,BZG,2027-07-26,,,unavailable
2026-09-27,DUB,BZG,2027-07-27,,,unavailable
2026-09-27,DUB,BZG,2027-07-28,14:25,782.00,ok
2026-09-27,DUB,BZG,2027-07-29,,,unavailable
2026-09-27,DUB,BZG,2027-07-30,,,unavailable
2026-09-27,DUB,BZG,2027-07-31,,,unavailable
2026-09-27,DUB,BZG,2027-08-01,16:25,718.00,ok
2026-09-27,DUB,BZG,2027-08-02,,,unavailable
2026-09-27,DUB,BZG,2027-08-03,,,unavailable
2026-09-27,DUB,BZG,2027-08-04,14:25,603.00,ok
2026-09-27,DUB,BZG,2027-08-05,,,unavailable
2026-09-27,DUB,BZG,2027-08-06,,,unavailable
2026-09-27,DUB,BZG,2027-08-07,,,unavailable
2026-09-27,DUB,BZG,2027-08-08,16:25,548.00,ok
2026-09-27,DUB,BZG,2027-08-09,,,unavailable
2026-09-27,DUB,BZG,2027-08-10,,,unavailable
2026-09-27,DUB,BZG,2027-08-11,14:25,502.00,ok
2026-09-27,DUB,BZG,2027-08-12,,,unavailable
2026-09-27,DUB,BZG,2027-08-13,,,unavailable
2026-09-27,DUB,BZG,2027-08-14,,,unavailable
2026-09-27,DUB,BZG,2027-08-15,16:25,502.00,ok
2026-09-27,DUB,BZG,2027-08-16,,,unavailable
2026-09-27,DUB,BZG,2027-08-17,,,unavailable
2026-09-27,DUB,BZG,2027-08-18,14:25,391.00,ok
2026-09-27,DUB,BZG,2027-08-19,,,unavailable
2026-09-27,DUB,BZG,2027-08-20,,,unavailable
2026-09-27,DUB,BZG,2027-08-21,,,unavailable
2026-09-27,DUB,BZG,2027-08-22,16:25,446.00,ok
2026-09-27,DUB,BZG,2027-08-23,,,unavailable
2026-09-27,DUB,BZG,2027-08-24,,,unavailable
2026-09-27,DUB,BZG,2027-08-25,14:25,391.00,ok
2026-09-27,DUB,BZG,2027-08-26,,,unavailable
2026-09-27,DUB,BZG,2027-08-27,,,unavailable
2026-09-27,DUB,BZG,2027-08-28,,,unavailable
2026-09-27,DUB,BZG,2027-08-29,16:25,349.00,ok
2026-09-27,DUB,BZG,2027-08-30,,,unavailable
2026-09-27,DUB,BZG,2027-08-31,,,unavailable
2026-09-27,BZG,LTN,2026-09-27,,,unavailable
2026-09-27,BZG,LTN,2026-09-28,,,unavailable
2026-09-27,BZG,LTN,2026-09-29,21:20,183.95,ok
2026-09-27,BZG,LTN,2026-09-30,,,unavailable
2026-09-27,BZG,LTN,2026-10-01,20:10,74.43,ok
2026-09-27,BZG,LTN,2026-10-02,,,unavailable
2026-09-27,BZG,LTN,2026-10-03,09:45,153.36,ok
2026-09-27,BZG,LTN,2026-10-04,,,unavailable
2026-09-27,BZG,LTN,2026-10-05,,,unavailable
2026-09-27,BZG,LTN,2026-10-06,21:20,74.00,ok
2026-09-27,BZG,LTN,2026-10-07,,,unavailable
2026-09-27,BZG,LTN,2026-10-08,20:10,74.00,ok
2026-09-27,BZG,LTN,2026-10-09,,,unavailable
2026-09-27,BZG,LTN,2026-10-10,09:45,162.05,ok
2026-09-27,BZG,LTN,2026-10-11,,,unavailable
2026-09-27,BZG,LTN,2026-10-12,,,unavailable
2026-09-27,BZG,LTN,2026-10-13,21:20,111.15,ok
2026-09-27,BZG,LTN,2026-10-14,,,unavailable
2026-09-27,BZG,LTN,2026-10-15,20:10,74.43,ok
2026-09-27,BZG,LTN,2026-10-16,,,unavailable
2026-09-27,BZG,LTN,2026-10-17,09:45,78.81,ok
2026-09-27,BZG,LTN,2026-10-18,,,unavailable
2026-09-27,BZG,LTN,2026-10-19,,,unavailable
2026-09-27,BZG,LTN,2026-10-20,21:20,74.00,ok
2026-09-27,BZG,LTN,2026-10-21,,,unavailable
2026-09-27,BZG,LTN,2026-10-22,20:10,111.15,ok
2026-09-27,BZG,LTN,2026-10-23,,,unavailable
2026-09-27,BZG,LTN,2026-10-24,09:45,111.15,ok
2026-09-27,BZG,LTN,2026-10-25,22:00,99.00,ok
2026-09-27,BZG,LTN,2026-10-26,,,unavailable
2026-09-27,BZG,LTN,2026-10-27,,,unavailable
2026-09-27,BZG,LTN,2026-10-28,,,unavailable
2026-09-27,BZG,LTN,2026-10-29,21:45,96.10,ok
2026-09-27,BZG,LTN,2026-10-30,,,unavailable
2026-09-27,BZG,LTN,2026-10-31,20:45,184.89,ok
2026-09-27,BZG,LTN,2026-11-01,22:00,318.66,ok
2026-09-27,BZG,LTN,2026-11-02,,,unavailable
2026-09-27,BZG,LTN,2026-11-03,,,unavailable
2026-09-27,BZG,LTN,2026-11-04,,,unavailable
2026-09-27,BZG,LTN,2026-11-05,21:45,103.29,ok
2026-09-27,BZG,LTN,2026-11-06,,,unavailable
2026-09-27,BZG,LTN,2026-11-07,20:45,188.33,ok
2026-09-27,BZG,LTN,2026-11-08,22:00,109.60,ok
2026-09-27,BZG,LTN,2026-11-09,,,unavailable
2026-09-27,BZG,LTN,2026-11-10,,,unavailable
2026-09-27,BZG,LTN,2026-11-11,,,unavailable
2026-09-27,BZG,LTN,2026-11-12,21:45,162.05,ok
2026-09-27,BZG,LTN,2026-11-13,,,unavailable
2026-09-27,BZG,LTN,2026-11-14,20:45,95.15,ok
2026-09-27,BZG,LTN,2026-11-15,22:00,148.06,ok
2026-09-27,BZG,LTN,2026-11-16,,,unavailable
2026-09-27,BZG,LTN,2026-11-17,,,unavailable
2026-09-27,BZG,LTN,2026-11-18,,,unavailable
2026-09-27,BZG,LTN,2026-11-19,21:45,87.00,ok
2026-09-27,BZG,LTN,2026-11-20,,,unavailable
2026-09-27,BZG,LTN,2026-11-21,20:45,135.76,ok
2026-09-27,BZG,LTN,2026-11-22,22:00,87.00,ok
2026-09-27,BZG,LTN,2026-11-23,,,unavailable
2026-09-27,BZG,LTN,2026-11-24,,,unavailable
2026-09-27,BZG,LTN,2026-11-25,,,unavailable
2026-09-27,BZG,LTN,2026-11-26,21:45,91.73,ok
2026-09-27,BZG,LTN,2026-11-27,,,unavailable
2026-09-27,BZG,LTN,2026-11-28,20:45,87.00,ok
2026-09-27,BZG,LTN,2026-11-29,22:00,135.76,ok
2026-09-27,BZG,LTN,2026-11-30,,,unavailable
2026-09-27,BZG,LTN,2026-12-01,,,unavailable
2026-09-27,BZG,LTN,2026-12-02,,,unavailable
2026-09-27,BZG,LTN,2026-12-03,21:45,87.00,ok
2026-09-27,BZG,LTN,2026-12-04,,,unavailable
2026-09-27,BZG,LTN,2026-12-05,20:45,70.05,ok
2026-09-27,BZG,LTN,2026-12-06,22:00,157.67,ok
2026-09-27,BZG,LTN,2026-12-07,,,unavailable
2026-09-27,BZG,LTN,2026-12-08,,,unavailable
2026-09-27,BZG,LTN,2026-12-09,,,unavailable
2026-09-27,BZG,LTN,2026-12-10,21:45,87.00,ok
2026-09-27,BZG,LTN,2026-12-11,,,unavailable
2026-09-27,BZG,LTN,2026-12-12,20:45,74.43,ok
2026-09-27,BZG,LTN,2026-12-13,22:00,122.62,ok
2026-09-27,BZG,LTN,2026-12-14,,,unavailable
2026-09-27,BZG,LTN,2026-12-15,,,unavailable
2026-09-27,BZG,LTN,2026-12-16,,,unavailable
2026-09-27,BZG,LTN,2026-12-17,21:45,166.43,ok
2026-09-27,BZG,LTN,2026-12-18,,,unavailable
2026-09-27,BZG,LTN,2026-12-19,20:45,214.62,ok
2026-09-27,BZG,LTN,2026-12-20,22:00,138.07,ok
2026-09-27,BZG,LTN,2026-12-21,,,unavailable
2026-09-27,BZG,LTN,2026-12-22,,,unavailable
2026-09-27,BZG,LTN,2026-12-23,,,unavailable
2026-09-27,BZG,LTN,2026-12-24,,,unavailable
2026-09-27,BZG,LTN,2026-12-25,,,unavailable
2026-09-27,BZG,LTN,2026-12-26,20:45,228.75,ok
2026-09-27,BZG,LTN,2026-12-27,22:00,398.62,ok
2026-09-27,BZG,LTN,2026-12-28,,,unavailable
2026-09-27,BZG,LTN,2026-12-29,,,unavailable
2026-09-27,BZG,LTN,2026-12-30,,,unavailable
2026-09-27,BZG,LTN,2026-12-31,21:45,311.00,ok
2026-09-27,BZG,LTN,2027-01-01,,,unavailable
2026-09-27,BZG,LTN,2027-01-02,20:45,626.42,ok
2026-09-27,BZG,LTN,2027-01-03,22:00,565.00,ok
2026-09-27,BZG,LTN,2027-01-04,,,unavailable
2026-09-27,BZG,LTN,2027-01-05,,,unavailable
2026-09-27,BZG,LTN,2027-01-06,,,unavailable
2026-09-27,BZG,LTN,2027-01-07,21:45,158.00,ok
2026-09-27,BZG,LTN,2027-01-08,,,unavailable
2026-09-27,BZG,LTN,2027-01-09,,,unavailable
2026-09-27,BZG,LTN,2027-01-10,22:00,132.00,ok
2026-09-27,BZG,LTN,2027-01-11,,,unavailable
2026-09-27,BZG,LTN,2027-01-12,,,unavailable
2026-09-27,BZG,LTN,2027-01-13,,,unavailable
2026-09-27,BZG,LTN,2027-01-14,21:45,219.00,ok
2026-09-27,BZG,LTN,2027-01-15,,,unavailable
2026-09-27,BZG,LTN,2027-01-16,,,unavailable
2026-09-27,BZG,LTN,2027-01-17,22:00,127.00,ok
2026-09-27,BZG,LTN,2027-01-18,,,unavailable
2026-09-27,BZG,LTN,2027-01-19,,,unavailable
2026-09-27,BZG,LTN,2027-01-20,,,unavailable
2026-09-27,BZG,LTN,2027-01-21,21:45,132.00,ok
2026-09-27,BZG,LTN,2027-01-22,,,unavailable
2026-09-27,BZG,LTN,2027-01-23,,,unavailable
2026-09-27,BZG,LTN,2027-01-24,22:00,132.00,ok
2026-09-27,BZG,LTN,2027-01-25,,,unavailable
2026-09-27,BZG,LTN,2027-01-26,,,unavailable
2026-09-27,BZG,LTN,2027-01-27,,,unavailable
2026-09-27,BZG,LTN,2027-01-28,21:45,96.34,ok
2026-09-27,BZG,LTN,2027-01-29,,,unavailable
2026-09-27,BZG,LTN,2027-01-30,,,unavailable
2026-09-27,BZG,LTN,2027-01-31,22:00,100.72,ok
2026-09-27,BZG,LTN,2027-02-01,,,unavailable
2026-09-27,BZG,LTN,2027-02-02,,,unavailable
2026-09-27,BZG,LTN,2027-02-03,,,unavailable
2026-09-27,BZG,LTN,2027-02-04,21:45,132.00,ok
2026-09-27,BZG,LTN,2027-02-05,,,unavailable
2026-09-27,BZG,LTN,2027-02-06,20:45,131.38,ok
2026-09-27,BZG,LTN,2027-02-07,22:00,187.00,ok
2026-09-27,BZG,LTN,2027-02-08,,,unavailable
2026-09-27,BZG,LTN,2027-02-09,,,unavailable
2026-09-27,BZG,LTN,2027-02-10,,,unavailable
2026-09-27,BZG,LTN,2027-02-11,21:45,131.38,ok
2026-09-27,BZG,LTN,2027-02-12,,,unavailable
2026-09-27,BZG,LTN,2027-02-13,20:45,140.14,ok
2026-09-27,BZG,LTN,2027-02-14,22:00,158.00,ok
2026-09-27,BZG,LTN,2027-02-15,,,unavailable
2026-09-27,BZG,LTN,2027-02-16,,,unavailable
2026-09-27,BZG,LTN,2027-02-17,,,unavailable
2026-09-27,BZG,LTN,2027-02-18,21:45,217.00,ok
2026-09-27,BZG,LTN,2027-02-19,,,unavailable
2026-09-27,BZG,LTN,2027-02-20,20:45,332.00,ok
2026-09-27,BZG,LTN,2027-02-21,22:00,157.67,ok
2026-09-27,BZG,LTN,2027-02-22,,,unavailable
2026-09-27,BZG,LTN,2027-02-23,,,unavailable
2026-09-27,BZG,LTN,2027-02-24,,,unavailable
2026-09-27,BZG,LTN,2027-02-25,21:45,158.00,ok
2026-09-27,BZG,LTN,2027-02-26,,,unavailable
2026-09-27,BZG,LTN,2027-02-27,20:45,201.48,ok
2026-09-27,BZG,LTN,2027-02-28,22:00,157.67,ok
2026-09-27,BZG,LTN,2027-03-01,,,unavailable
2026-09-27,BZG,LTN,2027-03-02,,,unavailable
2026-09-27,BZG,LTN,2027-03-03,,,unavailable
2026-09-27,BZG,LTN,2027-03-04,21:45,157.67,ok
2026-09-27,BZG,LTN,2027-03-05,,,unavailable
2026-09-27,BZG,LTN,2027-03-06,20:45,158.00,ok
2026-09-27,BZG,LTN,2027-03-07,22:00,158.00,ok
2026-09-27,BZG,LTN,2027-03-08,,,unavailable
2026-09-27,BZG,LTN,2027-03-09,,,unavailable
2026-09-27,BZG,LTN,2027-03-10,,,unavailable
2026-09-27,BZG,LTN,2027-03-11,21:45,158.00,ok
2026-09-27,BZG,LTN,2027-03-12,,,unavailable
2026-09-27,BZG,LTN,2027-03-13,20:45,131.38,ok
2026-09-27,BZG,LTN,2027-03-14,22:00,158.00,ok
2026-09-27,BZG,LTN,2027-03-15,,,unavailable
2026-09-27,BZG,LTN,2027-03-16,,,unavailable
2026-09-27,BZG,LTN,2027-03-17,,,unavailable
2026-09-27,BZG,LTN,2027-03-18,21:45,158.00,ok
2026-09-27,BZG,LTN,2027-03-19,,,unavailable
2026-09-27,BZG,LTN,2027-03-20,20:45,158.00,ok
2026-09-27,BZG,LTN,2027-03-21,22:00,158.00,ok
2026-09-27,BZG,LTN,2027-03-22,,,unavailable
2026-09-27,BZG,LTN,2027-03-23,,,unavailable
2026-09-27,BZG,LTN,2027-03-24,,,unavailable
2026-09-27,BZG,LTN,2027-03-25,21:45,332.90,ok
2026-09-27,BZG,LTN,2027-03-26,,,unavailable
2026-09-27,BZG,LTN,2027-03-27,20:45,187.00,ok
2026-09-27,BZG,LTN,2027-03-28,10:05,289.00,ok
2026-09-27,BZG,LTN,2027-03-29,,,unavailable
2026-09-27,BZG,LTN,2027-03-30,,,unavailable
2026-09-27,BZG,LTN,2027-03-31,21:30,841.00,ok
2026-09-27,BZG,LTN,2027-04-01,,,unavailable
2026-09-27,BZG,LTN,2027-04-02,09:55,518.38,ok
2026-09-27,BZG,LTN,2027-04-03,,,unavailable
2026-09-27,BZG,LTN,2027-04-04,10:05,629.38,ok
2026-09-27,BZG,LTN,2027-04-05,,,unavailable
2026-09-27,BZG,LTN,2027-04-06,,,unavailable
2026-09-27,BZG,LTN,2027-04-07,21:30,569.38,ok
2026-09-27,BZG,LTN,2027-04-08,,,unavailable
2026-09-27,BZG,LTN,2027-04-09,09:55,569.38,ok
2026-09-27,BZG,LTN,2027-04-10,,,unavailable
2026-09-27,BZG,LTN,2027-04-11,10:05,692.38,ok
2026-09-27,BZG,LTN,2027-04-12,,,unavailable
2026-09-27,BZG,LTN,2027-04-13,,,unavailable
2026-09-27,BZG,LTN,2027-04-14,21:30,378.00,ok
2026-09-27,BZG,LTN,2027-04-15,,,unavailable
2026-09-27,BZG,LTN,2027-04-16,09:55,289.00,ok
2026-09-27,BZG,LTN,2027-04-17,,,unavailable
2026-09-27,BZG,LTN,2027-04-18,10:05,289.00,ok
2026-09-27,BZG,LTN,2027-04-19,,,unavailable
2026-09-27,BZG,LTN,2027-04-20,,,unavailable
2026-09-27,BZG,LTN,2027-04-21,21:30,251.00,ok
2026-09-27,BZG,LTN,2027-04-22,,,unavailable
2026-09-27,BZG,LTN,2027-04-23,09:55,251.00,ok
2026-09-27,BZG,LTN,2027-04-24,,,unavailable
2026-09-27,BZG,LTN,2027-04-25,10:05,251.00,ok
2026-09-27,BZG,LTN,2027-04-26,,,unavailable
2026-09-27,BZG,LTN,2027-04-27,,,unavailable
2026-09-27,BZG,LTN,2027-04-28,21:30,251.00,ok
2026-09-27,BZG,LTN,2027-04-29,,,unavailable
2026-09-27,BZG,LTN,2027-04-30,09:55,289.00,ok
2026-09-27,BZG,LTN,2027-05-01,,,unavailable
2026-09-27,BZG,LTN,2027-05-02,10:05,251.00,ok
2026-09-27,BZG,LTN,2027-05-03,,,unavailable
2026-09-27,BZG,LTN,2027-05-04,,,unavailable
2026-09-27,BZG,LTN,2027-05-05,21:30,289.00,ok
2026-09-27,BZG,LTN,2027-05-06,,,unavailable
2026-09-27,BZG,LTN,2027-05-07,09:55,251.00,ok
2026-09-27,BZG,LTN,2027-05-08,,,unavailable
2026-09-27,BZG,LTN,2027-05-09,10:05,332.00,ok
2026-09-27,BZG,LTN,2027-05-10,,,unavailable
2026-09-27,BZG,LTN,2027-05-11,,,unavailable
2026-09-27,BZG,LTN,2027-05-12,21:30,251.00,ok
2026-09-27,BZG,LTN,2027-05-13,,,unavailable
2026-09-27,BZG,LTN,2027-05-14,09:55,251.00,ok
2026-09-27,BZG,LTN,2027-05-15,,,unavailable
2026-09-27,BZG,LTN,2027-05-16,10:05,251.00,ok
2026-09-27,BZG,LTN,2027-05-17,,,unavailable
2026-09-27,BZG,LTN,2027-05-18,,,unavailable
2026-09-27,BZG,LTN,2027-05-19,21:30,251.00,ok
2026-09-27,BZG,LTN,2027-05-20,,,unavailable
2026-09-27,BZG,LTN,2027-05-21,09:55,251.00,ok
2026-09-27,BZG,LTN,2027-05-22,,,unavailable
2026-09-27,BZG,LTN,2027-05-23,10:05,251.00,ok
2026-09-27,BZG,LTN,2027-05-24,,,unavailable
2026-09-27,BZG,LTN,2027-05-25,,,unavailable
2026-09-27,BZG,LTN,2027-05-26,21:30,255.38,ok
2026-09-27,BZG,LTN,2027-05-27,,,unavailable
2026-09-27,BZG,LTN,2027-05-28,09:55,336.38,ok
2026-09-27,BZG,LTN,2027-05-29,,,unavailable
2026-09-27,BZG,LTN,2027-05-30,10:05,518.38,ok
2026-09-27,BZG,LTN,2027-05-31,,,unavailable
2026-09-27,BZG,LTN,2027-06-01,,,unavailable
2026-09-27,BZG,LTN,2027-06-02,21:30,421.00,ok
2026-09-27,BZG,LTN,2027-06-03,,,unavailable
2026-09-27,BZG,LTN,2027-06-04,09:55,293.38,ok
2026-09-27,BZG,LTN,2027-06-05,,,unavailable
2026-09-27,BZG,LTN,2027-06-06,10:05,255.38,ok
2026-09-27,BZG,LTN,2027-06-07,,,unavailable
2026-09-27,BZG,LTN,2027-06-08,,,unavailable
2026-09-27,BZG,LTN,2027-06-09,21:30,255.38,ok
2026-09-27,BZG,LTN,2027-06-10,,,unavailable
2026-09-27,BZG,LTN,2027-06-11,09:55,251.00,ok
2026-09-27,BZG,LTN,2027-06-12,,,unavailable
2026-09-27,BZG,LTN,2027-06-13,10:05,255.38,ok
2026-09-27,BZG,LTN,2027-06-14,,,unavailable
2026-09-27,BZG,LTN,2027-06-15,,,unavailable
2026-09-27,BZG,LTN,2027-06-16,21:30,251.00,ok
2026-09-27,BZG,LTN,2027-06-17,,,unavailable
2026-09-27,BZG,LTN,2027-06-18,09:55,251.00,ok
2026-09-27,BZG,LTN,2027-06-19,,,unavailable
2026-09-27,BZG,LTN,2027-06-20,10:05,255.38,ok
2026-09-27,BZG,LTN,2027-06-21,,,unavailable
2026-09-27,BZG,LTN,2027-06-22,,,unavailable
2026-09-27,BZG,LTN,2027-06-23,21:30,251.00,ok
2026-09-27,BZG,LTN,2027-06-24,,,unavailable
2026-09-27,BZG,LTN,2027-06-25,09:55,255.38,ok
2026-09-27,BZG,LTN,2027-06-26,,,unavailable
2026-09-27,BZG,LTN,2027-06-27,10:05,336.38,ok
2026-09-27,BZG,LTN,2027-06-28,,,unavailable
2026-09-27,BZG,LTN,2027-06-29,,,unavailable
2026-09-27,BZG,LTN,2027-06-30,21:30,251.00,ok
2026-09-27,BZG,LTN,2027-07-01,,,unavailable
2026-09-27,BZG,LTN,2027-07-02,09:55,251.00,ok
2026-09-27,BZG,LTN,2027-07-03,,,unavailable
2026-09-27,BZG,LTN,2027-07-04,10:05,251.00,ok
2026-09-27,BZG,LTN,2027-07-05,,,unavailable
2026-09-27,BZG,LTN,2027-07-06,,,unavailable
2026-09-27,BZG,LTN,2027-07-07,21:30,251.00,ok
2026-09-27,BZG,LTN,2027-07-08,,,unavailable
2026-09-27,BZG,LTN,2027-07-09,09:55,251.00,ok
2026-09-27,BZG,LTN,2027-07-10,,,unavailable
2026-09-27,BZG,LTN,2027-07-11,10:05,251.00,ok
2026-09-27,BZG,LTN,2027-07-12,,,unavailable
2026-09-27,BZG,LTN,2027-07-13,,,unavailable
2026-09-27,BZG,LTN,2027-07-14,21:30,251.00,ok
2026-09-27,BZG,LTN,2027-07-15,,,unavailable
2026-09-27,BZG,LTN,2027-07-16,09:55,251.00,ok
2026-09-27,BZG,LTN,2027-07-17,,,unavailable
2026-09-27,BZG,LTN,2027-07-18,10:05,251.00,ok
2026-09-27,BZG,LTN,2027-07-19,,,unavailable
2026-09-27,BZG,LTN,2027-07-20,,,unavailable
2026-09-27,BZG,LTN,2027-07-21,21:30,251.00,ok
2026-09-27,BZG,LTN,2027-07-22,,,unavailable
2026-09-27,BZG,LTN,2027-07-23,09:55,251.00,ok
2026-09-27,BZG,LTN,2027-07-24,,,unavailable
2026-09-27,BZG,LTN,2027-07-25,10:05,251.00,ok
2026-09-27,BZG,LTN,2027-07-26,,,unavailable
2026-09-27,BZG,LTN,2027-07-27,,,unavailable
2026-09-27,BZG,LTN,2027-07-28,21:30,251.00,ok
2026-09-27,BZG,LTN,2027-07-29,,,unavailable
2026-09-27,BZG,LTN,2027-07-30,09:55,251.00,ok
2026-09-27,BZG,LTN,2027-07-31,,,unavailable
2026-09-27,BZG,LTN,2027-08-01,10:05,332.00,ok
2026-09-27,BZG,LTN,2027-08-02,,,unavailable
2026-09-27,BZG,LTN,2027-08-03,,,unavailable
2026-09-27,BZG,LTN,2027-08-04,21:30,251.00,ok
2026-09-27,BZG,LTN,2027-08-05,,,unavailable
2026-09-27,BZG,LTN,2027-08-06,09:55,289.00,ok
2026-09-27,BZG,LTN,2027-08-07,,,unavailable
2026-09-27,BZG,LTN,2027-08-08,10:05,514.00,ok
2026-09-27,BZG,LTN,2027-08-09,,,unavailable
2026-09-27,BZG,LTN,2027-08-10,,,unavailable
2026-09-27,BZG,LTN,2027-08-11,21:30,514.00,ok
2026-09-27,BZG,LTN,2027-08-12,,,unavailable
2026-09-27,BZG,LTN,2027-08-13,09:55,514.00,ok
2026-09-27,BZG,LTN,2027-08-14,,,unavailable
2026-09-27,BZG,LTN,2027-08-15,10:05,688.00,ok
2026-09-27,BZG,LTN,2027-08-16,,,unavailable
2026-09-27,BZG,LTN,2027-08-17,,,unavailable
2026-09-27,BZG,LTN,2027-08-18,21:30,625.00,ok
2026-09-27,BZG,LTN,2027-08-19,,,unavailable
2026-09-27,BZG,LTN,2027-08-20,09:55,688.00,ok
2026-09-27,BZG,LTN,2027-08-21,,,unavailable
2026-09-27,BZG,LTN,2027-08-22,10:05,841.00,ok
2026-09-27,BZG,LTN,2027-08-23,,,unavailable
2026-09-27,BZG,LTN,2027-08-24,,,unavailable
2026-09-27,BZG,LTN,2027-08-25,21:30,841.00,ok
2026-09-27,BZG,LTN,2027-08-26,,,unavailable
2026-09-27,BZG,LTN,2027-08-27,09:55,930.00,ok
2026-09-27,BZG,LTN,2027-08-28,,,unavailable
2026-09-27,BZG,LTN,2027-08-29,10:05,841.00,ok
2026-09-27,BZG,LTN,2027-08-30,,,unavailable
2026-09-27,BZG,LTN,2027-08-31,,,unavailable
2026-09-27,LTN,BZG,2026-09-27,,,unavailable
2026-09-27,LTN,BZG,2026-09-28,,,unavailable
2026-09-27,LTN,BZG,2026-09-29,17:40,97.51,ok
2026-09-27,LTN,BZG,2026-09-30,,,unavailable
2026-09-27,LTN,BZG,2026-10-01,16:30,159.01,ok
2026-09-27,LTN,BZG,2026-10-02,,,unavailable
2026-09-27,LTN,BZG,2026-10-03,06:15,183.19,ok
2026-09-27,LTN,BZG,2026-10-04,,,unavailable
2026-09-27,LTN,BZG,2026-10-05,,,unavailable
2026-09-27,LTN,BZG,2026-10-06,17:40,74.00,ok
2026-09-27,LTN,BZG,2026-10-07,,,unavailable
2026-09-27,LTN,BZG,2026-10-08,16:30,74.00,ok
2026-09-27,LTN,BZG,2026-10-09,,,unavailable
2026-09-27,LTN,BZG,2026-10-10,06:15,96.10,ok
2026-09-27,LTN,BZG,2026-10-11,,,unavailable
2026-09-27,LTN,BZG,2026-10-12,,,unavailable
2026-09-27,LTN,BZG,2026-10-13,17:40,91.83,ok
2026-09-27,LTN,BZG,2026-10-14,,,unavailable
2026-09-27,LTN,BZG,2026-10-15,16:30,111.15,ok
2026-09-27,LTN,BZG,2026-10-16,,,unavailable
2026-09-27,LTN,BZG,2026-10-17,06:15,274.81,ok
2026-09-27,LTN,BZG,2026-10-18,,,unavailable
2026-09-27,LTN,BZG,2026-10-19,,,unavailable
2026-09-27,LTN,BZG,2026-10-20,17:40,203.55,ok
2026-09-27,LTN,BZG,2026-10-21,,,unavailable
2026-09-27,LTN,BZG,2026-10-22,16:30,279.90,ok
2026-09-27,LTN,BZG,2026-10-23,,,unavailable
2026-09-27,LTN,BZG,2026-10-24,06:15,391.01,ok
2026-09-27,LTN,BZG,2026-10-25,18:25,284.99,ok
2026-09-27,LTN,BZG,2026-10-26,,,unavailable
2026-09-27,LTN,BZG,2026-10-27,,,unavailable
2026-09-27,LTN,BZG,2026-10-28,,,unavailable
2026-09-27,LTN,BZG,2026-10-29,18:10,99.00,ok
2026-09-27,LTN,BZG,2026-10-30,,,unavailable
2026-09-27,LTN,BZG,2026-10-31,17:10,108.08,ok
2026-09-27,LTN,BZG,2026-11-01,18:25,99.96,ok
2026-09-27,LTN,BZG,2026-11-02,,,unavailable
2026-09-27,LTN,BZG,2026-11-03,,,unavailable
2026-09-27,LTN,BZG,2026-11-04,,,unavailable
2026-09-27,LTN,BZG,2026-11-05,18:10,142.47,ok
2026-09-27,LTN,BZG,2026-11-06,,,unavailable
2026-09-27,LTN,BZG,2026-11-07,17:10,89.63,ok
2026-09-27,LTN,BZG,2026-11-08,18:25,89.58,ok
2026-09-27,LTN,BZG,2026-11-09,,,unavailable
2026-09-27,LTN,BZG,2026-11-10,,,unavailable
2026-09-27,LTN,BZG,2026-11-11,,,unavailable
2026-09-27,LTN,BZG,2026-11-12,18:10,234.09,ok
2026-09-27,LTN,BZG,2026-11-13,,,unavailable
2026-09-27,LTN,BZG,2026-11-14,17:10,89.58,ok
2026-09-27,LTN,BZG,2026-11-15,18:25,91.51,ok
2026-09-27,LTN,BZG,2026-11-16,,,unavailable
2026-09-27,LTN,BZG,2026-11-17,,,unavailable
2026-09-27,LTN,BZG,2026-11-18,,,unavailable
2026-09-27,LTN,BZG,2026-11-19,18:10,87.00,ok
2026-09-27,LTN,BZG,2026-11-20,,,unavailable
2026-09-27,LTN,BZG,2026-11-21,17:10,87.00,ok
2026-09-27,LTN,BZG,2026-11-22,18:25,87.00,ok
2026-09-27,LTN,BZG,2026-11-23,,,unavailable
2026-09-27,LTN,BZG,2026-11-24,,,unavailable
2026-09-27,LTN,BZG,2026-11-25,,,unavailable
2026-09-27,LTN,BZG,2026-11-26,18:10,203.55,ok
2026-09-27,LTN,BZG,2026-11-27,,,unavailable
2026-09-27,LTN,BZG,2026-11-28,17:10,87.00,ok
2026-09-27,LTN,BZG,2026-11-29,18:25,101.75,ok
2026-09-27,LTN,BZG,2026-11-30,,,unavailable
2026-09-27,LTN,BZG,2026-12-01,,,unavailable
2026-09-27,LTN,BZG,2026-12-02,,,unavailable
2026-09-27,LTN,BZG,2026-12-03,18:10,259.54,ok
2026-09-27,LTN,BZG,2026-12-04,,,unavailable
2026-09-27,LTN,BZG,2026-12-05,17:10,91.57,ok
2026-09-27,LTN,BZG,2026-12-06,18:25,227.78,ok
2026-09-27,LTN,BZG,2026-12-07,,,unavailable
2026-09-27,LTN,BZG,2026-12-08,,,unavailable
2026-09-27,LTN,BZG,2026-12-09,,,unavailable
2026-09-27,LTN,BZG,2026-12-10,18:10,366.42,ok
2026-09-27,LTN,BZG,2026-12-11,,,unavailable
2026-09-27,LTN,BZG,2026-12-12,17:10,236.32,ok
2026-09-27,LTN,BZG,2026-12-13,18:25,203.34,ok
2026-09-27,LTN,BZG,2026-12-14,,,unavailable
2026-09-27,LTN,BZG,2026-12-15,,,unavailable
2026-09-27,LTN,BZG,2026-12-16,,,unavailable
2026-09-27,LTN,BZG,2026-12-17,18:10,508.94,ok
2026-09-27,LTN,BZG,2026-12-18,,,unavailable
2026-09-27,LTN,BZG,2026-12-19,17:10,588.77,ok
2026-09-27,LTN,BZG,2026-12-20,18:25,485.26,ok
2026-09-27,LTN,BZG,2026-12-21,,,unavailable
2026-09-27,LTN,BZG,2026-12-22,,,unavailable
2026-09-27,LTN,BZG,2026-12-23,,,unavailable
2026-09-27,LTN,BZG,2026-12-24,,,unavailable
2026-09-27,LTN,BZG,2026-12-25,,,unavailable
2026-09-27,LTN,BZG,2026-12-26,17:10,288.15,ok
2026-09-27,LTN,BZG,2026-12-27,18:25,212.71,ok
2026-09-27,LTN,BZG,2026-12-28,,,unavailable
2026-09-27,LTN,BZG,2026-12-29,,,unavailable
2026-09-27,LTN,BZG,2026-12-30,,,unavailable
2026-09-27,LTN,BZG,2026-12-31,18:10,178.10,ok
2026-09-27,LTN,BZG,2027-01-01,,,unavailable
2026-09-27,LTN,BZG,2027-01-02,17:10,217.00,ok
2026-09-27,LTN,BZG,2027-01-03,18:25,111.00,ok
2026-09-27,LTN,BZG,2027-01-04,,,unavailable
2026-09-27,LTN,BZG,2027-01-05,,,unavailable
2026-09-27,LTN,BZG,2027-01-06,,,unavailable
2026-09-27,LTN,BZG,2027-01-07,18:10,162.83,ok
2026-09-27,LTN,BZG,2027-01-08,,,unavailable
2026-09-27,LTN,BZG,2027-01-09,,,unavailable
2026-09-27,LTN,BZG,2027-01-10,18:25,111.93,ok
2026-09-27,LTN,BZG,2027-01-11,,,unavailable
2026-09-27,LTN,BZG,2027-01-12,,,unavailable
2026-09-27,LTN,BZG,2027-01-13,,,unavailable
2026-09-27,LTN,BZG,2027-01-14,18:10,111.00,ok
2026-09-27,LTN,BZG,2027-01-15,,,unavailable
2026-09-27,LTN,BZG,2027-01-16,,,unavailable
2026-09-27,LTN,BZG,2027-01-17,18:25,111.93,ok
2026-09-27,LTN,BZG,2027-01-18,,,unavailable
2026-09-27,LTN,BZG,2027-01-19,,,unavailable
2026-09-27,LTN,BZG,2027-01-20,,,unavailable
2026-09-27,LTN,BZG,2027-01-21,18:10,157.74,ok
2026-09-27,LTN,BZG,2027-01-22,,,unavailable
2026-09-27,LTN,BZG,2027-01-23,,,unavailable
2026-09-27,LTN,BZG,2027-01-24,18:25,132.00,ok
2026-09-27,LTN,BZG,2027-01-25,,,unavailable
2026-09-27,LTN,BZG,2027-01-26,,,unavailable
2026-09-27,LTN,BZG,2027-01-27,,,unavailable
2026-09-27,LTN,BZG,2027-01-28,18:10,132.00,ok
2026-09-27,LTN,BZG,2027-01-29,,,unavailable
2026-09-27,LTN,BZG,2027-01-30,,,unavailable
2026-09-27,LTN,BZG,2027-01-31,18:25,111.93,ok
2026-09-27,LTN,BZG,2027-02-01,,,unavailable
2026-09-27,LTN,BZG,2027-02-02,,,unavailable
2026-09-27,LTN,BZG,2027-02-03,,,unavailable
2026-09-27,LTN,BZG,2027-02-04,18:10,198.46,ok
2026-09-27,LTN,BZG,2027-02-05,,,unavailable
2026-09-27,LTN,BZG,2027-02-06,17:10,142.47,ok
2026-09-27,LTN,BZG,2027-02-07,18:25,127.20,ok
2026-09-27,LTN,BZG,2027-02-08,,,unavailable
2026-09-27,LTN,BZG,2027-02-09,,,unavailable
2026-09-27,LTN,BZG,2027-02-10,,,unavailable
2026-09-27,LTN,BZG,2027-02-11,18:10,178.10,ok
2026-09-27,LTN,BZG,2027-02-12,,,unavailable
2026-09-27,LTN,BZG,2027-02-13,17:10,332.00,ok
2026-09-27,LTN,BZG,2027-02-14,18:25,412.23,ok
2026-09-27,LTN,BZG,2027-02-15,,,unavailable
2026-09-27,LTN,BZG,2027-02-16,,,unavailable
2026-09-27,LTN,BZG,2027-02-17,,,unavailable
2026-09-27,LTN,BZG,2027-02-18,18:10,187.00,ok
2026-09-27,LTN,BZG,2027-02-19,,,unavailable
2026-09-27,LTN,BZG,2027-02-20,17:10,158.00,ok
2026-09-27,LTN,BZG,2027-02-21,18:25,356.24,ok
2026-09-27,LTN,BZG,2027-02-22,,,unavailable
2026-09-27,LTN,BZG,2027-02-23,,,unavailable
2026-09-27,LTN,BZG,2027-02-24,,,unavailable
2026-09-27,LTN,BZG,2027-02-25,18:10,158.00,ok
2026-09-27,LTN,BZG,2027-02-26,,,unavailable
2026-09-27,LTN,BZG,2027-02-27,17:10,167.92,ok
2026-09-27,LTN,BZG,2027-02-28,18:25,407.14,ok
2026-09-27,LTN,BZG,2027-03-01,,,unavailable
2026-09-27,LTN,BZG,2027-03-02,,,unavailable
2026-09-27,LTN,BZG,2027-03-03,,,unavailable
2026-09-27,LTN,BZG,2027-03-04,18:10,158.00,ok
2026-09-27,LTN,BZG,2027-03-05,,,unavailable
2026-09-27,LTN,BZG,2027-03-06,17:10,158.00,ok
2026-09-27,LTN,BZG,2027-03-07,18:25,147.56,ok
2026-09-27,LTN,BZG,2027-03-08,,,unavailable
2026-09-27,LTN,BZG,2027-03-09,,,unavailable
2026-09-27,LTN,BZG,2027-03-10,,,unavailable
2026-09-27,LTN,BZG,2027-03-11,18:10,158.00,ok
2026-09-27,LTN,BZG,2027-03-12,,,unavailable
2026-09-27,LTN,BZG,2027-03-13,17:10,158.00,ok
2026-09-27,LTN,BZG,2027-03-14,18:25,158.00,ok
2026-09-27,LTN,BZG,2027-03-15,,,unavailable
2026-09-27,LTN,BZG,2027-03-16,,,unavailable
2026-09-27,LTN,BZG,2027-03-17,,,unavailable
2026-09-27,LTN,BZG,2027-03-18,18:10,251.00,ok
2026-09-27,LTN,BZG,2027-03-19,,,unavailable
2026-09-27,LTN,BZG,2027-03-20,17:10,378.00,ok
2026-09-27,LTN,BZG,2027-03-21,18:25,483.49,ok
2026-09-27,LTN,BZG,2027-03-22,,,unavailable
2026-09-27,LTN,BZG,2027-03-23,,,unavailable
2026-09-27,LTN,BZG,2027-03-24,,,unavailable
2026-09-27,LTN,BZG,2027-03-25,18:10,332.00,ok
2026-09-27,LTN,BZG,2027-03-26,,,unavailable
2026-09-27,LTN,BZG,2027-03-27,17:10,289.00,ok
2026-09-27,LTN,BZG,2027-03-28,06:30,468.00,ok
2026-09-27,LTN,BZG,2027-03-29,,,unavailable
2026-09-27,LTN,BZG,2027-03-30,,,unavailable
2026-09-27,LTN,BZG,2027-03-31,17:55,251.00,ok
2026-09-27,LTN,BZG,2027-04-01,,,unavailable
2026-09-27,LTN,BZG,2027-04-02,06:20,255.38,ok
2026-09-27,LTN,BZG,2027-04-03,,,unavailable
2026-09-27,LTN,BZG,2027-04-04,06:30,255.38,ok
2026-09-27,LTN,BZG,2027-04-05,,,unavailable
2026-09-27,LTN,BZG,2027-04-06,,,unavailable
2026-09-27,LTN,BZG,2027-04-07,17:55,293.38,ok
2026-09-27,LTN,BZG,2027-04-08,,,unavailable
2026-09-27,LTN,BZG,2027-04-09,06:20,255.38,ok
2026-09-27,LTN,BZG,2027-04-10,,,unavailable
2026-09-27,LTN,BZG,2027-04-11,06:30,255.38,ok
2026-09-27,LTN,BZG,2027-04-12,,,unavailable
2026-09-27,LTN,BZG,2027-04-13,,,unavailable
2026-09-27,LTN,BZG,2027-04-14,17:55,251.00,ok
2026-09-27,LTN,BZG,2027-04-15,,,unavailable
2026-09-27,LTN,BZG,2027-04-16,06:20,251.00,ok
2026-09-27,LTN,BZG,2027-04-17,,,unavailable
2026-09-27,LTN,BZG,2027-04-18,06:30,251.00,ok
2026-09-27,LTN,BZG,2027-04-19,,,unavailable
2026-09-27,LTN,BZG,2027-04-20,,,unavailable
2026-09-27,LTN,BZG,2027-04-21,17:55,251.00,ok
2026-09-27,LTN,BZG,2027-04-22,,,unavailable
2026-09-27,LTN,BZG,2027-04-23,06:20,251.00,ok
2026-09-27,LTN,BZG,2027-04-24,,,unavailable
2026-09-27,LTN,BZG,2027-04-25,06:30,251.00,ok
2026-09-27,LTN,BZG,2027-04-26,,,unavailable
2026-09-27,LTN,BZG,2027-04-27,,,unavailable
2026-09-27,LTN,BZG,2027-04-28,17:55,251.00,ok
2026-09-27,LTN,BZG,2027-04-29,,,unavailable
2026-09-27,LTN,BZG,2027-04-30,06:20,289.00,ok
2026-09-27,LTN,BZG,2027-05-01,,,unavailable
2026-09-27,LTN,BZG,2027-05-02,06:30,378.00,ok
2026-09-27,LTN,BZG,2027-05-03,,,unavailable
2026-09-27,LTN,BZG,2027-05-04,,,unavailable
2026-09-27,LTN,BZG,2027-05-05,17:55,289.00,ok
2026-09-27,LTN,BZG,2027-05-06,,,unavailable
2026-09-27,LTN,BZG,2027-05-07,06:20,289.00,ok
2026-09-27,LTN,BZG,2027-05-08,,,unavailable
2026-09-27,LTN,BZG,2027-05-09,06:30,332.00,ok
2026-09-27,LTN,BZG,2027-05-10,,,unavailable
2026-09-27,LTN,BZG,2027-05-11,,,unavailable
2026-09-27,LTN,BZG,2027-05-12,17:55,251.00,ok
2026-09-27,LTN,BZG,2027-05-13,,,unavailable
2026-09-27,LTN,BZG,2027-05-14,06:20,332.00,ok
2026-09-27,LTN,BZG,2027-05-15,,,unavailable
2026-09-27,LTN,BZG,2027-05-16,06:30,332.00,ok
2026-09-27,LTN,BZG,2027-05-17,,,unavailable
2026-09-27,LTN,BZG,2027-05-18,,,unavailable
2026-09-27,LTN,BZG,2027-05-19,17:55,332.00,ok
2026-09-27,LTN,BZG,2027-05-20,,,unavailable
2026-09-27,LTN,BZG,2027-05-21,06:20,468.00,ok
2026-09-27,LTN,BZG,2027-05-22,,,unavailable
2026-09-27,LTN,BZG,2027-05-23,06:30,625.00,ok
2026-09-27,LTN,BZG,2027-05-24,,,unavailable
2026-09-27,LTN,BZG,2027-05-25,,,unavailable
2026-09-27,LTN,BZG,2027-05-26,17:55,336.38,ok
2026-09-27,LTN,BZG,2027-05-27,,,unavailable
2026-09-27,LTN,BZG,2027-05-28,06:20,255.38,ok
2026-09-27,LTN,BZG,2027-05-29,,,unavailable
2026-09-27,LTN,BZG,2027-05-30,06:30,255.38,ok
2026-09-27,LTN,BZG,2027-05-31,,,unavailable
2026-09-27,LTN,BZG,2027-06-01,,,unavailable
2026-09-27,LTN,BZG,2027-06-02,17:55,251.00,ok
2026-09-27,LTN,BZG,2027-06-03,,,unavailable
2026-09-27,LTN,BZG,2027-06-04,06:20,255.38,ok
2026-09-27,LTN,BZG,2027-06-05,,,unavailable
2026-09-27,LTN,BZG,2027-06-06,06:30,255.38,ok
2026-09-27,LTN,BZG,2027-06-07,,,unavailable
2026-09-27,LTN,BZG,2027-06-08,,,unavailable
2026-09-27,LTN,BZG,2027-06-09,17:55,255.38,ok
2026-09-27,LTN,BZG,2027-06-10,,,unavailable
2026-09-27,LTN,BZG,2027-06-11,06:20,251.00,ok
2026-09-27,LTN,BZG,2027-06-12,,,unavailable
2026-09-27,LTN,BZG,2027-06-13,06:30,255.38,ok
2026-09-27,LTN,BZG,2027-06-14,,,unavailable
2026-09-27,LTN,BZG,2027-06-15,,,unavailable
2026-09-27,LTN,BZG,2027-06-16,17:55,251.00,ok
2026-09-27,LTN,BZG,2027-06-17,,,unavailable
2026-09-27,LTN,BZG,2027-06-18,06:20,289.00,ok
2026-09-27,LTN,BZG,2027-06-19,,,unavailable
2026-09-27,LTN,BZG,2027-06-20,06:30,293.38,ok
2026-09-27,LTN,BZG,2027-06-21,,,unavailable
2026-09-27,LTN,BZG,2027-06-22,,,unavailable
2026-09-27,LTN,BZG,2027-06-23,17:55,251.00,ok
2026-09-27,LTN,BZG,2027-06-24,,,unavailable
2026-09-27,LTN,BZG,2027-06-25,06:20,336.38,ok
2026-09-27,LTN,BZG,2027-06-26,,,unavailable
2026-09-27,LTN,BZG,2027-06-27,06:30,293.38,ok
2026-09-27,LTN,BZG,2027-06-28,,,unavailable
2026-09-27,LTN,BZG,2027-06-29,,,unavailable
2026-09-27,LTN,BZG,2027-06-30,17:55,289.00,ok
2026-09-27,LTN,BZG,2027-07-01,,,unavailable
2026-09-27,LTN,BZG,2027-07-02,06:20,332.00,ok
2026-09-27,LTN,BZG,2027-07-03,,,unavailable
2026-09-27,LTN,BZG,2027-07-04,06:30,421.00,ok
2026-09-27,LTN,BZG,2027-07-05,,,unavailable
2026-09-27,LTN,BZG,2027-07-06,,,unavailable
2026-09-27,LTN,BZG,2027-07-07,17:55,421.00,ok
2026-09-27,LTN,BZG,2027-07-08,,,unavailable
2026-09-27,LTN,BZG,2027-07-09,06:20,468.00,ok
2026-09-27,LTN,BZG,2027-07-10,,,unavailable
2026-09-27,LTN,BZG,2027-07-11,06:30,514.00,ok
2026-09-27,LTN,BZG,2027-07-12,,,unavailable
2026-09-27,LTN,BZG,2027-07-13,,,unavailable
2026-09-27,LTN,BZG,2027-07-14,17:55,565.00,ok
2026-09-27,LTN,BZG,2027-07-15,,,unavailable
2026-09-27,LTN,BZG,2027-07-16,06:20,688.00,ok
2026-09-27,LTN,BZG,2027-07-17,,,unavailable
2026-09-27,LTN,BZG,2027-07-18,06:30,841.00,ok
2026-09-27,LTN,BZG,2027-07-19,,,unavailable
2026-09-27,LTN,BZG,2027-07-20,,,unavailable
2026-09-27,LTN,BZG,2027-07-21,17:55,841.00,ok
2026-09-27,LTN,BZG,2027-07-22,,,unavailable
2026-09-27,LTN,BZG,2027-07-23,06:20,841.00,ok
2026-09-27,LTN,BZG,2027-07-24,,,unavailable
2026-09-27,LTN,BZG,2027-07-25,06:30,930.00,ok
2026-09-27,LTN,BZG,2027-07-26,,,unavailable
2026-09-27,LTN,BZG,2027-07-27,,,unavailable
2026-09-27,LTN,BZG,2027-07-28,17:55,688.00,ok
2026-09-27,LTN,BZG,2027-07-29,,,unavailable
2026-09-27,LTN,BZG,2027-07-30,06:20,761.00,ok
2026-09-27,LTN,BZG,2027-07-31,,,unavailable
2026-09-27,LTN,BZG,2027-08-01,06:30,761.00,ok
2026-09-27,LTN,BZG,2027-08-02,,,unavailable
2026-09-27,LTN,BZG,2027-08-03,,,unavailable
2026-09-27,LTN,BZG,2027-08-04,17:55,625.00,ok
2026-09-27,LTN,BZG,2027-08-05,,,unavailable
2026-09-27,LTN,BZG,2027-08-06,06:20,625.00,ok
2026-09-27,LTN,BZG,2027-08-07,,,unavailable
2026-09-27,LTN,BZG,2027-08-08,06:30,625.00,ok
2026-09-27,LTN,BZG,2027-08-09,,,unavailable
2026-09-27,LTN,BZG,2027-08-10,,,unavailable
2026-09-27,LTN,BZG,2027-08-11,17:55,514.00,ok
2026-09-27,LTN,BZG,2027-08-12,,,unavailable
2026-09-27,LTN,BZG,2027-08-13,06:20,468.00,ok
2026-09-27,LTN,BZG,2027-08-14,,,unavailable
2026-09-27,LTN,BZG,2027-08-15,06:30,514.00,ok
2026-09-27,LTN,BZG,2027-08-16,,,unavailable
2026-09-27,LTN,BZG,2027-08-17,,,unavailable
2026-09-27,LTN,BZG,2027-08-18,17:55,378.00,ok
2026-09-27,LTN,BZG,2027-08-19,,,unavailable
2026-09-27,LTN,BZG,2027-08-20,06:20,332.00,ok
2026-09-27,LTN,BZG,2027-08-21,,,unavailable
2026-09-27,LTN,BZG,2027-08-22,06:30,289.00,ok
2026-09-27,LTN,BZG,2027-08-23,,,unavailable
2026-09-27,LTN,BZG,2027-08-24,,,unavailable
2026-09-27,LTN,BZG,2027-08-25,17:55,251.00,ok
2026-09-27,LTN,BZG,2027-08-26,,,unavailable
2026-09-27,LTN,BZG,2027-08-27,06:20,251.00,ok
2026-09-27,LTN,BZG,2027-08-28,,,unavailable
2026-09-27,LTN,BZG,2027-08-29,06:30,251.00,ok
2026-09-27,LTN,BZG,2027-08-30,,,unavailable
2026-09-27,LTN,BZG,2027-08-31,,,unavailable
2026-09-27,BZG,STN,2026-09-27,18:25,882.53,ok
2026-09-27,BZG,STN,2026-09-28,,,unavailable
2026-09-27,BZG,STN,2026-09-29,21:35,91.96,ok
2026-09-27,BZG,STN,2026-09-30,,,unavailable
2026-09-27,BZG,STN,2026-10-01,22:15,153.29,ok
2026-09-27,BZG,STN,2026-10-02,,,unavailable
2026-09-27,BZG,STN,2026-10-03,10:15,122.62,ok
2026-09-27,BZG,STN,2026-10-04,18:25,629.38,ok
2026-09-27,BZG,STN,2026-10-05,,,unavailable
2026-09-27,BZG,STN,2026-10-06,21:35,87.57,ok
2026-09-27,BZG,STN,2026-10-07,,,unavailable
2026-09-27,BZG,STN,2026-10-08,22:15,74.00,ok
2026-09-27,BZG,STN,2026-10-09,,,unavailable
2026-09-27,BZG,STN,2026-10-10,10:15,109.48,ok
2026-09-27,BZG,STN,2026-10-11,18:25,635.19,ok
2026-09-27,BZG,STN,2026-10-12,,,unavailable
2026-09-27,BZG,STN,2026-10-13,21:35,74.00,ok
2026-09-27,BZG,STN,2026-10-14,,,unavailable
2026-09-27,BZG,STN,2026-10-15,22:15,74.00,ok
2026-09-27,BZG,STN,2026-10-16,,,unavailable
2026-09-27,BZG,STN,2026-10-17,10:15,65.67,ok
2026-09-27,BZG,STN,2026-10-18,18:25,166.43,ok
2026-09-27,BZG,STN,2026-10-19,,,unavailable
2026-09-27,BZG,STN,2026-10-20,21:35,65.67,ok
2026-09-27,BZG,STN,2026-10-21,,,unavailable
2026-09-27,BZG,STN,2026-10-22,22:15,74.00,ok
2026-09-27,BZG,STN,2026-10-23,,,unavailable
2026-09-27,BZG,STN,2026-10-24,10:15,107.47,ok
2026-09-27,BZG,STN,2026-10-25,,,unavailable
2026-09-27,BZG,STN,2026-10-26,11:15,99.00,ok
2026-09-27,BZG,STN,2026-10-27,21:15,90.82,ok
2026-09-27,BZG,STN,2026-10-28,21:55,138.83,ok
2026-09-27,BZG,STN,2026-10-29,14:40,184.89,ok
2026-09-27,BZG,STN,2026-10-30,20:45,225.72,ok
2026-09-27,BZG,STN,2026-10-31,22:55,299.03,ok
2026-09-27,BZG,STN,2026-11-01,,,unavailable
2026-09-27,BZG,STN,2026-11-02,11:15,603.03,ok
2026-09-27,BZG,STN,2026-11-03,,,unavailable
2026-09-27,BZG,STN,2026-11-04,21:55,124.64,ok
2026-09-27,BZG,STN,2026-11-05,,,unavailable
2026-09-27,BZG,STN,2026-11-06,20:45,135.74,ok
2026-09-27,BZG,STN,2026-11-07,22:55,205.86,ok
2026-09-27,BZG,STN,2026-11-08,,,unavailable
2026-09-27,BZG,STN,2026-11-09,11:15,161.44,ok
2026-09-27,BZG,STN,2026-11-10,,,unavailable
2026-09-27,BZG,STN,2026-11-11,21:55,144.53,ok
2026-09-27,BZG,STN,2026-11-12,,,unavailable
2026-09-27,BZG,STN,2026-11-13,20:45,144.53,ok
2026-09-27,BZG,STN,2026-11-14,22:55,87.00,ok
2026-09-27,BZG,STN,2026-11-15,,,unavailable
2026-09-27,BZG,STN,2026-11-16,11:15,175.19,ok
2026-09-27,BZG,STN,2026-11-17,,,unavailable
2026-09-27,BZG,STN,2026-11-18,21:55,135.76,ok
2026-09-27,BZG,STN,2026-11-19,,,unavailable
2026-09-27,BZG,STN,2026-11-20,20:45,131.38,ok
2026-09-27,BZG,STN,2026-11-21,22:55,65.67,ok
2026-09-27,BZG,STN,2026-11-22,,,unavailable
2026-09-27,BZG,STN,2026-11-23,11:15,183.95,ok
2026-09-27,BZG,STN,2026-11-24,,,unavailable
2026-09-27,BZG,STN,2026-11-25,21:55,175.19,ok
2026-09-27,BZG,STN,2026-11-26,,,unavailable
2026-09-27,BZG,STN,2026-11-27,20:45,157.67,ok
2026-09-27,BZG,STN,2026-11-28,22:55,96.34,ok
2026-09-27,BZG,STN,2026-11-29,,,unavailable
2026-09-27,BZG,STN,2026-11-30,11:15,170.81,ok
2026-09-27,BZG,STN,2026-12-01,,,unavailable
2026-09-27,BZG,STN,2026-12-02,21:55,102.33,ok
2026-09-27,BZG,STN,2026-12-03,,,unavailable
2026-09-27,BZG,STN,2026-12-04,20:45,153.29,ok
2026-09-27,BZG,STN,2026-12-05,22:55,65.67,ok
2026-09-27,BZG,STN,2026-12-06,,,unavailable
2026-09-27,BZG,STN,2026-12-07,11:15,87.00,ok
2026-09-27,BZG,STN,2026-12-08,,,unavailable
2026-09-27,BZG,STN,2026-12-09,21:55,87.00,ok
2026-09-27,BZG,STN,2026-12-10,,,unavailable
2026-09-27,BZG,STN,2026-12-11,20:45,100.72,ok
2026-09-27,BZG,STN,2026-12-12,22:55,87.57,ok
2026-09-27,BZG,STN,2026-12-13,,,unavailable
2026-09-27,BZG,STN,2026-12-14,11:15,74.43,ok
2026-09-27,BZG,STN,2026-12-15,,,unavailable
2026-09-27,BZG,STN,2026-12-16,21:55,122.62,ok
2026-09-27,BZG,STN,2026-12-17,14:40,87.00,ok
2026-09-27,BZG,STN,2026-12-18,20:45,236.52,ok
2026-09-27,BZG,STN,2026-12-19,22:55,188.33,ok
2026-09-27,BZG,STN,2026-12-20,,,unavailable
2026-09-27,BZG,STN,2026-12-21,11:15,197.10,ok
2026-09-27,BZG,STN,2026-12-22,22:00,153.29,ok
2026-09-27,BZG,STN,2026-12-23,21:55,205.86,ok
2026-09-27,BZG,STN,2026-12-24,14:40,143.02,ok
2026-09-27,BZG,STN,2026-12-25,,,unavailable
2026-09-27,BZG,STN,2026-12-26,22:55,262.81,ok
2026-09-27,BZG,STN,2026-12-27,,,unavailable
2026-09-27,BZG,STN,2026-12-28,11:15,556.33,ok
2026-09-27,BZG,STN,2026-12-29,22:00,268.15,ok
2026-09-27,BZG,STN,2026-12-30,21:55,350.43,ok
2026-09-27,BZG,STN,2026-12-31,14:40,407.38,ok
2026-09-27,BZG,STN,2027-01-01,20:45,481.86,ok
2026-09-27,BZG,STN,2027-01-02,22:55,685.46,ok
2026-09-27,BZG,STN,2027-01-03,,,unavailable
2026-09-27,BZG,STN,2027-01-04,11:15,438.05,ok
2026-09-27,BZG,STN,2027-01-05,,,unavailable
2026-09-27,BZG,STN,2027-01-06,21:55,289.00,ok
2026-09-27,BZG,STN,2027-01-07,14:40,350.43,ok
2026-09-27,BZG,STN,2027-01-08,,,unavailable
2026-09-27,BZG,STN,2027-01-09,22:55,240.91,ok
2026-09-27,BZG,STN,2027-01-10,,,unavailable
2026-09-27,BZG,STN,2027-01-11,11:15,157.67,ok
2026-09-27,BZG,STN,2027-01-12,,,unavailable
2026-09-27,BZG,STN,2027-01-13,,,unavailable
2026-09-27,BZG,STN,2027-01-14,14:40,144.27,ok
2026-09-27,BZG,STN,2027-01-15,,,unavailable
2026-09-27,BZG,STN,2027-01-16,22:55,135.76,ok
2026-09-27,BZG,STN,2027-01-17,,,unavailable
2026-09-27,BZG,STN,2027-01-18,11:15,132.00,ok
2026-09-27,BZG,STN,2027-01-19,,,unavailable
2026-09-27,BZG,STN,2027-01-20,,,unavailable
2026-09-27,BZG,STN,2027-01-21,14:40,166.43,ok
2026-09-27,BZG,STN,2027-01-22,,,unavailable
2026-09-27,BZG,STN,2027-01-23,22:55,140.14,ok
2026-09-27,BZG,STN,2027-01-24,,,unavailable
2026-09-27,BZG,STN,2027-01-25,11:15,132.00,ok
2026-09-27,BZG,STN,2027-01-26,,,unavailable
2026-09-27,BZG,STN,2027-01-27,,,unavailable
2026-09-27,BZG,STN,2027-01-28,14:40,96.34,ok
2026-09-27,BZG,STN,2027-01-29,,,unavailable
2026-09-27,BZG,STN,2027-01-30,22:55,140.14,ok
2026-09-27,BZG,STN,2027-01-31,,,unavailable
2026-09-27,BZG,STN,2027-02-01,11:15,132.00,ok
2026-09-27,BZG,STN,2027-02-02,,,unavailable
2026-09-27,BZG,STN,2027-02-03,21:55,132.00,ok
2026-09-27,BZG,STN,2027-02-04,14:40,109.48,ok
2026-09-27,BZG,STN,2027-02-05,20:45,109.48,ok
2026-09-27,BZG,STN,2027-02-06,22:55,158.00,ok
2026-09-27,BZG,STN,2027-02-07,,,unavailable
2026-09-27,BZG,STN,2027-02-08,11:15,109.48,ok
2026-09-27,BZG,STN,2027-02-09,,,unavailable
2026-09-27,BZG,STN,2027-02-10,21:55,109.48,ok
2026-09-27,BZG,STN,2027-02-11,14:40,109.48,ok
2026-09-27,BZG,STN,2027-02-12,20:45,158.00,ok
2026-09-27,BZG,STN,2027-02-13,22:55,118.24,ok
2026-09-27,BZG,STN,2027-02-14,,,unavailable
2026-09-27,BZG,STN,2027-02-15,11:15,206.06,ok
2026-09-27,BZG,STN,2027-02-16,,,unavailable
2026-09-27,BZG,STN,2027-02-17,21:55,140.14,ok
2026-09-27,BZG,STN,2027-02-18,14:40,187.00,ok
2026-09-27,BZG,STN,2027-02-19,20:45,289.00,ok
2026-09-27,BZG,STN,2027-02-20,22:55,289.00,ok
2026-09-27,BZG,STN,2027-02-21,,,unavailable
2026-09-27,BZG,STN,2027-02-22,11:15,251.00,ok
2026-09-27,BZG,STN,2027-02-23,,,unavailable
2026-09-27,BZG,STN,2027-02-24,21:55,271.57,ok
2026-09-27,BZG,STN,2027-02-25,14:40,262.81,ok
2026-09-27,BZG,STN,2027-02-26,20:45,227.76,ok
2026-09-27,BZG,STN,2027-02-27,22:55,158.00,ok
2026-09-27,BZG,STN,2027-02-28,,,unavailable
2026-09-27,BZG,STN,2027-03-01,11:15,144.53,ok
2026-09-27,BZG,STN,2027-03-02,,,unavailable
2026-09-27,BZG,STN,2027-03-03,,,unavailable
2026-09-27,BZG,STN,2027-03-04,14:40,158.00,ok
2026-09-27,BZG,STN,2027-03-05,20:45,162.05,ok
2026-09-27,BZG,STN,2027-03-06,22:55,158.00,ok
2026-09-27,BZG,STN,2027-03-07,,,unavailable
2026-09-27,BZG,STN,2027-03-08,11:15,158.00,ok
2026-09-27,BZG,STN,2027-03-09,,,unavailable
2026-09-27,BZG,STN,2027-03-10,,,unavailable
2026-09-27,BZG,STN,2027-03-11,14:40,158.00,ok
2026-09-27,BZG,STN,2027-03-12,20:45,157.67,ok
2026-09-27,BZG,STN,2027-03-13,22:55,122.62,ok
2026-09-27,BZG,STN,2027-03-14,,,unavailable
2026-09-27,BZG,STN,2027-03-15,11:15,122.62,ok
2026-09-27,BZG,STN,2027-03-16,,,unavailable
2026-09-27,BZG,STN,2027-03-17,,,unavailable
2026-09-27,BZG,STN,2027-03-18,14:40,170.81,ok
2026-09-27,BZG,STN,2027-03-19,20:45,158.00,ok
2026-09-27,BZG,STN,2027-03-20,22:55,127.00,ok
2026-09-27,BZG,STN,2027-03-21,,,unavailable
2026-09-27,BZG,STN,2027-03-22,11:15,158.00,ok
2026-09-27,BZG,STN,2027-03-23,09:15,372.33,ok
2026-09-27,BZG,STN,2027-03-24,21:55,289.10,ok
2026-09-27,BZG,STN,2027-03-25,14:40,166.43,ok
2026-09-27,BZG,STN,2027-03-26,20:45,210.24,ok
2026-09-27,BZG,STN,2027-03-27,22:55,158.00,ok
2026-09-27,BZG,STN,2027-03-28,,,unavailable
2026-09-27,BZG,STN,2027-03-29,,,unavailable
2026-09-27,BZG,STN,2027-03-30,23:45,569.38,ok
2026-09-27,BZG,STN,2027-03-31,21:55,565.00,ok
2026-09-27,BZG,STN,2027-04-01,09:45,569.38,ok
2026-09-27,BZG,STN,2027-04-02,,,unavailable
2026-09-27,BZG,STN,2027-04-03,22:20,421.00,ok
2026-09-27,BZG,STN,2027-04-04,,,unavailable
2026-09-27,BZG,STN,2027-04-05,,,unavailable
2026-09-27,BZG,STN,2027-04-06,23:45,421.00,ok
2026-09-27,BZG,STN,2027-04-07,21:55,569.38,ok
2026-09-27,BZG,STN,2027-04-08,09:45,518.38,ok
2026-09-27,BZG,STN,2027-04-09,,,unavailable
2026-09-27,BZG,STN,2027-04-10,22:20,565.00,ok
2026-09-27,BZG,STN,2027-04-11,,,unavailable
2026-09-27,BZG,STN,2027-04-12,,,unavailable
2026-09-27,BZG,STN,2027-04-13,23:45,378.00,ok
2026-09-27,BZG,STN,2027-04-14,21:55,378.00,ok
2026-09-27,BZG,STN,2027-04-15,09:45,251.00,ok
2026-09-27,BZG,STN,2027-04-16,,,unavailable
2026-09-27,BZG,STN,2027-04-17,22:20,289.00,ok
2026-09-27,BZG,STN,2027-04-18,,,unavailable
2026-09-27,BZG,STN,2027-04-19,,,unavailable
2026-09-27,BZG,STN,2027-04-20,23:45,251.00,ok
2026-09-27,BZG,STN,2027-04-21,21:55,251.00,ok
2026-09-27,BZG,STN,2027-04-22,09:45,251.00,ok
2026-09-27,BZG,STN,2027-04-23,,,unavailable
2026-09-27,BZG,STN,2027-04-24,22:20,251.00,ok
2026-09-27,BZG,STN,2027-04-25,,,unavailable
2026-09-27,BZG,STN,2027-04-26,,,unavailable
2026-09-27,BZG,STN,2027-04-27,23:45,251.00,ok
2026-09-27,BZG,STN,2027-04-28,21:55,251.00,ok
2026-09-27,BZG,STN,2027-04-29,09:45,251.00,ok
2026-09-27,BZG,STN,2027-04-30,,,unavailable
2026-09-27,BZG,STN,2027-05-01,22:20,251.00,ok
2026-09-27,BZG,STN,2027-05-02,,,unavailable
2026-09-27,BZG,STN,2027-05-03,,,unavailable
2026-09-27,BZG,STN,2027-05-04,23:45,251.00,ok
2026-09-27,BZG,STN,2027-05-05,21:55,251.00,ok
2026-09-27,BZG,STN,2027-05-06,09:45,251.00,ok
2026-09-27,BZG,STN,2027-05-07,,,unavailable
2026-09-27,BZG,STN,2027-05-08,22:20,251.00,ok
2026-09-27,BZG,STN,2027-05-09,,,unavailable
2026-09-27,BZG,STN,2027-05-10,,,unavailable
2026-09-27,BZG,STN,2027-05-11,23:45,251.00,ok
2026-09-27,BZG,STN,2027-05-12,21:55,251.00,ok
2026-09-27,BZG,STN,2027-05-13,09:45,251.00,ok
2026-09-27,BZG,STN,2027-05-14,,,unavailable
2026-09-27,BZG,STN,2027-05-15,22:20,251.00,ok
2026-09-27,BZG,STN,2027-05-16,,,unavailable
2026-09-27,BZG,STN,2027-05-17,,,unavailable
2026-09-27,BZG,STN,2027-05-18,23:45,251.00,ok
2026-09-27,BZG,STN,2027-05-19,21:55,251.00,ok
2026-09-27,BZG,STN,2027-05-20,09:45,251.00,ok
2026-09-27,BZG,STN,2027-05-21,,,unavailable
2026-09-27,BZG,STN,2027-05-22,22:20,251.00,ok
2026-09-27,BZG,STN,2027-05-23,,,unavailable
2026-09-27,BZG,STN,2027-05-24,,,unavailable
2026-09-27,BZG,STN,2027-05-25,23:45,251.00,ok
2026-09-27,BZG,STN,2027-05-26,21:55,255.38,ok
2026-09-27,BZG,STN,2027-05-27,09:45,289.00,ok
2026-09-27,BZG,STN,2027-05-28,,,unavailable
2026-09-27,BZG,STN,2027-05-29,22:20,425.38,ok
2026-09-27,BZG,STN,2027-05-30,,,unavailable
2026-09-27,BZG,STN,2027-05-31,,,unavailable
2026-09-27,BZG,STN,2027-06-01,23:45,421.00,ok
2026-09-27,BZG,STN,2027-06-02,21:55,421.00,ok
2026-09-27,BZG,STN,2027-06-03,09:45,251.00,ok
2026-09-27,BZG,STN,2027-06-04,,,unavailable
2026-09-27,BZG,STN,2027-06-05,22:20,255.38,ok
2026-09-27,BZG,STN,2027-06-06,,,unavailable
2026-09-27,BZG,STN,2027-06-07,,,unavailable
2026-09-27,BZG,STN,2027-06-08,23:45,251.00,ok
2026-09-27,BZG,STN,2027-06-09,21:55,255.38,ok
2026-09-27,BZG,STN,2027-06-10,09:45,255.38,ok
2026-09-27,BZG,STN,2027-06-11,,,unavailable
2026-09-27,BZG,STN,2027-06-12,22:20,255.38,ok
2026-09-27,BZG,STN,2027-06-13,,,unavailable
2026-09-27,BZG,STN,2027-06-14,,,unavailable
2026-09-27,BZG,STN,2027-06-15,23:45,251.00,ok
2026-09-27,BZG,STN,2027-06-16,21:55,251.00,ok
2026-09-27,BZG,STN,2027-06-17,09:45,251.00,ok
2026-09-27,BZG,STN,2027-06-18,,,unavailable
2026-09-27,BZG,STN,2027-06-19,22:20,251.00,ok
2026-09-27,BZG,STN,2027-06-20,,,unavailable
2026-09-27,BZG,STN,2027-06-21,,,unavailable
2026-09-27,BZG,STN,2027-06-22,23:45,251.00,ok
2026-09-27,BZG,STN,2027-06-23,21:55,251.00,ok
2026-09-27,BZG,STN,2027-06-24,09:45,251.00,ok
2026-09-27,BZG,STN,2027-06-25,,,unavailable
2026-09-27,BZG,STN,2027-06-26,22:20,332.00,ok
2026-09-27,BZG,STN,2027-06-27,,,unavailable
2026-09-27,BZG,STN,2027-06-28,,,unavailable
2026-09-27,BZG,STN,2027-06-29,23:45,255.38,ok
2026-09-27,BZG,STN,2027-06-30,21:55,251.00,ok
2026-09-27,BZG,STN,2027-07-01,09:45,251.00,ok
2026-09-27,BZG,STN,2027-07-02,,,unavailable
2026-09-27,BZG,STN,2027-07-03,22:20,289.00,ok
2026-09-27,BZG,STN,2027-07-04,,,unavailable
2026-09-27,BZG,STN,2027-07-05,,,unavailable
2026-09-27,BZG,STN,2027-07-06,23:45,251.00,ok
2026-09-27,BZG,STN,2027-07-07,21:55,251.00,ok
2026-09-27,BZG,STN,2027-07-08,09:45,251.00,ok
2026-09-27,BZG,STN,2027-07-09,,,unavailable
2026-09-27,BZG,STN,2027-07-10,22:20,251.00,ok
2026-09-27,BZG,STN,2027-07-11,,,unavailable
2026-09-27,BZG,STN,2027-07-12,,,unavailable
2026-09-27,BZG,STN,2027-07-13,23:45,251.00,ok
2026-09-27,BZG,STN,2027-07-14,21:55,251.00,ok
2026-09-27,BZG,STN,2027-07-15,09:45,251.00,ok
2026-09-27,BZG,STN,2027-07-16,,,unavailable
2026-09-27,BZG,STN,2027-07-17,22:20,251.00,ok
2026-09-27,BZG,STN,2027-07-18,,,unavailable
2026-09-27,BZG,STN,2027-07-19,,,unavailable
2026-09-27,BZG,STN,2027-07-20,23:45,251.00,ok
2026-09-27,BZG,STN,2027-07-21,21:55,251.00,ok
2026-09-27,BZG,STN,2027-07-22,09:45,251.00,ok
2026-09-27,BZG,STN,2027-07-23,,,unavailable
2026-09-27,BZG,STN,2027-07-24,22:20,251.00,ok
2026-09-27,BZG,STN,2027-07-25,,,unavailable
2026-09-27,BZG,STN,2027-07-26,,,unavailable
2026-09-27,BZG,STN,2027-07-27,23:45,251.00,ok
2026-09-27,BZG,STN,2027-07-28,21:55,251.00,ok
2026-09-27,BZG,STN,2027-07-29,09:45,251.00,ok
2026-09-27,BZG,STN,2027-07-30,,,unavailable
2026-09-27,BZG,STN,2027-07-31,22:20,332.00,ok
2026-09-27,BZG,STN,2027-08-01,,,unavailable
2026-09-27,BZG,STN,2027-08-02,,,unavailable
2026-09-27,BZG,STN,2027-08-03,23:45,289.00,ok
2026-09-27,BZG,STN,2027-08-04,21:55,289.00,ok
2026-09-27,BZG,STN,2027-08-05,09:45,289.00,ok
2026-09-27,BZG,STN,2027-08-06,,,unavailable
2026-09-27,BZG,STN,2027-08-07,22:20,514.00,ok
2026-09-27,BZG,STN,2027-08-08,,,unavailable
2026-09-27,BZG,STN,2027-08-09,,,unavailable
2026-09-27,BZG,STN,2027-08-10,23:45,468.00,ok
2026-09-27,BZG,STN,2027-08-11,21:55,468.00,ok
2026-09-27,BZG,STN,2027-08-12,09:45,514.00,ok
2026-09-27,BZG,STN,2027-08-13,,,unavailable
2026-09-27,BZG,STN,2027-08-14,22:20,688.00,ok
2026-09-27,BZG,STN,2027-08-15,,,unavailable
2026-09-27,BZG,STN,2027-08-16,,,unavailable
2026-09-27,BZG,STN,2027-08-17,23:45,625.00,ok
2026-09-27,BZG,STN,2027-08-18,21:55,625.00,ok
2026-09-27,BZG,STN,2027-08-19,09:45,565.00,ok
2026-09-27,BZG,STN,2027-08-20,,,unavailable
2026-09-27,BZG,STN,2027-08-21,22:20,841.00,ok
2026-09-27,BZG,STN,2027-08-22,,,unavailable
2026-09-27,BZG,STN,2027-08-23,,,unavailable
2026-09-27,BZG,STN,2027-08-24,23:45,841.00,ok
2026-09-27,BZG,STN,2027-08-25,21:55,841.00,ok
2026-09-27,BZG,STN,2027-08-26,09:45,841.00,ok
2026-09-27,BZG,STN,2027-08-27,,,unavailable
2026-09-27,BZG,STN,2027-08-28,22:20,841.00,ok
2026-09-27,BZG,STN,2027-08-29,,,unavailable
2026-09-27,BZG,STN,2027-08-30,,,unavailable
2026-09-27,BZG,STN,2027-08-31,23:45,930.00,ok
2026-09-27,STN,BZG,2026-09-27,14:55,758.35,ok
2026-09-27,STN,BZG,2026-09-28,,,unavailable
2026-09-27,STN,BZG,2026-09-29,18:05,86.48,ok
2026-09-27,STN,BZG,2026-09-30,,,unavailable
2026-09-27,STN,BZG,2026-10-01,18:35,178.10,ok
2026-09-27,STN,BZG,2026-10-02,,,unavailable
2026-09-27,STN,BZG,2026-10-03,06:45,125.87,ok
2026-09-27,STN,BZG,2026-10-04,14:55,218.82,ok
2026-09-27,STN,BZG,2026-10-05,,,unavailable
2026-09-27,STN,BZG,2026-10-06,18:05,76.30,ok
2026-09-27,STN,BZG,2026-10-07,,,unavailable
2026-09-27,STN,BZG,2026-10-08,18:35,127.20,ok
2026-09-27,STN,BZG,2026-10-09,,,unavailable
2026-09-27,STN,BZG,2026-10-10,06:45,188.28,ok
2026-09-27,STN,BZG,2026-10-11,14:55,154.63,ok
2026-09-27,STN,BZG,2026-10-12,,,unavailable
2026-09-27,STN,BZG,2026-10-13,18:05,116.10,ok
2026-09-27,STN,BZG,2026-10-14,,,unavailable
2026-09-27,STN,BZG,2026-10-15,18:35,111.15,ok
2026-09-27,STN,BZG,2026-10-16,,,unavailable
2026-09-27,STN,BZG,2026-10-17,06:45,254.45,ok
2026-09-27,STN,BZG,2026-10-18,14:55,241.34,ok
2026-09-27,STN,BZG,2026-10-19,,,unavailable
2026-09-27,STN,BZG,2026-10-20,18:05,244.27,ok
2026-09-27,STN,BZG,2026-10-21,,,unavailable
2026-09-27,STN,BZG,2026-10-22,18:35,330.79,ok
2026-09-27,STN,BZG,2026-10-23,,,unavailable
2026-09-27,STN,BZG,2026-10-24,06:45,403.98,ok
2026-09-27,STN,BZG,2026-10-25,,,unavailable
2026-09-27,STN,BZG,2026-10-26,07:45,265.32,ok
2026-09-27,STN,BZG,2026-10-27,17:45,115.53,ok
2026-09-27,STN,BZG,2026-10-28,18:25,96.10,ok
2026-09-27,STN,BZG,2026-10-29,11:10,134.08,ok
2026-09-27,STN,BZG,2026-10-30,17:15,104.10,ok
2026-09-27,STN,BZG,2026-10-31,19:25,74.00,ok
2026-09-27,STN,BZG,2026-11-01,,,unavailable
2026-09-27,STN,BZG,2026-11-02,07:45,90.81,ok
2026-09-27,STN,BZG,2026-11-03,,,unavailable
2026-09-27,STN,BZG,2026-11-04,18:25,86.48,ok
2026-09-27,STN,BZG,2026-11-05,,,unavailable
2026-09-27,STN,BZG,2026-11-06,17:15,137.38,ok
2026-09-27,STN,BZG,2026-11-07,19:25,76.30,ok
2026-09-27,STN,BZG,2026-11-08,,,unavailable
2026-09-27,STN,BZG,2026-11-09,07:45,162.83,ok
2026-09-27,STN,BZG,2026-11-10,,,unavailable
2026-09-27,STN,BZG,2026-11-11,18:25,103.29,ok
2026-09-27,STN,BZG,2026-11-12,,,unavailable
2026-09-27,STN,BZG,2026-11-13,17:15,93.83,ok
2026-09-27,STN,BZG,2026-11-14,19:25,117.02,ok
2026-09-27,STN,BZG,2026-11-15,,,unavailable
2026-09-27,STN,BZG,2026-11-16,07:45,106.84,ok
2026-09-27,STN,BZG,2026-11-17,,,unavailable
2026-09-27,STN,BZG,2026-11-18,18:25,101.36,ok
2026-09-27,STN,BZG,2026-11-19,,,unavailable
2026-09-27,STN,BZG,2026-11-20,17:15,87.00,ok
2026-09-27,STN,BZG,2026-11-21,19:25,111.93,ok
2026-09-27,STN,BZG,2026-11-22,,,unavailable
2026-09-27,STN,BZG,2026-11-23,07:45,87.00,ok
2026-09-27,STN,BZG,2026-11-24,,,unavailable
2026-09-27,STN,BZG,2026-11-25,18:25,127.20,ok
2026-09-27,STN,BZG,2026-11-26,,,unavailable
2026-09-27,STN,BZG,2026-11-27,17:15,98.47,ok
2026-09-27,STN,BZG,2026-11-28,19:25,142.47,ok
2026-09-27,STN,BZG,2026-11-29,,,unavailable
2026-09-27,STN,BZG,2026-11-30,07:45,91.07,ok
2026-09-27,STN,BZG,2026-12-01,,,unavailable
2026-09-27,STN,BZG,2026-12-02,18:25,229.00,ok
2026-09-27,STN,BZG,2026-12-03,,,unavailable
2026-09-27,STN,BZG,2026-12-04,17:15,99.43,ok
2026-09-27,STN,BZG,2026-12-05,19:25,87.00,ok
2026-09-27,STN,BZG,2026-12-06,,,unavailable
2026-09-27,STN,BZG,2026-12-07,07:45,132.29,ok
2026-09-27,STN,BZG,2026-12-08,,,unavailable
2026-09-27,STN,BZG,2026-12-09,18:25,234.09,ok
2026-09-27,STN,BZG,2026-12-10,,,unavailable
2026-09-27,STN,BZG,2026-12-11,17:15,157.74,ok
2026-09-27,STN,BZG,2026-12-12,19:25,148.06,ok
2026-09-27,STN,BZG,2026-12-13,,,unavailable
2026-09-27,STN,BZG,2026-12-14,07:45,175.57,ok
2026-09-27,STN,BZG,2026-12-15,,,unavailable
2026-09-27,STN,BZG,2026-12-16,18:25,493.67,ok
2026-09-27,STN,BZG,2026-12-17,11:10,535.73,ok
2026-09-27,STN,BZG,2026-12-18,17:15,870.33,ok
2026-09-27,STN,BZG,2026-12-19,19:25,744.38,ok
2026-09-27,STN,BZG,2026-12-20,,,unavailable
2026-09-27,STN,BZG,2026-12-21,07:45,612.91,ok
2026-09-27,STN,BZG,2026-12-22,14:15,631.10,ok
2026-09-27,STN,BZG,2026-12-23,18:25,977.22,ok
2026-09-27,STN,BZG,2026-12-24,11:10,588.77,ok
2026-09-27,STN,BZG,2026-12-25,,,unavailable
2026-09-27,STN,BZG,2026-12-26,19:25,386.78,ok
2026-09-27,STN,BZG,2026-12-27,,,unavailable
2026-09-27,STN,BZG,2026-12-28,07:45,204.12,ok
2026-09-27,STN,BZG,2026-12-29,14:15,143.04,ok
2026-09-27,STN,BZG,2026-12-30,18:25,117.28,ok
2026-09-27,STN,BZG,2026-12-31,11:10,152.65,ok
2026-09-27,STN,BZG,2027-01-01,17:15,132.29,ok
2026-09-27,STN,BZG,2027-01-02,19:25,173.01,ok
2026-09-27,STN,BZG,2027-01-03,,,unavailable
2026-09-27,STN,BZG,2027-01-04,07:45,158.00,ok
2026-09-27,STN,BZG,2027-01-05,,,unavailable
2026-09-27,STN,BZG,2027-01-06,18:25,158.00,ok
2026-09-27,STN,BZG,2027-01-07,11:10,147.56,ok
2026-09-27,STN,BZG,2027-01-08,,,unavailable
2026-09-27,STN,BZG,2027-01-09,19:25,132.00,ok
2026-09-27,STN,BZG,2027-01-10,,,unavailable
2026-09-27,STN,BZG,2027-01-11,07:45,111.00,ok
2026-09-27,STN,BZG,2027-01-12,,,unavailable
2026-09-27,STN,BZG,2027-01-13,,,unavailable
2026-09-27,STN,BZG,2027-01-14,11:10,111.93,ok
2026-09-27,STN,BZG,2027-01-15,,,unavailable
2026-09-27,STN,BZG,2027-01-16,19:25,142.47,ok
2026-09-27,STN,BZG,2027-01-17,,,unavailable
2026-09-27,STN,BZG,2027-01-18,07:45,111.93,ok
2026-09-27,STN,BZG,2027-01-19,,,unavailable
2026-09-27,STN,BZG,2027-01-20,,,unavailable
2026-09-27,STN,BZG,2027-01-21,11:10,178.10,ok
2026-09-27,STN,BZG,2027-01-22,,,unavailable
2026-09-27,STN,BZG,2027-01-23,19:25,132.00,ok
2026-09-27,STN,BZG,2027-01-24,,,unavailable
2026-09-27,STN,BZG,2027-01-25,07:45,132.00,ok
2026-09-27,STN,BZG,2027-01-26,,,unavailable
2026-09-27,STN,BZG,2027-01-27,,,unavailable
2026-09-27,STN,BZG,2027-01-28,11:10,132.00,ok
2026-09-27,STN,BZG,2027-01-29,,,unavailable
2026-09-27,STN,BZG,2027-01-30,19:25,158.00,ok
2026-09-27,STN,BZG,2027-01-31,,,unavailable
2026-09-27,STN,BZG,2027-02-01,07:45,203.55,ok
2026-09-27,STN,BZG,2027-02-02,,,unavailable
2026-09-27,STN,BZG,2027-02-03,18:25,173.01,ok
2026-09-27,STN,BZG,2027-02-04,11:10,158.00,ok
2026-09-27,STN,BZG,2027-02-05,17:15,158.00,ok
2026-09-27,STN,BZG,2027-02-06,19:25,198.46,ok
2026-09-27,STN,BZG,2027-02-07,,,unavailable
2026-09-27,STN,BZG,2027-02-08,07:45,158.00,ok
2026-09-27,STN,BZG,2027-02-09,,,unavailable
2026-09-27,STN,BZG,2027-02-10,18:25,158.00,ok
2026-09-27,STN,BZG,2027-02-11,11:10,158.00,ok
2026-09-27,STN,BZG,2027-02-12,17:15,332.00,ok
2026-09-27,STN,BZG,2027-02-13,19:25,332.00,ok
2026-09-27,STN,BZG,2027-02-14,,,unavailable
2026-09-27,STN,BZG,2027-02-15,07:45,422.41,ok
2026-09-27,STN,BZG,2027-02-16,,,unavailable
2026-09-27,STN,BZG,2027-02-17,18:25,300.25,ok
2026-09-27,STN,BZG,2027-02-18,11:10,198.46,ok
2026-09-27,STN,BZG,2027-02-19,17:15,158.00,ok
2026-09-27,STN,BZG,2027-02-20,19:25,158.00,ok
2026-09-27,STN,BZG,2027-02-21,,,unavailable
2026-09-27,STN,BZG,2027-02-22,07:45,147.56,ok
2026-09-27,STN,BZG,2027-02-23,,,unavailable
2026-09-27,STN,BZG,2027-02-24,18:25,229.00,ok
2026-09-27,STN,BZG,2027-02-25,11:10,173.01,ok
2026-09-27,STN,BZG,2027-02-26,17:15,158.00,ok
2026-09-27,STN,BZG,2027-02-27,19:25,223.91,ok
2026-09-27,STN,BZG,2027-02-28,,,unavailable
2026-09-27,STN,BZG,2027-03-01,07:45,142.47,ok
2026-09-27,STN,BZG,2027-03-02,,,unavailable
2026-09-27,STN,BZG,2027-03-03,,,unavailable
2026-09-27,STN,BZG,2027-03-04,11:10,158.00,ok
2026-09-27,STN,BZG,2027-03-05,17:15,178.10,ok
2026-09-27,STN,BZG,2027-03-06,19:25,158.00,ok
2026-09-27,STN,BZG,2027-03-07,,,unavailable
2026-09-27,STN,BZG,2027-03-08,07:45,203.55,ok
2026-09-27,STN,BZG,2027-03-09,,,unavailable
2026-09-27,STN,BZG,2027-03-10,,,unavailable
2026-09-27,STN,BZG,2027-03-11,11:10,158.00,ok
2026-09-27,STN,BZG,2027-03-12,17:15,213.73,ok
2026-09-27,STN,BZG,2027-03-13,19:25,158.00,ok
2026-09-27,STN,BZG,2027-03-14,,,unavailable
2026-09-27,STN,BZG,2027-03-15,07:45,158.00,ok
2026-09-27,STN,BZG,2027-03-16,,,unavailable
2026-09-27,STN,BZG,2027-03-17,,,unavailable
2026-09-27,STN,BZG,2027-03-18,11:10,147.56,ok
2026-09-27,STN,BZG,2027-03-19,17:15,173.01,ok
2026-09-27,STN,BZG,2027-03-20,19:25,289.00,ok
2026-09-27,STN,BZG,2027-03-21,,,unavailable
2026-09-27,STN,BZG,2027-03-22,07:45,378.00,ok
2026-09-27,STN,BZG,2027-03-23,05:45,251.00,ok
2026-09-27,STN,BZG,2027-03-24,18:25,251.00,ok
2026-09-27,STN,BZG,2027-03-25,11:10,600.56,ok
2026-09-27,STN,BZG,2027-03-26,17:15,378.00,ok
2026-09-27,STN,BZG,2027-03-27,19:25,378.00,ok
2026-09-27,STN,BZG,2027-03-28,,,unavailable
2026-09-27,STN,BZG,2027-03-29,,,unavailable
2026-09-27,STN,BZG,2027-03-30,20:15,321.42,ok
2026-09-27,STN,BZG,2027-03-31,18:25,251.00,ok
2026-09-27,STN,BZG,2027-04-01,06:15,255.38,ok
2026-09-27,STN,BZG,2027-04-02,,,unavailable
2026-09-27,STN,BZG,2027-04-03,18:50,251.00,ok
2026-09-27,STN,BZG,2027-04-04,,,unavailable
2026-09-27,STN,BZG,2027-04-05,,,unavailable
2026-09-27,STN,BZG,2027-04-06,20:15,251.00,ok
2026-09-27,STN,BZG,2027-04-07,18:25,255.38,ok
2026-09-27,STN,BZG,2027-04-08,06:15,255.38,ok
2026-09-27,STN,BZG,2027-04-09,,,unavailable
2026-09-27,STN,BZG,2027-04-10,18:50,251.00,ok
2026-09-27,STN,BZG,2027-04-11,,,unavailable
2026-09-27,STN,BZG,2027-04-12,,,unavailable
2026-09-27,STN,BZG,2027-04-13,20:15,251.00,ok
2026-09-27,STN,BZG,2027-04-14,18:25,251.00,ok
2026-09-27,STN,BZG,2027-04-15,06:15,251.00,ok
2026-09-27,STN,BZG,2027-04-16,,,unavailable
2026-09-27,STN,BZG,2027-04-17,18:50,251.00,ok
2026-09-27,STN,BZG,2027-04-18,,,unavailable
2026-09-27,STN,BZG,2027-04-19,,,unavailable
2026-09-27,STN,BZG,2027-04-20,20:15,251.00,ok
2026-09-27,STN,BZG,2027-04-21,18:25,251.00,ok
2026-09-27,STN,BZG,2027-04-22,06:15,251.00,ok
2026-09-27,STN,BZG,2027-04-23,,,unavailable
2026-09-27,STN,BZG,2027-04-24,18:50,251.00,ok
2026-09-27,STN,BZG,2027-04-25,,,unavailable
2026-09-27,STN,BZG,2027-04-26,,,unavailable
2026-09-27,STN,BZG,2027-04-27,20:15,251.00,ok
2026-09-27,STN,BZG,2027-04-28,18:25,251.00,ok
2026-09-27,STN,BZG,2027-04-29,06:15,289.00,ok
2026-09-27,STN,BZG,2027-04-30,,,unavailable
2026-09-27,STN,BZG,2027-05-01,18:50,289.00,ok
2026-09-27,STN,BZG,2027-05-02,,,unavailable
2026-09-27,STN,BZG,2027-05-03,,,unavailable
2026-09-27,STN,BZG,2027-05-04,20:15,289.00,ok
2026-09-27,STN,BZG,2027-05-05,18:25,289.00,ok
2026-09-27,STN,BZG,2027-05-06,06:15,289.00,ok
2026-09-27,STN,BZG,2027-05-07,,,unavailable
2026-09-27,STN,BZG,2027-05-08,18:50,289.00,ok
2026-09-27,STN,BZG,2027-05-09,,,unavailable
2026-09-27,STN,BZG,2027-05-10,,,unavailable
2026-09-27,STN,BZG,2027-05-11,20:15,251.00,ok
2026-09-27,STN,BZG,2027-05-12,18:25,251.00,ok
2026-09-27,STN,BZG,2027-05-13,06:15,289.00,ok
2026-09-27,STN,BZG,2027-05-14,,,unavailable
2026-09-27,STN,BZG,2027-05-15,18:50,289.00,ok
2026-09-27,STN,BZG,2027-05-16,,,unavailable
2026-09-27,STN,BZG,2027-05-17,,,unavailable
2026-09-27,STN,BZG,2027-05-18,20:15,289.00,ok
2026-09-27,STN,BZG,2027-05-19,18:25,289.00,ok
2026-09-27,STN,BZG,2027-05-20,06:15,468.00,ok
2026-09-27,STN,BZG,2027-05-21,,,unavailable
2026-09-27,STN,BZG,2027-05-22,18:50,565.00,ok
2026-09-27,STN,BZG,2027-05-23,,,unavailable
2026-09-27,STN,BZG,2027-05-24,,,unavailable
2026-09-27,STN,BZG,2027-05-25,20:15,332.00,ok
2026-09-27,STN,BZG,2027-05-26,18:25,336.38,ok
2026-09-27,STN,BZG,2027-05-27,06:15,251.00,ok
2026-09-27,STN,BZG,2027-05-28,,,unavailable
2026-09-27,STN,BZG,2027-05-29,18:50,255.38,ok
2026-09-27,STN,BZG,2027-05-30,,,unavailable
2026-09-27,STN,BZG,2027-05-31,,,unavailable
2026-09-27,STN,BZG,2027-06-01,20:15,251.00,ok
2026-09-27,STN,BZG,2027-06-02,18:25,251.00,ok
2026-09-27,STN,BZG,2027-06-03,06:15,251.00,ok
2026-09-27,STN,BZG,2027-06-04,,,unavailable
2026-09-27,STN,BZG,2027-06-05,18:50,255.38,ok
2026-09-27,STN,BZG,2027-06-06,,,unavailable
2026-09-27,STN,BZG,2027-06-07,,,unavailable
2026-09-27,STN,BZG,2027-06-08,20:15,289.00,ok
2026-09-27,STN,BZG,2027-06-09,18:25,293.38,ok
2026-09-27,STN,BZG,2027-06-10,06:15,255.38,ok
2026-09-27,STN,BZG,2027-06-11,,,unavailable
2026-09-27,STN,BZG,2027-06-12,18:50,255.38,ok
2026-09-27,STN,BZG,2027-06-13,,,unavailable
2026-09-27,STN,BZG,2027-06-14,,,unavailable
2026-09-27,STN,BZG,2027-06-15,20:15,251.00,ok
2026-09-27,STN,BZG,2027-06-16,18:25,251.00,ok
2026-09-27,STN,BZG,2027-06-17,06:15,251.00,ok
2026-09-27,STN,BZG,2027-06-18,,,unavailable
2026-09-27,STN,BZG,2027-06-19,18:50,289.00,ok
2026-09-27,STN,BZG,2027-06-20,,,unavailable
2026-09-27,STN,BZG,2027-06-21,,,unavailable
2026-09-27,STN,BZG,2027-06-22,20:15,251.00,ok
2026-09-27,STN,BZG,2027-06-23,18:25,251.00,ok
2026-09-27,STN,BZG,2027-06-24,06:15,332.00,ok
2026-09-27,STN,BZG,2027-06-25,,,unavailable
2026-09-27,STN,BZG,2027-06-26,18:50,289.00,ok
2026-09-27,STN,BZG,2027-06-27,,,unavailable
2026-09-27,STN,BZG,2027-06-28,,,unavailable
2026-09-27,STN,BZG,2027-06-29,20:15,255.38,ok
2026-09-27,STN,BZG,2027-06-30,18:25,251.00,ok
2026-09-27,STN,BZG,2027-07-01,06:15,289.00,ok
2026-09-27,STN,BZG,2027-07-02,,,unavailable
2026-09-27,STN,BZG,2027-07-03,18:50,378.00,ok
2026-09-27,STN,BZG,2027-07-04,,,unavailable
2026-09-27,STN,BZG,2027-07-05,,,unavailable
2026-09-27,STN,BZG,2027-07-06,20:15,378.00,ok
2026-09-27,STN,BZG,2027-07-07,18:25,378.00,ok
2026-09-27,STN,BZG,2027-07-08,06:15,421.00,ok
2026-09-27,STN,BZG,2027-07-09,,,unavailable
2026-09-27,STN,BZG,2027-07-10,18:50,468.00,ok
2026-09-27,STN,BZG,2027-07-11,,,unavailable
2026-09-27,STN,BZG,2027-07-12,,,unavailable
2026-09-27,STN,BZG,2027-07-13,20:15,514.00,ok
2026-09-27,STN,BZG,2027-07-14,18:25,514.00,ok
2026-09-27,STN,BZG,2027-07-15,06:15,688.00,ok
2026-09-27,STN,BZG,2027-07-16,,,unavailable
2026-09-27,STN,BZG,2027-07-17,18:50,841.00,ok
2026-09-27,STN,BZG,2027-07-18,,,unavailable
2026-09-27,STN,BZG,2027-07-19,,,unavailable
2026-09-27,STN,BZG,2027-07-20,20:15,841.00,ok
2026-09-27,STN,BZG,2027-07-21,18:25,841.00,ok
2026-09-27,STN,BZG,2027-07-22,06:15,841.00,ok
2026-09-27,STN,BZG,2027-07-23,,,unavailable
2026-09-27,STN,BZG,2027-07-24,18:50,930.00,ok
2026-09-27,STN,BZG,2027-07-25,,,unavailable
2026-09-27,STN,BZG,2027-07-26,,,unavailable
2026-09-27,STN,BZG,2027-07-27,20:15,841.00,ok
2026-09-27,STN,BZG,2027-07-28,18:25,841.00,ok
2026-09-27,STN,BZG,2027-07-29,06:15,688.00,ok
2026-09-27,STN,BZG,2027-07-30,,,unavailable
2026-09-27,STN,BZG,2027-07-31,18:50,761.00,ok
2026-09-27,STN,BZG,2027-08-01,,,unavailable
2026-09-27,STN,BZG,2027-08-02,,,unavailable
2026-09-27,STN,BZG,2027-08-03,20:15,688.00,ok
2026-09-27,STN,BZG,2027-08-04,18:25,688.00,ok
2026-09-27,STN,BZG,2027-08-05,06:15,625.00,ok
2026-09-27,STN,BZG,2027-08-06,,,unavailable
2026-09-27,STN,BZG,2027-08-07,18:50,565.00,ok
2026-09-27,STN,BZG,2027-08-08,,,unavailable
2026-09-27,STN,BZG,2027-08-09,,,unavailable
2026-09-27,STN,BZG,2027-08-10,20:15,514.00,ok
2026-09-27,STN,BZG,2027-08-11,18:25,514.00,ok
2026-09-27,STN,BZG,2027-08-12,06:15,514.00,ok
2026-09-27,STN,BZG,2027-08-13,,,unavailable
2026-09-27,STN,BZG,2027-08-14,18:50,468.00,ok
2026-09-27,STN,BZG,2027-08-15,,,unavailable
2026-09-27,STN,BZG,2027-08-16,,,unavailable
2026-09-27,STN,BZG,2027-08-17,20:15,378.00,ok
2026-09-27,STN,BZG,2027-08-18,18:25,378.00,ok
2026-09-27,STN,BZG,2027-08-19,06:15,289.00,ok
2026-09-27,STN,BZG,2027-08-20,,,unavailable
2026-09-27,STN,BZG,2027-08-21,18:50,289.00,ok
2026-09-27,STN,BZG,2027-08-22,,,unavailable
2026-09-27,STN,BZG,2027-08-23,,,unavailable
2026-09-27,STN,BZG,2027-08-24,20:15,251.00,ok
2026-09-27,STN,BZG,2027-08-25,18:25,251.00,ok
2026-09-27,STN,BZG,2027-08-26,06:15,251.00,ok
2026-09-27,STN,BZG,2027-08-27,,,unavailable
2026-09-27,STN,BZG,2027-08-28,18:50,251.00,ok
2026-09-27,STN,BZG,2027-08-29,,,unavailable
2026-09-27,STN,BZG,2027-08-30,,,unavailable
2026-09-27,STN,BZG,2027-08-31,20:15,251.00,ok
